公历日期,十二值日,十二值神,黄道吉日,宜,忌
2026-01-01,闭,勾陈,否,入宅、移徙、出行、进人口、修造、动土、起基、上梁、安门、造仓、补垣、塞穴、造畜稠,嫁娶、开市、安床、栽种、安葬、祈福、开光、掘井
2026-01-02,建,青龙,否,造畜稠、教牛马,入宅、移徙、分居、作灶、出火、安香、动土、嫁娶、掘井、扫舍、造桥
2026-01-03,除,明堂,是,订盟、纳采、造车器、祭祀、祈福、出行、安香、修造、动土、上梁、开市、交易、立券、移徙、入宅、会亲友、安机械、栽种、纳畜、盖屋、起基、安床、造畜稠,破土、安葬、行丧、开生坟
2026-01-04,满,天刑,否,订盟、纳采、会亲友、安机械、开光、修造、动土、竖柱、上梁、盖屋、起基、造桥、栽种、纳畜、造畜稠、移柩、入殓、启钻、修坟、立碑、安葬,祈福、出火、嫁娶、入宅、开市、破土
2026-01-05,平,朱雀,否,开市、交易、立券、纳财、开池、补垣、嫁娶、纳采、纳畜、取渔、安床,修造、上梁、入宅、祈福、探病、掘井、动土、安门、安葬、作灶
2026-01-06,定,金匮,是,祭祀、解除、修饰垣墙、平治道涂、馀事勿取,无
2026-01-07,执,天德,是,嫁娶、祭祀、祈福、求嗣、动土、会亲友、起基、造仓、纳畜、牧养、开厕、进人口,掘井、安葬、栽种、出行、作灶、开市、入宅、安门
2026-01-08,破,白虎,否,嫁娶、祭祀、祈福、求嗣、开光、入宅、移徙、安床、修造、动土、进人口,掘井、安葬、栽种、出行、作灶、开市、安门
2026-01-09,危,玉堂,是,破屋、坏垣、馀事勿取,诸事不宜
2026-01-10,成,天牢,是,嫁娶、开市、交易、立券、开光、出行、出火、拆卸、修造、入宅、移徙、动土、破土、移柩、安葬、启钻、除服、成服,安床、伐木、祈福、纳畜
2026-01-11,收,玄武,否,祭祀、入殓、破土、除服、成服、启钻、安葬、修坟、立碑、馀事勿取,无
2026-01-12,开,司命,是,祭祀、解除、馀事勿取,诸事不宜
2026-01-13,闭,勾陈,否,开市、交易、立券、纳财、纳畜、造畜稠、入宅、移徙、安床、开光、祈福、求嗣、动土,嫁娶、栽种、安葬、理发、造庙、作灶、入殓、行丧、造桥
2026-01-14,建,青龙,否,安床、裁衣、交易、立券、入殓、移柩、安葬、除服、成服,置产、嫁娶、出行、开光、栽种、动土、破土、入宅、治病
2026-01-15,除,明堂,是,祭祀、解除、造畜稠、教牛马、针灸、馀事勿取,嫁娶、动土、开池、安葬
2026-01-16,满,天刑,否,沐浴、塑绘、开光、纳采、订盟、开市、交易、立券、纳财、起基、动土、定磉、放水、安葬、破土、启钻、修坟、立碑、移柩,入宅、安门、祭祀、谢土
2026-01-17,平,朱雀,否,嫁娶、出行、理发、安床、启钻、安葬、修坟、开市、交易、立券、纳财、开池、牧养,掘井、祈福、谢土、动土、入宅、上梁、修造、作灶
2026-01-18,定,金匮,是,解除、平治道涂、馀事勿取,移徙、入宅、掘井、造庙、栽种、针灸、治病、开池
2026-01-19,定,金匮,是,嫁娶、祭祀、开光、伐木、出火、拆卸、入宅、移徙、修造、动土、上梁、安床、纳畜,开市、行丧、栽种、出行、出货财、安葬、置产、词讼、治病
2026-01-20,执,天德,是,嫁娶、纳采、订盟、入宅、移徙、安床、祭祀、祈福、开光、出行、解除、出火、拆卸、动土、纳畜、谢土、安葬、破土,伐木、开市、交易、上梁、作灶、安门、盖屋
2026-01-21,破,白虎,否,祭祀、破屋、坏垣、解除、馀事勿取,开市、动土、破土
2026-01-22,危,玉堂,是,嫁娶、纳采、订盟、开光、安香、出火、纳财、开市、交易、立券、裁衣、盖屋、起基、修造、动土、安门、移徙、入宅、栽种、牧养、畋猎、掘井、开池、安葬、破土、入殓、除服、成服、立碑,祈福、造庙、祭祀、安床、谢土
2026-01-23,成,天牢,是,祭祀、斋醮、入殓、破土、启钻、安葬、修坟、立碑、除服、成服,嫁娶、入宅、作灶、纳采、订盟
2026-01-24,收,玄武,否,祭祀、斋醮、纳财、捕捉、畋猎,嫁娶、开市、入宅、安床、破土、安葬
2026-01-25,开,司命,是,纳采、订盟、祭祀、祈福、求嗣、斋醮、沐浴、进人口、会亲友、入学、治病、安碓磑、掘井、开池、纳畜、牧养、造畜稠,嫁娶、合帐、入宅、行丧、安葬
2026-01-26,闭,勾陈,否,祭祀、祈福、求嗣、沐浴、问名、交易、纳财、入殓、移柩、安葬、修坟、立碑、谢土、造畜稠、教牛马,入宅、置产、嫁娶、动土、栽种、开市、开光、破土
2026-01-27,建,青龙,否,祭祀、教牛马、造畜稠、会亲友、解除、馀事勿取,嫁娶、入宅、出行、动土、破土、安葬、行丧
2026-01-28,除,明堂,是,嫁娶、开光、解除、出火、拆卸、修造、进人口、入宅、移徙、安床、栽种、入殓、修坟、动土、除服、成服,作灶、安葬、祭祀、开市、纳采、订盟、纳畜、谢土、出行、探病
2026-01-29,满,天刑,否,出行、起基、安床、纳财、交易、立券、嫁娶、栽种、入殓、移柩、安葬,挂匾、入宅、上梁、祈福、词讼、作梁、作灶、开池、安门、动土、破土、掘井
2026-01-30,平,朱雀,否,平治道涂、馀事勿取,开光、嫁娶、开仓、出货财、造船、安葬、探病
2026-01-31,定,金匮,是,嫁娶、订盟、纳采、会亲友、祭祀、安机械、移徙、入宅、盖屋、安床、起基、定磉、安香、出火、挂匾、拆卸、置产,开市、出行、安葬、行丧
2026-02-01,执,天德,是,沐浴、捕捉、畋猎、理发、整手足甲、入殓、除服、成服、破土、安葬、谢土、立碑、修坟、启钻,纳采、订盟、嫁娶、上梁、开市、斋醮、盖屋、安门
2026-02-02,破,白虎,否,祭祀、破屋、坏垣、馀事勿取,斋醮、嫁娶、开市
2026-02-03,危,玉堂,是,沐浴、开仓、出货财、开市、交易、立券、纳财、栽种、纳畜、牧养、畋猎、入殓、破土、安葬,祈福、嫁娶、安床、入宅、造船
2026-02-04,成,天牢,是,祭祀、祈福、求嗣、开光、出火、出行、拆卸、修造、动土、入宅、移徙、上梁、挂匾、开池、入殓、安葬、破土、启钻,嫁娶、作灶、安床
2026-02-05,收,玄武,否,结网、入殓、除服、成服、移柩、安葬、破土,诸事不宜
2026-02-06,开,司命,是,移徙、祭祀、开光、祈福、出行、解除、进人口、雇佣、安床、动土、起基、上梁、安门,嫁娶、安葬、破土、作梁、纳畜、牧养、行丧、作灶
2026-02-07,闭,勾陈,否,嫁娶、开光、祈福、求嗣、解除、动土、安床、栽种、开池、掘井、祭祀、破土、启钻,入宅、作灶、伐木、安葬、出火、出行、纳畜
2026-02-08,建,青龙,否,祭祀、合帐、裁衣、经络、伐木、作梁、安床、作灶、入殓、安葬、启钻、移柩,词讼、出火、入宅
2026-02-09,除,明堂,是,裁衣、伐木、作梁、纳财、交易、立券,诸事不宜
2026-02-10,满,天刑,否,嫁娶、祭祀、祈福、求嗣、开光、出行、出火、拆卸、动土、上梁、进人口、入宅、移徙、安床、开市、交易、立券、挂匾、入殓、破土、安葬、启钻、除服、成服,无
2026-02-11,平,朱雀,否,嫁娶、冠笄、纳采、出行、会亲友、上梁、安机械、安床、牧养、畋猎、祭祀、祈福、开光、修造、安门、盖屋、起基,入宅、作灶、治病、安葬、移徙
2026-02-12,定,金匮,是,修饰垣墙、平治道涂、祭祀、馀事勿取,诸事不宜
2026-02-13,执,天德,是,造车器、纳采、订盟、祭祀、祈福、求嗣、移徙、出行、开市、出火、入宅、立券、交易、安门、安床、安葬、谢土,开光、盖屋、动土、作灶、栽种
2026-02-14,破,白虎,否,动土、入殓、嫁娶、移柩、安葬、破土,开市、作灶、安床、入宅、上梁、裁衣
2026-02-15,危,玉堂,是,求医、治病、破屋、坏垣、馀事勿取,开市、嫁娶
2026-02-16,成,天牢,是,祭祀、斋醮、沐浴、开生坟、除服、成服、移柩、入殓、破土、安葬、合寿木,开市、嫁娶、安床、会亲友、入宅、作灶、上梁
2026-02-17,成,天牢,是,祭祀、塞穴、结网、破土、谢土、安葬、移柩、除服、成服、馀事勿取,嫁娶、入宅
2026-02-18,收,玄武,否,祭祀、沐浴、理发、作灶、结网、栽种,嫁娶、词讼、行丧、安葬、牧养、伐木、作梁、开市、纳畜、造畜稠
2026-02-19,开,司命,是,嫁娶、祭祀、开光、祈福、求嗣、出行、开市、交易、立券、动土、纳财、掘井、会亲友,入宅、安葬、伐木、作梁、纳畜、造畜稠、作灶
2026-02-20,闭,勾陈,否,祭祀、祈福、求嗣、纳畜、入殓、启钻、谢土、除服、成服,栽种、开光、出行、针灸、嫁娶、入宅、动土、破土
2026-02-21,建,青龙,否,开光、解除、伐木、竖柱、上梁、交易、立券、纳畜、入殓、移柩、安葬,入宅、出行、移徙、祭祀、嫁娶、动土、破土、作灶
2026-02-22,除,明堂,是,祭祀、祈福、求嗣、开光、嫁娶、出行、解除、伐木、拆卸、进人口、安床、动土、起基、上梁、栽种、纳畜、破土、谢土、启钻、安葬,移徙、入宅、出火、作灶、掘井
2026-02-23,满,天刑,否,会亲友、冠笄、安床、安机械、祭祀、祈福、求嗣、经络,嫁娶、开市、动土、作灶、安葬
2026-02-24,平,朱雀,否,作灶、解除、平治道涂、馀事勿取,祭祀、祈福、安葬、安门
2026-02-25,定,金匮,是,嫁娶、祭祀、冠笄、修饰垣墙、置产,经络、探病、盖屋、作灶、动土
2026-02-26,执,天德,是,纳采、嫁娶、祭祀、祈福、出行、修造、动土、移徙、入宅、安葬、破土,开市、斋醮
2026-02-27,破,白虎,否,祭祀、沐浴、解除、理发、扫舍、破屋、坏垣、馀事勿取,嫁娶、安葬
2026-02-28,危,玉堂,是,纳采、订盟、祭祀、祈福、安香、出火、修造、出行、开市、移徙、入宅、动土、安葬、破土,安床、作灶、造船、会亲友
2026-03-01,成,天牢,是,塞穴、结网、取渔、畋猎,嫁娶、安门、移徙、入宅、安葬
2026-03-02,收,玄武,否,纳采、祭祀、祈福、出行、会亲友、修造、动土、移徙、入宅,嫁娶、开市、安葬、破土
2026-03-03,开,司命,是,纳采、嫁娶、祭祀、祈福、出行、开市、会亲友、动土、破土、启钻,移徙、入宅、出火、安门、安葬
2026-03-04,闭,勾陈,否,祭祀、祈福、求嗣、斋醮、入殓、除服、成服、移柩、安葬、启钻,嫁娶、动土、开光、盖屋、破土
2026-03-05,建,青龙,否,订盟、纳采、裁衣、合帐、冠笄、安机械、拆卸、安床、入殓、除服、成服、移柩、破土、启钻、安葬、修坟、立碑、经络、交易、立券、纳财、筑堤、造仓、补垣、塞穴、纳畜、伐木、架马,祭祀、开光、嫁娶、入宅
2026-03-06,除,明堂,是,祭祀、出行、嫁娶、冠笄、安床、入殓、移柩、安葬,掘井、动土、作灶、栽种
2026-03-07,满,天刑,否,塞穴、诸事不宜,安门、作灶、安葬、嫁娶
2026-03-08,平,朱雀,否,开光、塑绘、求嗣、纳采、裁衣、合帐、冠笄、安机械、作梁、开柱眼、安门、安床、造仓、祭祀、会亲友、祈福、经络、纳财、开市、立券、交易、入学、理发、架马,出行、斋醮、安葬、嫁娶
2026-03-09,定,金匮,是,祭祀、嫁娶、纳婿、安葬,栽种、盖屋、作灶、入宅
2026-03-10,执,天德,是,祭祀、会亲友、订盟、裁衣、合帐、安机械、拆卸、上梁、安门、入殓、除服、成服、移柩、启钻、安葬、立碑、开光、塑绘、入学、出行、起基、定磉、放水、移徙、入宅、竖柱、立券、经络,伐木、作梁
2026-03-11,破,白虎,否,祭祀、开光、塑绘、祈福、斋醮、裁衣、合帐、冠笄、嫁娶、拆卸、动土、移徙、入宅、入殓、移柩、安葬、谢土、求嗣、入学、理发、伐木、架马、作梁、出火、修造、起基、定磉、放水、赴任,安门
2026-03-12,危,玉堂,是,祭祀、治病、破屋、坏垣、馀事勿取,诸事不宜
2026-03-13,成,天牢,是,嫁娶、祭祀、出行、冠笄、立券、交易、进人口、开市、移徙、修造、动土、安床、入殓、移柩、破土,开光、作灶、斋醮、安葬
2026-03-14,收,玄武,否,开市、立券、交易、挂匾、祭祀、祈福、开光、入宅、移徙、安床、拆卸、动土、上梁、进人口,嫁娶、行丧、架马、作梁、理发、牧养、安葬、纳畜、伐木
2026-03-15,开,司命,是,理发、冠笄、嫁娶、进人口,置产、伐木、纳畜、造畜稠、安葬、破土、作梁、作灶、开生坟
2026-03-16,闭,勾陈,否,嫁娶、祭祀、开光、祈福、求嗣、出火、入宅、移徙、安床、拆卸、动土、破土、谢土,合帐、开市、安葬、入殓
2026-03-17,建,青龙,否,安床、伐木、拆卸、修造、动土、上梁、立券、交易、栽种、纳畜、牧养、入殓、安葬,嫁娶、祭祀、开光、出行、出火、移徙、入宅、安门
2026-03-18,除,明堂,是,祭祀、祈福、求嗣、斋醮、嫁娶、冠笄、出行、开市、交易、会亲友、教牛马、除服、成服、启钻、安葬、移柩,动土、移徙、入宅
2026-03-19,除,明堂,是,塞穴、整手足甲、解除、捕捉、畋猎、结网、馀事勿取、诸事不宜,嫁娶、作灶、掘井、安葬
2026-03-20,满,天刑,否,纳财、开市、立券、交易、开光、安床、上梁、盖屋、修造、起基,动土、破土、安葬、行丧、赴任、出行、嫁娶、入宅、移徙、谢土、词讼
2026-03-21,平,朱雀,否,祭祀、祈福、嫁娶、冠笄、修饰垣墙、置产、平治道涂,开仓、出货财、盖屋、作灶、开市、交易、立券、栽种
2026-03-22,定,金匮,是,嫁娶、祭祀、开光、祈福、求嗣、出行、出火、进人口、入宅、移徙、安床、拆卸、修造、安门、挂匾、纳财、扫舍,动土、伐木、安葬、行丧
2026-03-23,执,天德,是,嫁娶、开光、祭祀、祈福、求嗣、出行、出火、入宅、移徙、解除、栽种、伐木、破土、谢土、安葬,开市、交易、作灶、纳财、上梁、安床、盖屋、造船
2026-03-24,破,白虎,否,破屋、坏垣、求医、治病、馀事勿取,开光、嫁娶
2026-03-25,危,玉堂,是,纳采、交易、立券、安床、安机械、安葬、移柩、动土、破土、立碑,嫁娶、开光、作灶
2026-03-26,成,天牢,是,祭祀、祈福、求嗣、斋醮、沐浴、开光、理发、经络、解除、治病、立碑、栽种、牧养、掘井、开池,嫁娶、定磉、合寿木、安葬、行丧
2026-03-27,收,玄武,否,纳财、交易、立券、栽种、捕捉、结网、取渔、进人口、教牛马、理发,入宅、盖屋、竖柱、安葬
2026-03-28,开,司命,是,嫁娶、订盟、纳采、祭祀、祈福、出行、修造、动土、移徙、入宅、破土、出火、安门、安床、上梁、立碑、移柩,开市、交易、合帐、安葬
2026-03-29,闭,勾陈,否,冠笄、立券、交易、修造、动土、安机械、入殓、安葬、破土,嫁娶、祈福、出火、入宅
2026-03-30,建,青龙,否,祭祀、会亲友、出行、立券、交易、冠笄、纳财,嫁娶、动土、掘井、起基、定磉、破土
2026-03-31,除,明堂,是,祭祀、沐浴、解除、扫舍、塞穴、牧养,嫁娶、安葬、行丧、安门
2026-04-01,满,天刑,否,纳财、开市、交易、立券、开光、针灸、会亲友、理发、安床、造仓、结网,移徙、入宅、栽种
2026-04-02,平,朱雀,否,嫁娶、冠笄、会亲友、安机械、纳财、交易、立券、置产,开市、盖屋、治病、作灶
2026-04-03,定,金匮,是,嫁娶、造车器、纳采、订盟、祭祀、祈福、安机械、移徙、入宅、开市、立券、破土、安葬,纳畜、理发、合寿木
2026-04-04,执,天德,是,祈福、斋醮、出行、移徙、入宅、修造、动土、破土、安葬,纳采、开光、安床、嫁娶、开市
2026-04-05,破,白虎,否,祭祀、祈福、求嗣、开光、解除、出火、拆卸、入宅、安床、修造、安门、纳畜、启钻、安葬,动土、破土、纳财、掘井、挂匾、开市、伐木、交易
2026-04-06,危,玉堂,是,祭祀、解除、破屋、坏垣、馀事勿取,诸事不宜
2026-04-07,成,天牢,是,塞穴、扫舍、馀事勿取,诸事不宜
2026-04-08,收,玄武,否,祭祀、祈福、求嗣、开光、解除、纳采、冠笄、出火、拆卸、进人口、安床、动土、上梁、造庙、掘井、开池、入殓、移柩、安葬、破土,无
2026-04-09,开,司命,是,解除、破屋、馀事勿取,诸事不宜
2026-04-10,闭,勾陈,否,嫁娶、祈福、求嗣、开光、出行、解除、拆卸、出火、开市、立券、交易、入宅、移徙、安床、动土、破土、谢土,祭祀、入殓、安葬、探病
2026-04-11,建,青龙,否,祭祀、裁衣、冠笄、安床、交易、立券、开池、补垣、塞穴、入殓、破土、启钻、安葬、谢土、除服、成服,嫁娶、掘井、探病、开市、开光、栽种
2026-04-12,除,明堂,是,祭祀、出行、教牛马、扫舍、馀事勿取,开光、伐木、安葬、破土
2026-04-13,满,天刑,否,祭祀、祈福、求嗣、开光、纳采、订盟、解除、栽种、纳畜、牧养、扫舍、进人口,修坟、造桥、作灶、出行、安葬、盖屋、入宅
2026-04-14,平,朱雀,否,开光、出行、交易、塞穴、嫁娶、理发、开市、安床,祈福、出火、置产、动土、破土、安葬、修造、上梁、入宅
2026-04-15,定,金匮,是,祭祀、作灶、畋猎、结网、修饰垣墙、平治道涂、馀事勿取,嫁娶、安床、治病
2026-04-16,执,天德,是,沐浴、祭祀、解除、安葬、破土、谢土、移柩、馀事勿取,斋醮、开光、嫁娶、入宅、上梁
2026-04-17,执,天德,是,祭祀、解除、入殓、移柩、启钻、安葬、整手足甲、捕捉、畋猎、取渔、除服、成服、扫舍、谢土、斋醮,动土、破土
2026-04-18,破,白虎,否,祭祀、沐浴、解除、破屋、坏垣、求医、治病、馀事勿取,嫁娶、开市
2026-04-19,危,玉堂,是,沐浴、塞穴、畋猎、结网、取渔、扫舍、馀事勿取,祈福、安葬
2026-04-20,成,天牢,是,开市、交易、立券、挂匾、祭祀、开光、祈福、求嗣、安床、解除、修造、安葬,纳采、问名、订盟、嫁娶、入宅、开仓、出火、动土、破土、纳畜、伐木
2026-04-21,收,玄武,否,祭祀、修门、取渔、纳财、纳畜、馀事勿取,嫁娶、入宅
2026-04-22,开,司命,是,安香、出火、纳采、订盟、嫁娶、开市、立券、交易、挂匾、开光、出行、解除、安床、栽种、置产、拆卸、修造、动土,作灶、安葬、祭祀、入殓
2026-04-23,闭,勾陈,否,祭祀、出行、修造、动土、合帐、造畜稠、安床、移徙、入殓、移柩、破土、启钻、安葬、开生坟、合寿木、补垣、塞穴,入宅、作灶、理发、开光、安门
2026-04-24,建,青龙,否,祭祀、修饰垣墙、馀事勿取,开光、修造、动土、破土
2026-04-25,除,明堂,是,嫁娶、祭祀、祈福、求嗣、斋醮、开光、出火、移徙、入宅、竖柱、上梁、会亲友、盖屋、起基、治病、安门、造车器、掘井、开池,纳采、出行、修坟、安葬、开市、立券、作灶
2026-04-26,满,天刑,否,祭祀、塑绘、开光、纳采、嫁娶、开市、出行、会亲友、安床、结网、除服、成服、启钻、安葬、移柩,祈福、入宅、盖屋、动土、破土、探病
2026-04-27,平,朱雀,否,祭祀、作灶、平治道涂、馀事勿取,安床、入宅、安碓磑、栽种
2026-04-28,定,金匮,是,祭祀、祈福、求嗣、斋醮、沐浴、纳畜、入殓、破土、安葬,移徙、入宅、嫁娶、出行、安床
2026-04-29,执,天德,是,纳采、祭祀、祈福、求嗣、斋醮、出行、起基、盖屋、定磉、安门、入殓、安葬,嫁娶、开市、纳财、出火
2026-04-30,破,白虎,否,祭祀、沐浴、解除、求医、治病、破屋、坏垣、馀事勿取,祈福、斋醮、开市、安葬
2026-05-01,危,玉堂,是,沐浴、捕捉、畋猎、结网、取渔,祭祀、嫁娶、入宅、作灶、安葬
2026-05-02,成,天牢,是,祭祀、祈福、求嗣、斋醮、纳采、订盟、开光、竖柱、上梁、开仓、出货财、盖屋、起基、定磉、安门、诸事不宜、破土、入殓、启钻、谢土,出火、嫁娶、开市
2026-05-03,收,玄武,否,祭祀、捕捉、解除、馀事勿取,嫁娶、安葬
2026-05-04,开,司命,是,纳采、嫁娶、出行、开市、立券、纳畜、牧养、出火、移徙、入宅,祈福、动土、破土、安葬、入殓
2026-05-05,闭,勾陈,否,嫁娶、祭祀、祈福、求嗣、开光、开市、交易、立券、安床、出行、拆卸,纳畜、入宅、移徙、安葬、探病、伐木、上梁、安门、入殓、动土
2026-05-06,建,青龙,否,嫁娶、祭祀、祈福、求嗣、出行、出火、拆卸、修造、动土、入宅、移徙、安床、作灶、塞穴、栽种、破土、安葬,开光、掘井、开仓
2026-05-07,除,明堂,是,解除、扫舍、馀事勿取,诸事不宜
2026-05-08,满,天刑,否,开市、交易、立券、挂匾、开光、出行、拆卸、进人口、入宅、移柩、动土、安门、上梁、栽种、破土、修坟、安葬,嫁娶、安床、探病、作灶
2026-05-09,平,朱雀,否,进人口、会亲友,塞穴、上梁、动土、伐木、安葬、词讼
2026-05-10,定,金匮,是,沐浴、平治道涂、扫舍、入殓、破土、安葬、除服、成服,嫁娶、移徙、伐木、作梁、安床、祭祀、祈福、盖屋
2026-05-11,执,天德,是,嫁娶、祭祀、祈福、求嗣、开光、出火、出行、拆卸、动土、解除、进人口、开市、交易、立券、挂匾、入宅、移徙、安床、安门、上梁、安葬、破土、谢土,无
2026-05-12,破,白虎,否,祭祀、祈福、求嗣、开光、解除、合帐、冠笄、伐木、架马、作梁、修造、进人口、嫁娶、裁衣、安床、动土、起基、上梁、竖柱、放水、会亲友,无
2026-05-13,危,玉堂,是,破屋、坏垣、沐浴、解除、馀事勿取,诸事不宜
2026-05-14,成,天牢,是,纳采、订盟、嫁娶、造车器、祭祀、祈福、求嗣、开光、出火、拆卸、修造、动土、进人口、挂匾、入宅、移徙、安床、栽种、入殓、破土、安葬、除服、成服,开市、立券
2026-05-15,收,玄武,否,开市、交易、立券、祭祀、祈福、开光、动土、安床、出行、栽种、纳畜、牧养、竖柱、上梁、解除、破土,嫁娶、掘井、入宅、移徙、安葬
2026-05-16,开,司命,是,解除、出行、纳采、冠笄、竖柱、上梁、移徙、作灶、进人口、入宅、纳畜、牧养,祭祀、伐木、架马、安床、修造、动土、安葬、修坟、破土
2026-05-17,开,司命,是,祭祀、祈福、求嗣、开光、出行、开市、交易、立券、栽种、安床、纳畜、移徙、起基、动土、定磉、造仓、置产、破土、启钻、修坟,入宅、修造、安门、伐木、入殓、安葬、盖屋
2026-05-18,闭,勾陈,否,嫁娶、交易、立券、开厕、补垣、塞穴、畋猎、取渔、开生坟,安床、开渠、上梁、修造、开市、开光、入宅、移徙
2026-05-19,建,青龙,否,塞穴、断蚁、结网、畋猎、馀事勿取,嫁娶、安葬、入宅、出行、动土、词讼
2026-05-20,除,明堂,是,纳采、订盟、嫁娶、祭祀、祈福、求嗣、开光、解除、出行、出火、入宅、移徙、栽种、纳畜、牧养、动土、破土、入殓、安葬,作灶、安床、开仓、盖屋
2026-05-21,满,天刑,否,开光、纳采、裁衣、冠笄、安床、作灶、进人口、造仓、塞穴,嫁娶、栽种、修造、动土、出行、伐木、作梁、安葬、谢土
2026-05-22,平,朱雀,否,纳采、嫁娶、裁衣、理发、出行、修造、动土、进人口、开市、交易、立券、挂匾、移徙、上梁、栽种、纳畜,伐木、安葬、安床、祭祀、祈福
2026-05-23,定,金匮,是,开市、交易、立券、挂匾、祭祀、祈福、斋醮、出行、盖屋、起基、修造、动土、定磉、安床、安机械、安葬、破土、启钻、除服、成服、立碑,作灶、嫁娶、移徙、入宅、理发
2026-05-24,执,天德,是,嫁娶、纳采、订盟、祭祀、祈福、求嗣、开光、出火、出行、拆卸、动土、修造、进人口、入宅、移徙、安床、解除、挂匾、栽种、破土、谢土、入殓、移柩、安葬,开市、立券、造船、合寿木
2026-05-25,破,白虎,否,祭祀、沐浴、解除、破屋、坏垣、馀事勿取,开光、安葬
2026-05-26,危,玉堂,是,订盟、纳采、嫁娶、解除、祭祀、祈福、求嗣、开光、出行、出火、拆卸、入宅、移徙、安床、栽种、纳畜、动土、破土、谢土、安葬、修坟,作灶、开市、经络
2026-05-27,成,天牢,是,祭祀、祈福、求嗣、开光、订盟、纳采、解除、动土、起基、进人口、开市、交易、立券、纳财、造仓、开池、栽种、纳畜、破土、安葬,安床、上梁、裁衣、入宅、嫁娶
2026-05-28,收,玄武,否,祭祀、结网、捕捉、馀事勿取,探病、嫁娶、开市
2026-05-29,开,司命,是,祭祀、祈福、求嗣、开光、纳采、订盟、嫁娶、出行、动土、破土、会亲友、开市、交易、立券、习艺、拆卸、起基、安碓磑、放水、开池、造仓、开渠、栽种、谢土、启钻、修坟、立碑,入宅、安门、安葬
2026-05-30,闭,勾陈,否,嫁娶、冠笄、祭祀、出行、移徙、入宅、作灶、造车器、补垣、塞穴、开厕、破土、启钻、除服、成服、入殓,盖屋、造桥、安门、安葬、上梁
2026-05-31,建,青龙,否,祭祀、解除、断蚁、会亲友、馀事勿取,嫁娶、安葬
2026-06-01,除,明堂,是,嫁娶、纳采、订盟、祭祀、祈福、治病、造车器、修造、动土、移徙、入宅,开市、出行、安床、作灶、安葬
2026-06-02,满,天刑,否,嫁娶、纳采、订盟、会亲友、安机械、结网、冠笄、祭祀、求嗣、进人口、经络,开市、作灶、动土、行丧、安葬
2026-06-03,平,朱雀,否,祭祀、沐浴、移徙、破土、安葬、扫舍、平治道涂,祈福、嫁娶、入宅、安床、作灶
2026-06-04,定,金匮,是,祭祀、祈福、斋醮、求嗣、安机械、纳畜、移徙、入宅、塑绘、开光、起基、竖柱、上梁、作灶、安门、安香、出火、盖屋、启钻、安葬,动土、破土、嫁娶
2026-06-05,执,天德,是,嫁娶、祭祀、开光、祈福、求嗣、出行、出火、拆卸、动土、修造、进人口、入宅、移徙、安床、挂匾、交易、立券、栽种、纳畜、入殓、破土、启钻、安葬,无
2026-06-06,破,白虎,否,祭祀、祈福、求嗣、开光、出行、伐木、出火、拆卸、修造、动土、起基、安床、入宅、移徙,嫁娶、开市、交易、行丧、安葬、修坟
2026-06-07,危,玉堂,是,破屋、坏垣、馀事勿取,诸事不宜
2026-06-08,成,天牢,是,开市、交易、立券、纳财、开池、开厕、结网、祭祀、修造、动土、安床、放水、经络、破土,嫁娶、造桥、词讼、移徙、安门、作灶、栽种
2026-06-09,收,玄武,否,开市、交易、立券、纳财、栽种、安床、拆卸、修造、动土、上梁、入殓、安葬、破土、除服、成服,嫁娶、出火、伐木、祭祀、入宅、移徙、纳畜、探病
2026-06-10,开,司命,是,祭祀、作灶、馀事勿取,诸事不宜
2026-06-11,闭,勾陈,否,解除、坏垣、馀事勿取,诸事不宜
2026-06-12,建,青龙,否,修造、动土、起基、安门、安床、栽种、筑堤、补垣、造畜稠,嫁娶、掘井、入宅、移徙、出火、出行、行丧、安葬、开光、理发、进人口
2026-06-13,除,明堂,是,祭祀、教牛马、断蚁、馀事勿取,斋醮、移徙、入宅、动土
2026-06-14,满,天刑,否,纳采、订盟、嫁娶、祭祀、祈福、开市、纳财、立券、移徙、出行、修造、动土、起基、定磉、竖柱、拆卸、扫舍、放水、安香、安床、造船、开池、掘井、造畜稠、栽种,行丧、安葬、破土、作灶、伐木、斋醮
2026-06-15,满,天刑,否,嫁娶、开光、祭祀、祈福、出行、解除、移徙、入宅、开市、纳财、起基、修造、竖柱、上梁、盖屋、作灶、出火、安香、补垣、塞穴、拆卸、放水、扫舍、造仓、造船、栽种、安葬,纳采、订盟、安床、谢土、破土、动土
2026-06-16,平,朱雀,否,嫁娶、祭祀、理发、作灶、修饰垣墙、平治道涂、整手足甲、沐浴、冠笄,破土、出行、栽种
2026-06-17,定,金匮,是,嫁娶、纳采、订盟、祭祀、祈福、求嗣、开光、出火、出行、拆卸、修造、动土、进人口、入宅、移徙、安床、交易、立券、挂匾、纳财、入殓、安葬、启钻、除服、成服,掘井、破土
2026-06-18,执,天德,是,畋猎、捕捉、结网、取渔、祭祀、沐浴、馀事勿取,嫁娶、开市、安葬、启钻、行丧
2026-06-19,破,白虎,否,祭祀、破屋、坏垣、馀事勿取,移徙、入宅、开仓、出货财
2026-06-20,危,玉堂,是,祭祀、斋醮、塑绘、开光、出行、修造、动土、造畜稠、安床、放水、掘井、开池、开厕、结网、破土,出火、入宅
2026-06-21,成,天牢,是,开市、交易、立券、挂匾、开光、解除、拆卸、动土、安床、修造、上梁、置产、栽种、破土、安葬,作灶、出火、祭祀、嫁娶、入宅
2026-06-22,收,玄武,否,祭祀、结网、馀事勿取,入宅、出行、掘井、安葬
2026-06-23,开,司命,是,嫁娶、纳采、订盟、冠笄、造车器、祭祀、开光、祈福、求嗣、出行、解除、伐木、出火、入宅、拆卸、修造、动土、上梁、安床、栽种、破土,行丧、置产、安葬
2026-06-24,闭,勾陈,否,嫁娶、合帐、裁衣、冠笄、伐木、上梁、出火、拆卸、移徙、修造、动土、安门、纳财、筑堤、栽种、塞穴,安床、祈福、出行、安葬、行丧、开光
2026-06-25,建,青龙,否,出行、教牛马、割蜜、馀事勿取,斋醮、盖屋、动土、破土
2026-06-26,除,明堂,是,嫁娶、祭祀、祈福、求嗣、开光、出行、解除、出火、拆卸、修造、进人口、入宅、移徙、动土、安床、纳畜、栽种、纳财、交易、立券、挂匾、造畜稠,安葬、开生坟、行丧
2026-06-27,满,天刑,否,安机械、祭祀、祈福、求嗣、沐浴、解除、纳采、开市、修造、竖柱、上梁、开柱眼、安碓磑、归岫、补垣、塞穴、拆卸、放水、出火、扫舍、开生坟、合寿木、安葬、谢土、启钻、除服、成服,嫁娶、安床、作灶、动土、破土、造船
2026-06-28,平,朱雀,否,祭祀、沐浴、理发、整手足甲、修饰垣墙、平治道涂、馀事勿取,开市、入宅、出行、修造、词讼
2026-06-29,定,金匮,是,嫁娶、纳采、祭祀、祈福、出行、立券、移徙、入宅、动土、破土、安葬,开光、作灶、盖屋、架马、开仓
2026-06-30,执,天德,是,纳采、订盟、冠笄、祭祀、祈福、斋醮、出行、修造、动土、移徙、入宅、安香、出火、拆卸、盖屋、起基、竖柱、上梁、定磉、安门、开池,嫁娶、开市、合寿木、安葬
2026-07-01,破,白虎,否,祭祀、沐浴、破屋、坏垣、馀事勿取,入宅、嫁娶、移徙
2026-07-02,危,玉堂,是,嫁娶、安机械、交易、出行、祭祀、祈福、求嗣、斋醮、塑绘、开光、合帐、裁衣、放水、开池、掘井,作灶、理发、造桥、行丧、安葬
2026-07-03,成,天牢,是,纳采、冠笄、求医、治病、开市、立券、修造、动土、安机械、破土、安葬,斋醮、祭祀、移徙、入宅、上梁、嫁娶
2026-07-04,收,玄武,否,祭祀、作灶、馀事勿取,开市、安葬、破土、修坟、掘井
2026-07-05,开,司命,是,祭祀、祈福、求嗣、斋醮、安香、解除、移徙、入宅、会亲友、求医、治病、动土、破土、开生坟、合寿木,合帐、上梁、经络、安葬、入殓
2026-07-06,闭,勾陈,否,嫁娶、冠笄、修造、动土、作灶、移徙、入宅、补垣、塞穴、纳畜、牧养、架马、起基、定磉、开池、造船,祈福、开光、掘井、开市、安葬
2026-07-07,建,青龙,否,祭祀、入殓、破土、除服、成服、移柩、启钻、安葬、谢土、馀事勿取,无
2026-07-08,除,明堂,是,祭祀、出行、交易、割蜜、造畜稠,嫁娶、作灶、安葬、动土、词讼、作梁、伐木、掘井、破土、移徙
2026-07-09,满,天刑,否,嫁娶、祭祀、祈福、求嗣、开光、出火、拆卸、修造、动土、进人口、开市、交易、立券、挂匾、入宅、移徙、栽种、纳畜、入殓、启钻、除服、成服,无
2026-07-10,平,朱雀,否,嫁娶、开光、解除、安床、牧养、理发、开市、入殓、启钻、移柩、安葬、扫舍,作灶、动土、上梁、栽种、入宅、移徙、修造、祈福
2026-07-11,定,金匮,是,祭祀、解除、馀事勿取,诸事不宜
2026-07-12,执,天德,是,祭祀、祈福、求嗣、开光、伐木、出火、拆卸、入宅、安床、修造、动土、上梁、挂匾、纳畜,嫁娶、栽种、行丧、理发、修坟、作灶
2026-07-13,破,白虎,否,解除、祭祀、理发、入殓、安葬、破土,嫁娶、开市、出火、作灶、置产、斋醮、入宅、移徙、安门
2026-07-14,破,白虎,否,破屋、坏垣、馀事勿取,诸事不宜
2026-07-15,危,玉堂,是,开市、交易、立券、纳财、动土、开光、出行、嫁娶、纳采、订盟、入学、开仓、出货财、纳畜、牧养、栽种、破土、启钻、安葬、立碑,入宅、移徙、作灶、祭祀、谢土
2026-07-16,成,天牢,是,嫁娶、纳采、订盟、祭祀、祈福、求嗣、开光、出火、出行、拆卸、修造、动土、进人口、开市、交易、立券、挂匾、入宅、移徙、安床、栽种、入殓、破土、谢土、安葬,掘井、伐木、纳畜、合寿木
2026-07-17,收,玄武,否,祭祀、冠笄、作灶、交易、纳财、栽种、结网、纳畜、牧养、进人口,开渠、造船、安床、安葬、破土、出行、修坟、掘井、开市、开生坟
2026-07-18,开,司命,是,嫁娶、订盟、祭祀、祈福、求嗣、纳采、裁衣、冠笄、开光、安床、作梁、修造、动土、作灶、起基、上梁、盖屋、纳畜、牧养,移徙、栽种、出行、行丧、破土、安葬、词讼
2026-07-19,闭,勾陈,否,经络、祭祀、沐浴、补垣、塞穴、除服、成服、移柩、入殓、启钻、立碑,开光、治病、嫁娶、掘井、破土、安葬
2026-07-20,建,青龙,否,嫁娶、祭祀、出行、裁衣、冠笄、交易、雕刻、纳财、造畜稠、造车器、教牛马,移徙、入宅、栽种、动土、破土、作灶、安葬、行丧、伐木、上梁
2026-07-21,除,明堂,是,修造、动土、安机械、祭祀、沐浴、解除、拆卸、治病、作灶、盖屋、起基、开池、扫舍、造畜稠、开生坟、合寿木、安葬、破土、启钻、移柩、入殓、立碑,开市、入宅、出行、安床
2026-07-22,满,天刑,否,嫁娶、纳采、订盟、造车器、开光、出行、拆卸、起基、安床、除服、成服、开市、交易、立券、栽种、牧养、入殓、移柩、启钻,上梁、入宅、修造、动土、破土、祭祀、祈福、斋醮
2026-07-23,平,朱雀,否,祭祀、嫁娶、畋猎、结网,动土、破土、治病、开渠
2026-07-24,定,金匮,是,纳采、订盟、会亲友、入学、祭祀、祈福、求嗣、开光、出行、解除、理发、动土、起基、开市、交易、立券、纳财、造仓、栽种、纳畜、牧养,嫁娶、作灶、出火、置产、入宅、安葬
2026-07-25,执,天德,是,祭祀、祈福、解除、整手足甲、安床、沐浴、入殓、移柩、破土、启钻、安葬、谢土,嫁娶、斋醮、开市、出火、入宅、移徙、出行、作灶、安门、伐木
2026-07-26,破,白虎,否,破屋、坏垣、解除、馀事勿取,嫁娶、安葬
2026-07-27,危,玉堂,是,嫁娶、开市、立券、移徙、入宅、安机械、会亲友、经络、安门、安床、挂匾、拆卸、开仓、出货财、开池、栽种、纳畜、牧养、破土、安葬、启钻、移柩、入殓、立碑,祭祀、祈福、探病、谢土、造桥
2026-07-28,成,天牢,是,嫁娶、订盟、纳采、祭祀、祈福、斋醮、开光、会亲友、求医、治病、盖屋、起基、竖柱、上梁、安门、安碓磑、筑堤、开池、破土、安葬、除服、成服,入宅、开市、掘井、词讼、合寿木
2026-07-29,收,玄武,否,纳采、订盟、嫁娶、移徙、入宅、出行、祭祀、祈福、斋醮、塑绘、开光、安香、出火、会亲友、解除、入学、竖柱、上梁、拆卸、盖屋、起基、栽种、牧养、纳畜,安葬、破土、开市、开仓、出货财、启钻
2026-07-30,开,司命,是,纳采、订盟、嫁娶、祭祀、沐浴、塑绘、开光、出火、治病、习艺、伐木、盖屋、竖柱、上梁、安床、作灶、安碓磑、挂匾、掘井、纳畜,出行、安葬、造桥
2026-07-31,闭,勾陈,否,祭祀、入殓、除服、成服、移柩、破土、启钻、安葬、塞穴、断蚁、结网,开市、入宅、嫁娶、开光、盖屋
2026-08-01,建,青龙,否,祭祀、修造、出行、盖屋、竖柱、造车器、教牛马、造畜稠、割蜜,动土、破土、掘井、安葬
2026-08-02,除,明堂,是,祭祀、沐浴、塑绘、开光、入学、解除、扫舍、治病、开池、牧养,嫁娶、出行、纳采、入宅、作灶
2026-08-03,满,天刑,否,纳财、开市、交易、立券、出行、祭祀、祈福、求嗣、开光、解除、扫舍、起基、竖柱、安床、移徙、开仓、出货财、补垣、塞穴、栽种、纳畜、牧养,斋醮、入宅、安门、安葬、破土、行丧
2026-08-04,平,朱雀,否,祭祀、修饰垣墙、平治道涂,开市、动土、破土、嫁娶、修造、安葬
2026-08-05,定,金匮,是,订盟、纳采、祭祀、祈福、开光、安香、出火、立券、安机械、移徙、入宅、竖柱、上梁、会亲友、安床、拆卸、挂匾、牧养、教牛马,嫁娶、安葬、行丧、破土、修坟
2026-08-06,执,天德,是,沐浴、理发、捕捉、入殓、移柩、破土、启钻、安葬,出火、嫁娶、入宅、作灶、上梁、动土
2026-08-07,破,白虎,否,祭祀、塞穴、入殓、破土、安葬、移柩、馀事勿取,诸事不宜
2026-08-08,危,玉堂,是,破屋、坏垣、馀事勿取,诸事不宜
2026-08-09,成,天牢,是,祭祀、入殓、移柩、结网、启钻、安葬、除服、成服、馀事勿取,诸事不宜
2026-08-10,收,玄武,否,嫁娶、出火、拆卸、祭祀、祈福、开光、伐木、动土、开市、交易、立券、入宅、移徙、安床、纳畜、入殓、安葬,栽种、作灶、针灸、出行
2026-08-11,开,司命,是,祭祀、开光、解除、进人口、交易、立券、纳财、纳畜,动土、破土、嫁娶、理发、出行、入宅、移徙、分居、安香、出火
2026-08-12,闭,勾陈,否,嫁娶、祭祀、祈福、求嗣、开光、出行、解除、安床、栽种、移柩、进人口、会亲友、除服、成服,盖屋、入殓、安葬、伐木、入宅、移徙、置产、纳畜
2026-08-13,闭,勾陈,否,祭祀、动土、筑堤、开池、会亲友、塞穴、入殓、移柩、破土、安葬,开光、出行、修造、上梁、入宅、安门、作灶、裁衣
2026-08-14,建,青龙,否,祭祀、裁衣、安门、纳财、扫舍、出行、进人口、作灶、纳畜、造畜稠,安床、动土、安葬、开生坟、合寿木
2026-08-15,除,明堂,是,祭祀、解除、拆卸、修造、动土、起基、上梁、安床、安门、开渠、开池、入殓、破土、启钻,嫁娶、出行、进人口、作灶、入宅、移徙、栽种、赴任
2026-08-16,满,天刑,否,纳采、订盟、开光、出行、解除、安香、出火、拆卸、入宅、移徙、修造、上梁、安床、栽种、纳畜、会亲友、安机械、经络,伐木、谢土、行丧、祭祀、作灶、动土、破土、安葬、祈福
2026-08-17,平,朱雀,否,修饰垣墙、平治道涂、祭祀、沐浴、作灶,嫁娶、词讼、治病、置产、作梁、祈福、安葬、栽种、伐木、安门
2026-08-18,定,金匮,是,嫁娶、祭祀、祈福、求嗣、出火、出行、开光、解除、拆卸、修造、进人口、安香、交易、立券、入宅、移徙、安床、动土、破土、谢土、安葬、入殓、除服、成服,斋醮、开市、开仓、作灶、造船
2026-08-19,执,天德,是,破土、安葬、移柩、入殓、祭祀、捕捉、除服、成服、馀事勿取,嫁娶、入宅、开市、交易
2026-08-20,破,白虎,否,破屋、坏垣、治病、馀事勿取,祈福、纳采、订盟、嫁娶、入宅、安葬
2026-08-21,危,玉堂,是,嫁娶、开光、祭祀、祈福、求嗣、安香、出火、解除、伐木、入宅、移徙、安床、开市、交易、立券、栽种、出行、安葬,掘井、理发、作灶、动土、破土、开池
2026-08-22,成,天牢,是,安机械、纳采、订盟、祭祀、祈福、求嗣、开光、普渡、出行、出火、拆卸、修造、动土、进人口、开市、交易、立券、移徙、安床、栽种、上梁、纳畜、破土、移柩、安葬,入宅、嫁娶、掘井、牧养
2026-08-23,收,玄武,否,嫁娶、祭祀、祈福、求嗣、裁衣、冠笄、经络、修造、进人口、安床、动土、竖柱、上梁、移徙、交易、立券、栽种、会亲友,行丧、安葬、出行、作梁、纳畜、伐木、造桥
2026-08-24,开,司命,是,嫁娶、纳采、订盟、开光、祭祀、出行、理发、动土、安床、放水、开渠、栽种、进人口,入宅、上梁、入殓、盖屋、探病、作灶、安门、安葬、纳畜、伐木
2026-08-25,闭,勾陈,否,祭祀、出行、作梁、出火、拆卸、修造、动土、起基、安床、补垣、塞穴、入殓、破土、安葬、移柩、造畜稠,嫁娶、入宅、斋醮、开光、针灸、掘井
2026-08-26,建,青龙,否,嫁娶、纳采、订盟、祭祀、祈福、求嗣、出行、解除、竖柱、入宅、移徙、纳财、上梁、纳畜、入殓、安葬、启钻,栽种、掘井、动土、安床、破土、置产
2026-08-27,除,明堂,是,解除、祭祀、祈福、求嗣、修造、动土、竖柱、上梁、安床、纳畜、盖屋、合脊、起基、入殓、破土、安葬,出火、嫁娶、开光、进人口、出行、词讼、开市、入宅、移徙、赴任
2026-08-28,满,天刑,否,沐浴、理发、会亲友、塑绘、开光、栽种、牧养、嫁娶、经络、补垣、塞穴,开市、入宅、动土、破土、安葬、作灶、上梁、安床、开仓、祈福
2026-08-29,平,朱雀,否,祭祀、理发、作灶、沐浴、修饰垣墙、平治道涂,嫁娶、栽种、祈福、造桥、安葬、安门、伐木、作梁
2026-08-30,定,金匮,是,嫁娶、纳采、订盟、祭祀、祈福、斋醮、普渡、移徙、入宅、出行、安机械、开光、修造、动土、竖柱、上梁、盖屋、起基、定磉、安门、安葬、破土,开市、立券、置产、作灶、造桥
2026-08-31,执,天德,是,祭祀、普渡、捕捉、解除、结网、畋猎、入殓、破土、安葬,开市、交易、入宅、嫁娶
2026-09-01,破,白虎,否,沐浴、破屋、坏垣、馀事勿取,斋醮、开市
2026-09-02,危,玉堂,是,订盟、纳采、祭祀、祈福、安香、出火、开市、立券、入宅、挂匾、造桥、启钻、安葬,动土、破土、嫁娶、掘井、安床
2026-09-03,成,天牢,是,嫁娶、祭祀、祈福、斋醮、普渡、移徙、入宅、动土、治病、开市、交易、立券、开光、修造、造车器、安香、安床、捕捉、畋猎、结网,纳采、订盟、经络、行丧、安葬、探病
2026-09-04,收,玄武,否,嫁娶、订盟、纳采、作灶、冠笄、裁衣、会亲友、纳畜、牧养、安机械、开市、立券、纳财、安床,掘井、出行、破土、行丧、安葬
2026-09-05,开,司命,是,嫁娶、订盟、纳采、祭祀、斋醮、普渡、解除、出行、会亲友、开市、纳财、修造、动土、竖柱、上梁、开光、开仓、出货财、纳畜、牧养、开池、破土、启钻,出火、入宅、盖屋、安门、安葬
2026-09-06,闭,勾陈,否,嫁娶、普渡、祭祀、祈福、补垣、塞穴、断蚁、筑堤、入殓、除服、成服、安葬,动土、破土、掘井、开光、上梁、词讼
2026-09-07,建,青龙,否,嫁娶、出行、伐木、拆卸、修造、动土、移徙、安葬、破土、修坟、立碑,掘井、祈福、安床、开市、入宅、挂匾、开光
2026-09-08,除,明堂,是,祭祀、出行、扫舍、馀事勿取,诸事不宜
2026-09-09,满,天刑,否,嫁娶、祭祀、塑绘、开光、出行、解除、理发、整手足甲、动土、安床、开池、放水、扫舍,伐木、行丧、作灶、作梁、安葬
2026-09-10,平,朱雀,否,开市、交易、立券、挂匾、开光、出行、入宅、移徙、安床、出火、上梁,作灶、行丧、理发、乘船、嫁娶、安葬
2026-09-11,平,朱雀,否,祭祀、沐浴、修饰垣墙、平治道涂、馀事勿取,诸事不宜
2026-09-12,定,金匮,是,嫁娶、祭祀、祈福、求嗣、开光、出行、出火、拆卸、修造、动土、进人口、入宅、移徙、安床、开市、交易、立券、挂匾、栽种、纳畜、入殓、安葬、除服、成服,无
2026-09-13,执,天德,是,解除、坏垣、馀事勿取,诸事不宜
2026-09-14,破,白虎,否,祭祀、治病、破屋、坏垣、馀事勿取,诸事不宜
2026-09-15,危,玉堂,是,嫁娶、纳采、订盟、祭祀、开光、出行、理发、作梁、出火、拆卸、修造、动土、进人口、入宅、移徙、安床、挂匾、栽种、纳畜、破土、安葬、入殓、除服、成服,开市、掘井、开渠、造桥、造船
2026-09-16,成,天牢,是,开市、交易、立券、纳财、挂匾、栽种、祭祀、祈福、开光、拆卸、动土、安床,嫁娶、破土、进人口、出行、入宅、移徙、出火、纳畜、词讼、安葬
2026-09-17,收,玄武,否,嫁娶、祭祀、理发、进人口、作灶、移柩、冠笄、会亲友,开仓、出货财、伐木、纳畜、开市、上梁、盖屋、破土、启钻、栽种
2026-09-18,开,司命,是,祭祀、修坟、除服、成服、启钻、移柩、馀事勿取,开市、入宅、嫁娶、动土、破土、安葬
2026-09-19,闭,勾陈,否,嫁娶、冠笄、安机械、解除、纳畜、牧养、沐浴、伐木、架马、作梁、安门、扫舍、合寿木、安葬、启钻、立碑、修坟,祈福、开光、开市、入宅、动土
2026-09-20,建,青龙,否,祭祀、出行、沐浴、扫舍、安葬、馀事勿取,动土、破土、置产、掘井
2026-09-21,除,明堂,是,嫁娶、纳采、祭祀、解除、出行、修造、动土、开市、上梁、安床、整手足甲、扫舍、求医、治病、起基、定磉、盖屋、合脊,造庙、行丧、安葬、伐木、作灶、造船
2026-09-22,满,天刑,否,纳采、订盟、开市、交易、立券、挂匾、纳财、栽种、进人口、入宅、移徙、安床、开光、出火、拆卸、安门、修造,斋醮、嫁娶、行丧、动土、作灶、安葬、破土
2026-09-23,平,朱雀,否,祭祀、沐浴、修饰垣墙、平治道涂、馀事勿取,嫁娶、入宅、安床、出行
2026-09-24,定,金匮,是,开光、祈福、求嗣、斋醮、修造、动土、纳财、造仓、开厕、栽种、牧养、会亲友,作灶、出火、进人口、开渠、入宅、移徙、祭祀
2026-09-25,执,天德,是,开光、解除、拆卸、修造、动土、竖柱、安门、牧养、安葬、修坟、破土、移柩,出火、入宅、移徙、祈福、祭祀、安床、开市、嫁娶、探病
2026-09-26,破,白虎,否,破屋、坏垣、求医、治病、馀事勿取,移徙、入宅
2026-09-27,危,玉堂,是,嫁娶、纳采、订盟、祭祀、祈福、求嗣、开光、出行、出火、拆卸、修造、动土、进人口、入宅、移徙、安床、上梁、合脊、放水、掘井、破土、移柩、谢土、除服、成服,开市、开仓、安门、安葬
2026-09-28,成,天牢,是,嫁娶、纳采、订盟、祭祀、祈福、求嗣、开光、解除、进人口、入宅、移徙、出火、安床、开市、交易、立券、挂匾,安葬、纳畜、出行、行丧、伐木、栽种、造庙、造桥
2026-09-29,收,玄武,否,祭祀、冠笄、捕捉、馀事勿取,嫁娶、开市、盖屋、作梁、合寿木
2026-09-30,开,司命,是,祭祀、解除、结网、畋猎、取渔、会亲友、入学、移柩、启钻、除服、成服,开市、祈福、动土、破土、入殓、安葬、造船
2026-10-01,闭,勾陈,否,冠笄、沐浴、出行、修造、动土、移徙、入宅、破土、安葬,嫁娶、开市、祭祀、祈福、斋醮、纳采、修坟
2026-10-02,建,青龙,否,祭祀、出行,嫁娶、入宅、修造、动土、会亲友、破土
2026-10-03,除,明堂,是,嫁娶、订盟、纳采、祭祀、祈福、出行、修造、动土、移徙、入宅,针灸、伐木、作梁、造庙、行丧、安葬
2026-10-04,满,天刑,否,出行、开市、交易、立券、安机械、出火、上梁、移徙,嫁娶、安葬、动土、造桥
2026-10-05,平,朱雀,否,祭祀、沐浴、修饰垣墙、平治道涂、馀事勿取,斋醮、嫁娶、移徙、出行、上梁、入宅
2026-10-06,定,金匮,是,嫁娶、造车器、安机械、祭祀、祈福、开光、安香、出火、出行、开市、立券、修造、动土、移徙、入宅、破土、安葬,纳采、订盟、架马、词讼、开渠
2026-10-07,执,天德,是,沐浴、捕捉、入殓、除服、成服、破土、启钻、安葬,祭祀、嫁娶、安床、开市、入宅、探病、上梁
2026-10-08,破,白虎,否,祭祀、入殓、移柩、开生坟、破土、启钻、安葬、除服、成服、馀事勿取,无
2026-10-09,危,玉堂,是,祭祀、解除、破屋、坏垣、馀事勿取,诸事不宜
2026-10-10,危,玉堂,是,嫁娶、求嗣、纳采、进人口、纳财、结网、纳畜、牧养、会亲友,上梁、作灶、伐木、出行、安葬、安门、理发
2026-10-11,成,天牢,是,嫁娶、祭祀、开市、开光、出行、入宅、移徙、出火、拆卸、修造、安床,纳畜、伐木、置产、作梁、行丧、安葬、修坟、立碑
2026-10-12,收,玄武,否,嫁娶、祭祀、作灶、纳财,安葬、开市、修坟、立碑
2026-10-13,开,司命,是,嫁娶、祭祀、祈福、求嗣、开光、出行、解除、出火、进人口、开市、交易、立券、挂匾、纳财、入宅、移徙、栽种、破土、谢土,安床、安葬
2026-10-14,闭,勾陈,否,嫁娶、祭祀、祈福、求嗣、动土、安床、扫舍、入殓、移柩、破土、启钻、安葬、作灶、整手足甲、补垣、除服、成服,开光、栽种
2026-10-15,建,青龙,否,祭祀、祈福、求嗣、开光、出行、解除、上梁、入宅、移徙、安床、安门、纳财、纳畜、造畜稠,伐木、行丧、破土、嫁娶、安葬、开渠
2026-10-16,除,明堂,是,祭祀、开光、出行、解除、理发、伐木、出火、拆卸、上梁、合脊、安床、造畜稠,嫁娶、安葬、行丧、词讼、造桥、作灶、破土、动土
2026-10-17,满,天刑,否,纳采、订盟、会亲友、沐浴、理发、裁衣、冠笄、安床、除服、成服、启钻、移柩、安葬、开生坟,开市、入宅、出行、嫁娶、修坟、祈福、动土、安门、谢土、上梁
2026-10-18,平,朱雀,否,解除、祭祀、修饰垣墙、平治道涂、造畜稠、馀事勿取,嫁娶、开市、交易、入宅、入学、安葬
2026-10-19,定,金匮,是,入殓、破土、启钻、安葬、除服、成服、馀事勿取,开市、入宅、祭祀、置产、补垣、塞穴
2026-10-20,执,天德,是,嫁娶、祭祀、祈福、求嗣、开光、出行、拆卸、修造、动土、上梁、安床、纳畜、入殓、破土,入宅、移徙、掘井、理发、伐木、交易、开市、作灶
2026-10-21,破,白虎,否,祭祀、沐浴、破屋、坏垣、馀事勿取,嫁娶、入宅、上梁、出行、安葬
2026-10-22,危,玉堂,是,祭祀、求嗣、冠笄、进人口、会亲友、安门、安床、经络、纳财、牧养、畋猎、放水、割蜜,祈福、斋醮、纳采、订盟、嫁娶、入宅、安葬
2026-10-23,成,天牢,是,嫁娶、纳采、订盟、开市、交易、立券、挂匾、祭祀、祈福、开光、造车器、出行、入宅、移徙、安床、安门、拆卸、修造、动土、栽种、安葬、破土、启钻、除服、成服、入殓、立碑,探病、纳畜、伐木、起基、作梁、盖屋
2026-10-24,收,玄武,否,祭祀、冠笄、移徙、会亲友、纳财、理发、捕捉,嫁娶、开市、开池、开厕、破土
2026-10-25,开,司命,是,祭祀、祈福、求嗣、斋醮、开光、出行、嫁娶、求医、治病、动土、破土、入学、起基、扫舍、竖柱、上梁、开仓、出货财、置产、栽种、牧养、开生坟、谢土、立碑,安门、安床、裁衣、入宅、安葬
2026-10-26,闭,勾陈,否,嫁娶、裁衣、冠笄、合帐、祭祀、出行、安床、移徙、塞穴、入殓、破土、移柩、安葬,开市、栽种、置产、词讼、安门、掘井、开光
2026-10-27,建,青龙,否,祭祀、造车器、出行、修造、上梁、盖屋、安门、安床、造畜稠、教牛马,出货财、开仓、动土、破土、安葬、行丧、伐木、开渠、栽种
2026-10-28,除,明堂,是,祭祀、开光、出行、解除、伐木、作梁、出火、拆卸、入宅、移徙、安床、修造、造畜稠、扫舍,造庙、嫁娶、掘井、栽种、造桥、作灶、动土
2026-10-29,满,天刑,否,纳采、订盟、开市、交易、立券、会亲友、纳畜、牧养、问名、移徙、解除、开厕、入学、起基、安床、开仓、出货财、安葬、启钻、入殓、除服、成服,入宅、上梁、斋醮、出火、谢土
2026-10-30,平,朱雀,否,祭祀、平治道涂、馀事勿取,嫁娶、开市
2026-10-31,定,金匮,是,捕捉、畋猎、馀事勿取,开市、交易、祭祀、入宅、安葬
2026-11-01,执,天德,是,嫁娶、纳采、订盟、祭祀、祈福、求嗣、斋醮、开光、安香、出火、造庙、移徙、出行、入宅、起基、竖柱、上梁、安床、纳畜、捕捉、纳婿、安葬,开市、破土、掘井、合寿木
2026-11-02,破,白虎,否,祭祀、沐浴、解除、破屋、坏垣、馀事勿取,开市、嫁娶
2026-11-03,危,玉堂,是,订盟、纳采、会亲友、交易、立券、纳财、栽种、纳畜、牧养,嫁娶、开市、入宅、祈福、安葬
2026-11-04,成,天牢,是,造车器、嫁娶、订盟、纳采、会亲友、祭祀、出行、开市、立券、移徙、入宅、破土、安葬,上梁、开光、盖屋、架马、合寿木
2026-11-05,收,玄武,否,祭祀、作灶、纳财、捕捉、畋猎、馀事勿取,动土、破土、开市、安葬
2026-11-06,开,司命,是,嫁娶、订盟、纳采、祭祀、祈福、出行、求医、治病、出火、移徙、入宅,开市、开仓、出货财、安床、安门、安葬
2026-11-07,闭,勾陈,否,解除、馀事勿取,无
2026-11-08,建,青龙,否,安床、祭祀、开池、补垣、入殓、移柩、破土、启钻,入宅、移徙、嫁娶、掘井、作灶、出火、进人口、开市、开光
2026-11-09,建,青龙,否,祭祀、沐浴、馀事勿取,无
2026-11-10,除,明堂,是,嫁娶、开光、出行、解除、出火、拆卸、修造、进人口、动土、入宅、移徙、栽种、纳畜、掘井、安葬、除服、成服,置产、安床
2026-11-11,满,天刑,否,开光、裁衣、安门、会亲友、安床、结网、理发,嫁娶、冠笄、出行、祈福、安葬、伐木、入宅、移徙、出火、栽种、动土、上梁
2026-11-12,平,朱雀,否,嫁娶、开光、出行、出火、拆卸、修造、动土、入宅、移徙、安床、上梁、开市、交易、立券、栽种,祈福、祭祀、伐木、掘井、作灶、谢土
2026-11-13,定,金匮,是,嫁娶、祭祀、祈福、求嗣、开光、出火、出行、拆卸、开市、交易、立券、挂匾、伐木、入宅、移徙、安床、安葬,栽种、掘井、置产
2026-11-14,执,天德,是,祭祀、理发、针灸、解除、进人口、整手足甲,嫁娶、动土、造船、开池、掘井、出行、修造、入宅、上梁、移徙、安葬、破土、作灶、开市
2026-11-15,破,白虎,否,破屋、坏垣、求医、治病、馀事勿取,嫁娶、安葬
2026-11-16,危,玉堂,是,纳采、订盟、嫁娶、祭祀、祈福、雕刻、移徙、开市、入宅、出行、动土、会亲友、入学、修造、起基、安门、安床、造庙、解除、纳财、开池、造畜稠、牧养,上梁、开仓、出货财、盖屋、造船
2026-11-17,成,天牢,是,祭祀、祈福、求嗣、开光、解除、伐木、拆卸、修造、栽种、纳畜、安葬、修坟、立碑,嫁娶、进人口、入宅、移徙、出火、出行
2026-11-18,收,玄武,否,沐浴、扫舍、捕捉、畋猎、解除、塞穴、馀事勿取,嫁娶、入宅、开市、安床、破土、修坟
2026-11-19,开,司命,是,嫁娶、冠笄、祭祀、祈福、求嗣、斋醮、开光、出行、解除、动土、开市、交易、立券、挂匾、拆卸、破土,伐木、上梁、修造、入殓、理发、会亲友、入宅、安门、安葬、作灶
2026-11-20,闭,勾陈,否,合帐、裁衣、嫁娶、安床、入殓、移柩、破土、造畜稠,置产、造船、开光、掘井、作灶
2026-11-21,建,青龙,否,解除、修饰垣墙、冠笄、出行、馀事勿取,开市、动土、破土、嫁娶、安葬
2026-11-22,除,明堂,是,纳采、订盟、嫁娶、祭祀、祈福、求嗣、开光、出行、解除、进人口、开市、立券、挂匾、入宅、移徙、安门、栽种、动土、求医、治病、会亲友、起基、修造、盖屋、安葬,作灶、经络、安床
2026-11-23,满,天刑,否,祭祀、塑绘、理发、会亲友、牧养、开池、造畜稠、畋猎、结网,祈福、谢土、安葬、上梁、作灶、开市、嫁娶、出行、入宅、动土
2026-11-24,平,朱雀,否,出行、纳财、开市、交易、立券、动土、移徙、入宅、裁衣、会亲友、拆卸、进人口、安香、经络、出货财、修饰垣墙、平治道涂,造庙、谢土、作灶、作梁、伐木、安葬、行丧、修坟、探病
2026-11-25,定,金匮,是,嫁娶、纳采、订盟、祭祀、斋醮、开光、安香、出火、出行、拆卸、动土、祈福、进人口、纳财、交易、立券、移徙、安床、修造、安葬、除服、成服,置产、掘井、词讼、栽种
2026-11-26,执,天德,是,嫁娶、纳采、订盟、祭祀、开光、出行、解除、伐木、出火、入宅、移徙、拆卸、修造、栽种、安葬、入殓,破土、动土、安门、作灶、开市、交易
2026-11-27,破,白虎,否,祭祀、解除、破屋、坏垣、求医、治病、馀事勿取,嫁娶、安葬
2026-11-28,危,玉堂,是,祭祀、扫舍、破土、安葬、除服、成服、启钻、移柩、入殓、立碑、馀事勿取,嫁娶、入宅、修造、动土
2026-11-29,成,天牢,是,订盟、纳采、会亲友、祭祀、祈福、修造、动土、安机械、破土、安葬,嫁娶、移徙、出火、开市、入宅
2026-11-30,收,玄武,否,祭祀、沐浴、捕捉、畋猎、结网、扫舍,嫁娶、纳采、订盟、安床、动土、破土、安葬
2026-12-01,开,司命,是,开市、纳财、出行、祭祀、祈福、求嗣、斋醮、问名、入学、起基、定磉、置产、开渠、掘井、拆卸、栽种、纳畜、牧养、动土、破土、启钻,移徙、入宅、出火、入殓、安葬
2026-12-02,闭,勾陈,否,祭祀、理发、置产、塞穴、除服、成服、移柩、入殓、破土、安葬,嫁娶、入宅、安床、掘井、开光
2026-12-03,建,青龙,否,祭祀、沐浴、出行、馀事勿取,开市、动土、破土、行丧、安葬
2026-12-04,除,明堂,是,嫁娶、造车器、出行、会亲友、移徙、入宅、修造、动土、雕刻、开光、安香、出火、理发、盖屋、合脊、起基、归岫、安门、拆卸、扫舍、栽种、造畜稠,开市、纳采、造庙、安床、开渠、安葬
2026-12-05,满,天刑,否,塑绘、会亲友、安机械、塞穴、结网、裁衣、经络,嫁娶、开市、祈福、斋醮、安葬
2026-12-06,平,朱雀,否,纳采、移徙、纳财、开市、交易、立券、入宅、修造、动土、竖柱、起基、定磉、造庙、安香、出火、修饰垣墙、平治道涂、会亲友、出行、开池、开厕,开仓、盖屋、造桥、祭祀
2026-12-07,定,金匮,是,祭祀、修饰垣墙、馀事勿取,诸事不宜
2026-12-08,执,天德,是,入宅、安床、开光、祭祀、出火、拆卸、动土、挂匾、入殓、破土、安葬、纳畜,嫁娶、开市、作灶、置产、作梁、伐木
2026-12-09,执,天德,是,祭祀、解除、馀事勿取,诸事不宜
2026-12-10,破,白虎,否,破屋、坏垣、祭祀、沐浴、馀事勿取,诸事不宜
2026-12-11,危,玉堂,是,安床、祭祀、祈福、求嗣、冠笄、伐木、架马、动土、开池、开厕、结网、入殓、除服、成服,安门、栽种、作灶、治病
2026-12-12,成,天牢,是,解除、扫舍、馀事勿取,诸事不宜
2026-12-13,收,玄武,否,祭祀、开光、理发、整手足甲、安床、作灶、扫舍、教牛马,伐木、纳畜、破土、安葬、开生坟、嫁娶、开市、动土、交易、作梁
2026-12-14,开,司命,是,祭祀、祈福、求嗣、开光、拆卸、修造、动土、上梁、安床、置产、栽种、破土,嫁娶、进人口、安葬、出行、赴任、入宅、移徙、入殓、开渠
2026-12-15,闭,勾陈,否,沐浴、冠笄、补垣、塞穴、裁衣、修造、作梁、开柱眼、安碓磑、筑堤、开厕、断蚁,移徙、入宅、嫁娶、祈福、开光、掘井
2026-12-16,建,青龙,否,交易、进人口、祭祀、沐浴、捕捉、入殓、除服、成服、安葬、谢土、启钻、修坟,斋醮、入宅、修造、动土、破土
2026-12-17,除,明堂,是,嫁娶、纳采、订盟、造车器、祭祀、祈福、造庙、安香、出火、出行、归宁、入学、入宅、交易、立券、求医、治病、修造、动土、竖柱、上梁、盖屋、起基、安门,斋醮、伐木、作梁、安葬、行丧
2026-12-18,满,天刑,否,纳采、订盟、开市、交易、立券、出行、会亲友、安机械、竖柱、上梁、平治道涂、伐木、拆卸、盖屋、起基、安床、安门、解除、安葬、启钻、除服、成服、修坟、立碑、移柩、入殓,嫁娶、动土、破土、祈福、出火、入宅
2026-12-19,平,朱雀,否,祭祀、平治道涂、除服、成服、安葬、馀事勿取,嫁娶、入宅、纳采、订盟、掘井
2026-12-20,定,金匮,是,纳采、订盟、祭祀、祈福、开光、安香、出火、出行、会亲友、安机械、修造、动土、竖柱、上梁、盖屋、起基、定磉、安床、安门、拆卸、移徙、造桥、造船、安葬、破土、入殓,开市、造庙、置产、掘井
2026-12-21,执,天德,是,嫁娶、冠笄、祭祀、祈福、求嗣、斋醮、进人口、会亲友、伐木、作梁、开柱眼、安床、掘井、捕捉、畋猎,开生坟、破土、行丧、安葬
2026-12-22,破,白虎,否,破屋、坏垣、治病、馀事勿取,移徙、入宅
2026-12-23,危,玉堂,是,安床、架马、祭祀、塑绘、开光、出行、理发、伐木、作梁、开柱眼、开厕、畋猎、破土、入殓、除服、成服、移柩、启钻、修坟、立碑,作灶、安门、造桥、开市、安葬
2026-12-24,成,天牢,是,嫁娶、祭祀、祈福、求嗣、开光、出行、解除、入宅、移徙、纳畜、入殓、破土、修坟、立碑,伐木、作梁、动土、安床、栽种、造桥
2026-12-25,收,玄武,否,祭祀、沐浴、理发、纳财、进人口、栽种、扫舍、捕捉、畋猎、结网,会亲友、安葬、入宅、移徙、安床、开市、行丧、出火、作灶、安门
2026-12-26,开,司命,是,纳采、订盟、祭祀、祈福、求嗣、塑绘、解除、拆卸、修造、动土、竖柱、上梁、安门、置产、开池、掘井、纳畜、安床、栽种、造畜稠、破土、移柩、立碑,嫁娶、开市、出火、进人口、入殓、赴任、入宅、移徙、出行、安葬
2026-12-27,闭,勾陈,否,入宅、移徙、出行、进人口、修造、动土、起基、上梁、安门、造仓、补垣、塞穴、造畜稠,嫁娶、开市、安床、栽种、安葬、祈福、开光、掘井
2026-12-28,建,青龙,否,造畜稠、教牛马,入宅、移徙、分居、作灶、出火、安香、动土、嫁娶、掘井、扫舍、造桥
2026-12-29,除,明堂,是,订盟、纳采、造车器、祭祀、祈福、出行、安香、修造、动土、上梁、开市、交易、立券、移徙、入宅、会亲友、安机械、栽种、纳畜、盖屋、起基、安床、造畜稠,破土、安葬、行丧、开生坟
2026-12-30,满,天刑,否,订盟、纳采、会亲友、安机械、开光、修造、动土、竖柱、上梁、盖屋、起基、造桥、栽种、纳畜、造畜稠、移柩、入殓、启钻、修坟、立碑、安葬,祈福、出火、嫁娶、入宅、开市、破土
2026-12-31,平,朱雀,否,祭祀、平治道涂、修坟、除服、成服、馀事勿取,移徙、入宅、嫁娶、掘井、安葬
2027-01-01,定,金匮,是,嫁娶、冠笄、祭祀、祈福、求嗣、雕刻、开光、安香、出行、入学、修造、动土、竖柱、上梁、盖屋、起基、安门、出火、移徙、入宅、掘井、造畜稠、安葬、破土、除服、成服,开市、纳采、订盟、作灶、造庙、造船、经络
2027-01-02,执,天德,是,嫁娶、订盟、纳采、祭祀、祈福、求嗣、斋醮、安香、出火、修造、起基、盖屋、合脊、安门、安碓磑、动土、上梁、移徙、入宅,出行、掘井、破土、行丧、安葬
2027-01-03,破,白虎,否,祭祀、沐浴、破屋、坏垣、馀事勿取,嫁娶、移徙、入宅、探病、出行、盖屋
2027-01-04,危,玉堂,是,冠笄、纳财、掘井、开池、出火、安床、交易、立券、畋猎、结网、理发、放水,安门、动土、破土、行丧、安葬、成服
2027-01-05,成,天牢,是,嫁娶、开市、交易、立券、开光、出行、出火、拆卸、修造、入宅、移徙、动土、破土、移柩、安葬、启钻、除服、成服,安床、伐木、祈福、纳畜
2027-01-06,收,玄武,否,祭祀、入殓、破土、除服、成服、启钻、安葬、修坟、立碑、馀事勿取,无
2027-01-07,开,司命,是,祭祀、解除、馀事勿取,诸事不宜
2027-01-08,开,司命,是,开市、交易、立券、纳财、纳畜、造畜稠、入宅、移徙、安床、开光、祈福、求嗣、动土,嫁娶、栽种、安葬、理发、造庙、作灶、入殓、行丧、造桥
2027-01-09,闭,勾陈,否,安床、裁衣、交易、立券、入殓、移柩、安葬、除服、成服,置产、嫁娶、出行、开光、栽种、动土、破土、入宅、治病
2027-01-10,建,青龙,否,祭祀、解除、造畜稠、教牛马、针灸、馀事勿取,嫁娶、动土、开池、安葬
2027-01-11,除,明堂,是,沐浴、塑绘、开光、纳采、订盟、开市、交易、立券、纳财、起基、动土、定磉、放水、安葬、破土、启钻、修坟、立碑、移柩,入宅、安门、祭祀、谢土
2027-01-12,满,天刑,否,嫁娶、出行、理发、安床、启钻、安葬、修坟、开市、交易、立券、纳财、开池、牧养,掘井、祈福、谢土、动土、入宅、上梁、修造、作灶
2027-01-13,平,朱雀,否,解除、平治道涂、馀事勿取,移徙、入宅、掘井、造庙、栽种、针灸、治病、开池
2027-01-14,定,金匮,是,嫁娶、祭祀、开光、伐木、出火、拆卸、入宅、移徙、修造、动土、上梁、安床、纳畜,开市、行丧、栽种、出行、出货财、安葬、置产、词讼、治病
2027-01-15,执,天德,是,嫁娶、纳采、订盟、入宅、移徙、安床、祭祀、祈福、开光、出行、解除、出火、拆卸、动土、纳畜、谢土、安葬、破土,伐木、开市、交易、上梁、作灶、安门、盖屋
2027-01-16,破,白虎,否,祭祀、破屋、坏垣、解除、馀事勿取,开市、动土、破土
2027-01-17,危,玉堂,是,嫁娶、纳采、订盟、开光、安香、出火、纳财、开市、交易、立券、裁衣、盖屋、起基、修造、动土、安门、移徙、入宅、栽种、牧养、畋猎、掘井、开池、安葬、破土、入殓、除服、成服、立碑,祈福、造庙、祭祀、安床、谢土
2027-01-18,成,天牢,是,祭祀、斋醮、入殓、破土、启钻、安葬、修坟、立碑、除服、成服,嫁娶、入宅、作灶、纳采、订盟
2027-01-19,收,玄武,否,祭祀、斋醮、纳财、捕捉、畋猎,嫁娶、开市、入宅、安床、破土、安葬
2027-01-20,开,司命,是,纳采、订盟、祭祀、祈福、求嗣、斋醮、沐浴、进人口、会亲友、入学、治病、安碓磑、掘井、开池、纳畜、牧养、造畜稠,嫁娶、合帐、入宅、行丧、安葬
2027-01-21,闭,勾陈,否,祭祀、祈福、求嗣、沐浴、问名、交易、纳财、入殓、移柩、安葬、修坟、立碑、谢土、造畜稠、教牛马,入宅、置产、嫁娶、动土、栽种、开市、开光、破土
2027-01-22,建,青龙,否,祭祀、教牛马、造畜稠、会亲友、解除、馀事勿取,嫁娶、入宅、出行、动土、破土、安葬、行丧
2027-01-23,除,明堂,是,嫁娶、开光、解除、出火、拆卸、修造、进人口、入宅、移徙、安床、栽种、入殓、修坟、动土、除服、成服,作灶、安葬、祭祀、开市、纳采、订盟、纳畜、谢土、出行、探病
2027-01-24,满,天刑,否,出行、起基、安床、纳财、交易、立券、嫁娶、栽种、入殓、移柩、安葬,挂匾、入宅、上梁、祈福、词讼、作梁、作灶、开池、安门、动土、破土、掘井
2027-01-25,平,朱雀,否,平治道涂、馀事勿取,开光、嫁娶、开仓、出货财、造船、安葬、探病
2027-01-26,定,金匮,是,嫁娶、订盟、纳采、会亲友、祭祀、安机械、移徙、入宅、盖屋、安床、起基、定磉、安香、出火、挂匾、拆卸、置产,开市、出行、安葬、行丧
2027-01-27,执,天德,是,沐浴、捕捉、畋猎、理发、整手足甲、入殓、除服、成服、破土、安葬、谢土、立碑、修坟、启钻,纳采、订盟、嫁娶、上梁、开市、斋醮、盖屋、安门
2027-01-28,破,白虎,否,祭祀、破屋、坏垣、馀事勿取,斋醮、嫁娶、开市
2027-01-29,危,玉堂,是,沐浴、开仓、出货财、开市、交易、立券、纳财、栽种、纳畜、牧养、畋猎、入殓、破土、安葬,祈福、嫁娶、安床、入宅、造船
2027-01-30,成,天牢,是,祭祀、沐浴、补垣、塞穴、断蚁、解除、馀事勿取,造庙、入宅、修造、安葬、行丧、嫁娶
2027-01-31,收,玄武,否,嫁娶、纳采、订盟、问名、祭祀、冠笄、裁衣、会亲友、进人口、纳财、捕捉、作灶,开市、安床、安葬、修坟
2027-02-01,开,司命,是,订盟、纳采、会亲友、祭祀、斋醮、沐浴、塑绘、出火、开光、竖柱、上梁、开市、交易、立券、作梁、开柱眼、伐木、架马、安门、安床、拆卸、牧养、造畜稠、掘井,造庙、嫁娶、出行、动土、安葬、行丧
2027-02-02,闭,勾陈,否,交易、立券、纳财、安床、裁衣、造畜稠、安葬、谢土、启钻、除服、成服、修坟、立碑、移柩、入殓,开光、嫁娶、开市、动土、破土
2027-02-03,建,青龙,否,祭祀、解除、教牛马、会亲友、馀事勿取,破土、动土、安葬
2027-02-04,除,明堂,是,裁衣、伐木、作梁、纳财、交易、立券,诸事不宜
2027-02-05,满,天刑,否,嫁娶、祭祀、祈福、求嗣、开光、出行、出火、拆卸、动土、上梁、进人口、入宅、移徙、安床、开市、交易、立券、挂匾、入殓、破土、安葬、启钻、除服、成服,无
2027-02-06,满,天刑,否,嫁娶、冠笄、纳采、出行、会亲友、上梁、安机械、安床、牧养、畋猎、祭祀、祈福、开光、修造、安门、盖屋、起基,入宅、作灶、治病、安葬、移徙
2027-02-07,平,朱雀,否,修饰垣墙、平治道涂、祭祀、馀事勿取,诸事不宜
2027-02-08,定,金匮,是,造车器、纳采、订盟、祭祀、祈福、求嗣、移徙、出行、开市、出火、入宅、立券、交易、安门、安床、安葬、谢土,开光、盖屋、动土、作灶、栽种
2027-02-09,执,天德,是,动土、入殓、嫁娶、移柩、安葬、破土,开市、作灶、安床、入宅、上梁、裁衣
2027-02-10,破,白虎,否,求医、治病、破屋、坏垣、馀事勿取,开市、嫁娶
2027-02-11,危,玉堂,是,祭祀、斋醮、沐浴、开生坟、除服、成服、移柩、入殓、破土、安葬、合寿木,开市、嫁娶、安床、会亲友、入宅、作灶、上梁
2027-02-12,成,天牢,是,祭祀、塞穴、结网、破土、谢土、安葬、移柩、除服、成服、馀事勿取,嫁娶、入宅
2027-02-13,收,玄武,否,祭祀、沐浴、理发、作灶、结网、栽种,嫁娶、词讼、行丧、安葬、牧养、伐木、作梁、开市、纳畜、造畜稠
2027-02-14,开,司命,是,嫁娶、祭祀、开光、祈福、求嗣、出行、开市、交易、立券、动土、纳财、掘井、会亲友,入宅、安葬、伐木、作梁、纳畜、造畜稠、作灶
2027-02-15,闭,勾陈,否,祭祀、祈福、求嗣、纳畜、入殓、启钻、谢土、除服、成服,栽种、开光、出行、针灸、嫁娶、入宅、动土、破土
2027-02-16,建,青龙,否,开光、解除、伐木、竖柱、上梁、交易、立券、纳畜、入殓、移柩、安葬,入宅、出行、移徙、祭祀、嫁娶、动土、破土、作灶
2027-02-17,除,明堂,是,祭祀、祈福、求嗣、开光、嫁娶、出行、解除、伐木、拆卸、进人口、安床、动土、起基、上梁、栽种、纳畜、破土、谢土、启钻、安葬,移徙、入宅、出火、作灶、掘井
2027-02-18,满,天刑,否,会亲友、冠笄、安床、安机械、祭祀、祈福、求嗣、经络,嫁娶、开市、动土、作灶、安葬
2027-02-19,平,朱雀,否,作灶、解除、平治道涂、馀事勿取,祭祀、祈福、安葬、安门
2027-02-20,定,金匮,是,嫁娶、祭祀、冠笄、修饰垣墙、置产,经络、探病、盖屋、作灶、动土
2027-02-21,执,天德,是,纳采、嫁娶、祭祀、祈福、出行、修造、动土、移徙、入宅、安葬、破土,开市、斋醮
2027-02-22,破,白虎,否,祭祀、沐浴、解除、理发、扫舍、破屋、坏垣、馀事勿取,嫁娶、安葬
2027-02-23,危,玉堂,是,纳采、订盟、祭祀、祈福、安香、出火、修造、出行、开市、移徙、入宅、动土、安葬、破土,安床、作灶、造船、会亲友
2027-02-24,成,天牢,是,塞穴、结网、取渔、畋猎,嫁娶、安门、移徙、入宅、安葬
2027-02-25,收,玄武,否,纳采、祭祀、祈福、出行、会亲友、修造、动土、移徙、入宅,嫁娶、开市、安葬、破土
2027-02-26,开,司命,是,纳采、嫁娶、祭祀、祈福、出行、开市、会亲友、动土、破土、启钻,移徙、入宅、出火、安门、安葬
2027-02-27,闭,勾陈,否,祭祀、祈福、求嗣、斋醮、入殓、除服、成服、移柩、安葬、启钻,嫁娶、动土、开光、盖屋、破土
2027-02-28,建,青龙,否,纳采、会亲友、竖柱、上梁、立券、入殓、移柩、安葬、启钻,祭祀、移徙、入宅、动土、破土
2027-03-01,除,明堂,是,祭祀、祈福、斋醮、出行、开市、立券、动土、移徙、入宅、破土、安葬,开光、嫁娶、作灶、掘井、纳畜
2027-03-02,满,天刑,否,会亲友、求嗣、理发、冠笄、结网、捕捉、开光,开市、动土、安葬、破土
2027-03-03,平,朱雀,否,祭祀、平治道涂、馀事勿取,嫁娶、祈福、掘井、安葬
2027-03-04,定,金匮,是,祈福、求嗣、斋醮、纳采、嫁娶、伐木、修造、动土、移徙、入宅、造庙、安机械、开市、入殓、除服、成服、移柩、安葬、破土、谢土,置产、盖屋、合脊、开光、探病、安门、作灶
2027-03-05,执,天德,是,入学、习艺、出行、纳采、订盟、嫁娶、会亲友、进人口、牧养、捕捉、入殓、移柩、安葬、启钻,开光、开市、入宅、动土、盖屋
2027-03-06,破,白虎,否,祭祀、开光、塑绘、祈福、斋醮、裁衣、合帐、冠笄、嫁娶、拆卸、动土、移徙、入宅、入殓、移柩、安葬、谢土、求嗣、入学、理发、伐木、架马、作梁、出火、修造、起基、定磉、放水、赴任,安门
2027-03-07,危,玉堂,是,祭祀、治病、破屋、坏垣、馀事勿取,诸事不宜
2027-03-08,危,玉堂,是,嫁娶、祭祀、出行、冠笄、立券、交易、进人口、开市、移徙、修造、动土、安床、入殓、移柩、破土,开光、作灶、斋醮、安葬
2027-03-09,成,天牢,是,开市、立券、交易、挂匾、祭祀、祈福、开光、入宅、移徙、安床、拆卸、动土、上梁、进人口,嫁娶、行丧、架马、作梁、理发、牧养、安葬、纳畜、伐木
2027-03-10,收,玄武,否,理发、冠笄、嫁娶、进人口,置产、伐木、纳畜、造畜稠、安葬、破土、作梁、作灶、开生坟
2027-03-11,开,司命,是,嫁娶、祭祀、开光、祈福、求嗣、出火、入宅、移徙、安床、拆卸、动土、破土、谢土,合帐、开市、安葬、入殓
2027-03-12,闭,勾陈,否,安床、伐木、拆卸、修造、动土、上梁、立券、交易、栽种、纳畜、牧养、入殓、安葬,嫁娶、祭祀、开光、出行、出火、移徙、入宅、安门
2027-03-13,建,青龙,否,祭祀、祈福、求嗣、斋醮、嫁娶、冠笄、出行、开市、交易、会亲友、教牛马、除服、成服、启钻、安葬、移柩,动土、移徙、入宅
2027-03-14,除,明堂,是,塞穴、整手足甲、解除、捕捉、畋猎、结网、馀事勿取、诸事不宜,嫁娶、作灶、掘井、安葬
2027-03-15,满,天刑,否,纳财、开市、立券、交易、开光、安床、上梁、盖屋、修造、起基,动土、破土、安葬、行丧、赴任、出行、嫁娶、入宅、移徙、谢土、词讼
2027-03-16,平,朱雀,否,祭祀、祈福、嫁娶、冠笄、修饰垣墙、置产、平治道涂,开仓、出货财、盖屋、作灶、开市、交易、立券、栽种
2027-03-17,定,金匮,是,嫁娶、祭祀、开光、祈福、求嗣、出行、出火、进人口、入宅、移徙、安床、拆卸、修造、安门、挂匾、纳财、扫舍,动土、伐木、安葬、行丧
2027-03-18,执,天德,是,嫁娶、开光、祭祀、祈福、求嗣、出行、出火、入宅、移徙、解除、栽种、伐木、破土、谢土、安葬,开市、交易、作灶、纳财、上梁、安床、盖屋、造船
2027-03-19,破,白虎,否,破屋、坏垣、求医、治病、馀事勿取,开光、嫁娶
2027-03-20,危,玉堂,是,纳采、交易、立券、安床、安机械、安葬、移柩、动土、破土、立碑,嫁娶、开光、作灶
2027-03-21,成,天牢,是,祭祀、祈福、求嗣、斋醮、沐浴、开光、理发、经络、解除、治病、立碑、栽种、牧养、掘井、开池,嫁娶、定磉、合寿木、安葬、行丧
2027-03-22,收,玄武,否,纳财、交易、立券、栽种、捕捉、结网、取渔、进人口、教牛马、理发,入宅、盖屋、竖柱、安葬
2027-03-23,开,司命,是,嫁娶、订盟、纳采、祭祀、祈福、出行、修造、动土、移徙、入宅、破土、出火、安门、安床、上梁、立碑、移柩,开市、交易、合帐、安葬
2027-03-24,闭,勾陈,否,冠笄、立券、交易、修造、动土、安机械、入殓、安葬、破土,嫁娶、祈福、出火、入宅
2027-03-25,建,青龙,否,祭祀、会亲友、出行、立券、交易、冠笄、纳财,嫁娶、动土、掘井、起基、定磉、破土
2027-03-26,除,明堂,是,祭祀、沐浴、解除、扫舍、塞穴、牧养,嫁娶、安葬、行丧、安门
2027-03-27,满,天刑,否,纳财、开市、交易、立券、开光、针灸、会亲友、理发、安床、造仓、结网,移徙、入宅、栽种
2027-03-28,平,朱雀,否,嫁娶、冠笄、会亲友、安机械、纳财、交易、立券、置产,开市、盖屋、治病、作灶
2027-03-29,定,金匮,是,嫁娶、造车器、纳采、订盟、祭祀、祈福、安机械、移徙、入宅、开市、立券、破土、安葬,纳畜、理发、合寿木
2027-03-30,执,天德,是,祈福、斋醮、出行、移徙、入宅、修造、动土、破土、安葬,纳采、开光、安床、嫁娶、开市
2027-03-31,破,白虎,否,破屋、坏垣、馀事勿取,嫁娶、移徙、开市、入宅
2027-04-01,危,玉堂,是,嫁娶、冠笄、祭祀、出行、会亲友、修造、动土、入殓、破土,塑绘、开光、造桥、除服、成服
2027-04-02,成,天牢,是,开光、求嗣、出行、纳采、冠笄、出火、拆卸、起基、修造、动土、上梁、移徙、造船、开市、交易、立券、纳财,祈福、嫁娶、安葬、破土
2027-04-03,收,玄武,否,理发、冠笄、嫁娶、进人口、栽种、捕捉、针灸,纳财、开市、安葬、破土
2027-04-04,开,司命,是,开光、祈福、求嗣、出行、解除、伐木、盖屋、起基、修造、架马、安门、移徙、入宅、造庙、除服、成服、移柩、谢土、纳畜、牧养,纳采、动土、开市、交易
2027-04-05,闭,勾陈,否,嫁娶、祈福、求嗣、开光、出行、解除、拆卸、出火、开市、立券、交易、入宅、移徙、安床、动土、破土、谢土,祭祀、入殓、安葬、探病
2027-04-06,建,青龙,否,祭祀、裁衣、冠笄、安床、交易、立券、开池、补垣、塞穴、入殓、破土、启钻、安葬、谢土、除服、成服,嫁娶、掘井、探病、开市、开光、栽种
2027-04-07,建,青龙,否,祭祀、出行、教牛马、扫舍、馀事勿取,开光、伐木、安葬、破土
2027-04-08,除,明堂,是,祭祀、祈福、求嗣、开光、纳采、订盟、解除、栽种、纳畜、牧养、扫舍、进人口,修坟、造桥、作灶、出行、安葬、盖屋、入宅
2027-04-09,满,天刑,否,开光、出行、交易、塞穴、嫁娶、理发、开市、安床,祈福、出火、置产、动土、破土、安葬、修造、上梁、入宅
2027-04-10,平,朱雀,否,祭祀、作灶、畋猎、结网、修饰垣墙、平治道涂、馀事勿取,嫁娶、安床、治病
2027-04-11,定,金匮,是,沐浴、祭祀、解除、安葬、破土、谢土、移柩、馀事勿取,斋醮、开光、嫁娶、入宅、上梁
2027-04-12,执,天德,是,祭祀、解除、入殓、移柩、启钻、安葬、整手足甲、捕捉、畋猎、取渔、除服、成服、扫舍、谢土、斋醮,动土、破土
2027-04-13,破,白虎,否,祭祀、沐浴、解除、破屋、坏垣、求医、治病、馀事勿取,嫁娶、开市
2027-04-14,危,玉堂,是,沐浴、塞穴、畋猎、结网、取渔、扫舍、馀事勿取,祈福、安葬
2027-04-15,成,天牢,是,开市、交易、立券、挂匾、祭祀、开光、祈福、求嗣、安床、解除、修造、安葬,纳采、问名、订盟、嫁娶、入宅、开仓、出火、动土、破土、纳畜、伐木
2027-04-16,收,玄武,否,祭祀、修门、取渔、纳财、纳畜、馀事勿取,嫁娶、入宅
2027-04-17,开,司命,是,安香、出火、纳采、订盟、嫁娶、开市、立券、交易、挂匾、开光、出行、解除、安床、栽种、置产、拆卸、修造、动土,作灶、安葬、祭祀、入殓
2027-04-18,闭,勾陈,否,祭祀、出行、修造、动土、合帐、造畜稠、安床、移徙、入殓、移柩、破土、启钻、安葬、开生坟、合寿木、补垣、塞穴,入宅、作灶、理发、开光、安门
2027-04-19,建,青龙,否,祭祀、修饰垣墙、馀事勿取,开光、修造、动土、破土
2027-04-20,除,明堂,是,嫁娶、祭祀、祈福、求嗣、斋醮、开光、出火、移徙、入宅、竖柱、上梁、会亲友、盖屋、起基、治病、安门、造车器、掘井、开池,纳采、出行、修坟、安葬、开市、立券、作灶
2027-04-21,满,天刑,否,祭祀、塑绘、开光、纳采、嫁娶、开市、出行、会亲友、安床、结网、除服、成服、启钻、安葬、移柩,祈福、入宅、盖屋、动土、破土、探病
2027-04-22,平,朱雀,否,祭祀、作灶、平治道涂、馀事勿取,安床、入宅、安碓磑、栽种
2027-04-23,定,金匮,是,祭祀、祈福、求嗣、斋醮、沐浴、纳畜、入殓、破土、安葬,移徙、入宅、嫁娶、出行、安床
2027-04-24,执,天德,是,纳采、祭祀、祈福、求嗣、斋醮、出行、起基、盖屋、定磉、安门、入殓、安葬,嫁娶、开市、纳财、出火
2027-04-25,破,白虎,否,祭祀、沐浴、解除、求医、治病、破屋、坏垣、馀事勿取,祈福、斋醮、开市、安葬
2027-04-26,危,玉堂,是,沐浴、捕捉、畋猎、结网、取渔,祭祀、嫁娶、入宅、作灶、安葬
2027-04-27,成,天牢,是,祭祀、祈福、求嗣、斋醮、纳采、订盟、开光、竖柱、上梁、开仓、出货财、盖屋、起基、定磉、安门、诸事不宜、破土、入殓、启钻、谢土,出火、嫁娶、开市
2027-04-28,收,玄武,否,祭祀、捕捉、解除、馀事勿取,嫁娶、安葬
2027-04-29,开,司命,是,纳采、嫁娶、出行、开市、立券、纳畜、牧养、出火、移徙、入宅,祈福、动土、破土、安葬、入殓
2027-04-30,闭,勾陈,否,祭祀、祈福、求嗣、斋醮、冠笄、作灶、纳财、交易,开光、嫁娶、掘井、安葬、安门、探病
2027-05-01,建,青龙,否,祭祀、解除、教牛马、出行、馀事勿取,动土、破土、行丧、开光、作梁、安葬、探病
2027-05-02,除,明堂,是,沐浴、斋醮、解除、求医、治病、会亲友、造畜稠、栽种、理发、扫舍,开市、嫁娶、移徙、入宅、掘井、安葬
2027-05-03,满,天刑,否,求嗣、出行、解除、订盟、纳采、嫁娶、会亲友、进人口、安床、开市、交易、纳畜、牧养、入殓、除服、成服、移柩、安葬、启钻,祈福、修造、动土、破土、谢土
2027-05-04,平,朱雀,否,祭祀、作灶、平治道涂、馀事勿取,嫁娶、安葬、动土、安床、治病
2027-05-05,定,金匮,是,造车器、祭祀、祈福、求嗣、斋醮、开市、交易、安机械、雕刻、开光、盖屋、合脊、起基、定磉、安门、纳畜、安葬、开生坟、立碑、谢土,入宅、动土、开仓、出货财
2027-05-06,定,金匮,是,嫁娶、祭祀、祈福、求嗣、开光、出火、出行、拆卸、动土、解除、进人口、开市、交易、立券、挂匾、入宅、移徙、安床、安门、上梁、安葬、破土、谢土,无
2027-05-07,执,天德,是,祭祀、祈福、求嗣、开光、解除、合帐、冠笄、伐木、架马、作梁、修造、进人口、嫁娶、裁衣、安床、动土、起基、上梁、竖柱、放水、会亲友,无
2027-05-08,破,白虎,否,破屋、坏垣、沐浴、解除、馀事勿取,诸事不宜
2027-05-09,危,玉堂,是,纳采、订盟、嫁娶、造车器、祭祀、祈福、求嗣、开光、出火、拆卸、修造、动土、进人口、挂匾、入宅、移徙、安床、栽种、入殓、破土、安葬、除服、成服,开市、立券
2027-05-10,成,天牢,是,开市、交易、立券、祭祀、祈福、开光、动土、安床、出行、栽种、纳畜、牧养、竖柱、上梁、解除、破土,嫁娶、掘井、入宅、移徙、安葬
2027-05-11,收,玄武,否,解除、出行、纳采、冠笄、竖柱、上梁、移徙、作灶、进人口、入宅、纳畜、牧养,祭祀、伐木、架马、安床、修造、动土、安葬、修坟、破土
2027-05-12,开,司命,是,祭祀、祈福、求嗣、开光、出行、开市、交易、立券、栽种、安床、纳畜、移徙、起基、动土、定磉、造仓、置产、破土、启钻、修坟,入宅、修造、安门、伐木、入殓、安葬、盖屋
2027-05-13,闭,勾陈,否,嫁娶、交易、立券、开厕、补垣、塞穴、畋猎、取渔、开生坟,安床、开渠、上梁、修造、开市、开光、入宅、移徙
2027-05-14,建,青龙,否,塞穴、断蚁、结网、畋猎、馀事勿取,嫁娶、安葬、入宅、出行、动土、词讼
2027-05-15,除,明堂,是,纳采、订盟、嫁娶、祭祀、祈福、求嗣、开光、解除、出行、出火、入宅、移徙、栽种、纳畜、牧养、动土、破土、入殓、安葬,作灶、安床、开仓、盖屋
2027-05-16,满,天刑,否,开光、纳采、裁衣、冠笄、安床、作灶、进人口、造仓、塞穴,嫁娶、栽种、修造、动土、出行、伐木、作梁、安葬、谢土
2027-05-17,平,朱雀,否,纳采、嫁娶、裁衣、理发、出行、修造、动土、进人口、开市、交易、立券、挂匾、移徙、上梁、栽种、纳畜,伐木、安葬、安床、祭祀、祈福
2027-05-18,定,金匮,是,开市、交易、立券、挂匾、祭祀、祈福、斋醮、出行、盖屋、起基、修造、动土、定磉、安床、安机械、安葬、破土、启钻、除服、成服、立碑,作灶、嫁娶、移徙、入宅、理发
2027-05-19,执,天德,是,嫁娶、纳采、订盟、祭祀、祈福、求嗣、开光、出火、出行、拆卸、动土、修造、进人口、入宅、移徙、安床、解除、挂匾、栽种、破土、谢土、入殓、移柩、安葬,开市、立券、造船、合寿木
2027-05-20,破,白虎,否,祭祀、沐浴、解除、破屋、坏垣、馀事勿取,开光、安葬
2027-05-21,危,玉堂,是,订盟、纳采、嫁娶、解除、祭祀、祈福、求嗣、开光、出行、出火、拆卸、入宅、移徙、安床、栽种、纳畜、动土、破土、谢土、安葬、修坟,作灶、开市、经络
2027-05-22,成,天牢,是,祭祀、祈福、求嗣、开光、订盟、纳采、解除、动土、起基、进人口、开市、交易、立券、纳财、造仓、开池、栽种、纳畜、破土、安葬,安床、上梁、裁衣、入宅、嫁娶
2027-05-23,收,玄武,否,祭祀、结网、捕捉、馀事勿取,探病、嫁娶、开市
2027-05-24,开,司命,是,祭祀、祈福、求嗣、开光、纳采、订盟、嫁娶、出行、动土、破土、会亲友、开市、交易、立券、习艺、拆卸、起基、安碓磑、放水、开池、造仓、开渠、栽种、谢土、启钻、修坟、立碑,入宅、安门、安葬
2027-05-25,闭,勾陈,否,嫁娶、冠笄、祭祀、出行、移徙、入宅、作灶、造车器、补垣、塞穴、开厕、破土、启钻、除服、成服、入殓,盖屋、造桥、安门、安葬、上梁
2027-05-26,建,青龙,否,祭祀、解除、断蚁、会亲友、馀事勿取,嫁娶、安葬
2027-05-27,除,明堂,是,嫁娶、纳采、订盟、祭祀、祈福、治病、造车器、修造、动土、移徙、入宅,开市、出行、安床、作灶、安葬
2027-05-28,满,天刑,否,嫁娶、纳采、订盟、会亲友、安机械、结网、冠笄、祭祀、求嗣、进人口、经络,开市、作灶、动土、行丧、安葬
2027-05-29,平,朱雀,否,祭祀、沐浴、移徙、破土、安葬、扫舍、平治道涂,祈福、嫁娶、入宅、安床、作灶
2027-05-30,定,金匮,是,祭祀、祈福、斋醮、求嗣、安机械、纳畜、移徙、入宅、塑绘、开光、起基、竖柱、上梁、作灶、安门、安香、出火、盖屋、启钻、安葬,动土、破土、嫁娶
2027-05-31,执,天德,是,嫁娶、纳采、订盟、斋醮、开光、祭祀、祈福、求医、治病、会亲友、动土、解除、捕捉、纳畜、牧养、入殓、破土、安葬,移徙、入宅、盖屋、架马
2027-06-01,破,白虎,否,祭祀、沐浴、解除、破屋、坏垣、馀事勿取,行丧、安葬
2027-06-02,危,玉堂,是,沐浴、扫舍、馀事勿取,斋醮、开市、嫁娶、作灶
2027-06-03,成,天牢,是,开市、交易、立券、安机械、会亲友、开光、求医、治病、盖屋、起基、修造、动土、定磉、竖柱、上梁、安门、作灶、放水、开厕、开池、栽种、牧养、造畜稠、破土、安葬、立碑,嫁娶、出火、移徙、入宅
2027-06-04,收,玄武,否,栽种、捕捉、畋猎、馀事勿取,开市、动土、祭祀、斋醮、安葬、探病
2027-06-05,收,玄武,否,嫁娶、祭祀、祈福、求嗣、斋醮、订盟、纳采、解除、出行、动土、破土、习艺、针灸、理发、会亲友、起基、修造、竖柱、定磉、安床、拆卸、纳畜、牧养、放水、除服、成服、修坟、立碑,开市、入宅、探病、出火、盖屋
2027-06-06,开,司命,是,解除、坏垣、馀事勿取,诸事不宜
2027-06-07,闭,勾陈,否,修造、动土、起基、安门、安床、栽种、筑堤、补垣、造畜稠,嫁娶、掘井、入宅、移徙、出火、出行、行丧、安葬、开光、理发、进人口
2027-06-08,建,青龙,否,祭祀、教牛马、断蚁、馀事勿取,斋醮、移徙、入宅、动土
2027-06-09,除,明堂,是,纳采、订盟、嫁娶、祭祀、祈福、开市、纳财、立券、移徙、出行、修造、动土、起基、定磉、竖柱、拆卸、扫舍、放水、安香、安床、造船、开池、掘井、造畜稠、栽种,行丧、安葬、破土、作灶、伐木、斋醮
2027-06-10,满,天刑,否,嫁娶、开光、祭祀、祈福、出行、解除、移徙、入宅、开市、纳财、起基、修造、竖柱、上梁、盖屋、作灶、出火、安香、补垣、塞穴、拆卸、放水、扫舍、造仓、造船、栽种、安葬,纳采、订盟、安床、谢土、破土、动土
2027-06-11,平,朱雀,否,嫁娶、祭祀、理发、作灶、修饰垣墙、平治道涂、整手足甲、沐浴、冠笄,破土、出行、栽种
2027-06-12,定,金匮,是,嫁娶、纳采、订盟、祭祀、祈福、求嗣、开光、出火、出行、拆卸、修造、动土、进人口、入宅、移徙、安床、交易、立券、挂匾、纳财、入殓、安葬、启钻、除服、成服,掘井、破土
2027-06-13,执,天德,是,畋猎、捕捉、结网、取渔、祭祀、沐浴、馀事勿取,嫁娶、开市、安葬、启钻、行丧
2027-06-14,破,白虎,否,祭祀、破屋、坏垣、馀事勿取,移徙、入宅、开仓、出货财
2027-06-15,危,玉堂,是,祭祀、斋醮、塑绘、开光、出行、修造、动土、造畜稠、安床、放水、掘井、开池、开厕、结网、破土,出火、入宅
2027-06-16,成,天牢,是,开市、交易、立券、挂匾、开光、解除、拆卸、动土、安床、修造、上梁、置产、栽种、破土、安葬,作灶、出火、祭祀、嫁娶、入宅
2027-06-17,收,玄武,否,祭祀、结网、馀事勿取,入宅、出行、掘井、安葬
2027-06-18,开,司命,是,嫁娶、纳采、订盟、冠笄、造车器、祭祀、开光、祈福、求嗣、出行、解除、伐木、出火、入宅、拆卸、修造、动土、上梁、安床、栽种、破土,行丧、置产、安葬
2027-06-19,闭,勾陈,否,嫁娶、合帐、裁衣、冠笄、伐木、上梁、出火、拆卸、移徙、修造、动土、安门、纳财、筑堤、栽种、塞穴,安床、祈福、出行、安葬、行丧、开光
2027-06-20,建,青龙,否,出行、教牛马、割蜜、馀事勿取,斋醮、盖屋、动土、破土
2027-06-21,除,明堂,是,嫁娶、祭祀、祈福、求嗣、开光、出行、解除、出火、拆卸、修造、进人口、入宅、移徙、动土、安床、纳畜、栽种、纳财、交易、立券、挂匾、造畜稠,安葬、开生坟、行丧
2027-06-22,满,天刑,否,安机械、祭祀、祈福、求嗣、沐浴、解除、纳采、开市、修造、竖柱、上梁、开柱眼、安碓磑、归岫、补垣、塞穴、拆卸、放水、出火、扫舍、开生坟、合寿木、安葬、谢土、启钻、除服、成服,嫁娶、安床、作灶、动土、破土、造船
2027-06-23,平,朱雀,否,祭祀、沐浴、理发、整手足甲、修饰垣墙、平治道涂、馀事勿取,开市、入宅、出行、修造、词讼
2027-06-24,定,金匮,是,嫁娶、纳采、祭祀、祈福、出行、立券、移徙、入宅、动土、破土、安葬,开光、作灶、盖屋、架马、开仓
2027-06-25,执,天德,是,纳采、订盟、冠笄、祭祀、祈福、斋醮、出行、修造、动土、移徙、入宅、安香、出火、拆卸、盖屋、起基、竖柱、上梁、定磉、安门、开池,嫁娶、开市、合寿木、安葬
2027-06-26,破,白虎,否,祭祀、沐浴、破屋、坏垣、馀事勿取,入宅、嫁娶、移徙
2027-06-27,危,玉堂,是,嫁娶、安机械、交易、出行、祭祀、祈福、求嗣、斋醮、塑绘、开光、合帐、裁衣、放水、开池、掘井,作灶、理发、造桥、行丧、安葬
2027-06-28,成,天牢,是,纳采、冠笄、求医、治病、开市、立券、修造、动土、安机械、破土、安葬,斋醮、祭祀、移徙、入宅、上梁、嫁娶
2027-06-29,收,玄武,否,祭祀、作灶、馀事勿取,开市、安葬、破土、修坟、掘井
2027-06-30,开,司命,是,祭祀、祈福、求嗣、斋醮、安香、解除、移徙、入宅、会亲友、求医、治病、动土、破土、开生坟、合寿木,合帐、上梁、经络、安葬、入殓
2027-07-01,闭,勾陈,否,嫁娶、冠笄、修造、动土、作灶、移徙、入宅、补垣、塞穴、纳畜、牧养、架马、起基、定磉、开池、造船,祈福、开光、掘井、开市、安葬
2027-07-02,建,青龙,否,祭祀、交易、纳财,斋醮、开渠、上梁、动土、破土
2027-07-03,除,明堂,是,嫁娶、订盟、纳采、冠笄、会亲友、安机械、造车器、祭祀、出行、纳财、入宅、安香、出火、入学、塑绘、开光、拆卸、起基、修造、动土、牧养、栽种、安门、开厕,行丧、伐木、作梁、作灶
2027-07-04,除,明堂,是,开光、求嗣、出行、冠笄、嫁娶、伐木、架马、开柱眼、修造、移徙、入宅、开市、交易、立券、安香、出火、挂匾、起基、开生坟、合寿木、入殓、除服、成服、移柩、安葬,安床、出货财、作灶、动土、破土
2027-07-05,满,天刑,否,祭祀、沐浴、理发、嫁娶、作灶、整手足甲、扫舍、修饰垣墙、平治道涂,斋醮、出行、治病、合寿木
2027-07-06,平,朱雀,否,安机械、移徙、入宅、出行、祭祀、祈福、斋醮、纳采、订盟、安香、出火、解除、会亲友、修造、动土、拆卸、起基、定磉、盖屋、安床、破土、安葬、入殓、立碑,开市、伐木、作梁、作灶
2027-07-07,定,金匮,是,祭祀、祈福、求嗣、开光、伐木、出火、拆卸、入宅、安床、修造、动土、上梁、挂匾、纳畜,嫁娶、栽种、行丧、理发、修坟、作灶
2027-07-08,执,天德,是,解除、祭祀、理发、入殓、安葬、破土,嫁娶、开市、出火、作灶、置产、斋醮、入宅、移徙、安门
2027-07-09,破,白虎,否,破屋、坏垣、馀事勿取,诸事不宜
2027-07-10,危,玉堂,是,开市、交易、立券、纳财、动土、开光、出行、嫁娶、纳采、订盟、入学、开仓、出货财、纳畜、牧养、栽种、破土、启钻、安葬、立碑,入宅、移徙、作灶、祭祀、谢土
2027-07-11,成,天牢,是,嫁娶、纳采、订盟、祭祀、祈福、求嗣、开光、出火、出行、拆卸、修造、动土、进人口、开市、交易、立券、挂匾、入宅、移徙、安床、栽种、入殓、破土、谢土、安葬,掘井、伐木、纳畜、合寿木
2027-07-12,收,玄武,否,祭祀、冠笄、作灶、交易、纳财、栽种、结网、纳畜、牧养、进人口,开渠、造船、安床、安葬、破土、出行、修坟、掘井、开市、开生坟
2027-07-13,开,司命,是,嫁娶、订盟、祭祀、祈福、求嗣、纳采、裁衣、冠笄、开光、安床、作梁、修造、动土、作灶、起基、上梁、盖屋、纳畜、牧养,移徙、栽种、出行、行丧、破土、安葬、词讼
2027-07-14,闭,勾陈,否,经络、祭祀、沐浴、补垣、塞穴、除服、成服、移柩、入殓、启钻、立碑,开光、治病、嫁娶、掘井、破土、安葬
2027-07-15,建,青龙,否,嫁娶、祭祀、出行、裁衣、冠笄、交易、雕刻、纳财、造畜稠、造车器、教牛马,移徙、入宅、栽种、动土、破土、作灶、安葬、行丧、伐木、上梁
2027-07-16,除,明堂,是,修造、动土、安机械、祭祀、沐浴、解除、拆卸、治病、作灶、盖屋、起基、开池、扫舍、造畜稠、开生坟、合寿木、安葬、破土、启钻、移柩、入殓、立碑,开市、入宅、出行、安床
2027-07-17,满,天刑,否,嫁娶、纳采、订盟、造车器、开光、出行、拆卸、起基、安床、除服、成服、开市、交易、立券、栽种、牧养、入殓、移柩、启钻,上梁、入宅、修造、动土、破土、祭祀、祈福、斋醮
2027-07-18,平,朱雀,否,祭祀、嫁娶、畋猎、结网,动土、破土、治病、开渠
2027-07-19,定,金匮,是,纳采、订盟、会亲友、入学、祭祀、祈福、求嗣、开光、出行、解除、理发、动土、起基、开市、交易、立券、纳财、造仓、栽种、纳畜、牧养,嫁娶、作灶、出火、置产、入宅、安葬
2027-07-20,执,天德,是,祭祀、祈福、解除、整手足甲、安床、沐浴、入殓、移柩、破土、启钻、安葬、谢土,嫁娶、斋醮、开市、出火、入宅、移徙、出行、作灶、安门、伐木
2027-07-21,破,白虎,否,破屋、坏垣、解除、馀事勿取,嫁娶、安葬
2027-07-22,危,玉堂,是,嫁娶、开市、立券、移徙、入宅、安机械、会亲友、经络、安门、安床、挂匾、拆卸、开仓、出货财、开池、栽种、纳畜、牧养、破土、安葬、启钻、移柩、入殓、立碑,祭祀、祈福、探病、谢土、造桥
2027-07-23,成,天牢,是,嫁娶、订盟、纳采、祭祀、祈福、斋醮、开光、会亲友、求医、治病、盖屋、起基、竖柱、上梁、安门、安碓磑、筑堤、开池、破土、安葬、除服、成服,入宅、开市、掘井、词讼、合寿木
2027-07-24,收,玄武,否,纳采、订盟、嫁娶、移徙、入宅、出行、祭祀、祈福、斋醮、塑绘、开光、安香、出火、会亲友、解除、入学、竖柱、上梁、拆卸、盖屋、起基、栽种、牧养、纳畜,安葬、破土、开市、开仓、出货财、启钻
2027-07-25,开,司命,是,纳采、订盟、嫁娶、祭祀、沐浴、塑绘、开光、出火、治病、习艺、伐木、盖屋、竖柱、上梁、安床、作灶、安碓磑、挂匾、掘井、纳畜,出行、安葬、造桥
2027-07-26,闭,勾陈,否,祭祀、入殓、除服、成服、移柩、破土、启钻、安葬、塞穴、断蚁、结网,开市、入宅、嫁娶、开光、盖屋
2027-07-27,建,青龙,否,祭祀、修造、出行、盖屋、竖柱、造车器、教牛马、造畜稠、割蜜,动土、破土、掘井、安葬
2027-07-28,除,明堂,是,祭祀、沐浴、塑绘、开光、入学、解除、扫舍、治病、开池、牧养,嫁娶、出行、纳采、入宅、作灶
2027-07-29,满,天刑,否,纳财、开市、交易、立券、出行、祭祀、祈福、求嗣、开光、解除、扫舍、起基、竖柱、安床、移徙、开仓、出货财、补垣、塞穴、栽种、纳畜、牧养,斋醮、入宅、安门、安葬、破土、行丧
2027-07-30,平,朱雀,否,祭祀、修饰垣墙、平治道涂,开市、动土、破土、嫁娶、修造、安葬
2027-07-31,定,金匮,是,订盟、纳采、祭祀、祈福、开光、安香、出火、立券、安机械、移徙、入宅、竖柱、上梁、会亲友、安床、拆卸、挂匾、牧养、教牛马,嫁娶、安葬、行丧、破土、修坟
2027-08-01,执,天德,是,沐浴、理发、捕捉、入殓、移柩、破土、启钻、安葬,出火、嫁娶、入宅、作灶、上梁、动土
2027-08-02,执,天德,是,求医、治病、破屋、坏垣、馀事勿取,嫁娶、出行
2027-08-03,破,白虎,否,纳采、订盟、嫁娶、移徙、入宅、出行、开市、交易、立券、纳财、会亲友、安香、出火、拆卸、盖屋、起基、安床、作灶、挂匾、安葬、破土、启钻、立碑、入殓、移柩,祈福、上梁、开仓、掘井、牧养
2027-08-04,危,玉堂,是,祭祀、祈福、斋醮、出行、纳采、订盟、安机械、出火、拆卸、修造、动土、起基、移徙、入宅、造庙、入殓、除服、成服、移柩、破土、安葬、谢土,嫁娶、开市、栽种、合寿木
2027-08-05,成,天牢,是,祭祀、进人口、纳财、纳畜、牧养、捕捉、馀事勿取,开市、入宅、安床、动土、安葬
2027-08-06,收,玄武,否,祭祀、塑绘、开光、求医、治病、嫁娶、会亲友、放水、掘井、牧养、纳畜、开渠、安碓磑,盖屋、入宅、作灶、入学、安葬、行丧
2027-08-07,开,司命,是,祭祀、塞穴、结网、畋猎、馀事勿取,移徙、开市、入宅、嫁娶、开光、安门
2027-08-08,闭,勾陈,否,祭祀、动土、筑堤、开池、会亲友、塞穴、入殓、移柩、破土、安葬,开光、出行、修造、上梁、入宅、安门、作灶、裁衣
2027-08-09,建,青龙,否,祭祀、裁衣、安门、纳财、扫舍、出行、进人口、作灶、纳畜、造畜稠,安床、动土、安葬、开生坟、合寿木
2027-08-10,除,明堂,是,祭祀、解除、拆卸、修造、动土、起基、上梁、安床、安门、开渠、开池、入殓、破土、启钻,嫁娶、出行、进人口、作灶、入宅、移徙、栽种、赴任
2027-08-11,满,天刑,否,纳采、订盟、开光、出行、解除、安香、出火、拆卸、入宅、移徙、修造、上梁、安床、栽种、纳畜、会亲友、安机械、经络,伐木、谢土、行丧、祭祀、作灶、动土、破土、安葬、祈福
2027-08-12,平,朱雀,否,修饰垣墙、平治道涂、祭祀、沐浴、作灶,嫁娶、词讼、治病、置产、作梁、祈福、安葬、栽种、伐木、安门
2027-08-13,定,金匮,是,嫁娶、祭祀、祈福、求嗣、出火、出行、开光、解除、拆卸、修造、进人口、安香、交易、立券、入宅、移徙、安床、动土、破土、谢土、安葬、入殓、除服、成服,斋醮、开市、开仓、作灶、造船
2027-08-14,执,天德,是,破土、安葬、移柩、入殓、祭祀、捕捉、除服、成服、馀事勿取,嫁娶、入宅、开市、交易
2027-08-15,破,白虎,否,破屋、坏垣、治病、馀事勿取,祈福、纳采、订盟、嫁娶、入宅、安葬
2027-08-16,危,玉堂,是,嫁娶、开光、祭祀、祈福、求嗣、安香、出火、解除、伐木、入宅、移徙、安床、开市、交易、立券、栽种、出行、安葬,掘井、理发、作灶、动土、破土、开池
2027-08-17,成,天牢,是,安机械、纳采、订盟、祭祀、祈福、求嗣、开光、普渡、出行、出火、拆卸、修造、动土、进人口、开市、交易、立券、移徙、安床、栽种、上梁、纳畜、破土、移柩、安葬,入宅、嫁娶、掘井、牧养
2027-08-18,收,玄武,否,嫁娶、祭祀、祈福、求嗣、裁衣、冠笄、经络、修造、进人口、安床、动土、竖柱、上梁、移徙、交易、立券、栽种、会亲友,行丧、安葬、出行、作梁、纳畜、伐木、造桥
2027-08-19,开,司命,是,嫁娶、纳采、订盟、开光、祭祀、出行、理发、动土、安床、放水、开渠、栽种、进人口,入宅、上梁、入殓、盖屋、探病、作灶、安门、安葬、纳畜、伐木
2027-08-20,闭,勾陈,否,祭祀、出行、作梁、出火、拆卸、修造、动土、起基、安床、补垣、塞穴、入殓、破土、安葬、移柩、造畜稠,嫁娶、入宅、斋醮、开光、针灸、掘井
2027-08-21,建,青龙,否,嫁娶、纳采、订盟、祭祀、祈福、求嗣、出行、解除、竖柱、入宅、移徙、纳财、上梁、纳畜、入殓、安葬、启钻,栽种、掘井、动土、安床、破土、置产
2027-08-22,除,明堂,是,解除、祭祀、祈福、求嗣、修造、动土、竖柱、上梁、安床、纳畜、盖屋、合脊、起基、入殓、破土、安葬,出火、嫁娶、开光、进人口、出行、词讼、开市、入宅、移徙、赴任
2027-08-23,满,天刑,否,沐浴、理发、会亲友、塑绘、开光、栽种、牧养、嫁娶、经络、补垣、塞穴,开市、入宅、动土、破土、安葬、作灶、上梁、安床、开仓、祈福
2027-08-24,平,朱雀,否,祭祀、理发、作灶、沐浴、修饰垣墙、平治道涂,嫁娶、栽种、祈福、造桥、安葬、安门、伐木、作梁
2027-08-25,定,金匮,是,嫁娶、纳采、订盟、祭祀、祈福、斋醮、普渡、移徙、入宅、出行、安机械、开光、修造、动土、竖柱、上梁、盖屋、起基、定磉、安门、安葬、破土,开市、立券、置产、作灶、造桥
2027-08-26,执,天德,是,祭祀、普渡、捕捉、解除、结网、畋猎、入殓、破土、安葬,开市、交易、入宅、嫁娶
2027-08-27,破,白虎,否,沐浴、破屋、坏垣、馀事勿取,斋醮、开市
2027-08-28,危,玉堂,是,订盟、纳采、祭祀、祈福、安香、出火、开市、立券、入宅、挂匾、造桥、启钻、安葬,动土、破土、嫁娶、掘井、安床
2027-08-29,成,天牢,是,嫁娶、祭祀、祈福、斋醮、普渡、移徙、入宅、动土、治病、开市、交易、立券、开光、修造、造车器、安香、安床、捕捉、畋猎、结网,纳采、订盟、经络、行丧、安葬、探病
2027-08-30,收,玄武,否,嫁娶、订盟、纳采、作灶、冠笄、裁衣、会亲友、纳畜、牧养、安机械、开市、立券、纳财、安床,掘井、出行、破土、行丧、安葬
2027-08-31,开,司命,是,嫁娶、订盟、纳采、祭祀、斋醮、普渡、解除、出行、会亲友、开市、纳财、修造、动土、竖柱、上梁、开光、开仓、出货财、纳畜、牧养、开池、破土、启钻,出火、入宅、盖屋、安门、安葬
2027-09-01,开,司命,是,嫁娶、普渡、祭祀、祈福、补垣、塞穴、断蚁、筑堤、入殓、除服、成服、安葬,动土、破土、掘井、开光、上梁、词讼
2027-09-02,闭,勾陈,否,嫁娶、冠笄、祭祀、沐浴、普渡、出行、纳财、扫舍、纳畜、赴任,开市、动土、破土、安床、开仓、上梁
2027-09-03,建,青龙,否,祭祀、沐浴、理发、整手足甲、冠笄、解除、入殓、移柩、破土、启钻、安葬,嫁娶、出行、入宅、开市、安门
2027-09-04,除,明堂,是,塑绘、冠笄、嫁娶、会亲友、进人口、经络、裁衣、栽种、纳畜、牧养、补垣、塞穴、捕捉,祈福、开市、动土、行丧、安葬
2027-09-05,满,天刑,否,出行、沐浴、订盟、纳采、裁衣、竖柱、上梁、移徙、纳畜、牧养,嫁娶、安门、动土、安葬
2027-09-06,平,朱雀,否,纳采、订盟、嫁娶、祭祀、祈福、普渡、开光、安香、出火、移徙、入宅、竖柱、修造、动土、上梁、起基、盖屋、安门、造庙、造桥、破土、启钻、安葬,开市、立券、纳财、作灶
2027-09-07,定,金匮,是,祭祀、捕捉、畋猎、纳畜、牧养、入殓、除服、成服、移柩、破土、安葬、启钻,嫁娶、纳采、订盟、开市、入宅
2027-09-08,执,天德,是,解除、坏垣、馀事勿取,诸事不宜
2027-09-09,破,白虎,否,祭祀、治病、破屋、坏垣、馀事勿取,诸事不宜
2027-09-10,危,玉堂,是,嫁娶、纳采、订盟、祭祀、开光、出行、理发、作梁、出火、拆卸、修造、动土、进人口、入宅、移徙、安床、挂匾、栽种、纳畜、破土、安葬、入殓、除服、成服,开市、掘井、开渠、造桥、造船
2027-09-11,成,天牢,是,开市、交易、立券、纳财、挂匾、栽种、祭祀、祈福、开光、拆卸、动土、安床,嫁娶、破土、进人口、出行、入宅、移徙、出火、纳畜、词讼、安葬
2027-09-12,收,玄武,否,嫁娶、祭祀、理发、进人口、作灶、移柩、冠笄、会亲友,开仓、出货财、伐木、纳畜、开市、上梁、盖屋、破土、启钻、栽种
2027-09-13,开,司命,是,祭祀、修坟、除服、成服、启钻、移柩、馀事勿取,开市、入宅、嫁娶、动土、破土、安葬
2027-09-14,闭,勾陈,否,嫁娶、冠笄、安机械、解除、纳畜、牧养、沐浴、伐木、架马、作梁、安门、扫舍、合寿木、安葬、启钻、立碑、修坟,祈福、开光、开市、入宅、动土
2027-09-15,建,青龙,否,祭祀、出行、沐浴、扫舍、安葬、馀事勿取,动土、破土、置产、掘井
2027-09-16,除,明堂,是,嫁娶、纳采、祭祀、解除、出行、修造、动土、开市、上梁、安床、整手足甲、扫舍、求医、治病、起基、定磉、盖屋、合脊,造庙、行丧、安葬、伐木、作灶、造船
2027-09-17,满,天刑,否,纳采、订盟、开市、交易、立券、挂匾、纳财、栽种、进人口、入宅、移徙、安床、开光、出火、拆卸、安门、修造,斋醮、嫁娶、行丧、动土、作灶、安葬、破土
2027-09-18,平,朱雀,否,祭祀、沐浴、修饰垣墙、平治道涂、馀事勿取,嫁娶、入宅、安床、出行
2027-09-19,定,金匮,是,开光、祈福、求嗣、斋醮、修造、动土、纳财、造仓、开厕、栽种、牧养、会亲友,作灶、出火、进人口、开渠、入宅、移徙、祭祀
2027-09-20,执,天德,是,开光、解除、拆卸、修造、动土、竖柱、安门、牧养、安葬、修坟、破土、移柩,出火、入宅、移徙、祈福、祭祀、安床、开市、嫁娶、探病
2027-09-21,破,白虎,否,破屋、坏垣、求医、治病、馀事勿取,移徙、入宅
2027-09-22,危,玉堂,是,嫁娶、纳采、订盟、祭祀、祈福、求嗣、开光、出行、出火、拆卸、修造、动土、进人口、入宅、移徙、安床、上梁、合脊、放水、掘井、破土、移柩、谢土、除服、成服,开市、开仓、安门、安葬
2027-09-23,成,天牢,是,嫁娶、纳采、订盟、祭祀、祈福、求嗣、开光、解除、进人口、入宅、移徙、出火、安床、开市、交易、立券、挂匾,安葬、纳畜、出行、行丧、伐木、栽种、造庙、造桥
2027-09-24,收,玄武,否,祭祀、冠笄、捕捉、馀事勿取,嫁娶、开市、盖屋、作梁、合寿木
2027-09-25,开,司命,是,祭祀、解除、结网、畋猎、取渔、会亲友、入学、移柩、启钻、除服、成服,开市、祈福、动土、破土、入殓、安葬、造船
2027-09-26,闭,勾陈,否,冠笄、沐浴、出行、修造、动土、移徙、入宅、破土、安葬,嫁娶、开市、祭祀、祈福、斋醮、纳采、修坟
2027-09-27,建,青龙,否,祭祀、出行,嫁娶、入宅、修造、动土、会亲友、破土
2027-09-28,除,明堂,是,嫁娶、订盟、纳采、祭祀、祈福、出行、修造、动土、移徙、入宅,针灸、伐木、作梁、造庙、行丧、安葬
2027-09-29,满,天刑,否,出行、开市、交易、立券、安机械、出火、上梁、移徙,嫁娶、安葬、动土、造桥
2027-09-30,满,天刑,否,祭祀、沐浴、修饰垣墙、平治道涂、馀事勿取,斋醮、嫁娶、移徙、出行、上梁、入宅
2027-10-01,平,朱雀,否,嫁娶、造车器、安机械、祭祀、祈福、开光、安香、出火、出行、开市、立券、修造、动土、移徙、入宅、破土、安葬,纳采、订盟、架马、词讼、开渠
2027-10-02,定,金匮,是,沐浴、捕捉、入殓、除服、成服、破土、启钻、安葬,祭祀、嫁娶、安床、开市、入宅、探病、上梁
2027-10-03,执,天德,是,馀事勿取,探病
2027-10-04,破,白虎,否,订盟、纳采、祭祀、祈福、安香、出火、修造、动土、上梁、安门、起基、竖柱、定磉、开池、移徙、入宅、立券、破土,嫁娶、造庙、造桥、造船、作灶、安葬
2027-10-05,危,玉堂,是,开光、求嗣、雕刻、嫁娶、订盟、纳采、出火、拆卸、修造、动土、起基、上梁、放水、移徙、入宅、造仓、造船、开市、开池、纳畜、牧养、挂匾,行丧、安葬、合寿木
2027-10-06,成,天牢,是,祭祀、嫁娶、捕捉,开光、动土、破土、开市、修造、入宅、安门
2027-10-07,收,玄武,否,祭祀、普渡、解除、会亲友、捕捉、畋猎、启钻、除服、成服、移柩,嫁娶、开市、动土、掘井、开池、安葬
2027-10-08,开,司命,是,嫁娶、祭祀、祈福、求嗣、开光、出行、解除、出火、进人口、开市、交易、立券、挂匾、纳财、入宅、移徙、栽种、破土、谢土,安床、安葬
2027-10-09,闭,勾陈,否,嫁娶、祭祀、祈福、求嗣、动土、安床、扫舍、入殓、移柩、破土、启钻、安葬、作灶、整手足甲、补垣、除服、成服,开光、栽种
2027-10-10,建,青龙,否,祭祀、祈福、求嗣、开光、出行、解除、上梁、入宅、移徙、安床、安门、纳财、纳畜、造畜稠,伐木、行丧、破土、嫁娶、安葬、开渠
2027-10-11,除,明堂,是,祭祀、开光、出行、解除、理发、伐木、出火、拆卸、上梁、合脊、安床、造畜稠,嫁娶、安葬、行丧、词讼、造桥、作灶、破土、动土
2027-10-12,满,天刑,否,纳采、订盟、会亲友、沐浴、理发、裁衣、冠笄、安床、除服、成服、启钻、移柩、安葬、开生坟,开市、入宅、出行、嫁娶、修坟、祈福、动土、安门、谢土、上梁
2027-10-13,平,朱雀,否,解除、祭祀、修饰垣墙、平治道涂、造畜稠、馀事勿取,嫁娶、开市、交易、入宅、入学、安葬
2027-10-14,定,金匮,是,入殓、破土、启钻、安葬、除服、成服、馀事勿取,开市、入宅、祭祀、置产、补垣、塞穴
2027-10-15,执,天德,是,嫁娶、祭祀、祈福、求嗣、开光、出行、拆卸、修造、动土、上梁、安床、纳畜、入殓、破土,入宅、移徙、掘井、理发、伐木、交易、开市、作灶
2027-10-16,破,白虎,否,祭祀、沐浴、破屋、坏垣、馀事勿取,嫁娶、入宅、上梁、出行、安葬
2027-10-17,危,玉堂,是,祭祀、求嗣、冠笄、进人口、会亲友、安门、安床、经络、纳财、牧养、畋猎、放水、割蜜,祈福、斋醮、纳采、订盟、嫁娶、入宅、安葬
2027-10-18,成,天牢,是,嫁娶、纳采、订盟、开市、交易、立券、挂匾、祭祀、祈福、开光、造车器、出行、入宅、移徙、安床、安门、拆卸、修造、动土、栽种、安葬、破土、启钻、除服、成服、入殓、立碑,探病、纳畜、伐木、起基、作梁、盖屋
2027-10-19,收,玄武,否,祭祀、冠笄、移徙、会亲友、纳财、理发、捕捉,嫁娶、开市、开池、开厕、破土
2027-10-20,开,司命,是,祭祀、祈福、求嗣、斋醮、开光、出行、嫁娶、求医、治病、动土、破土、入学、起基、扫舍、竖柱、上梁、开仓、出货财、置产、栽种、牧养、开生坟、谢土、立碑,安门、安床、裁衣、入宅、安葬
2027-10-21,闭,勾陈,否,嫁娶、裁衣、冠笄、合帐、祭祀、出行、安床、移徙、塞穴、入殓、破土、移柩、安葬,开市、栽种、置产、词讼、安门、掘井、开光
2027-10-22,建,青龙,否,祭祀、造车器、出行、修造、上梁、盖屋、安门、安床、造畜稠、教牛马,出货财、开仓、动土、破土、安葬、行丧、伐木、开渠、栽种
2027-10-23,除,明堂,是,祭祀、开光、出行、解除、伐木、作梁、出火、拆卸、入宅、移徙、安床、修造、造畜稠、扫舍,造庙、嫁娶、掘井、栽种、造桥、作灶、动土
2027-10-24,满,天刑,否,纳采、订盟、开市、交易、立券、会亲友、纳畜、牧养、问名、移徙、解除、开厕、入学、起基、安床、开仓、出货财、安葬、启钻、入殓、除服、成服,入宅、上梁、斋醮、出火、谢土
2027-10-25,平,朱雀,否,祭祀、平治道涂、馀事勿取,嫁娶、开市
2027-10-26,定,金匮,是,捕捉、畋猎、馀事勿取,开市、交易、祭祀、入宅、安葬
2027-10-27,执,天德,是,嫁娶、纳采、订盟、祭祀、祈福、求嗣、斋醮、开光、安香、出火、造庙、移徙、出行、入宅、起基、竖柱、上梁、安床、纳畜、捕捉、纳婿、安葬,开市、破土、掘井、合寿木
2027-10-28,破,白虎,否,祭祀、沐浴、解除、破屋、坏垣、馀事勿取,开市、嫁娶
2027-10-29,破,白虎,否,订盟、纳采、会亲友、交易、立券、纳财、栽种、纳畜、牧养,嫁娶、开市、入宅、祈福、安葬
2027-10-30,危,玉堂,是,造车器、嫁娶、订盟、纳采、会亲友、祭祀、出行、开市、立券、移徙、入宅、破土、安葬,上梁、开光、盖屋、架马、合寿木
2027-10-31,成,天牢,是,祭祀、作灶、纳财、捕捉、畋猎、馀事勿取,动土、破土、开市、安葬
2027-11-01,收,玄武,否,嫁娶、订盟、纳采、祭祀、祈福、出行、求医、治病、出火、移徙、入宅,开市、开仓、出货财、安床、安门、安葬
2027-11-02,开,司命,是,冠笄、祭祀、沐浴、作灶、理发、整手足甲、扫舍、补垣、塞穴、入殓、破土、启钻,开光、嫁娶、会亲友、栽种、针灸、安葬
2027-11-03,闭,勾陈,否,纳采、订盟、嫁娶、祭祀、祈福、求嗣、置产、求医、治病、开市、交易、立券、会亲友、移徙、竖柱、上梁、盖屋、合脊、安门、放水、捕捉、纳畜,造庙、造船、动土、破土、安葬
2027-11-04,建,青龙,否,出行、造车器、造畜稠、解除、冠笄、裁衣、作梁、雕刻、会亲友、移徙、入宅、安机械、开市、扫舍,嫁娶、动土、破土、修坟
2027-11-05,除,明堂,是,沐浴、理发、冠笄、安床、开市、立券、会亲友、交易、纳财、结网、教牛马,移徙、入宅、出行、祈福、嫁娶
2027-11-06,满,天刑,否,祭祀、造畜稠、修饰垣墙、平治道涂、馀事勿取,嫁娶、开市、安床、掘井
2027-11-07,平,朱雀,否,嫁娶、开光、出行、出火、拆卸、修造、动土、入宅、移徙、安床、上梁、开市、交易、立券、栽种,祈福、祭祀、伐木、掘井、作灶、谢土
2027-11-08,定,金匮,是,嫁娶、祭祀、祈福、求嗣、开光、出火、出行、拆卸、开市、交易、立券、挂匾、伐木、入宅、移徙、安床、安葬,栽种、掘井、置产
2027-11-09,执,天德,是,祭祀、理发、针灸、解除、进人口、整手足甲,嫁娶、动土、造船、开池、掘井、出行、修造、入宅、上梁、移徙、安葬、破土、作灶、开市
2027-11-10,破,白虎,否,破屋、坏垣、求医、治病、馀事勿取,嫁娶、安葬
2027-11-11,危,玉堂,是,纳采、订盟、嫁娶、祭祀、祈福、雕刻、移徙、开市、入宅、出行、动土、会亲友、入学、修造、起基、安门、安床、造庙、解除、纳财、开池、造畜稠、牧养,上梁、开仓、出货财、盖屋、造船
2027-11-12,成,天牢,是,祭祀、祈福、求嗣、开光、解除、伐木、拆卸、修造、栽种、纳畜、安葬、修坟、立碑,嫁娶、进人口、入宅、移徙、出火、出行
2027-11-13,收,玄武,否,沐浴、扫舍、捕捉、畋猎、解除、塞穴、馀事勿取,嫁娶、入宅、开市、安床、破土、修坟
2027-11-14,开,司命,是,嫁娶、冠笄、祭祀、祈福、求嗣、斋醮、开光、出行、解除、动土、开市、交易、立券、挂匾、拆卸、破土,伐木、上梁、修造、入殓、理发、会亲友、入宅、安门、安葬、作灶
2027-11-15,闭,勾陈,否,合帐、裁衣、嫁娶、安床、入殓、移柩、破土、造畜稠,置产、造船、开光、掘井、作灶
2027-11-16,建,青龙,否,解除、修饰垣墙、冠笄、出行、馀事勿取,开市、动土、破土、嫁娶、安葬
2027-11-17,除,明堂,是,纳采、订盟、嫁娶、祭祀、祈福、求嗣、开光、出行、解除、进人口、开市、立券、挂匾、入宅、移徙、安门、栽种、动土、求医、治病、会亲友、起基、修造、盖屋、安葬,作灶、经络、安床
2027-11-18,满,天刑,否,祭祀、塑绘、理发、会亲友、牧养、开池、造畜稠、畋猎、结网,祈福、谢土、安葬、上梁、作灶、开市、嫁娶、出行、入宅、动土
2027-11-19,平,朱雀,否,出行、纳财、开市、交易、立券、动土、移徙、入宅、裁衣、会亲友、拆卸、进人口、安香、经络、出货财、修饰垣墙、平治道涂,造庙、谢土、作灶、作梁、伐木、安葬、行丧、修坟、探病
2027-11-20,定,金匮,是,嫁娶、纳采、订盟、祭祀、斋醮、开光、安香、出火、出行、拆卸、动土、祈福、进人口、纳财、交易、立券、移徙、安床、修造、安葬、除服、成服,置产、掘井、词讼、栽种
2027-11-21,执,天德,是,嫁娶、纳采、订盟、祭祀、开光、出行、解除、伐木、出火、入宅、移徙、拆卸、修造、栽种、安葬、入殓,破土、动土、安门、作灶、开市、交易
2027-11-22,破,白虎,否,祭祀、解除、破屋、坏垣、求医、治病、馀事勿取,嫁娶、安葬
2027-11-23,危,玉堂,是,祭祀、扫舍、破土、安葬、除服、成服、启钻、移柩、入殓、立碑、馀事勿取,嫁娶、入宅、修造、动土
2027-11-24,成,天牢,是,订盟、纳采、会亲友、祭祀、祈福、修造、动土、安机械、破土、安葬,嫁娶、移徙、出火、开市、入宅
2027-11-25,收,玄武,否,祭祀、沐浴、捕捉、畋猎、结网、扫舍,嫁娶、纳采、订盟、安床、动土、破土、安葬
2027-11-26,开,司命,是,开市、纳财、出行、祭祀、祈福、求嗣、斋醮、问名、入学、起基、定磉、置产、开渠、掘井、拆卸、栽种、纳畜、牧养、动土、破土、启钻,移徙、入宅、出火、入殓、安葬
2027-11-27,闭,勾陈,否,祭祀、理发、置产、塞穴、除服、成服、移柩、入殓、破土、安葬,嫁娶、入宅、安床、掘井、开光
2027-11-28,闭,勾陈,否,祭祀、沐浴、出行、馀事勿取,开市、动土、破土、行丧、安葬
2027-11-29,建,青龙,否,嫁娶、造车器、出行、会亲友、移徙、入宅、修造、动土、雕刻、开光、安香、出火、理发、盖屋、合脊、起基、归岫、安门、拆卸、扫舍、栽种、造畜稠,开市、纳采、造庙、安床、开渠、安葬
2027-11-30,除,明堂,是,塑绘、会亲友、安机械、塞穴、结网、裁衣、经络,嫁娶、开市、祈福、斋醮、安葬
2027-12-01,满,天刑,否,纳采、移徙、纳财、开市、交易、立券、入宅、修造、动土、竖柱、起基、定磉、造庙、安香、出火、修饰垣墙、平治道涂、会亲友、出行、开池、开厕,开仓、盖屋、造桥、祭祀
2027-12-02,平,朱雀,否,订盟、纳采、纳财、开市、立券、祭祀、祈福、移徙、入宅、出行、盖屋、起基、修造、动土、竖柱、上梁、安门、安香、出火、教牛马、会亲友、破土,嫁娶、安葬、掘井、置产、造船
2027-12-03,定,金匮,是,嫁娶、订盟、纳采、祭祀、祈福、塑绘、开光、移徙、安床、伐木、作梁、捕捉、畋猎、结网、求医、治病、解除、安葬、除服、成服、移柩、入殓、立碑、谢土,开市、造庙、动土、破土
2027-12-04,执,天德,是,破屋、坏垣、祭祀、馀事勿取,嫁娶、安葬
2027-12-05,破,白虎,否,嫁娶、纳采、订盟、祭祀、冠笄、裁衣、伐木、作梁、架马、定磉、开柱眼、作灶、移徙、安床、畋猎、结网、开池、开厕、除服、成服、启钻、入殓、移柩、安葬,盖屋、造船、动土、破土
2027-12-06,危,玉堂,是,纳采、订盟、祭祀、祈福、求嗣、斋醮、开光、会亲友、解除、入学、纳财、交易、立券、经络、起基、动土、定磉、开池、栽种、纳畜、牧养、破土、入殓、立碑、安葬,嫁娶、开市、入宅、出火、移徙
2027-12-07,成,天牢,是,解除、扫舍、馀事勿取,诸事不宜
2027-12-08,收,玄武,否,祭祀、开光、理发、整手足甲、安床、作灶、扫舍、教牛马,伐木、纳畜、破土、安葬、开生坟、嫁娶、开市、动土、交易、作梁
2027-12-09,开,司命,是,祭祀、祈福、求嗣、开光、拆卸、修造、动土、上梁、安床、置产、栽种、破土,嫁娶、进人口、安葬、出行、赴任、入宅、移徙、入殓、开渠
2027-12-10,闭,勾陈,否,沐浴、冠笄、补垣、塞穴、裁衣、修造、作梁、开柱眼、安碓磑、筑堤、开厕、断蚁,移徙、入宅、嫁娶、祈福、开光、掘井
2027-12-11,建,青龙,否,交易、进人口、祭祀、沐浴、捕捉、入殓、除服、成服、安葬、谢土、启钻、修坟,斋醮、入宅、修造、动土、破土
2027-12-12,除,明堂,是,嫁娶、纳采、订盟、造车器、祭祀、祈福、造庙、安香、出火、出行、归宁、入学、入宅、交易、立券、求医、治病、修造、动土、竖柱、上梁、盖屋、起基、安门,斋醮、伐木、作梁、安葬、行丧
2027-12-13,满,天刑,否,纳采、订盟、开市、交易、立券、出行、会亲友、安机械、竖柱、上梁、平治道涂、伐木、拆卸、盖屋、起基、安床、安门、解除、安葬、启钻、除服、成服、修坟、立碑、移柩、入殓,嫁娶、动土、破土、祈福、出火、入宅
2027-12-14,平,朱雀,否,祭祀、平治道涂、除服、成服、安葬、馀事勿取,嫁娶、入宅、纳采、订盟、掘井
2027-12-15,定,金匮,是,纳采、订盟、祭祀、祈福、开光、安香、出火、出行、会亲友、安机械、修造、动土、竖柱、上梁、盖屋、起基、定磉、安床、安门、拆卸、移徙、造桥、造船、安葬、破土、入殓,开市、造庙、置产、掘井
2027-12-16,执,天德,是,嫁娶、冠笄、祭祀、祈福、求嗣、斋醮、进人口、会亲友、伐木、作梁、开柱眼、安床、掘井、捕捉、畋猎,开生坟、破土、行丧、安葬
2027-12-17,破,白虎,否,破屋、坏垣、治病、馀事勿取,移徙、入宅
2027-12-18,危,玉堂,是,安床、架马、祭祀、塑绘、开光、出行、理发、伐木、作梁、开柱眼、开厕、畋猎、破土、入殓、除服、成服、移柩、启钻、修坟、立碑,作灶、安门、造桥、开市、安葬
2027-12-19,成,天牢,是,嫁娶、祭祀、祈福、求嗣、开光、出行、解除、入宅、移徙、纳畜、入殓、破土、修坟、立碑,伐木、作梁、动土、安床、栽种、造桥
2027-12-20,收,玄武,否,祭祀、沐浴、理发、纳财、进人口、栽种、扫舍、捕捉、畋猎、结网,会亲友、安葬、入宅、移徙、安床、开市、行丧、出火、作灶、安门
2027-12-21,开,司命,是,纳采、订盟、祭祀、祈福、求嗣、塑绘、解除、拆卸、修造、动土、竖柱、上梁、安门、置产、开池、掘井、纳畜、安床、栽种、造畜稠、破土、移柩、立碑,嫁娶、开市、出火、进人口、入殓、赴任、入宅、移徙、出行、安葬
2027-12-22,闭,勾陈,否,入宅、移徙、出行、进人口、修造、动土、起基、上梁、安门、造仓、补垣、塞穴、造畜稠,嫁娶、开市、安床、栽种、安葬、祈福、开光、掘井
2027-12-23,建,青龙,否,造畜稠、教牛马,入宅、移徙、分居、作灶、出火、安香、动土、嫁娶、掘井、扫舍、造桥
2027-12-24,除,明堂,是,订盟、纳采、造车器、祭祀、祈福、出行、安香、修造、动土、上梁、开市、交易、立券、移徙、入宅、会亲友、安机械、栽种、纳畜、盖屋、起基、安床、造畜稠,破土、安葬、行丧、开生坟
2027-12-25,满,天刑,否,订盟、纳采、会亲友、安机械、开光、修造、动土、竖柱、上梁、盖屋、起基、造桥、栽种、纳畜、造畜稠、移柩、入殓、启钻、修坟、立碑、安葬,祈福、出火、嫁娶、入宅、开市、破土
2027-12-26,平,朱雀,否,祭祀、平治道涂、修坟、除服、成服、馀事勿取,移徙、入宅、嫁娶、掘井、安葬
2027-12-27,定,金匮,是,嫁娶、冠笄、祭祀、祈福、求嗣、雕刻、开光、安香、出行、入学、修造、动土、竖柱、上梁、盖屋、起基、安门、出火、移徙、入宅、掘井、造畜稠、安葬、破土、除服、成服,开市、纳采、订盟、作灶、造庙、造船、经络
2027-12-28,定,金匮,是,嫁娶、订盟、纳采、祭祀、祈福、求嗣、斋醮、安香、出火、修造、起基、盖屋、合脊、安门、安碓磑、动土、上梁、移徙、入宅,出行、掘井、破土、行丧、安葬
2027-12-29,执,天德,是,祭祀、沐浴、破屋、坏垣、馀事勿取,嫁娶、移徙、入宅、探病、出行、盖屋
2027-12-30,破,白虎,否,冠笄、纳财、掘井、开池、出火、安床、交易、立券、畋猎、结网、理发、放水,安门、动土、破土、行丧、安葬、成服
2027-12-31,危,玉堂,是,纳采、订盟、移徙、入宅、出行、安机械、会亲友、祭祀、祈福、斋醮、开光、安香、出火、解除、求医、针灸、治病、盖屋、起基、修造、安门、造船、纳畜、牧养、移柩、入殓、启钻、谢土、修坟、立碑,嫁娶、动土、安床、造桥、掘井
2028-01-01,成,天牢,是,祭祀、沐浴、作灶、纳财、捕捉、畋猎、安床、扫舍,开市、斋醮、破土、安葬
2028-01-02,收,玄武,否,祈福、斋醮、纳采、订盟、解除、架马、开柱眼、修造、动土、起基、上梁、归岫、盖屋、合脊、掘井、除服、成服、破土、栽种,移徙、开市、入宅、安葬
2028-01-03,开,司命,是,纳采、订盟、祭祀、沐浴、冠笄、合帐、裁衣、修造、动土、拆卸、移徙、入宅、安门、开仓、筑堤、开厕、栽种、纳畜、补垣、塞穴,嫁娶、祈福、开光、掘井、安葬、行丧
2028-01-04,闭,勾陈,否,合帐、裁衣、教牛马、馀事勿取,入宅、动土、破土、嫁娶、作灶、造船
2028-01-05,建,青龙,否,纳采、订盟、嫁娶、祭祀、祈福、安香、出火、出行、会亲友、经络、求医、治病、解除、拆卸、起基、修造、动土、定磉、扫舍、栽种、牧养、造畜稠,斋醮、作梁、掘井、行丧、安葬
2028-01-06,除,明堂,是,沐浴、塑绘、开光、纳采、订盟、开市、交易、立券、纳财、起基、动土、定磉、放水、安葬、破土、启钻、修坟、立碑、移柩,入宅、安门、祭祀、谢土
2028-01-07,满,天刑,否,嫁娶、出行、理发、安床、启钻、安葬、修坟、开市、交易、立券、纳财、开池、牧养,掘井、祈福、谢土、动土、入宅、上梁、修造、作灶
2028-01-08,平,朱雀,否,解除、平治道涂、馀事勿取,移徙、入宅、掘井、造庙、栽种、针灸、治病、开池
2028-01-09,定,金匮,是,嫁娶、祭祀、开光、伐木、出火、拆卸、入宅、移徙、修造、动土、上梁、安床、纳畜,开市、行丧、栽种、出行、出货财、安葬、置产、词讼、治病
2028-01-10,执,天德,是,嫁娶、纳采、订盟、入宅、移徙、安床、祭祀、祈福、开光、出行、解除、出火、拆卸、动土、纳畜、谢土、安葬、破土,伐木、开市、交易、上梁、作灶、安门、盖屋
2028-01-11,破,白虎,否,祭祀、破屋、坏垣、解除、馀事勿取,开市、动土、破土
2028-01-12,危,玉堂,是,嫁娶、纳采、订盟、开光、安香、出火、纳财、开市、交易、立券、裁衣、盖屋、起基、修造、动土、安门、移徙、入宅、栽种、牧养、畋猎、掘井、开池、安葬、破土、入殓、除服、成服、立碑,祈福、造庙、祭祀、安床、谢土
2028-01-13,成,天牢,是,祭祀、斋醮、入殓、破土、启钻、安葬、修坟、立碑、除服、成服,嫁娶、入宅、作灶、纳采、订盟
2028-01-14,收,玄武,否,祭祀、斋醮、纳财、捕捉、畋猎,嫁娶、开市、入宅、安床、破土、安葬
2028-01-15,开,司命,是,纳采、订盟、祭祀、祈福、求嗣、斋醮、沐浴、进人口、会亲友、入学、治病、安碓磑、掘井、开池、纳畜、牧养、造畜稠,嫁娶、合帐、入宅、行丧、安葬
2028-01-16,闭,勾陈,否,祭祀、祈福、求嗣、沐浴、问名、交易、纳财、入殓、移柩、安葬、修坟、立碑、谢土、造畜稠、教牛马,入宅、置产、嫁娶、动土、栽种、开市、开光、破土
2028-01-17,建,青龙,否,祭祀、教牛马、造畜稠、会亲友、解除、馀事勿取,嫁娶、入宅、出行、动土、破土、安葬、行丧
2028-01-18,除,明堂,是,嫁娶、开光、解除、出火、拆卸、修造、进人口、入宅、移徙、安床、栽种、入殓、修坟、动土、除服、成服,作灶、安葬、祭祀、开市、纳采、订盟、纳畜、谢土、出行、探病
2028-01-19,满,天刑,否,出行、起基、安床、纳财、交易、立券、嫁娶、栽种、入殓、移柩、安葬,挂匾、入宅、上梁、祈福、词讼、作梁、作灶、开池、安门、动土、破土、掘井
2028-01-20,平,朱雀,否,平治道涂、馀事勿取,开光、嫁娶、开仓、出货财、造船、安葬、探病
2028-01-21,定,金匮,是,嫁娶、订盟、纳采、会亲友、祭祀、安机械、移徙、入宅、盖屋、安床、起基、定磉、安香、出火、挂匾、拆卸、置产,开市、出行、安葬、行丧
2028-01-22,执,天德,是,沐浴、捕捉、畋猎、理发、整手足甲、入殓、除服、成服、破土、安葬、谢土、立碑、修坟、启钻,纳采、订盟、嫁娶、上梁、开市、斋醮、盖屋、安门
2028-01-23,破,白虎,否,祭祀、破屋、坏垣、馀事勿取,斋醮、嫁娶、开市
2028-01-24,危,玉堂,是,沐浴、开仓、出货财、开市、交易、立券、纳财、栽种、纳畜、牧养、畋猎、入殓、破土、安葬,祈福、嫁娶、安床、入宅、造船
2028-01-25,成,天牢,是,祭祀、沐浴、补垣、塞穴、断蚁、解除、馀事勿取,造庙、入宅、修造、安葬、行丧、嫁娶
2028-01-26,成,天牢,是,嫁娶、纳采、订盟、问名、祭祀、冠笄、裁衣、会亲友、进人口、纳财、捕捉、作灶,开市、安床、安葬、修坟
2028-01-27,收,玄武,否,订盟、纳采、会亲友、祭祀、斋醮、沐浴、塑绘、出火、开光、竖柱、上梁、开市、交易、立券、作梁、开柱眼、伐木、架马、安门、安床、拆卸、牧养、造畜稠、掘井,造庙、嫁娶、出行、动土、安葬、行丧
2028-01-28,开,司命,是,交易、立券、纳财、安床、裁衣、造畜稠、安葬、谢土、启钻、除服、成服、修坟、立碑、移柩、入殓,开光、嫁娶、开市、动土、破土
2028-01-29,闭,勾陈,否,祭祀、解除、教牛马、会亲友、馀事勿取,破土、动土、安葬
2028-01-30,建,青龙,否,纳采、订盟、移徙、纳财、开市、交易、立券、入宅、会亲友、解除、求医、治病、入学、安床、安门、安香、出火、拆卸、扫舍、挂匾、开生坟、合寿木、破土、修坟、启钻、入殓,探病、祭祀、出行、上梁、盖屋、谢土、安葬
2028-01-31,除,明堂,是,嫁娶、订盟、纳采、祭祀、祈福、求嗣、会亲友、解除、出行、入学、纳财、开市、交易、立券、习艺、经络、安床、开仓、出货财、纳畜、安葬、启钻、修坟、入殓,入宅、开光、动土
2028-02-01,满,天刑,否,祭祀、冠笄、嫁娶、会亲友、进人口、裁衣、结网、平治道涂,移徙、入宅、造庙、作灶、治病、安葬
2028-02-02,平,朱雀,否,祭祀、安碓磑、结网、馀事勿取,嫁娶、安葬
2028-02-03,定,金匮,是,嫁娶、祭祀、沐浴、裁衣、出行、理发、移徙、捕捉、畋猎、放水、入宅、除服、成服、启钻、安葬、移柩、入殓,盖屋、开市、动土、破土
2028-02-04,执,天德,是,动土、入殓、嫁娶、移柩、安葬、破土,开市、作灶、安床、入宅、上梁、裁衣
2028-02-05,破,白虎,否,求医、治病、破屋、坏垣、馀事勿取,开市、嫁娶
2028-02-06,危,玉堂,是,祭祀、斋醮、沐浴、开生坟、除服、成服、移柩、入殓、破土、安葬、合寿木,开市、嫁娶、安床、会亲友、入宅、作灶、上梁
2028-02-07,成,天牢,是,祭祀、塞穴、结网、破土、谢土、安葬、移柩、除服、成服、馀事勿取,嫁娶、入宅
2028-02-08,收,玄武,否,祭祀、沐浴、理发、作灶、结网、栽种,嫁娶、词讼、行丧、安葬、牧养、伐木、作梁、开市、纳畜、造畜稠
2028-02-09,开,司命,是,嫁娶、祭祀、开光、祈福、求嗣、出行、开市、交易、立券、动土、纳财、掘井、会亲友,入宅、安葬、伐木、作梁、纳畜、造畜稠、作灶
2028-02-10,闭,勾陈,否,祭祀、祈福、求嗣、纳畜、入殓、启钻、谢土、除服、成服,栽种、开光、出行、针灸、嫁娶、入宅、动土、破土
2028-02-11,建,青龙,否,开光、解除、伐木、竖柱、上梁、交易、立券、纳畜、入殓、移柩、安葬,入宅、出行、移徙、祭祀、嫁娶、动土、破土、作灶
2028-02-12,除,明堂,是,祭祀、祈福、求嗣、开光、嫁娶、出行、解除、伐木、拆卸、进人口、安床、动土、起基、上梁、栽种、纳畜、破土、谢土、启钻、安葬,移徙、入宅、出火、作灶、掘井
2028-02-13,满,天刑,否,会亲友、冠笄、安床、安机械、祭祀、祈福、求嗣、经络,嫁娶、开市、动土、作灶、安葬
2028-02-14,平,朱雀,否,作灶、解除、平治道涂、馀事勿取,祭祀、祈福、安葬、安门
2028-02-15,定,金匮,是,嫁娶、祭祀、冠笄、修饰垣墙、置产,经络、探病、盖屋、作灶、动土
2028-02-16,执,天德,是,纳采、嫁娶、祭祀、祈福、出行、修造、动土、移徙、入宅、安葬、破土,开市、斋醮
2028-02-17,破,白虎,否,祭祀、沐浴、解除、理发、扫舍、破屋、坏垣、馀事勿取,嫁娶、安葬
2028-02-18,危,玉堂,是,纳采、订盟、祭祀、祈福、安香、出火、修造、出行、开市、移徙、入宅、动土、安葬、破土,安床、作灶、造船、会亲友
2028-02-19,成,天牢,是,塞穴、结网、取渔、畋猎,嫁娶、安门、移徙、入宅、安葬
2028-02-20,收,玄武,否,纳采、祭祀、祈福、出行、会亲友、修造、动土、移徙、入宅,嫁娶、开市、安葬、破土
2028-02-21,开,司命,是,纳采、嫁娶、祭祀、祈福、出行、开市、会亲友、动土、破土、启钻,移徙、入宅、出火、安门、安葬
2028-02-22,闭,勾陈,否,祭祀、祈福、求嗣、斋醮、入殓、除服、成服、移柩、安葬、启钻,嫁娶、动土、开光、盖屋、破土
2028-02-23,建,青龙,否,纳采、会亲友、竖柱、上梁、立券、入殓、移柩、安葬、启钻,祭祀、移徙、入宅、动土、破土
2028-02-24,除,明堂,是,祭祀、祈福、斋醮、出行、开市、立券、动土、移徙、入宅、破土、安葬,开光、嫁娶、作灶、掘井、纳畜
2028-02-25,除,明堂,是,会亲友、求嗣、理发、冠笄、结网、捕捉、开光,开市、动土、安葬、破土
2028-02-26,满,天刑,否,祭祀、平治道涂、馀事勿取,嫁娶、祈福、掘井、安葬
2028-02-27,平,朱雀,否,祈福、求嗣、斋醮、纳采、嫁娶、伐木、修造、动土、移徙、入宅、造庙、安机械、开市、入殓、除服、成服、移柩、安葬、破土、谢土,置产、盖屋、合脊、开光、探病、安门、作灶
2028-02-28,定,金匮,是,入学、习艺、出行、纳采、订盟、嫁娶、会亲友、进人口、牧养、捕捉、入殓、移柩、安葬、启钻,开光、开市、入宅、动土、盖屋
2028-02-29,执,天德,是,祭祀、沐浴、求医、治病、扫舍、破屋、坏垣、解除、馀事勿取,入宅、开市、安葬
2028-03-01,破,白虎,否,祭祀、冠笄、嫁娶、拆卸、修造、动土、起基、上梁、盖屋、入宅、开市、开池、塞穴、入殓、除服、成服、移柩、安葬、破土,安床、栽种、治病、作灶
2028-03-02,危,玉堂,是,祭祀、结网、入殓、除服、成服、移柩、安葬、破土,馀事勿取
2028-03-03,成,天牢,是,塑绘、开光、祈福、求嗣、订盟、纳采、裁衣、冠笄、拆卸、修造、动土、起基、安门、安床、移徙、造仓、结网、纳畜,伐木、作灶、安葬、取渔、入宅
2028-03-04,收,玄武,否,祭祀、沐浴、开光、塑绘、祈福、求嗣、订盟、纳采、冠笄、裁衣、嫁娶、动土、除服、成服、移柩、破土、启钻、出行、安碓磑、放水、开市、立券、交易,安葬、上梁、入宅、作灶
2028-03-05,开,司命,是,嫁娶、祭祀、开光、祈福、求嗣、出火、入宅、移徙、安床、拆卸、动土、破土、谢土,合帐、开市、安葬、入殓
2028-03-06,闭,勾陈,否,安床、伐木、拆卸、修造、动土、上梁、立券、交易、栽种、纳畜、牧养、入殓、安葬,嫁娶、祭祀、开光、出行、出火、移徙、入宅、安门
2028-03-07,建,青龙,否,祭祀、祈福、求嗣、斋醮、嫁娶、冠笄、出行、开市、交易、会亲友、教牛马、除服、成服、启钻、安葬、移柩,动土、移徙、入宅
2028-03-08,除,明堂,是,塞穴、整手足甲、解除、捕捉、畋猎、结网、馀事勿取、诸事不宜,嫁娶、作灶、掘井、安葬
2028-03-09,满,天刑,否,纳财、开市、立券、交易、开光、安床、上梁、盖屋、修造、起基,动土、破土、安葬、行丧、赴任、出行、嫁娶、入宅、移徙、谢土、词讼
2028-03-10,平,朱雀,否,祭祀、祈福、嫁娶、冠笄、修饰垣墙、置产、平治道涂,开仓、出货财、盖屋、作灶、开市、交易、立券、栽种
2028-03-11,定,金匮,是,嫁娶、祭祀、开光、祈福、求嗣、出行、出火、进人口、入宅、移徙、安床、拆卸、修造、安门、挂匾、纳财、扫舍,动土、伐木、安葬、行丧
2028-03-12,执,天德,是,嫁娶、开光、祭祀、祈福、求嗣、出行、出火、入宅、移徙、解除、栽种、伐木、破土、谢土、安葬,开市、交易、作灶、纳财、上梁、安床、盖屋、造船
2028-03-13,破,白虎,否,破屋、坏垣、求医、治病、馀事勿取,开光、嫁娶
2028-03-14,危,玉堂,是,纳采、交易、立券、安床、安机械、安葬、移柩、动土、破土、立碑,嫁娶、开光、作灶
2028-03-15,成,天牢,是,祭祀、祈福、求嗣、斋醮、沐浴、开光、理发、经络、解除、治病、立碑、栽种、牧养、掘井、开池,嫁娶、定磉、合寿木、安葬、行丧
2028-03-16,收,玄武,否,纳财、交易、立券、栽种、捕捉、结网、取渔、进人口、教牛马、理发,入宅、盖屋、竖柱、安葬
2028-03-17,开,司命,是,嫁娶、订盟、纳采、祭祀、祈福、出行、修造、动土、移徙、入宅、破土、出火、安门、安床、上梁、立碑、移柩,开市、交易、合帐、安葬
2028-03-18,闭,勾陈,否,冠笄、立券、交易、修造、动土、安机械、入殓、安葬、破土,嫁娶、祈福、出火、入宅
2028-03-19,建,青龙,否,祭祀、会亲友、出行、立券、交易、冠笄、纳财,嫁娶、动土、掘井、起基、定磉、破土
2028-03-20,除,明堂,是,祭祀、沐浴、解除、扫舍、塞穴、牧养,嫁娶、安葬、行丧、安门
2028-03-21,满,天刑,否,纳财、开市、交易、立券、开光、针灸、会亲友、理发、安床、造仓、结网,移徙、入宅、栽种
2028-03-22,平,朱雀,否,嫁娶、冠笄、会亲友、安机械、纳财、交易、立券、置产,开市、盖屋、治病、作灶
2028-03-23,定,金匮,是,嫁娶、造车器、纳采、订盟、祭祀、祈福、安机械、移徙、入宅、开市、立券、破土、安葬,纳畜、理发、合寿木
2028-03-24,执,天德,是,祈福、斋醮、出行、移徙、入宅、修造、动土、破土、安葬,纳采、开光、安床、嫁娶、开市
2028-03-25,破,白虎,否,破屋、坏垣、馀事勿取,嫁娶、移徙、开市、入宅
2028-03-26,破,白虎,否,嫁娶、冠笄、祭祀、出行、会亲友、修造、动土、入殓、破土,塑绘、开光、造桥、除服、成服
2028-03-27,危,玉堂,是,开光、求嗣、出行、纳采、冠笄、出火、拆卸、起基、修造、动土、上梁、移徙、造船、开市、交易、立券、纳财,祈福、嫁娶、安葬、破土
2028-03-28,成,天牢,是,理发、冠笄、嫁娶、进人口、栽种、捕捉、针灸,纳财、开市、安葬、破土
2028-03-29,收,玄武,否,开光、祈福、求嗣、出行、解除、伐木、盖屋、起基、修造、架马、安门、移徙、入宅、造庙、除服、成服、移柩、谢土、纳畜、牧养,纳采、动土、开市、交易
2028-03-30,开,司命,是,裁衣、经络、伐木、开柱眼、拆卸、修造、动土、上梁、合脊、合寿木、入殓、除服、成服、移柩、破土、安葬、启钻、修坟、立碑,祭祀、嫁娶、出行、掘井
2028-03-31,闭,勾陈,否,祭祀、会亲友、立券、交易、裁衣、合帐、嫁娶、冠笄、进人口,栽种、动土、安葬、掘井、修坟、探病
2028-04-01,建,青龙,否,扫舍、塞穴、馀事勿取,诸事不宜
2028-04-02,除,明堂,是,塑绘、开光、订盟、纳采、裁衣、合帐、冠笄、安机械、会亲友、纳财、开市、立券、交易、安床、竖柱、上梁、结网、栽种、解除、经络,作灶、出行、入宅、安葬
2028-04-03,满,天刑,否,祭祀、嫁娶、纳婿、除服、成服、入殓、移柩,动土、作灶、入宅、开光、安床
2028-04-04,平,朱雀,否,祭祀、作灶、畋猎、结网、修饰垣墙、平治道涂、馀事勿取,嫁娶、安床、治病
2028-04-05,定,金匮,是,沐浴、祭祀、解除、安葬、破土、谢土、移柩、馀事勿取,斋醮、开光、嫁娶、入宅、上梁
2028-04-06,执,天德,是,祭祀、解除、入殓、移柩、启钻、安葬、整手足甲、捕捉、畋猎、取渔、除服、成服、扫舍、谢土、斋醮,动土、破土
2028-04-07,破,白虎,否,祭祀、沐浴、解除、破屋、坏垣、求医、治病、馀事勿取,嫁娶、开市
2028-04-08,危,玉堂,是,沐浴、塞穴、畋猎、结网、取渔、扫舍、馀事勿取,祈福、安葬
2028-04-09,成,天牢,是,开市、交易、立券、挂匾、祭祀、开光、祈福、求嗣、安床、解除、修造、安葬,纳采、问名、订盟、嫁娶、入宅、开仓、出火、动土、破土、纳畜、伐木
2028-04-10,收,玄武,否,祭祀、修门、取渔、纳财、纳畜、馀事勿取,嫁娶、入宅
2028-04-11,开,司命,是,安香、出火、纳采、订盟、嫁娶、开市、立券、交易、挂匾、开光、出行、解除、安床、栽种、置产、拆卸、修造、动土,作灶、安葬、祭祀、入殓
2028-04-12,闭,勾陈,否,祭祀、出行、修造、动土、合帐、造畜稠、安床、移徙、入殓、移柩、破土、启钻、安葬、开生坟、合寿木、补垣、塞穴,入宅、作灶、理发、开光、安门
2028-04-13,建,青龙,否,祭祀、修饰垣墙、馀事勿取,开光、修造、动土、破土
2028-04-14,除,明堂,是,嫁娶、祭祀、祈福、求嗣、斋醮、开光、出火、移徙、入宅、竖柱、上梁、会亲友、盖屋、起基、治病、安门、造车器、掘井、开池,纳采、出行、修坟、安葬、开市、立券、作灶
2028-04-15,满,天刑,否,祭祀、塑绘、开光、纳采、嫁娶、开市、出行、会亲友、安床、结网、除服、成服、启钻、安葬、移柩,祈福、入宅、盖屋、动土、破土、探病
2028-04-16,平,朱雀,否,祭祀、作灶、平治道涂、馀事勿取,安床、入宅、安碓磑、栽种
2028-04-17,定,金匮,是,祭祀、祈福、求嗣、斋醮、沐浴、纳畜、入殓、破土、安葬,移徙、入宅、嫁娶、出行、安床
2028-04-18,执,天德,是,纳采、祭祀、祈福、求嗣、斋醮、出行、起基、盖屋、定磉、安门、入殓、安葬,嫁娶、开市、纳财、出火
2028-04-19,破,白虎,否,祭祀、沐浴、解除、求医、治病、破屋、坏垣、馀事勿取,祈福、斋醮、开市、安葬
2028-04-20,危,玉堂,是,沐浴、捕捉、畋猎、结网、取渔,祭祀、嫁娶、入宅、作灶、安葬
2028-04-21,成,天牢,是,祭祀、祈福、求嗣、斋醮、纳采、订盟、开光、竖柱、上梁、开仓、出货财、盖屋、起基、定磉、安门、诸事不宜、破土、入殓、启钻、谢土,出火、嫁娶、开市
2028-04-22,收,玄武,否,祭祀、捕捉、解除、馀事勿取,嫁娶、安葬
2028-04-23,开,司命,是,纳采、嫁娶、出行、开市、立券、纳畜、牧养、出火、移徙、入宅,祈福、动土、破土、安葬、入殓
2028-04-24,闭,勾陈,否,祭祀、祈福、求嗣、斋醮、冠笄、作灶、纳财、交易,开光、嫁娶、掘井、安葬、安门、探病
2028-04-25,闭,勾陈,否,祭祀、解除、教牛马、出行、馀事勿取,动土、破土、行丧、开光、作梁、安葬、探病
2028-04-26,建,青龙,否,沐浴、斋醮、解除、求医、治病、会亲友、造畜稠、栽种、理发、扫舍,开市、嫁娶、移徙、入宅、掘井、安葬
2028-04-27,除,明堂,是,求嗣、出行、解除、订盟、纳采、嫁娶、会亲友、进人口、安床、开市、交易、纳畜、牧养、入殓、除服、成服、移柩、安葬、启钻,祈福、修造、动土、破土、谢土
2028-04-28,满,天刑,否,祭祀、作灶、平治道涂、馀事勿取,嫁娶、安葬、动土、安床、治病
2028-04-29,平,朱雀,否,造车器、祭祀、祈福、求嗣、斋醮、开市、交易、安机械、雕刻、开光、盖屋、合脊、起基、定磉、安门、纳畜、安葬、开生坟、立碑、谢土,入宅、动土、开仓、出货财
2028-04-30,定,金匮,是,祭祀、祈福、开光、求嗣、斋醮、纳采、订盟、求医、治病、起基、定磉、造船、取渔、解除、安葬、启钻、谢土、入殓,开市、动土、掘井、开池
2028-05-01,执,天德,是,祭祀、沐浴、破屋、坏垣、求医、治病、解除、馀事勿取,嫁娶、开市、交易、入宅、安葬
2028-05-02,破,白虎,否,诸事不宜,无
2028-05-03,危,玉堂,是,祭祀、塑绘、开光、订盟、纳采、冠笄、裁衣、安机械、拆卸、修造、动土、安床、经络、开市,出火、入宅、安葬、伐木
2028-05-04,成,天牢,是,祭祀、馀事勿取,造庙、嫁娶、安床
2028-05-05,收,玄武,否,解除、出行、纳采、冠笄、竖柱、上梁、移徙、作灶、进人口、入宅、纳畜、牧养,祭祀、伐木、架马、安床、修造、动土、安葬、修坟、破土
2028-05-06,开,司命,是,祭祀、祈福、求嗣、开光、出行、开市、交易、立券、栽种、安床、纳畜、移徙、起基、动土、定磉、造仓、置产、破土、启钻、修坟,入宅、修造、安门、伐木、入殓、安葬、盖屋
2028-05-07,闭,勾陈,否,嫁娶、交易、立券、开厕、补垣、塞穴、畋猎、取渔、开生坟,安床、开渠、上梁、修造、开市、开光、入宅、移徙
2028-05-08,建,青龙,否,塞穴、断蚁、结网、畋猎、馀事勿取,嫁娶、安葬、入宅、出行、动土、词讼
2028-05-09,除,明堂,是,纳采、订盟、嫁娶、祭祀、祈福、求嗣、开光、解除、出行、出火、入宅、移徙、栽种、纳畜、牧养、动土、破土、入殓、安葬,作灶、安床、开仓、盖屋
2028-05-10,满,天刑,否,开光、纳采、裁衣、冠笄、安床、作灶、进人口、造仓、塞穴,嫁娶、栽种、修造、动土、出行、伐木、作梁、安葬、谢土
2028-05-11,平,朱雀,否,纳采、嫁娶、裁衣、理发、出行、修造、动土、进人口、开市、交易、立券、挂匾、移徙、上梁、栽种、纳畜,伐木、安葬、安床、祭祀、祈福
2028-05-12,定,金匮,是,开市、交易、立券、挂匾、祭祀、祈福、斋醮、出行、盖屋、起基、修造、动土、定磉、安床、安机械、安葬、破土、启钻、除服、成服、立碑,作灶、嫁娶、移徙、入宅、理发
2028-05-13,执,天德,是,嫁娶、纳采、订盟、祭祀、祈福、求嗣、开光、出火、出行、拆卸、动土、修造、进人口、入宅、移徙、安床、解除、挂匾、栽种、破土、谢土、入殓、移柩、安葬,开市、立券、造船、合寿木
2028-05-14,破,白虎,否,祭祀、沐浴、解除、破屋、坏垣、馀事勿取,开光、安葬
2028-05-15,危,玉堂,是,订盟、纳采、嫁娶、解除、祭祀、祈福、求嗣、开光、出行、出火、拆卸、入宅、移徙、安床、栽种、纳畜、动土、破土、谢土、安葬、修坟,作灶、开市、经络
2028-05-16,成,天牢,是,祭祀、祈福、求嗣、开光、订盟、纳采、解除、动土、起基、进人口、开市、交易、立券、纳财、造仓、开池、栽种、纳畜、破土、安葬,安床、上梁、裁衣、入宅、嫁娶
2028-05-17,收,玄武,否,祭祀、结网、捕捉、馀事勿取,探病、嫁娶、开市
2028-05-18,开,司命,是,祭祀、祈福、求嗣、开光、纳采、订盟、嫁娶、出行、动土、破土、会亲友、开市、交易、立券、习艺、拆卸、起基、安碓磑、放水、开池、造仓、开渠、栽种、谢土、启钻、修坟、立碑,入宅、安门、安葬
2028-05-19,闭,勾陈,否,嫁娶、冠笄、祭祀、出行、移徙、入宅、作灶、造车器、补垣、塞穴、开厕、破土、启钻、除服、成服、入殓,盖屋、造桥、安门、安葬、上梁
2028-05-20,建,青龙,否,祭祀、解除、断蚁、会亲友、馀事勿取,嫁娶、安葬
2028-05-21,除,明堂,是,嫁娶、纳采、订盟、祭祀、祈福、治病、造车器、修造、动土、移徙、入宅,开市、出行、安床、作灶、安葬
2028-05-22,满,天刑,否,嫁娶、纳采、订盟、会亲友、安机械、结网、冠笄、祭祀、求嗣、进人口、经络,开市、作灶、动土、行丧、安葬
2028-05-23,平,朱雀,否,祭祀、沐浴、移徙、破土、安葬、扫舍、平治道涂,祈福、嫁娶、入宅、安床、作灶
2028-05-24,平,朱雀,否,祭祀、祈福、斋醮、求嗣、安机械、纳畜、移徙、入宅、塑绘、开光、起基、竖柱、上梁、作灶、安门、安香、出火、盖屋、启钻、安葬,动土、破土、嫁娶
2028-05-25,定,金匮,是,嫁娶、纳采、订盟、斋醮、开光、祭祀、祈福、求医、治病、会亲友、动土、解除、捕捉、纳畜、牧养、入殓、破土、安葬,移徙、入宅、盖屋、架马
2028-05-26,执,天德,是,祭祀、沐浴、解除、破屋、坏垣、馀事勿取,行丧、安葬
2028-05-27,破,白虎,否,沐浴、扫舍、馀事勿取,斋醮、开市、嫁娶、作灶
2028-05-28,危,玉堂,是,开市、交易、立券、安机械、会亲友、开光、求医、治病、盖屋、起基、修造、动土、定磉、竖柱、上梁、安门、作灶、放水、开厕、开池、栽种、牧养、造畜稠、破土、安葬、立碑,嫁娶、出火、移徙、入宅
2028-05-29,成,天牢,是,栽种、捕捉、畋猎、馀事勿取,开市、动土、祭祀、斋醮、安葬、探病
2028-05-30,收,玄武,否,嫁娶、祭祀、祈福、求嗣、斋醮、订盟、纳采、解除、出行、动土、破土、习艺、针灸、理发、会亲友、起基、修造、竖柱、定磉、安床、拆卸、纳畜、牧养、放水、除服、成服、修坟、立碑,开市、入宅、探病、出火、盖屋
2028-05-31,开,司命,是,馀事勿取,无
2028-06-01,闭,勾陈,否,塞穴、断蚁、结网、馀事勿取,破土、安葬
2028-06-02,建,青龙,否,开光、出行、纳采、嫁娶、伐木、架马、出火、拆卸、移徙、入宅、造庙、造桥、造船、造畜稠、开市、入殓、除服、成服、移柩、安葬,无
2028-06-03,除,明堂,是,进人口、牧养、置产、塞穴、结网、馀事勿取,诸事不宜
2028-06-04,满,天刑,否,开光、出行、嫁娶,会亲友、进人口、修造、动土、起基、移徙、开市、纳畜、入殓、除服、成服、移柩、破土、安葬、修坟、立碑
2028-06-05,平,朱雀,否,嫁娶、祭祀、理发、作灶、修饰垣墙、平治道涂、整手足甲、沐浴、冠笄,破土、出行、栽种
2028-06-06,定,金匮,是,嫁娶、纳采、订盟、祭祀、祈福、求嗣、开光、出火、出行、拆卸、修造、动土、进人口、入宅、移徙、安床、交易、立券、挂匾、纳财、入殓、安葬、启钻、除服、成服,掘井、破土
2028-06-07,执,天德,是,畋猎、捕捉、结网、取渔、祭祀、沐浴、馀事勿取,嫁娶、开市、安葬、启钻、行丧
2028-06-08,破,白虎,否,祭祀、破屋、坏垣、馀事勿取,移徙、入宅、开仓、出货财
2028-06-09,危,玉堂,是,祭祀、斋醮、塑绘、开光、出行、修造、动土、造畜稠、安床、放水、掘井、开池、开厕、结网、破土,出火、入宅
2028-06-10,成,天牢,是,开市、交易、立券、挂匾、开光、解除、拆卸、动土、安床、修造、上梁、置产、栽种、破土、安葬,作灶、出火、祭祀、嫁娶、入宅
2028-06-11,收,玄武,否,祭祀、结网、馀事勿取,入宅、出行、掘井、安葬
2028-06-12,开,司命,是,嫁娶、纳采、订盟、冠笄、造车器、祭祀、开光、祈福、求嗣、出行、解除、伐木、出火、入宅、拆卸、修造、动土、上梁、安床、栽种、破土,行丧、置产、安葬
2028-06-13,闭,勾陈,否,嫁娶、合帐、裁衣、冠笄、伐木、上梁、出火、拆卸、移徙、修造、动土、安门、纳财、筑堤、栽种、塞穴,安床、祈福、出行、安葬、行丧、开光
2028-06-14,建,青龙,否,出行、教牛马、割蜜、馀事勿取,斋醮、盖屋、动土、破土
2028-06-15,除,明堂,是,嫁娶、祭祀、祈福、求嗣、开光、出行、解除、出火、拆卸、修造、进人口、入宅、移徙、动土、安床、纳畜、栽种、纳财、交易、立券、挂匾、造畜稠,安葬、开生坟、行丧
2028-06-16,满,天刑,否,安机械、祭祀、祈福、求嗣、沐浴、解除、纳采、开市、修造、竖柱、上梁、开柱眼、安碓磑、归岫、补垣、塞穴、拆卸、放水、出火、扫舍、开生坟、合寿木、安葬、谢土、启钻、除服、成服,嫁娶、安床、作灶、动土、破土、造船
2028-06-17,平,朱雀,否,祭祀、沐浴、理发、整手足甲、修饰垣墙、平治道涂、馀事勿取,开市、入宅、出行、修造、词讼
2028-06-18,定,金匮,是,嫁娶、纳采、祭祀、祈福、出行、立券、移徙、入宅、动土、破土、安葬,开光、作灶、盖屋、架马、开仓
2028-06-19,执,天德,是,纳采、订盟、冠笄、祭祀、祈福、斋醮、出行、修造、动土、移徙、入宅、安香、出火、拆卸、盖屋、起基、竖柱、上梁、定磉、安门、开池,嫁娶、开市、合寿木、安葬
2028-06-20,破,白虎,否,祭祀、沐浴、破屋、坏垣、馀事勿取,入宅、嫁娶、移徙
2028-06-21,危,玉堂,是,嫁娶、安机械、交易、出行、祭祀、祈福、求嗣、斋醮、塑绘、开光、合帐、裁衣、放水、开池、掘井,作灶、理发、造桥、行丧、安葬
2028-06-22,成,天牢,是,纳采、冠笄、求医、治病、开市、立券、修造、动土、安机械、破土、安葬,斋醮、祭祀、移徙、入宅、上梁、嫁娶
2028-06-23,收,玄武,否,祭祀、作灶、馀事勿取,开市、安葬、破土、修坟、掘井
2028-06-24,开,司命,是,祭祀、祈福、求嗣、斋醮、安香、解除、移徙、入宅、会亲友、求医、治病、动土、破土、开生坟、合寿木,合帐、上梁、经络、安葬、入殓
2028-06-25,闭,勾陈,否,嫁娶、冠笄、修造、动土、作灶、移徙、入宅、补垣、塞穴、纳畜、牧养、架马、起基、定磉、开池、造船,祈福、开光、掘井、开市、安葬
2028-06-26,建,青龙,否,祭祀、交易、纳财,斋醮、开渠、上梁、动土、破土
2028-06-27,除,明堂,是,嫁娶、订盟、纳采、冠笄、会亲友、安机械、造车器、祭祀、出行、纳财、入宅、安香、出火、入学、塑绘、开光、拆卸、起基、修造、动土、牧养、栽种、安门、开厕,行丧、伐木、作梁、作灶
2028-06-28,满,天刑,否,开光、求嗣、出行、冠笄、嫁娶、伐木、架马、开柱眼、修造、移徙、入宅、开市、交易、立券、安香、出火、挂匾、起基、开生坟、合寿木、入殓、除服、成服、移柩、安葬,安床、出货财、作灶、动土、破土
2028-06-29,平,朱雀,否,祭祀、沐浴、理发、嫁娶、作灶、整手足甲、扫舍、修饰垣墙、平治道涂,斋醮、出行、治病、合寿木
2028-06-30,定,金匮,是,安机械、移徙、入宅、出行、祭祀、祈福、斋醮、纳采、订盟、安香、出火、解除、会亲友、修造、动土、拆卸、起基、定磉、盖屋、安床、破土、安葬、入殓、立碑,开市、伐木、作梁、作灶
2028-07-01,执,天德,是,祭祀、沐浴、捕捉、结网、畋猎、取渔、馀事勿取,开市、交易、嫁娶、安葬、行丧
2028-07-02,破,白虎,否,破屋、坏垣、求医、治病、畋猎、馀事勿取,嫁娶、入宅
2028-07-03,危,玉堂,是,嫁娶、出行、安机械、祭祀、塑绘、开光、治病、经络、安床、结网、塞穴、破土、入殓,开市、安门、掘井、作灶
2028-07-04,成,天牢,是,订盟、纳采、会亲友、进人口、雕刻、拆卸、修造、动土、起基、开市、栽种、纳畜、牧养、入殓、除服、成服、移柩、破土、安葬,无
2028-07-05,收,玄武,否,祭祀、捕捉、取渔、修饰垣墙、馀事勿取,诸事不宜
2028-07-06,开,司命,是,祭祀、冠笄、作灶、交易、纳财、栽种、结网、纳畜、牧养、进人口,开渠、造船、安床、安葬、破土、出行、修坟、掘井、开市、开生坟
2028-07-07,闭,勾陈,否,嫁娶、订盟、祭祀、祈福、求嗣、纳采、裁衣、冠笄、开光、安床、作梁、修造、动土、作灶、起基、上梁、盖屋、纳畜、牧养,移徙、栽种、出行、行丧、破土、安葬、词讼
2028-07-08,建,青龙,否,经络、祭祀、沐浴、补垣、塞穴、除服、成服、移柩、入殓、启钻、立碑,开光、治病、嫁娶、掘井、破土、安葬
2028-07-09,除,明堂,是,嫁娶、祭祀、出行、裁衣、冠笄、交易、雕刻、纳财、造畜稠、造车器、教牛马,移徙、入宅、栽种、动土、破土、作灶、安葬、行丧、伐木、上梁
2028-07-10,满,天刑,否,修造、动土、安机械、祭祀、沐浴、解除、拆卸、治病、作灶、盖屋、起基、开池、扫舍、造畜稠、开生坟、合寿木、安葬、破土、启钻、移柩、入殓、立碑,开市、入宅、出行、安床
2028-07-11,平,朱雀,否,嫁娶、纳采、订盟、造车器、开光、出行、拆卸、起基、安床、除服、成服、开市、交易、立券、栽种、牧养、入殓、移柩、启钻,上梁、入宅、修造、动土、破土、祭祀、祈福、斋醮
2028-07-12,定,金匮,是,祭祀、嫁娶、畋猎、结网,动土、破土、治病、开渠
2028-07-13,执,天德,是,纳采、订盟、会亲友、入学、祭祀、祈福、求嗣、开光、出行、解除、理发、动土、起基、开市、交易、立券、纳财、造仓、栽种、纳畜、牧养,嫁娶、作灶、出火、置产、入宅、安葬
2028-07-14,破,白虎,否,祭祀、祈福、解除、整手足甲、安床、沐浴、入殓、移柩、破土、启钻、安葬、谢土,嫁娶、斋醮、开市、出火、入宅、移徙、出行、作灶、安门、伐木
2028-07-15,危,玉堂,是,破屋、坏垣、解除、馀事勿取,嫁娶、安葬
2028-07-16,成,天牢,是,嫁娶、开市、立券、移徙、入宅、安机械、会亲友、经络、安门、安床、挂匾、拆卸、开仓、出货财、开池、栽种、纳畜、牧养、破土、安葬、启钻、移柩、入殓、立碑,祭祀、祈福、探病、谢土、造桥
2028-07-17,收,玄武,否,嫁娶、订盟、纳采、祭祀、祈福、斋醮、开光、会亲友、求医、治病、盖屋、起基、竖柱、上梁、安门、安碓磑、筑堤、开池、破土、安葬、除服、成服,入宅、开市、掘井、词讼、合寿木
2028-07-18,开,司命,是,纳采、订盟、嫁娶、移徙、入宅、出行、祭祀、祈福、斋醮、塑绘、开光、安香、出火、会亲友、解除、入学、竖柱、上梁、拆卸、盖屋、起基、栽种、牧养、纳畜,安葬、破土、开市、开仓、出货财、启钻
2028-07-19,闭,勾陈,否,纳采、订盟、嫁娶、祭祀、沐浴、塑绘、开光、出火、治病、习艺、伐木、盖屋、竖柱、上梁、安床、作灶、安碓磑、挂匾、掘井、纳畜,出行、安葬、造桥
2028-07-20,建,青龙,否,祭祀、入殓、除服、成服、移柩、破土、启钻、安葬、塞穴、断蚁、结网,开市、入宅、嫁娶、开光、盖屋
2028-07-21,除,明堂,是,祭祀、修造、出行、盖屋、竖柱、造车器、教牛马、造畜稠、割蜜,动土、破土、掘井、安葬
2028-07-22,除,明堂,是,祭祀、沐浴、塑绘、开光、入学、解除、扫舍、治病、开池、牧养,嫁娶、出行、纳采、入宅、作灶
2028-07-23,满,天刑,否,纳财、开市、交易、立券、出行、祭祀、祈福、求嗣、开光、解除、扫舍、起基、竖柱、安床、移徙、开仓、出货财、补垣、塞穴、栽种、纳畜、牧养,斋醮、入宅、安门、安葬、破土、行丧
2028-07-24,平,朱雀,否,祭祀、修饰垣墙、平治道涂,开市、动土、破土、嫁娶、修造、安葬
2028-07-25,定,金匮,是,订盟、纳采、祭祀、祈福、开光、安香、出火、立券、安机械、移徙、入宅、竖柱、上梁、会亲友、安床、拆卸、挂匾、牧养、教牛马,嫁娶、安葬、行丧、破土、修坟
2028-07-26,执,天德,是,沐浴、理发、捕捉、入殓、移柩、破土、启钻、安葬,出火、嫁娶、入宅、作灶、上梁、动土
2028-07-27,破,白虎,否,求医、治病、破屋、坏垣、馀事勿取,嫁娶、出行
2028-07-28,危,玉堂,是,纳采、订盟、嫁娶、移徙、入宅、出行、开市、交易、立券、纳财、会亲友、安香、出火、拆卸、盖屋、起基、安床、作灶、挂匾、安葬、破土、启钻、立碑、入殓、移柩,祈福、上梁、开仓、掘井、牧养
2028-07-29,成,天牢,是,祭祀、祈福、斋醮、出行、纳采、订盟、安机械、出火、拆卸、修造、动土、起基、移徙、入宅、造庙、入殓、除服、成服、移柩、破土、安葬、谢土,嫁娶、开市、栽种、合寿木
2028-07-30,收,玄武,否,祭祀、进人口、纳财、纳畜、牧养、捕捉、馀事勿取,开市、入宅、安床、动土、安葬
2028-07-31,开,司命,是,祭祀、塑绘、开光、求医、治病、嫁娶、会亲友、放水、掘井、牧养、纳畜、开渠、安碓磑,盖屋、入宅、作灶、入学、安葬、行丧
2028-08-01,闭,勾陈,否,祭祀、塞穴、结网、畋猎、馀事勿取,移徙、开市、入宅、嫁娶、开光、安门
2028-08-02,建,青龙,否,开市、纳财、祭祀、塑绘、安机械、冠笄、会亲友、裁衣、开仓、经络、纳畜、造畜稠、教牛马、牧养,动土、破土、安葬、治病
2028-08-03,除,明堂,是,移徙、入宅、治病、会亲友、祭祀、祈福、斋醮、安香、嫁娶、盖屋、起基,开市、安床、出行、经络
2028-08-04,满,天刑,否,塑绘、出行、冠笄、嫁娶、进人口、裁衣、纳婿、造畜稠、交易、立券、牧养、开生坟、入殓、除服、成服、移柩、安葬、启钻,无
2028-08-05,平,朱雀,否,祭祀、冠笄、嫁娶、捕捉、结网、畋猎、取渔、馀事勿取,无
2028-08-06,定,金匮,是,沐浴、扫舍、馀事勿取,诸事不宜
2028-08-07,执,天德,是,嫁娶、祭祀、祈福、求嗣、出火、出行、开光、解除、拆卸、修造、进人口、安香、交易、立券、入宅、移徙、安床、动土、破土、谢土、安葬、入殓、除服、成服,斋醮、开市、开仓、作灶、造船
2028-08-08,破,白虎,否,破土、安葬、移柩、入殓、祭祀、捕捉、除服、成服、馀事勿取,嫁娶、入宅、开市、交易
2028-08-09,危,玉堂,是,破屋、坏垣、治病、馀事勿取,祈福、纳采、订盟、嫁娶、入宅、安葬
2028-08-10,成,天牢,是,嫁娶、开光、祭祀、祈福、求嗣、安香、出火、解除、伐木、入宅、移徙、安床、开市、交易、立券、栽种、出行、安葬,掘井、理发、作灶、动土、破土、开池
2028-08-11,收,玄武,否,安机械、纳采、订盟、祭祀、祈福、求嗣、开光、普渡、出行、出火、拆卸、修造、动土、进人口、开市、交易、立券、移徙、安床、栽种、上梁、纳畜、破土、移柩、安葬,入宅、嫁娶、掘井、牧养
2028-08-12,开,司命,是,嫁娶、祭祀、祈福、求嗣、裁衣、冠笄、经络、修造、进人口、安床、动土、竖柱、上梁、移徙、交易、立券、栽种、会亲友,行丧、安葬、出行、作梁、纳畜、伐木、造桥
2028-08-13,闭,勾陈,否,嫁娶、纳采、订盟、开光、祭祀、出行、理发、动土、安床、放水、开渠、栽种、进人口,入宅、上梁、入殓、盖屋、探病、作灶、安门、安葬、纳畜、伐木
2028-08-14,建,青龙,否,祭祀、出行、作梁、出火、拆卸、修造、动土、起基、安床、补垣、塞穴、入殓、破土、安葬、移柩、造畜稠,嫁娶、入宅、斋醮、开光、针灸、掘井
2028-08-15,除,明堂,是,嫁娶、纳采、订盟、祭祀、祈福、求嗣、出行、解除、竖柱、入宅、移徙、纳财、上梁、纳畜、入殓、安葬、启钻,栽种、掘井、动土、安床、破土、置产
2028-08-16,满,天刑,否,解除、祭祀、祈福、求嗣、修造、动土、竖柱、上梁、安床、纳畜、盖屋、合脊、起基、入殓、破土、安葬,出火、嫁娶、开光、进人口、出行、词讼、开市、入宅、移徙、赴任
2028-08-17,平,朱雀,否,沐浴、理发、会亲友、塑绘、开光、栽种、牧养、嫁娶、经络、补垣、塞穴,开市、入宅、动土、破土、安葬、作灶、上梁、安床、开仓、祈福
2028-08-18,定,金匮,是,祭祀、理发、作灶、沐浴、修饰垣墙、平治道涂,嫁娶、栽种、祈福、造桥、安葬、安门、伐木、作梁
2028-08-19,执,天德,是,嫁娶、纳采、订盟、祭祀、祈福、斋醮、普渡、移徙、入宅、出行、安机械、开光、修造、动土、竖柱、上梁、盖屋、起基、定磉、安门、安葬、破土,开市、立券、置产、作灶、造桥
2028-08-20,执,天德,是,祭祀、普渡、捕捉、解除、结网、畋猎、入殓、破土、安葬,开市、交易、入宅、嫁娶
2028-08-21,破,白虎,否,沐浴、破屋、坏垣、馀事勿取,斋醮、开市
2028-08-22,危,玉堂,是,订盟、纳采、祭祀、祈福、安香、出火、开市、立券、入宅、挂匾、造桥、启钻、安葬,动土、破土、嫁娶、掘井、安床
2028-08-23,成,天牢,是,嫁娶、祭祀、祈福、斋醮、普渡、移徙、入宅、动土、治病、开市、交易、立券、开光、修造、造车器、安香、安床、捕捉、畋猎、结网,纳采、订盟、经络、行丧、安葬、探病
2028-08-24,收,玄武,否,嫁娶、订盟、纳采、作灶、冠笄、裁衣、会亲友、纳畜、牧养、安机械、开市、立券、纳财、安床,掘井、出行、破土、行丧、安葬
2028-08-25,开,司命,是,嫁娶、订盟、纳采、祭祀、斋醮、普渡、解除、出行、会亲友、开市、纳财、修造、动土、竖柱、上梁、开光、开仓、出货财、纳畜、牧养、开池、破土、启钻,出火、入宅、盖屋、安门、安葬
2028-08-26,闭,勾陈,否,嫁娶、普渡、祭祀、祈福、补垣、塞穴、断蚁、筑堤、入殓、除服、成服、安葬,动土、破土、掘井、开光、上梁、词讼
2028-08-27,建,青龙,否,嫁娶、冠笄、祭祀、沐浴、普渡、出行、纳财、扫舍、纳畜、赴任,开市、动土、破土、安床、开仓、上梁
2028-08-28,除,明堂,是,祭祀、沐浴、理发、整手足甲、冠笄、解除、入殓、移柩、破土、启钻、安葬,嫁娶、出行、入宅、开市、安门
2028-08-29,满,天刑,否,塑绘、冠笄、嫁娶、会亲友、进人口、经络、裁衣、栽种、纳畜、牧养、补垣、塞穴、捕捉,祈福、开市、动土、行丧、安葬
2028-08-30,平,朱雀,否,出行、沐浴、订盟、纳采、裁衣、竖柱、上梁、移徙、纳畜、牧养,嫁娶、安门、动土、安葬
2028-08-31,定,金匮,是,纳采、订盟、嫁娶、祭祀、祈福、普渡、开光、安香、出火、移徙、入宅、竖柱、修造、动土、上梁、起基、盖屋、安门、造庙、造桥、破土、启钻、安葬,开市、立券、纳财、作灶
2028-09-01,执,天德,是,祭祀、捕捉、畋猎、纳畜、牧养、入殓、除服、成服、移柩、破土、安葬、启钻,嫁娶、纳采、订盟、开市、入宅
2028-09-02,破,白虎,否,破屋、坏垣、治病、馀事勿取,行丧、安葬
2028-09-03,危,玉堂,是,祈福、斋醮、出行、冠笄、嫁娶、雕刻、开柱眼、入宅、造桥、开市、交易、立券、纳财、入殓、除服、成服、移柩、破土、安葬、启钻,动土、订盟、安床、开池
2028-09-04,成,天牢,是,祈福、求嗣、解除、订盟、纳采、动土、起基、放水、造仓、开市、纳畜、牧养、开生坟、入殓、除服、成服、移柩、破土、安葬,无
2028-09-05,收,玄武,否,塑绘、开光、解除、订盟、纳采、嫁娶、出火、修造、动土、移徙、入宅、拆卸、起基、安门、分居、开市、交易、立券、纳财、纳畜、牧养,无
2028-09-06,开,司命,是,祈福、出行、订盟、纳采、嫁娶、裁衣、动土、安床、放水、开市、掘井、交易、立券、栽种、开渠、除服、成服、移柩、破土,无
2028-09-07,闭,勾陈,否,祭祀、修坟、除服、成服、启钻、移柩、馀事勿取,开市、入宅、嫁娶、动土、破土、安葬
2028-09-08,建,青龙,否,嫁娶、冠笄、安机械、解除、纳畜、牧养、沐浴、伐木、架马、作梁、安门、扫舍、合寿木、安葬、启钻、立碑、修坟,祈福、开光、开市、入宅、动土
2028-09-09,除,明堂,是,祭祀、出行、沐浴、扫舍、安葬、馀事勿取,动土、破土、置产、掘井
2028-09-10,满,天刑,否,嫁娶、纳采、祭祀、解除、出行、修造、动土、开市、上梁、安床、整手足甲、扫舍、求医、治病、起基、定磉、盖屋、合脊,造庙、行丧、安葬、伐木、作灶、造船
2028-09-11,平,朱雀,否,纳采、订盟、开市、交易、立券、挂匾、纳财、栽种、进人口、入宅、移徙、安床、开光、出火、拆卸、安门、修造,斋醮、嫁娶、行丧、动土、作灶、安葬、破土
2028-09-12,定,金匮,是,祭祀、沐浴、修饰垣墙、平治道涂、馀事勿取,嫁娶、入宅、安床、出行
2028-09-13,执,天德,是,开光、祈福、求嗣、斋醮、修造、动土、纳财、造仓、开厕、栽种、牧养、会亲友,作灶、出火、进人口、开渠、入宅、移徙、祭祀
2028-09-14,破,白虎,否,开光、解除、拆卸、修造、动土、竖柱、安门、牧养、安葬、修坟、破土、移柩,出火、入宅、移徙、祈福、祭祀、安床、开市、嫁娶、探病
2028-09-15,危,玉堂,是,破屋、坏垣、求医、治病、馀事勿取,移徙、入宅
2028-09-16,成,天牢,是,嫁娶、纳采、订盟、祭祀、祈福、求嗣、开光、出行、出火、拆卸、修造、动土、进人口、入宅、移徙、安床、上梁、合脊、放水、掘井、破土、移柩、谢土、除服、成服,开市、开仓、安门、安葬
2028-09-17,收,玄武,否,嫁娶、纳采、订盟、祭祀、祈福、求嗣、开光、解除、进人口、入宅、移徙、出火、安床、开市、交易、立券、挂匾,安葬、纳畜、出行、行丧、伐木、栽种、造庙、造桥
2028-09-18,开,司命,是,祭祀、冠笄、捕捉、馀事勿取,嫁娶、开市、盖屋、作梁、合寿木
2028-09-19,开,司命,是,祭祀、解除、结网、畋猎、取渔、会亲友、入学、移柩、启钻、除服、成服,开市、祈福、动土、破土、入殓、安葬、造船
2028-09-20,闭,勾陈,否,冠笄、沐浴、出行、修造、动土、移徙、入宅、破土、安葬,嫁娶、开市、祭祀、祈福、斋醮、纳采、修坟
2028-09-21,建,青龙,否,祭祀、出行,嫁娶、入宅、修造、动土、会亲友、破土
2028-09-22,除,明堂,是,嫁娶、订盟、纳采、祭祀、祈福、出行、修造、动土、移徙、入宅,针灸、伐木、作梁、造庙、行丧、安葬
2028-09-23,满,天刑,否,出行、开市、交易、立券、安机械、出火、上梁、移徙,嫁娶、安葬、动土、造桥
2028-09-24,平,朱雀,否,祭祀、沐浴、修饰垣墙、平治道涂、馀事勿取,斋醮、嫁娶、移徙、出行、上梁、入宅
2028-09-25,定,金匮,是,嫁娶、造车器、安机械、祭祀、祈福、开光、安香、出火、出行、开市、立券、修造、动土、移徙、入宅、破土、安葬,纳采、订盟、架马、词讼、开渠
2028-09-26,执,天德,是,沐浴、捕捉、入殓、除服、成服、破土、启钻、安葬,祭祀、嫁娶、安床、开市、入宅、探病、上梁
2028-09-27,破,白虎,否,馀事勿取,探病
2028-09-28,危,玉堂,是,订盟、纳采、祭祀、祈福、安香、出火、修造、动土、上梁、安门、起基、竖柱、定磉、开池、移徙、入宅、立券、破土,嫁娶、造庙、造桥、造船、作灶、安葬
2028-09-29,成,天牢,是,开光、求嗣、雕刻、嫁娶、订盟、纳采、出火、拆卸、修造、动土、起基、上梁、放水、移徙、入宅、造仓、造船、开市、开池、纳畜、牧养、挂匾,行丧、安葬、合寿木
2028-09-30,收,玄武,否,祭祀、嫁娶、捕捉,开光、动土、破土、开市、修造、入宅、安门
2028-10-01,开,司命,是,祭祀、普渡、解除、会亲友、捕捉、畋猎、启钻、除服、成服、移柩,嫁娶、开市、动土、掘井、开池、安葬
2028-10-02,闭,勾陈,否,出行、解除、冠笄、嫁娶、伐木、架马、开柱眼、修造、动土、移徙、入宅、开生坟、合寿木、入殓、移柩、破土、安葬、修坟,祭祀、祈福、开光、开市、安床
2028-10-03,建,青龙,否,祭祀、祈福、求嗣、出行、沐浴、交易、扫舍、教牛马,动土、作灶、行丧、安葬、修坟
2028-10-04,除,明堂,是,出行、解除、纳采、冠笄、雕刻、修造、动土、起基、上梁、合脊、安床、移徙、入宅、开市、栽种、开厕,造庙、安门、行丧、安葬
2028-10-05,满,天刑,否,开光、塑绘、出行、解除、冠笄、裁衣、挂匾、作灶、开市、开池、开厕、补垣、塞穴,无
2028-10-06,平,朱雀,否,祭祀、祈福、修饰垣墙、平治道涂、入殓、移柩,嫁娶、入宅、上梁、安门
2028-10-07,定,金匮,是,祭祀、会亲友、纳采、嫁娶、开光、塑绘、斋醮、安香、开市、立券、除服、成服、入殓、移柩、安葬、赴任、进人口、出行、裁衣、修造、动土、上梁、经络、交易,入宅、伐木
2028-10-08,执,天德,是,入殓、破土、启钻、安葬、除服、成服、馀事勿取,开市、入宅、祭祀、置产、补垣、塞穴
2028-10-09,破,白虎,否,嫁娶、祭祀、祈福、求嗣、开光、出行、拆卸、修造、动土、上梁、安床、纳畜、入殓、破土,入宅、移徙、掘井、理发、伐木、交易、开市、作灶
2028-10-10,危,玉堂,是,祭祀、沐浴、破屋、坏垣、馀事勿取,嫁娶、入宅、上梁、出行、安葬
2028-10-11,成,天牢,是,祭祀、求嗣、冠笄、进人口、会亲友、安门、安床、经络、纳财、牧养、畋猎、放水、割蜜,祈福、斋醮、纳采、订盟、嫁娶、入宅、安葬
2028-10-12,收,玄武,否,嫁娶、纳采、订盟、开市、交易、立券、挂匾、祭祀、祈福、开光、造车器、出行、入宅、移徙、安床、安门、拆卸、修造、动土、栽种、安葬、破土、启钻、除服、成服、入殓、立碑,探病、纳畜、伐木、起基、作梁、盖屋
2028-10-13,开,司命,是,祭祀、冠笄、移徙、会亲友、纳财、理发、捕捉,嫁娶、开市、开池、开厕、破土
2028-10-14,闭,勾陈,否,祭祀、祈福、求嗣、斋醮、开光、出行、嫁娶、求医、治病、动土、破土、入学、起基、扫舍、竖柱、上梁、开仓、出货财、置产、栽种、牧养、开生坟、谢土、立碑,安门、安床、裁衣、入宅、安葬
2028-10-15,建,青龙,否,嫁娶、裁衣、冠笄、合帐、祭祀、出行、安床、移徙、塞穴、入殓、破土、移柩、安葬,开市、栽种、置产、词讼、安门、掘井、开光
2028-10-16,除,明堂,是,祭祀、造车器、出行、修造、上梁、盖屋、安门、安床、造畜稠、教牛马,出货财、开仓、动土、破土、安葬、行丧、伐木、开渠、栽种
2028-10-17,满,天刑,否,祭祀、开光、出行、解除、伐木、作梁、出火、拆卸、入宅、移徙、安床、修造、造畜稠、扫舍,造庙、嫁娶、掘井、栽种、造桥、作灶、动土
2028-10-18,满,天刑,否,纳采、订盟、开市、交易、立券、会亲友、纳畜、牧养、问名、移徙、解除、开厕、入学、起基、安床、开仓、出货财、安葬、启钻、入殓、除服、成服,入宅、上梁、斋醮、出火、谢土
2028-10-19,平,朱雀,否,祭祀、平治道涂、馀事勿取,嫁娶、开市
2028-10-20,定,金匮,是,捕捉、畋猎、馀事勿取,开市、交易、祭祀、入宅、安葬
2028-10-21,执,天德,是,嫁娶、纳采、订盟、祭祀、祈福、求嗣、斋醮、开光、安香、出火、造庙、移徙、出行、入宅、起基、竖柱、上梁、安床、纳畜、捕捉、纳婿、安葬,开市、破土、掘井、合寿木
2028-10-22,破,白虎,否,祭祀、沐浴、解除、破屋、坏垣、馀事勿取,开市、嫁娶
2028-10-23,危,玉堂,是,订盟、纳采、会亲友、交易、立券、纳财、栽种、纳畜、牧养,嫁娶、开市、入宅、祈福、安葬
2028-10-24,成,天牢,是,造车器、嫁娶、订盟、纳采、会亲友、祭祀、出行、开市、立券、移徙、入宅、破土、安葬,上梁、开光、盖屋、架马、合寿木
2028-10-25,收,玄武,否,祭祀、作灶、纳财、捕捉、畋猎、馀事勿取,动土、破土、开市、安葬
2028-10-26,开,司命,是,嫁娶、订盟、纳采、祭祀、祈福、出行、求医、治病、出火、移徙、入宅,开市、开仓、出货财、安床、安门、安葬
2028-10-27,闭,勾陈,否,冠笄、祭祀、沐浴、作灶、理发、整手足甲、扫舍、补垣、塞穴、入殓、破土、启钻,开光、嫁娶、会亲友、栽种、针灸、安葬
2028-10-28,建,青龙,否,纳采、订盟、嫁娶、祭祀、祈福、求嗣、置产、求医、治病、开市、交易、立券、会亲友、移徙、竖柱、上梁、盖屋、合脊、安门、放水、捕捉、纳畜,造庙、造船、动土、破土、安葬
2028-10-29,除,明堂,是,出行、造车器、造畜稠、解除、冠笄、裁衣、作梁、雕刻、会亲友、移徙、入宅、安机械、开市、扫舍,嫁娶、动土、破土、修坟
2028-10-30,满,天刑,否,沐浴、理发、冠笄、安床、开市、立券、会亲友、交易、纳财、结网、教牛马,移徙、入宅、出行、祈福、嫁娶
2028-10-31,平,朱雀,否,祭祀、造畜稠、修饰垣墙、平治道涂、馀事勿取,嫁娶、开市、安床、掘井
2028-11-01,定,金匮,是,捕捉、结网、入殓、除服、成服、移柩、破土、安葬、启钻、立碑,嫁娶、祭祀、入宅、盖屋、移徙
2028-11-02,执,天德,是,祭祀、祈福、求嗣、斋醮、造庙、出火、安机械、会亲友、开市、交易、立券、纳财、习艺、经络、求医、治病、开池、开厕、畋猎、结网、栽种、牧养、安葬、破土、启钻,开光、嫁娶、掘井、伐木、作梁
2028-11-03,破,白虎,否,破屋、坏垣、馀事勿取,诸事不宜
2028-11-04,危,玉堂,是,会亲友、嫁娶、订盟、纳采、纳婿、拆卸、修造、动土、起基、竖柱、上梁、安床、纳财,出行、祈福、安葬、作灶
2028-11-05,成,天牢,是,祭祀、塑绘、开光、祈福、斋醮、出行、订盟、纳采、裁衣、嫁娶、拆卸、修造、安床、入宅、安香、入殓、启钻、安葬、谢土、赴任、会亲友、进人口、移徙、上梁、经络、开市、交易、立券、纳财,开仓、冠笄、伐木、作梁
2028-11-06,收,玄武,否,祭祀、作灶、入殓、除服、成服、畋猎,栽种、动土、安葬、开市
2028-11-07,开,司命,是,沐浴、扫舍、捕捉、畋猎、解除、塞穴、馀事勿取,嫁娶、入宅、开市、安床、破土、修坟
2028-11-08,闭,勾陈,否,嫁娶、冠笄、祭祀、祈福、求嗣、斋醮、开光、出行、解除、动土、开市、交易、立券、挂匾、拆卸、破土,伐木、上梁、修造、入殓、理发、会亲友、入宅、安门、安葬、作灶
2028-11-09,建,青龙,否,合帐、裁衣、嫁娶、安床、入殓、移柩、破土、造畜稠,置产、造船、开光、掘井、作灶
2028-11-10,除,明堂,是,解除、修饰垣墙、冠笄、出行、馀事勿取,开市、动土、破土、嫁娶、安葬
2028-11-11,满,天刑,否,纳采、订盟、嫁娶、祭祀、祈福、求嗣、开光、出行、解除、进人口、开市、立券、挂匾、入宅、移徙、安门、栽种、动土、求医、治病、会亲友、起基、修造、盖屋、安葬,作灶、经络、安床
2028-11-12,平,朱雀,否,祭祀、塑绘、理发、会亲友、牧养、开池、造畜稠、畋猎、结网,祈福、谢土、安葬、上梁、作灶、开市、嫁娶、出行、入宅、动土
2028-11-13,定,金匮,是,出行、纳财、开市、交易、立券、动土、移徙、入宅、裁衣、会亲友、拆卸、进人口、安香、经络、出货财、修饰垣墙、平治道涂,造庙、谢土、作灶、作梁、伐木、安葬、行丧、修坟、探病
2028-11-14,执,天德,是,嫁娶、纳采、订盟、祭祀、斋醮、开光、安香、出火、出行、拆卸、动土、祈福、进人口、纳财、交易、立券、移徙、安床、修造、安葬、除服、成服,置产、掘井、词讼、栽种
2028-11-15,破,白虎,否,嫁娶、纳采、订盟、祭祀、开光、出行、解除、伐木、出火、入宅、移徙、拆卸、修造、栽种、安葬、入殓,破土、动土、安门、作灶、开市、交易
2028-11-16,破,白虎,否,祭祀、解除、破屋、坏垣、求医、治病、馀事勿取,嫁娶、安葬
2028-11-17,危,玉堂,是,祭祀、扫舍、破土、安葬、除服、成服、启钻、移柩、入殓、立碑、馀事勿取,嫁娶、入宅、修造、动土
2028-11-18,成,天牢,是,订盟、纳采、会亲友、祭祀、祈福、修造、动土、安机械、破土、安葬,嫁娶、移徙、出火、开市、入宅
2028-11-19,收,玄武,否,祭祀、沐浴、捕捉、畋猎、结网、扫舍,嫁娶、纳采、订盟、安床、动土、破土、安葬
2028-11-20,开,司命,是,开市、纳财、出行、祭祀、祈福、求嗣、斋醮、问名、入学、起基、定磉、置产、开渠、掘井、拆卸、栽种、纳畜、牧养、动土、破土、启钻,移徙、入宅、出火、入殓、安葬
2028-11-21,闭,勾陈,否,祭祀、理发、置产、塞穴、除服、成服、移柩、入殓、破土、安葬,嫁娶、入宅、安床、掘井、开光
2028-11-22,建,青龙,否,祭祀、沐浴、出行、馀事勿取,开市、动土、破土、行丧、安葬
2028-11-23,除,明堂,是,嫁娶、造车器、出行、会亲友、移徙、入宅、修造、动土、雕刻、开光、安香、出火、理发、盖屋、合脊、起基、归岫、安门、拆卸、扫舍、栽种、造畜稠,开市、纳采、造庙、安床、开渠、安葬
2028-11-24,满,天刑,否,塑绘、会亲友、安机械、塞穴、结网、裁衣、经络,嫁娶、开市、祈福、斋醮、安葬
2028-11-25,平,朱雀,否,纳采、移徙、纳财、开市、交易、立券、入宅、修造、动土、竖柱、起基、定磉、造庙、安香、出火、修饰垣墙、平治道涂、会亲友、出行、开池、开厕,开仓、盖屋、造桥、祭祀
2028-11-26,定,金匮,是,订盟、纳采、纳财、开市、立券、祭祀、祈福、移徙、入宅、出行、盖屋、起基、修造、动土、竖柱、上梁、安门、安香、出火、教牛马、会亲友、破土,嫁娶、安葬、掘井、置产、造船
2028-11-27,执,天德,是,嫁娶、订盟、纳采、祭祀、祈福、塑绘、开光、移徙、安床、伐木、作梁、捕捉、畋猎、结网、求医、治病、解除、安葬、除服、成服、移柩、入殓、立碑、谢土,开市、造庙、动土、破土
2028-11-28,破,白虎,否,破屋、坏垣、祭祀、馀事勿取,嫁娶、安葬
2028-11-29,危,玉堂,是,嫁娶、纳采、订盟、祭祀、冠笄、裁衣、伐木、作梁、架马、定磉、开柱眼、作灶、移徙、安床、畋猎、结网、开池、开厕、除服、成服、启钻、入殓、移柩、安葬,盖屋、造船、动土、破土
2028-11-30,成,天牢,是,纳采、订盟、祭祀、祈福、求嗣、斋醮、开光、会亲友、解除、入学、纳财、交易、立券、经络、起基、动土、定磉、开池、栽种、纳畜、牧养、破土、入殓、立碑、安葬,嫁娶、开市、入宅、出火、移徙
2028-12-01,收,玄武,否,捕捉、畋猎、会亲友、解除、入殓、除服、成服、移柩、馀事勿取,安床、安门、破土、修坟、安葬
2028-12-02,开,司命,是,祭祀、祈福、求嗣、斋醮、沐浴、冠笄、出行、理发、拆卸、解除、起基、动土、定磉、安碓磑、开池、掘井、扫舍、除服、成服、移柩、启钻、立碑、谢土,移徙、入宅、安门、作梁、安葬
2028-12-03,闭,勾陈,否,嫁娶、冠笄、安床、纳采、会亲友、塞穴、捕捉、置产、造畜稠,开光、掘井、安葬、谢土、修坟
2028-12-04,建,青龙,否,祭祀、沐浴、馀事勿取,诸事不宜
2028-12-05,除,明堂,是,祭祀、会亲友、嫁娶、沐浴、修造、动土、祈福、开光、塑绘、出行、订盟、纳采、裁衣、入殓、除服、成服、移柩、启钻、赴任、竖柱、上梁、纳财、扫舍、栽种、纳畜、伐木,入宅、作灶、安床、开仓
2028-12-06,满,天刑,否,嫁娶、纳采、订盟、造车器、祭祀、祈福、造庙、安香、出火、出行、归宁、入学、入宅、交易、立券、求医、治病、修造、动土、竖柱、上梁、盖屋、起基、安门,斋醮、伐木、作梁、安葬、行丧
2028-12-07,平,朱雀,否,纳采、订盟、开市、交易、立券、出行、会亲友、安机械、竖柱、上梁、平治道涂、伐木、拆卸、盖屋、起基、安床、安门、解除、安葬、启钻、除服、成服、修坟、立碑、移柩、入殓,嫁娶、动土、破土、祈福、出火、入宅
2028-12-08,定,金匮,是,祭祀、平治道涂、除服、成服、安葬、馀事勿取,嫁娶、入宅、纳采、订盟、掘井
2028-12-09,执,天德,是,纳采、订盟、祭祀、祈福、开光、安香、出火、出行、会亲友、安机械、修造、动土、竖柱、上梁、盖屋、起基、定磉、安床、安门、拆卸、移徙、造桥、造船、安葬、破土、入殓,开市、造庙、置产、掘井
2028-12-10,破,白虎,否,嫁娶、冠笄、祭祀、祈福、求嗣、斋醮、进人口、会亲友、伐木、作梁、开柱眼、安床、掘井、捕捉、畋猎,开生坟、破土、行丧、安葬
2028-12-11,危,玉堂,是,破屋、坏垣、治病、馀事勿取,移徙、入宅
2028-12-12,成,天牢,是,安床、架马、祭祀、塑绘、开光、出行、理发、伐木、作梁、开柱眼、开厕、畋猎、破土、入殓、除服、成服、移柩、启钻、修坟、立碑,作灶、安门、造桥、开市、安葬
2028-12-13,收,玄武,否,嫁娶、祭祀、祈福、求嗣、开光、出行、解除、入宅、移徙、纳畜、入殓、破土、修坟、立碑,伐木、作梁、动土、安床、栽种、造桥
2028-12-14,开,司命,是,祭祀、沐浴、理发、纳财、进人口、栽种、扫舍、捕捉、畋猎、结网,会亲友、安葬、入宅、移徙、安床、开市、行丧、出火、作灶、安门
2028-12-15,闭,勾陈,否,纳采、订盟、祭祀、祈福、求嗣、塑绘、解除、拆卸、修造、动土、竖柱、上梁、安门、置产、开池、掘井、纳畜、安床、栽种、造畜稠、破土、移柩、立碑,嫁娶、开市、出火、进人口、入殓、赴任、入宅、移徙、出行、安葬
2028-12-16,闭,勾陈,否,入宅、移徙、出行、进人口、修造、动土、起基、上梁、安门、造仓、补垣、塞穴、造畜稠,嫁娶、开市、安床、栽种、安葬、祈福、开光、掘井
2028-12-17,建,青龙,否,造畜稠、教牛马,入宅、移徙、分居、作灶、出火、安香、动土、嫁娶、掘井、扫舍、造桥
2028-12-18,除,明堂,是,订盟、纳采、造车器、祭祀、祈福、出行、安香、修造、动土、上梁、开市、交易、立券、移徙、入宅、会亲友、安机械、栽种、纳畜、盖屋、起基、安床、造畜稠,破土、安葬、行丧、开生坟
2028-12-19,满,天刑,否,订盟、纳采、会亲友、安机械、开光、修造、动土、竖柱、上梁、盖屋、起基、造桥、栽种、纳畜、造畜稠、移柩、入殓、启钻、修坟、立碑、安葬,祈福、出火、嫁娶、入宅、开市、破土
2028-12-20,平,朱雀,否,祭祀、平治道涂、修坟、除服、成服、馀事勿取,移徙、入宅、嫁娶、掘井、安葬
2028-12-21,定,金匮,是,嫁娶、冠笄、祭祀、祈福、求嗣、雕刻、开光、安香、出行、入学、修造、动土、竖柱、上梁、盖屋、起基、安门、出火、移徙、入宅、掘井、造畜稠、安葬、破土、除服、成服,开市、纳采、订盟、作灶、造庙、造船、经络
2028-12-22,执,天德,是,嫁娶、订盟、纳采、祭祀、祈福、求嗣、斋醮、安香、出火、修造、起基、盖屋、合脊、安门、安碓磑、动土、上梁、移徙、入宅,出行、掘井、破土、行丧、安葬
2028-12-23,破,白虎,否,祭祀、沐浴、破屋、坏垣、馀事勿取,嫁娶、移徙、入宅、探病、出行、盖屋
2028-12-24,危,玉堂,是,冠笄、纳财、掘井、开池、出火、安床、交易、立券、畋猎、结网、理发、放水,安门、动土、破土、行丧、安葬、成服
2028-12-25,成,天牢,是,纳采、订盟、移徙、入宅、出行、安机械、会亲友、祭祀、祈福、斋醮、开光、安香、出火、解除、求医、针灸、治病、盖屋、起基、修造、安门、造船、纳畜、牧养、移柩、入殓、启钻、谢土、修坟、立碑,嫁娶、动土、安床、造桥、掘井
2028-12-26,收,玄武,否,祭祀、沐浴、作灶、纳财、捕捉、畋猎、安床、扫舍,开市、斋醮、破土、安葬
2028-12-27,开,司命,是,祈福、斋醮、纳采、订盟、解除、架马、开柱眼、修造、动土、起基、上梁、归岫、盖屋、合脊、掘井、除服、成服、破土、栽种,移徙、开市、入宅、安葬
2028-12-28,闭,勾陈,否,纳采、订盟、祭祀、沐浴、冠笄、合帐、裁衣、修造、动土、拆卸、移徙、入宅、安门、开仓、筑堤、开厕、栽种、纳畜、补垣、塞穴,嫁娶、祈福、开光、掘井、安葬、行丧
2028-12-29,建,青龙,否,合帐、裁衣、教牛马、馀事勿取,入宅、动土、破土、嫁娶、作灶、造船
2028-12-30,除,明堂,是,纳采、订盟、嫁娶、祭祀、祈福、安香、出火、出行、会亲友、经络、求医、治病、解除、拆卸、起基、修造、动土、定磉、扫舍、栽种、牧养、造畜稠,斋醮、作梁、掘井、行丧、安葬
2028-12-31,满,天刑,否,纳财、开市、交易、立券、会亲友、进人口、经络、祭祀、祈福、安香、出火、求医、治病、修造、动土、拆卸、扫舍、安床、栽种、牧养、开生坟、合寿木、入殓、安葬、启钻,嫁娶、移徙、入宅
2029-01-01,平,朱雀,否,祭祀、入殓、移柩、馀事勿取,入宅、修造、动土、破土、安门、上梁
2029-01-02,定,金匮,是,塑绘、开光、订盟、纳采、裁衣、冠笄、拆卸、修造、安床、入宅、出火、安葬、谢土、赴任,掘井、伐木、斋醮、作灶
2029-01-03,执,天德,是,祭祀、塑绘、开光、裁衣、冠笄、嫁娶、纳采、拆卸、修造、动土、竖柱、上梁、安床、移徙、入宅、安香、结网、捕捉、畋猎、伐木、进人口、放水,出行、安葬、修坟、开市
2029-01-04,破,白虎,否,祭祀、求医、破屋、坏垣、馀事勿取,诸事不宜
2029-01-05,危,玉堂,是,祭祀、破屋、坏垣、解除、馀事勿取,开市、动土、破土
2029-01-06,成,天牢,是,嫁娶、纳采、订盟、开光、安香、出火、纳财、开市、交易、立券、裁衣、盖屋、起基、修造、动土、安门、移徙、入宅、栽种、牧养、畋猎、掘井、开池、安葬、破土、入殓、除服、成服、立碑,祈福、造庙、祭祀、安床、谢土
2029-01-07,收,玄武,否,祭祀、斋醮、入殓、破土、启钻、安葬、修坟、立碑、除服、成服,嫁娶、入宅、作灶、纳采、订盟
2029-01-08,开,司命,是,祭祀、斋醮、纳财、捕捉、畋猎,嫁娶、开市、入宅、安床、破土、安葬
2029-01-09,闭,勾陈,否,纳采、订盟、祭祀、祈福、求嗣、斋醮、沐浴、进人口、会亲友、入学、治病、安碓磑、掘井、开池、纳畜、牧养、造畜稠,嫁娶、合帐、入宅、行丧、安葬
2029-01-10,建,青龙,否,祭祀、祈福、求嗣、沐浴、问名、交易、纳财、入殓、移柩、安葬、修坟、立碑、谢土、造畜稠、教牛马,入宅、置产、嫁娶、动土、栽种、开市、开光、破土
2029-01-11,除,明堂,是,祭祀、教牛马、造畜稠、会亲友、解除、馀事勿取,嫁娶、入宅、出行、动土、破土、安葬、行丧
2029-01-12,满,天刑,否,嫁娶、开光、解除、出火、拆卸、修造、进人口、入宅、移徙、安床、栽种、入殓、修坟、动土、除服、成服,作灶、安葬、祭祀、开市、纳采、订盟、纳畜、谢土、出行、探病
2029-01-13,平,朱雀,否,出行、起基、安床、纳财、交易、立券、嫁娶、栽种、入殓、移柩、安葬,挂匾、入宅、上梁、祈福、词讼、作梁、作灶、开池、安门、动土、破土、掘井
2029-01-14,定,金匮,是,平治道涂、馀事勿取,开光、嫁娶、开仓、出货财、造船、安葬、探病
2029-01-15,定,金匮,是,嫁娶、订盟、纳采、会亲友、祭祀、安机械、移徙、入宅、盖屋、安床、起基、定磉、安香、出火、挂匾、拆卸、置产,开市、出行、安葬、行丧
2029-01-16,执,天德,是,沐浴、捕捉、畋猎、理发、整手足甲、入殓、除服、成服、破土、安葬、谢土、立碑、修坟、启钻,纳采、订盟、嫁娶、上梁、开市、斋醮、盖屋、安门
2029-01-17,破,白虎,否,祭祀、破屋、坏垣、馀事勿取,斋醮、嫁娶、开市
2029-01-18,危,玉堂,是,沐浴、开仓、出货财、开市、交易、立券、纳财、栽种、纳畜、牧养、畋猎、入殓、破土、安葬,祈福、嫁娶、安床、入宅、造船
2029-01-19,成,天牢,是,祭祀、沐浴、补垣、塞穴、断蚁、解除、馀事勿取,造庙、入宅、修造、安葬、行丧、嫁娶
2029-01-20,收,玄武,否,嫁娶、纳采、订盟、问名、祭祀、冠笄、裁衣、会亲友、进人口、纳财、捕捉、作灶,开市、安床、安葬、修坟
2029-01-21,开,司命,是,订盟、纳采、会亲友、祭祀、斋醮、沐浴、塑绘、出火、开光、竖柱、上梁、开市、交易、立券、作梁、开柱眼、伐木、架马、安门、安床、拆卸、牧养、造畜稠、掘井,造庙、嫁娶、出行、动土、安葬、行丧
2029-01-22,闭,勾陈,否,交易、立券、纳财、安床、裁衣、造畜稠、安葬、谢土、启钻、除服、成服、修坟、立碑、移柩、入殓,开光、嫁娶、开市、动土、破土
2029-01-23,建,青龙,否,祭祀、解除、教牛马、会亲友、馀事勿取,破土、动土、安葬
2029-01-24,除,明堂,是,纳采、订盟、移徙、纳财、开市、交易、立券、入宅、会亲友、解除、求医、治病、入学、安床、安门、安香、出火、拆卸、扫舍、挂匾、开生坟、合寿木、破土、修坟、启钻、入殓,探病、祭祀、出行、上梁、盖屋、谢土、安葬
2029-01-25,满,天刑,否,嫁娶、订盟、纳采、祭祀、祈福、求嗣、会亲友、解除、出行、入学、纳财、开市、交易、立券、习艺、经络、安床、开仓、出货财、纳畜、安葬、启钻、修坟、入殓,入宅、开光、动土
2029-01-26,平,朱雀,否,祭祀、冠笄、嫁娶、会亲友、进人口、裁衣、结网、平治道涂,移徙、入宅、造庙、作灶、治病、安葬
2029-01-27,定,金匮,是,祭祀、安碓磑、结网、馀事勿取,嫁娶、安葬
2029-01-28,执,天德,是,嫁娶、祭祀、沐浴、裁衣、出行、理发、移徙、捕捉、畋猎、放水、入宅、除服、成服、启钻、安葬、移柩、入殓,盖屋、开市、动土、破土
2029-01-29,破,白虎,否,破屋、坏垣、馀事勿取,嫁娶、开市、安葬
2029-01-30,危,玉堂,是,纳采、订盟、祭祀、求嗣、出火、塑绘、裁衣、会亲友、入学、拆卸、扫舍、造仓、挂匾、掘井、开池、结网、栽种、纳畜、破土、修坟、立碑、安葬、入殓,祈福、嫁娶、造庙、安床、谢土
2029-01-31,成,天牢,是,入殓、除服、成服、移柩、启钻、安葬、修坟、立碑,开市、伐木、嫁娶、作梁
2029-02-01,收,玄武,否,祭祀、作灶、入殓、除服、馀事勿取,开市、安床
2029-02-02,开,司命,是,塑绘、开光、沐浴、冠笄、会亲友、作灶、放水、造畜稠,嫁娶、入殓、安葬、出行
2029-02-03,闭,勾陈,否,嫁娶、祭祀、开光、祈福、求嗣、出行、开市、交易、立券、动土、纳财、掘井、会亲友,入宅、安葬、伐木、作梁、纳畜、造畜稠、作灶
2029-02-04,建,青龙,否,祭祀、祈福、求嗣、纳畜、入殓、启钻、谢土、除服、成服,栽种、开光、出行、针灸、嫁娶、入宅、动土、破土
2029-02-05,除,明堂,是,开光、解除、伐木、竖柱、上梁、交易、立券、纳畜、入殓、移柩、安葬,入宅、出行、移徙、祭祀、嫁娶、动土、破土、作灶
2029-02-06,满,天刑,否,祭祀、祈福、求嗣、开光、嫁娶、出行、解除、伐木、拆卸、进人口、安床、动土、起基、上梁、栽种、纳畜、破土、谢土、启钻、安葬,移徙、入宅、出火、作灶、掘井
2029-02-07,平,朱雀,否,会亲友、冠笄、安床、安机械、祭祀、祈福、求嗣、经络,嫁娶、开市、动土、作灶、安葬
2029-02-08,定,金匮,是,作灶、解除、平治道涂、馀事勿取,祭祀、祈福、安葬、安门
2029-02-09,执,天德,是,嫁娶、祭祀、冠笄、修饰垣墙、置产,经络、探病、盖屋、作灶、动土
2029-02-10,破,白虎,否,纳采、嫁娶、祭祀、祈福、出行、修造、动土、移徙、入宅、安葬、破土,开市、斋醮
2029-02-11,危,玉堂,是,祭祀、沐浴、解除、理发、扫舍、破屋、坏垣、馀事勿取,嫁娶、安葬
2029-02-12,成,天牢,是,纳采、订盟、祭祀、祈福、安香、出火、修造、出行、开市、移徙、入宅、动土、安葬、破土,安床、作灶、造船、会亲友
2029-02-13,成,天牢,是,塞穴、结网、取渔、畋猎,嫁娶、安门、移徙、入宅、安葬
2029-02-14,收,玄武,否,纳采、祭祀、祈福、出行、会亲友、修造、动土、移徙、入宅,嫁娶、开市、安葬、破土
2029-02-15,开,司命,是,纳采、嫁娶、祭祀、祈福、出行、开市、会亲友、动土、破土、启钻,移徙、入宅、出火、安门、安葬
2029-02-16,闭,勾陈,否,祭祀、祈福、求嗣、斋醮、入殓、除服、成服、移柩、安葬、启钻,嫁娶、动土、开光、盖屋、破土
2029-02-17,建,青龙,否,纳采、会亲友、竖柱、上梁、立券、入殓、移柩、安葬、启钻,祭祀、移徙、入宅、动土、破土
2029-02-18,除,明堂,是,祭祀、祈福、斋醮、出行、开市、立券、动土、移徙、入宅、破土、安葬,开光、嫁娶、作灶、掘井、纳畜
2029-02-19,满,天刑,否,会亲友、求嗣、理发、冠笄、结网、捕捉、开光,开市、动土、安葬、破土
2029-02-20,平,朱雀,否,祭祀、平治道涂、馀事勿取,嫁娶、祈福、掘井、安葬
2029-02-21,定,金匮,是,祈福、求嗣、斋醮、纳采、嫁娶、伐木、修造、动土、移徙、入宅、造庙、安机械、开市、入殓、除服、成服、移柩、安葬、破土、谢土,置产、盖屋、合脊、开光、探病、安门、作灶
2029-02-22,执,天德,是,入学、习艺、出行、纳采、订盟、嫁娶、会亲友、进人口、牧养、捕捉、入殓、移柩、安葬、启钻,开光、开市、入宅、动土、盖屋
2029-02-23,破,白虎,否,祭祀、沐浴、求医、治病、扫舍、破屋、坏垣、解除、馀事勿取,入宅、开市、安葬
2029-02-24,危,玉堂,是,祭祀、冠笄、嫁娶、拆卸、修造、动土、起基、上梁、盖屋、入宅、开市、开池、塞穴、入殓、除服、成服、移柩、安葬、破土,安床、栽种、治病、作灶
2029-02-25,成,天牢,是,祭祀、结网、入殓、除服、成服、移柩、安葬、破土,馀事勿取
2029-02-26,收,玄武,否,塑绘、开光、祈福、求嗣、订盟、纳采、裁衣、冠笄、拆卸、修造、动土、起基、安门、安床、移徙、造仓、结网、纳畜,伐木、作灶、安葬、取渔、入宅
2029-02-27,开,司命,是,祭祀、沐浴、开光、塑绘、祈福、求嗣、订盟、纳采、冠笄、裁衣、嫁娶、动土、除服、成服、移柩、破土、启钻、出行、安碓磑、放水、开市、立券、交易,安葬、上梁、入宅、作灶
2029-02-28,闭,勾陈,否,祭祀、祈福、求嗣、酬神、裁衣、安床、立券、交易、入殓、除服、成服、移柩、谢土、启钻,出行、嫁娶、入宅、动土
2029-03-01,建,青龙,否,裁衣、合帐、入殓、除服、成服、会亲友、纳财,祭祀、祈福、移徙、嫁娶、入宅
2029-03-02,除,明堂,是,祭祀、斋醮、裁衣、合帐、冠笄、订盟、纳采、嫁娶、入宅、安香、谢土、入殓、移柩、破土、立碑、会亲友、出行、祈福、求嗣、上梁、放水,掘井
2029-03-03,满,天刑,否,安床、合帐、入宅、问名、纳采、求嗣、祭祀、开仓,斋醮、作灶、安葬
2029-03-04,平,朱雀,否,作灶、平治道涂,祭祀、祈福、安葬、安门、馀事勿取
2029-03-05,定,金匮,是,祭祀、祈福、嫁娶、冠笄、修饰垣墙、置产、平治道涂,开仓、出货财、盖屋、作灶、开市、交易、立券、栽种
2029-03-06,执,天德,是,嫁娶、祭祀、开光、祈福、求嗣、出行、出火、进人口、入宅、移徙、安床、拆卸、修造、安门、挂匾、纳财、扫舍,动土、伐木、安葬、行丧
2029-03-07,破,白虎,否,嫁娶、开光、祭祀、祈福、求嗣、出行、出火、入宅、移徙、解除、栽种、伐木、破土、谢土、安葬,开市、交易、作灶、纳财、上梁、安床、盖屋、造船
2029-03-08,危,玉堂,是,破屋、坏垣、求医、治病、馀事勿取,开光、嫁娶
2029-03-09,成,天牢,是,纳采、交易、立券、安床、安机械、安葬、移柩、动土、破土、立碑,嫁娶、开光、作灶
2029-03-10,收,玄武,否,祭祀、祈福、求嗣、斋醮、沐浴、开光、理发、经络、解除、治病、立碑、栽种、牧养、掘井、开池,嫁娶、定磉、合寿木、安葬、行丧
2029-03-11,开,司命,是,纳财、交易、立券、栽种、捕捉、结网、取渔、进人口、教牛马、理发,入宅、盖屋、竖柱、安葬
2029-03-12,闭,勾陈,否,嫁娶、订盟、纳采、祭祀、祈福、出行、修造、动土、移徙、入宅、破土、出火、安门、安床、上梁、立碑、移柩,开市、交易、合帐、安葬
2029-03-13,建,青龙,否,冠笄、立券、交易、修造、动土、安机械、入殓、安葬、破土,嫁娶、祈福、出火、入宅
2029-03-14,除,明堂,是,祭祀、会亲友、出行、立券、交易、冠笄、纳财,嫁娶、动土、掘井、起基、定磉、破土
2029-03-15,除,明堂,是,祭祀、沐浴、解除、扫舍、塞穴、牧养,嫁娶、安葬、行丧、安门
2029-03-16,满,天刑,否,纳财、开市、交易、立券、开光、针灸、会亲友、理发、安床、造仓、结网,移徙、入宅、栽种
2029-03-17,平,朱雀,否,嫁娶、冠笄、会亲友、安机械、纳财、交易、立券、置产,开市、盖屋、治病、作灶
2029-03-18,定,金匮,是,嫁娶、造车器、纳采、订盟、祭祀、祈福、安机械、移徙、入宅、开市、立券、破土、安葬,纳畜、理发、合寿木
2029-03-19,执,天德,是,祈福、斋醮、出行、移徙、入宅、修造、动土、破土、安葬,纳采、开光、安床、嫁娶、开市
2029-03-20,破,白虎,否,破屋、坏垣、馀事勿取,嫁娶、移徙、开市、入宅
2029-03-21,危,玉堂,是,嫁娶、冠笄、祭祀、出行、会亲友、修造、动土、入殓、破土,塑绘、开光、造桥、除服、成服
2029-03-22,成,天牢,是,开光、求嗣、出行、纳采、冠笄、出火、拆卸、起基、修造、动土、上梁、移徙、造船、开市、交易、立券、纳财,祈福、嫁娶、安葬、破土
2029-03-23,收,玄武,否,理发、冠笄、嫁娶、进人口、栽种、捕捉、针灸,纳财、开市、安葬、破土
2029-03-24,开,司命,是,开光、祈福、求嗣、出行、解除、伐木、盖屋、起基、修造、架马、安门、移徙、入宅、造庙、除服、成服、移柩、谢土、纳畜、牧养,纳采、动土、开市、交易
2029-03-25,闭,勾陈,否,裁衣、经络、伐木、开柱眼、拆卸、修造、动土、上梁、合脊、合寿木、入殓、除服、成服、移柩、破土、安葬、启钻、修坟、立碑,祭祀、嫁娶、出行、掘井
2029-03-26,建,青龙,否,祭祀、会亲友、立券、交易、裁衣、合帐、嫁娶、冠笄、进人口,栽种、动土、安葬、掘井、修坟、探病
2029-03-27,除,明堂,是,扫舍、塞穴、馀事勿取,诸事不宜
2029-03-28,满,天刑,否,塑绘、开光、订盟、纳采、裁衣、合帐、冠笄、安机械、会亲友、纳财、开市、立券、交易、安床、竖柱、上梁、结网、栽种、解除、经络,作灶、出行、入宅、安葬
2029-03-29,平,朱雀,否,祭祀、嫁娶、纳婿、除服、成服、入殓、移柩,动土、作灶、入宅、开光、安床
2029-03-30,定,金匮,是,祈福、求嗣、开光、塑绘、斋醮、订盟、纳采、嫁娶、拆卸、安床、入宅、安香、移柩、修坟、安葬、谢土、栽种、解除、冠笄、裁衣、移徙、修造、动土、竖柱、放水、启钻、立碑,赴任
2029-03-31,执,天德,是,祭祀、解除、入殓、除服、成服、移柩、启钻、安葬、修坟、立碑、谢土、沐浴、扫舍、捕捉、取渔、结网、畋猎、理发,安床、嫁娶、作灶、入宅
2029-04-01,破,白虎,否,破屋、坏垣,诸事不宜
2029-04-02,危,玉堂,是,祭祀、出行、订盟、纳采、裁衣、合帐、冠笄、进人口、动土、安床、作灶、入殓、移柩、安葬、破土、结网、取渔、畋猎,作梁、造庙
2029-04-03,成,天牢,是,祭祀、开光、塑绘、订盟、纳采、合帐、冠笄、拆卸、动土、起基、上梁、入宅、安香、开市、立券、纳财、沐浴、求嗣、出火、竖柱、安门,造庙、嫁娶、伐木、安葬
2029-04-04,收,玄武,否,开市、交易、立券、挂匾、祭祀、开光、祈福、求嗣、安床、解除、修造、安葬,纳采、问名、订盟、嫁娶、入宅、开仓、出火、动土、破土、纳畜、伐木
2029-04-05,开,司命,是,祭祀、修门、取渔、纳财、纳畜、馀事勿取,嫁娶、入宅
2029-04-06,闭,勾陈,否,安香、出火、纳采、订盟、嫁娶、开市、立券、交易、挂匾、开光、出行、解除、安床、栽种、置产、拆卸、修造、动土,作灶、安葬、祭祀、入殓
2029-04-07,建,青龙,否,祭祀、出行、修造、动土、合帐、造畜稠、安床、移徙、入殓、移柩、破土、启钻、安葬、开生坟、合寿木、补垣、塞穴,入宅、作灶、理发、开光、安门
2029-04-08,除,明堂,是,祭祀、修饰垣墙、馀事勿取,开光、修造、动土、破土
2029-04-09,满,天刑,否,嫁娶、祭祀、祈福、求嗣、斋醮、开光、出火、移徙、入宅、竖柱、上梁、会亲友、盖屋、起基、治病、安门、造车器、掘井、开池,纳采、出行、修坟、安葬、开市、立券、作灶
2029-04-10,平,朱雀,否,祭祀、塑绘、开光、纳采、嫁娶、开市、出行、会亲友、安床、结网、除服、成服、启钻、安葬、移柩,祈福、入宅、盖屋、动土、破土、探病
2029-04-11,定,金匮,是,祭祀、作灶、平治道涂、馀事勿取,安床、入宅、安碓磑、栽种
2029-04-12,执,天德,是,祭祀、祈福、求嗣、斋醮、沐浴、纳畜、入殓、破土、安葬,移徙、入宅、嫁娶、出行、安床
2029-04-13,破,白虎,否,纳采、祭祀、祈福、求嗣、斋醮、出行、起基、盖屋、定磉、安门、入殓、安葬,嫁娶、开市、纳财、出火
2029-04-14,破,白虎,否,祭祀、沐浴、解除、求医、治病、破屋、坏垣、馀事勿取,祈福、斋醮、开市、安葬
2029-04-15,危,玉堂,是,沐浴、捕捉、畋猎、结网、取渔,祭祀、嫁娶、入宅、作灶、安葬
2029-04-16,成,天牢,是,祭祀、祈福、求嗣、斋醮、纳采、订盟、开光、竖柱、上梁、开仓、出货财、盖屋、起基、定磉、安门、诸事不宜、破土、入殓、启钻、谢土,出火、嫁娶、开市
2029-04-17,收,玄武,否,祭祀、捕捉、解除、馀事勿取,嫁娶、安葬
2029-04-18,开,司命,是,纳采、嫁娶、出行、开市、立券、纳畜、牧养、出火、移徙、入宅,祈福、动土、破土、安葬、入殓
2029-04-19,闭,勾陈,否,祭祀、祈福、求嗣、斋醮、冠笄、作灶、纳财、交易,开光、嫁娶、掘井、安葬、安门、探病
2029-04-20,建,青龙,否,祭祀、解除、教牛马、出行、馀事勿取,动土、破土、行丧、开光、作梁、安葬、探病
2029-04-21,除,明堂,是,沐浴、斋醮、解除、求医、治病、会亲友、造畜稠、栽种、理发、扫舍,开市、嫁娶、移徙、入宅、掘井、安葬
2029-04-22,满,天刑,否,求嗣、出行、解除、订盟、纳采、嫁娶、会亲友、进人口、安床、开市、交易、纳畜、牧养、入殓、除服、成服、移柩、安葬、启钻,祈福、修造、动土、破土、谢土
2029-04-23,平,朱雀,否,祭祀、作灶、平治道涂、馀事勿取,嫁娶、安葬、动土、安床、治病
2029-04-24,定,金匮,是,造车器、祭祀、祈福、求嗣、斋醮、开市、交易、安机械、雕刻、开光、盖屋、合脊、起基、定磉、安门、纳畜、安葬、开生坟、立碑、谢土,入宅、动土、开仓、出货财
2029-04-25,执,天德,是,祭祀、祈福、开光、求嗣、斋醮、纳采、订盟、求医、治病、起基、定磉、造船、取渔、解除、安葬、启钻、谢土、入殓,开市、动土、掘井、开池
2029-04-26,破,白虎,否,祭祀、沐浴、破屋、坏垣、求医、治病、解除、馀事勿取,嫁娶、开市、交易、入宅、安葬
2029-04-27,危,玉堂,是,诸事不宜,无
2029-04-28,成,天牢,是,祭祀、塑绘、开光、订盟、纳采、冠笄、裁衣、安机械、拆卸、修造、动土、安床、经络、开市,出火、入宅、安葬、伐木
2029-04-29,收,玄武,否,祭祀、馀事勿取,造庙、嫁娶、安床
2029-04-30,开,司命,是,订盟、纳采、嫁娶、进人口、会亲友、交易、立券、动土、除服、谢土、移柩、破土、启钻、赴任、出行、开市、纳财、栽种,入殓、安葬、入宅、安床
2029-05-01,闭,勾陈,否,祭祀、祈福、裁衣、合帐、安床、入殓、除服、成服、移柩、破土、启钻、安葬、谢土、立碑、造畜稠,掘井、安门、嫁娶、纳采
2029-05-02,建,青龙,否,祭祀、进人口、嫁娶、安床、解除、冠笄、出行、裁衣、扫舍,掘井、动土、破土、安葬、开光
2029-05-03,除,明堂,是,纳采、开光、求医、治病、动土、上梁、移徙、入宅,嫁娶、开市、安葬
2029-05-04,满,天刑,否,祭祀、会亲友、开市、安床、启钻、安葬,嫁娶、动土、破土
2029-05-05,平,朱雀,否,开光、纳采、裁衣、冠笄、安床、作灶、进人口、造仓、塞穴,嫁娶、栽种、修造、动土、出行、伐木、作梁、安葬、谢土
2029-05-06,定,金匮,是,纳采、嫁娶、裁衣、理发、出行、修造、动土、进人口、开市、交易、立券、挂匾、移徙、上梁、栽种、纳畜,伐木、安葬、安床、祭祀、祈福
2029-05-07,执,天德,是,开市、交易、立券、挂匾、祭祀、祈福、斋醮、出行、盖屋、起基、修造、动土、定磉、安床、安机械、安葬、破土、启钻、除服、成服、立碑,作灶、嫁娶、移徙、入宅、理发
2029-05-08,破,白虎,否,嫁娶、纳采、订盟、祭祀、祈福、求嗣、开光、出火、出行、拆卸、动土、修造、进人口、入宅、移徙、安床、解除、挂匾、栽种、破土、谢土、入殓、移柩、安葬,开市、立券、造船、合寿木
2029-05-09,危,玉堂,是,祭祀、沐浴、解除、破屋、坏垣、馀事勿取,开光、安葬
2029-05-10,成,天牢,是,订盟、纳采、嫁娶、解除、祭祀、祈福、求嗣、开光、出行、出火、拆卸、入宅、移徙、安床、栽种、纳畜、动土、破土、谢土、安葬、修坟,作灶、开市、经络
2029-05-11,收,玄武,否,祭祀、祈福、求嗣、开光、订盟、纳采、解除、动土、起基、进人口、开市、交易、立券、纳财、造仓、开池、栽种、纳畜、破土、安葬,安床、上梁、裁衣、入宅、嫁娶
2029-05-12,开,司命,是,祭祀、结网、捕捉、馀事勿取,探病、嫁娶、开市
2029-05-13,开,司命,是,祭祀、祈福、求嗣、开光、纳采、订盟、嫁娶、出行、动土、破土、会亲友、开市、交易、立券、习艺、拆卸、起基、安碓磑、放水、开池、造仓、开渠、栽种、谢土、启钻、修坟、立碑,入宅、安门、安葬
2029-05-14,闭,勾陈,否,嫁娶、冠笄、祭祀、出行、移徙、入宅、作灶、造车器、补垣、塞穴、开厕、破土、启钻、除服、成服、入殓,盖屋、造桥、安门、安葬、上梁
2029-05-15,建,青龙,否,祭祀、解除、断蚁、会亲友、馀事勿取,嫁娶、安葬
2029-05-16,除,明堂,是,嫁娶、纳采、订盟、祭祀、祈福、治病、造车器、修造、动土、移徙、入宅,开市、出行、安床、作灶、安葬
2029-05-17,满,天刑,否,嫁娶、纳采、订盟、会亲友、安机械、结网、冠笄、祭祀、求嗣、进人口、经络,开市、作灶、动土、行丧、安葬
2029-05-18,平,朱雀,否,祭祀、沐浴、移徙、破土、安葬、扫舍、平治道涂,祈福、嫁娶、入宅、安床、作灶
2029-05-19,定,金匮,是,祭祀、祈福、斋醮、求嗣、安机械、纳畜、移徙、入宅、塑绘、开光、起基、竖柱、上梁、作灶、安门、安香、出火、盖屋、启钻、安葬,动土、破土、嫁娶
2029-05-20,执,天德,是,嫁娶、纳采、订盟、斋醮、开光、祭祀、祈福、求医、治病、会亲友、动土、解除、捕捉、纳畜、牧养、入殓、破土、安葬,移徙、入宅、盖屋、架马
2029-05-21,破,白虎,否,祭祀、沐浴、解除、破屋、坏垣、馀事勿取,行丧、安葬
2029-05-22,危,玉堂,是,沐浴、扫舍、馀事勿取,斋醮、开市、嫁娶、作灶
2029-05-23,成,天牢,是,开市、交易、立券、安机械、会亲友、开光、求医、治病、盖屋、起基、修造、动土、定磉、竖柱、上梁、安门、作灶、放水、开厕、开池、栽种、牧养、造畜稠、破土、安葬、立碑,嫁娶、出火、移徙、入宅
2029-05-24,收,玄武,否,栽种、捕捉、畋猎、馀事勿取,开市、动土、祭祀、斋醮、安葬、探病
2029-05-25,开,司命,是,嫁娶、祭祀、祈福、求嗣、斋醮、订盟、纳采、解除、出行、动土、破土、习艺、针灸、理发、会亲友、起基、修造、竖柱、定磉、安床、拆卸、纳畜、牧养、放水、除服、成服、修坟、立碑,开市、入宅、探病、出火、盖屋
2029-05-26,闭,勾陈,否,馀事勿取,无
2029-05-27,建,青龙,否,塞穴、断蚁、结网、馀事勿取,破土、安葬
2029-05-28,除,明堂,是,开光、出行、纳采、嫁娶、伐木、架马、出火、拆卸、移徙、入宅、造庙、造桥、造船、造畜稠、开市、入殓、除服、成服、移柩、安葬,无
2029-05-29,满,天刑,否,进人口、牧养、置产、塞穴、结网、馀事勿取,诸事不宜
2029-05-30,平,朱雀,否,开光、出行、嫁娶,会亲友、进人口、修造、动土、起基、移徙、开市、纳畜、入殓、除服、成服、移柩、破土、安葬、修坟、立碑
2029-05-31,定,金匮,是,嫁娶、纳采、出行、祭祀、祈福、开市、动土、移徙、入宅、破土、安葬,安门
2029-06-01,执,天德,是,嫁娶、纳采、求医、治病、修造、动土、移徙、入宅、破土、安葬,开市、开光
2029-06-02,破,白虎,否,祭祀、破屋、坏垣、馀事勿取,诸事不宜
2029-06-03,危,玉堂,是,嫁娶、纳采、祭祀、祈福、出行、动土、上梁、移徙、入宅、破土、安葬,斋醮
2029-06-04,成,天牢,是,纳采、祭祀、祈福、开市、求医、治病、动土、纳畜,嫁娶、安葬
2029-06-05,收,玄武,否,开市、交易、立券、挂匾、开光、解除、拆卸、动土、安床、修造、上梁、置产、栽种、破土、安葬,作灶、出火、祭祀、嫁娶、入宅
2029-06-06,开,司命,是,祭祀、结网、馀事勿取,入宅、出行、掘井、安葬
2029-06-07,闭,勾陈,否,嫁娶、纳采、订盟、冠笄、造车器、祭祀、开光、祈福、求嗣、出行、解除、伐木、出火、入宅、拆卸、修造、动土、上梁、安床、栽种、破土,行丧、置产、安葬
2029-06-08,建,青龙,否,嫁娶、合帐、裁衣、冠笄、伐木、上梁、出火、拆卸、移徙、修造、动土、安门、纳财、筑堤、栽种、塞穴,安床、祈福、出行、安葬、行丧、开光
2029-06-09,除,明堂,是,出行、教牛马、割蜜、馀事勿取,斋醮、盖屋、动土、破土
2029-06-10,满,天刑,否,嫁娶、祭祀、祈福、求嗣、开光、出行、解除、出火、拆卸、修造、进人口、入宅、移徙、动土、安床、纳畜、栽种、纳财、交易、立券、挂匾、造畜稠,安葬、开生坟、行丧
2029-06-11,平,朱雀,否,安机械、祭祀、祈福、求嗣、沐浴、解除、纳采、开市、修造、竖柱、上梁、开柱眼、安碓磑、归岫、补垣、塞穴、拆卸、放水、出火、扫舍、开生坟、合寿木、安葬、谢土、启钻、除服、成服,嫁娶、安床、作灶、动土、破土、造船
2029-06-12,平,朱雀,否,祭祀、沐浴、理发、整手足甲、修饰垣墙、平治道涂、馀事勿取,开市、入宅、出行、修造、词讼
2029-06-13,定,金匮,是,嫁娶、纳采、祭祀、祈福、出行、立券、移徙、入宅、动土、破土、安葬,开光、作灶、盖屋、架马、开仓
2029-06-14,执,天德,是,纳采、订盟、冠笄、祭祀、祈福、斋醮、出行、修造、动土、移徙、入宅、安香、出火、拆卸、盖屋、起基、竖柱、上梁、定磉、安门、开池,嫁娶、开市、合寿木、安葬
2029-06-15,破,白虎,否,祭祀、沐浴、破屋、坏垣、馀事勿取,入宅、嫁娶、移徙
2029-06-16,危,玉堂,是,嫁娶、安机械、交易、出行、祭祀、祈福、求嗣、斋醮、塑绘、开光、合帐、裁衣、放水、开池、掘井,作灶、理发、造桥、行丧、安葬
2029-06-17,成,天牢,是,纳采、冠笄、求医、治病、开市、立券、修造、动土、安机械、破土、安葬,斋醮、祭祀、移徙、入宅、上梁、嫁娶
2029-06-18,收,玄武,否,祭祀、作灶、馀事勿取,开市、安葬、破土、修坟、掘井
2029-06-19,开,司命,是,祭祀、祈福、求嗣、斋醮、安香、解除、移徙、入宅、会亲友、求医、治病、动土、破土、开生坟、合寿木,合帐、上梁、经络、安葬、入殓
2029-06-20,闭,勾陈,否,嫁娶、冠笄、修造、动土、作灶、移徙、入宅、补垣、塞穴、纳畜、牧养、架马、起基、定磉、开池、造船,祈福、开光、掘井、开市、安葬
2029-06-21,建,青龙,否,祭祀、交易、纳财,斋醮、开渠、上梁、动土、破土
2029-06-22,除,明堂,是,嫁娶、订盟、纳采、冠笄、会亲友、安机械、造车器、祭祀、出行、纳财、入宅、安香、出火、入学、塑绘、开光、拆卸、起基、修造、动土、牧养、栽种、安门、开厕,行丧、伐木、作梁、作灶
2029-06-23,满,天刑,否,开光、求嗣、出行、冠笄、嫁娶、伐木、架马、开柱眼、修造、移徙、入宅、开市、交易、立券、安香、出火、挂匾、起基、开生坟、合寿木、入殓、除服、成服、移柩、安葬,安床、出货财、作灶、动土、破土
2029-06-24,平,朱雀,否,祭祀、沐浴、理发、嫁娶、作灶、整手足甲、扫舍、修饰垣墙、平治道涂,斋醮、出行、治病、合寿木
2029-06-25,定,金匮,是,安机械、移徙、入宅、出行、祭祀、祈福、斋醮、纳采、订盟、安香、出火、解除、会亲友、修造、动土、拆卸、起基、定磉、盖屋、安床、破土、安葬、入殓、立碑,开市、伐木、作梁、作灶
2029-06-26,执,天德,是,祭祀、沐浴、捕捉、结网、畋猎、取渔、馀事勿取,开市、交易、嫁娶、安葬、行丧
2029-06-27,破,白虎,否,破屋、坏垣、求医、治病、畋猎、馀事勿取,嫁娶、入宅
2029-06-28,危,玉堂,是,嫁娶、出行、安机械、祭祀、塑绘、开光、治病、经络、安床、结网、塞穴、破土、入殓,开市、安门、掘井、作灶
2029-06-29,成,天牢,是,订盟、纳采、会亲友、进人口、雕刻、拆卸、修造、动土、起基、开市、栽种、纳畜、牧养、入殓、除服、成服、移柩、破土、安葬,无
2029-06-30,收,玄武,否,祭祀、捕捉、取渔、修饰垣墙、馀事勿取,诸事不宜
2029-07-01,开,司命,是,嫁娶、纳采、祭祀、祈福、求医、治病、出行、动土、移徙、入宅,开市、安门
2029-07-02,闭,勾陈,否,裁衣、作灶、移徙、入宅、纳畜,嫁娶、安葬
2029-07-03,建,青龙,否,祭祀、入殓、移柩、启钻、安葬,上梁、动土、破土
2029-07-04,除,明堂,是,订盟、纳采、出行、祈福、斋醮、安床、会亲友,移徙、入宅、安葬
2029-07-05,满,天刑,否,嫁娶、纳采、出行、求医、治病、开市、移徙、入宅、启钻、安葬,动土、破土
2029-07-06,平,朱雀,否,嫁娶、祭祀、沐浴、扫舍、修饰垣墙,行丧、安葬
2029-07-07,定,金匮,是,祭祀、嫁娶、畋猎、结网,动土、破土、治病、开渠
2029-07-08,执,天德,是,纳采、订盟、会亲友、入学、祭祀、祈福、求嗣、开光、出行、解除、理发、动土、起基、开市、交易、立券、纳财、造仓、栽种、纳畜、牧养,嫁娶、作灶、出火、置产、入宅、安葬
2029-07-09,破,白虎,否,祭祀、祈福、解除、整手足甲、安床、沐浴、入殓、移柩、破土、启钻、安葬、谢土,嫁娶、斋醮、开市、出火、入宅、移徙、出行、作灶、安门、伐木
2029-07-10,危,玉堂,是,破屋、坏垣、解除、馀事勿取,嫁娶、安葬
2029-07-11,危,玉堂,是,嫁娶、开市、立券、移徙、入宅、安机械、会亲友、经络、安门、安床、挂匾、拆卸、开仓、出货财、开池、栽种、纳畜、牧养、破土、安葬、启钻、移柩、入殓、立碑,祭祀、祈福、探病、谢土、造桥
2029-07-12,成,天牢,是,嫁娶、订盟、纳采、祭祀、祈福、斋醮、开光、会亲友、求医、治病、盖屋、起基、竖柱、上梁、安门、安碓磑、筑堤、开池、破土、安葬、除服、成服,入宅、开市、掘井、词讼、合寿木
2029-07-13,收,玄武,否,纳采、订盟、嫁娶、移徙、入宅、出行、祭祀、祈福、斋醮、塑绘、开光、安香、出火、会亲友、解除、入学、竖柱、上梁、拆卸、盖屋、起基、栽种、牧养、纳畜,安葬、破土、开市、开仓、出货财、启钻
2029-07-14,开,司命,是,纳采、订盟、嫁娶、祭祀、沐浴、塑绘、开光、出火、治病、习艺、伐木、盖屋、竖柱、上梁、安床、作灶、安碓磑、挂匾、掘井、纳畜,出行、安葬、造桥
2029-07-15,闭,勾陈,否,祭祀、入殓、除服、成服、移柩、破土、启钻、安葬、塞穴、断蚁、结网,开市、入宅、嫁娶、开光、盖屋
2029-07-16,建,青龙,否,祭祀、修造、出行、盖屋、竖柱、造车器、教牛马、造畜稠、割蜜,动土、破土、掘井、安葬
2029-07-17,除,明堂,是,祭祀、沐浴、塑绘、开光、入学、解除、扫舍、治病、开池、牧养,嫁娶、出行、纳采、入宅、作灶
2029-07-18,满,天刑,否,纳财、开市、交易、立券、出行、祭祀、祈福、求嗣、开光、解除、扫舍、起基、竖柱、安床、移徙、开仓、出货财、补垣、塞穴、栽种、纳畜、牧养,斋醮、入宅、安门、安葬、破土、行丧
2029-07-19,平,朱雀,否,祭祀、修饰垣墙、平治道涂,开市、动土、破土、嫁娶、修造、安葬
2029-07-20,定,金匮,是,订盟、纳采、祭祀、祈福、开光、安香、出火、立券、安机械、移徙、入宅、竖柱、上梁、会亲友、安床、拆卸、挂匾、牧养、教牛马,嫁娶、安葬、行丧、破土、修坟
2029-07-21,执,天德,是,沐浴、理发、捕捉、入殓、移柩、破土、启钻、安葬,出火、嫁娶、入宅、作灶、上梁、动土
2029-07-22,破,白虎,否,求医、治病、破屋、坏垣、馀事勿取,嫁娶、出行
2029-07-23,危,玉堂,是,纳采、订盟、嫁娶、移徙、入宅、出行、开市、交易、立券、纳财、会亲友、安香、出火、拆卸、盖屋、起基、安床、作灶、挂匾、安葬、破土、启钻、立碑、入殓、移柩,祈福、上梁、开仓、掘井、牧养
2029-07-24,成,天牢,是,祭祀、祈福、斋醮、出行、纳采、订盟、安机械、出火、拆卸、修造、动土、起基、移徙、入宅、造庙、入殓、除服、成服、移柩、破土、安葬、谢土,嫁娶、开市、栽种、合寿木
2029-07-25,收,玄武,否,祭祀、进人口、纳财、纳畜、牧养、捕捉、馀事勿取,开市、入宅、安床、动土、安葬
2029-07-26,开,司命,是,祭祀、塑绘、开光、求医、治病、嫁娶、会亲友、放水、掘井、牧养、纳畜、开渠、安碓磑,盖屋、入宅、作灶、入学、安葬、行丧
2029-07-27,闭,勾陈,否,祭祀、塞穴、结网、畋猎、馀事勿取,移徙、开市、入宅、嫁娶、开光、安门
2029-07-28,建,青龙,否,开市、纳财、祭祀、塑绘、安机械、冠笄、会亲友、裁衣、开仓、经络、纳畜、造畜稠、教牛马、牧养,动土、破土、安葬、治病
2029-07-29,除,明堂,是,移徙、入宅、治病、会亲友、祭祀、祈福、斋醮、安香、嫁娶、盖屋、起基,开市、安床、出行、经络
2029-07-30,满,天刑,否,塑绘、出行、冠笄、嫁娶、进人口、裁衣、纳婿、造畜稠、交易、立券、牧养、开生坟、入殓、除服、成服、移柩、安葬、启钻,无
2029-07-31,平,朱雀,否,祭祀、冠笄、嫁娶、捕捉、结网、畋猎、取渔、馀事勿取,无
2029-08-01,定,金匮,是,沐浴、扫舍、馀事勿取,诸事不宜
2029-08-02,执,天德,是,纳采、祭祀、祈福、解除、动土、破土、安葬,嫁娶、移徙、入宅
2029-08-03,破,白虎,否,祭祀、破屋、坏垣、馀事勿取,诸事不宜
2029-08-04,危,玉堂,是,嫁娶、纳采、开市、出行、动土、上梁、移徙、入宅、破土、安葬,祭祀、祈福
2029-08-05,成,天牢,是,嫁娶、纳采、开市、出行、动土、上梁、移徙、入宅、破土、安葬,赴任
2029-08-06,收,玄武,否,祭祀、作灶、纳财、捕捉,开市、破土
2029-08-07,开,司命,是,嫁娶、祭祀、祈福、求嗣、裁衣、冠笄、经络、修造、进人口、安床、动土、竖柱、上梁、移徙、交易、立券、栽种、会亲友,行丧、安葬、出行、作梁、纳畜、伐木、造桥
2029-08-08,闭,勾陈,否,嫁娶、纳采、订盟、开光、祭祀、出行、理发、动土、安床、放水、开渠、栽种、进人口,入宅、上梁、入殓、盖屋、探病、作灶、安门、安葬、纳畜、伐木
2029-08-09,建,青龙,否,祭祀、出行、作梁、出火、拆卸、修造、动土、起基、安床、补垣、塞穴、入殓、破土、安葬、移柩、造畜稠,嫁娶、入宅、斋醮、开光、针灸、掘井
2029-08-10,建,青龙,否,嫁娶、纳采、订盟、祭祀、祈福、求嗣、出行、解除、竖柱、入宅、移徙、纳财、上梁、纳畜、入殓、安葬、启钻,栽种、掘井、动土、安床、破土、置产
2029-08-11,除,明堂,是,解除、祭祀、祈福、求嗣、修造、动土、竖柱、上梁、安床、纳畜、盖屋、合脊、起基、入殓、破土、安葬,出火、嫁娶、开光、进人口、出行、词讼、开市、入宅、移徙、赴任
2029-08-12,满,天刑,否,沐浴、理发、会亲友、塑绘、开光、栽种、牧养、嫁娶、经络、补垣、塞穴,开市、入宅、动土、破土、安葬、作灶、上梁、安床、开仓、祈福
2029-08-13,平,朱雀,否,祭祀、理发、作灶、沐浴、修饰垣墙、平治道涂,嫁娶、栽种、祈福、造桥、安葬、安门、伐木、作梁
2029-08-14,定,金匮,是,嫁娶、纳采、订盟、祭祀、祈福、斋醮、普渡、移徙、入宅、出行、安机械、开光、修造、动土、竖柱、上梁、盖屋、起基、定磉、安门、安葬、破土,开市、立券、置产、作灶、造桥
2029-08-15,执,天德,是,祭祀、普渡、捕捉、解除、结网、畋猎、入殓、破土、安葬,开市、交易、入宅、嫁娶
2029-08-16,破,白虎,否,沐浴、破屋、坏垣、馀事勿取,斋醮、开市
2029-08-17,危,玉堂,是,订盟、纳采、祭祀、祈福、安香、出火、开市、立券、入宅、挂匾、造桥、启钻、安葬,动土、破土、嫁娶、掘井、安床
2029-08-18,成,天牢,是,嫁娶、祭祀、祈福、斋醮、普渡、移徙、入宅、动土、治病、开市、交易、立券、开光、修造、造车器、安香、安床、捕捉、畋猎、结网,纳采、订盟、经络、行丧、安葬、探病
2029-08-19,收,玄武,否,嫁娶、订盟、纳采、作灶、冠笄、裁衣、会亲友、纳畜、牧养、安机械、开市、立券、纳财、安床,掘井、出行、破土、行丧、安葬
2029-08-20,开,司命,是,嫁娶、订盟、纳采、祭祀、斋醮、普渡、解除、出行、会亲友、开市、纳财、修造、动土、竖柱、上梁、开光、开仓、出货财、纳畜、牧养、开池、破土、启钻,出火、入宅、盖屋、安门、安葬
2029-08-21,闭,勾陈,否,嫁娶、普渡、祭祀、祈福、补垣、塞穴、断蚁、筑堤、入殓、除服、成服、安葬,动土、破土、掘井、开光、上梁、词讼
2029-08-22,建,青龙,否,嫁娶、冠笄、祭祀、沐浴、普渡、出行、纳财、扫舍、纳畜、赴任,开市、动土、破土、安床、开仓、上梁
2029-08-23,除,明堂,是,祭祀、沐浴、理发、整手足甲、冠笄、解除、入殓、移柩、破土、启钻、安葬,嫁娶、出行、入宅、开市、安门
2029-08-24,满,天刑,否,塑绘、冠笄、嫁娶、会亲友、进人口、经络、裁衣、栽种、纳畜、牧养、补垣、塞穴、捕捉,祈福、开市、动土、行丧、安葬
2029-08-25,平,朱雀,否,出行、沐浴、订盟、纳采、裁衣、竖柱、上梁、移徙、纳畜、牧养,嫁娶、安门、动土、安葬
2029-08-26,定,金匮,是,纳采、订盟、嫁娶、祭祀、祈福、普渡、开光、安香、出火、移徙、入宅、竖柱、修造、动土、上梁、起基、盖屋、安门、造庙、造桥、破土、启钻、安葬,开市、立券、纳财、作灶
2029-08-27,执,天德,是,祭祀、捕捉、畋猎、纳畜、牧养、入殓、除服、成服、移柩、破土、安葬、启钻,嫁娶、纳采、订盟、开市、入宅
2029-08-28,破,白虎,否,破屋、坏垣、治病、馀事勿取,行丧、安葬
2029-08-29,危,玉堂,是,祈福、斋醮、出行、冠笄、嫁娶、雕刻、开柱眼、入宅、造桥、开市、交易、立券、纳财、入殓、除服、成服、移柩、破土、安葬、启钻,动土、订盟、安床、开池
2029-08-30,成,天牢,是,祈福、求嗣、解除、订盟、纳采、动土、起基、放水、造仓、开市、纳畜、牧养、开生坟、入殓、除服、成服、移柩、破土、安葬,无
2029-08-31,收,玄武,否,塑绘、开光、解除、订盟、纳采、嫁娶、出火、修造、动土、移徙、入宅、拆卸、起基、安门、分居、开市、交易、立券、纳财、纳畜、牧养,无
2029-09-01,开,司命,是,祈福、出行、订盟、纳采、嫁娶、裁衣、动土、安床、放水、开市、掘井、交易、立券、栽种、开渠、除服、成服、移柩、破土,无
2029-09-02,闭,勾陈,否,嫁娶、祭祀、祈福、斋醮、作灶、移徙、入宅,动土、破土
2029-09-03,建,青龙,否,嫁娶、出行、纳畜、祭祀、入殓、启钻、安葬,作灶、动土、破土
2029-09-04,除,明堂,是,订盟、纳采、祭祀、祈福、修造、动土、上梁、破土、安葬,嫁娶、开市
2029-09-05,满,天刑,否,订盟、纳采、出行、会亲友、修造、上梁、移徙、入宅,开市、安葬
2029-09-06,平,朱雀,否,沐浴、修饰垣墙、平治道涂、馀事勿取,嫁娶、祈福
2029-09-07,定,金匮,是,祭祀、沐浴、修饰垣墙、平治道涂、馀事勿取,嫁娶、入宅、安床、出行
2029-09-08,定,金匮,是,开光、祈福、求嗣、斋醮、修造、动土、纳财、造仓、开厕、栽种、牧养、会亲友,作灶、出火、进人口、开渠、入宅、移徙、祭祀
2029-09-09,执,天德,是,开光、解除、拆卸、修造、动土、竖柱、安门、牧养、安葬、修坟、破土、移柩,出火、入宅、移徙、祈福、祭祀、安床、开市、嫁娶、探病
2029-09-10,破,白虎,否,破屋、坏垣、求医、治病、馀事勿取,移徙、入宅
2029-09-11,危,玉堂,是,嫁娶、纳采、订盟、祭祀、祈福、求嗣、开光、出行、出火、拆卸、修造、动土、进人口、入宅、移徙、安床、上梁、合脊、放水、掘井、破土、移柩、谢土、除服、成服,开市、开仓、安门、安葬
2029-09-12,成,天牢,是,嫁娶、纳采、订盟、祭祀、祈福、求嗣、开光、解除、进人口、入宅、移徙、出火、安床、开市、交易、立券、挂匾,安葬、纳畜、出行、行丧、伐木、栽种、造庙、造桥
2029-09-13,收,玄武,否,祭祀、冠笄、捕捉、馀事勿取,嫁娶、开市、盖屋、作梁、合寿木
2029-09-14,开,司命,是,祭祀、解除、结网、畋猎、取渔、会亲友、入学、移柩、启钻、除服、成服,开市、祈福、动土、破土、入殓、安葬、造船
2029-09-15,闭,勾陈,否,冠笄、沐浴、出行、修造、动土、移徙、入宅、破土、安葬,嫁娶、开市、祭祀、祈福、斋醮、纳采、修坟
2029-09-16,建,青龙,否,祭祀、出行,嫁娶、入宅、修造、动土、会亲友、破土
2029-09-17,除,明堂,是,嫁娶、订盟、纳采、祭祀、祈福、出行、修造、动土、移徙、入宅,针灸、伐木、作梁、造庙、行丧、安葬
2029-09-18,满,天刑,否,出行、开市、交易、立券、安机械、出火、上梁、移徙,嫁娶、安葬、动土、造桥
2029-09-19,平,朱雀,否,祭祀、沐浴、修饰垣墙、平治道涂、馀事勿取,斋醮、嫁娶、移徙、出行、上梁、入宅
2029-09-20,定,金匮,是,嫁娶、造车器、安机械、祭祀、祈福、开光、安香、出火、出行、开市、立券、修造、动土、移徙、入宅、破土、安葬,纳采、订盟、架马、词讼、开渠
2029-09-21,执,天德,是,沐浴、捕捉、入殓、除服、成服、破土、启钻、安葬,祭祀、嫁娶、安床、开市、入宅、探病、上梁
2029-09-22,破,白虎,否,馀事勿取,探病
2029-09-23,危,玉堂,是,订盟、纳采、祭祀、祈福、安香、出火、修造、动土、上梁、安门、起基、竖柱、定磉、开池、移徙、入宅、立券、破土,嫁娶、造庙、造桥、造船、作灶、安葬
2029-09-24,成,天牢,是,开光、求嗣、雕刻、嫁娶、订盟、纳采、出火、拆卸、修造、动土、起基、上梁、放水、移徙、入宅、造仓、造船、开市、开池、纳畜、牧养、挂匾,行丧、安葬、合寿木
2029-09-25,收,玄武,否,祭祀、嫁娶、捕捉,开光、动土、破土、开市、修造、入宅、安门
2029-09-26,开,司命,是,祭祀、普渡、解除、会亲友、捕捉、畋猎、启钻、除服、成服、移柩,嫁娶、开市、动土、掘井、开池、安葬
2029-09-27,闭,勾陈,否,出行、解除、冠笄、嫁娶、伐木、架马、开柱眼、修造、动土、移徙、入宅、开生坟、合寿木、入殓、移柩、破土、安葬、修坟,祭祀、祈福、开光、开市、安床
2029-09-28,建,青龙,否,祭祀、祈福、求嗣、出行、沐浴、交易、扫舍、教牛马,动土、作灶、行丧、安葬、修坟
2029-09-29,除,明堂,是,出行、解除、纳采、冠笄、雕刻、修造、动土、起基、上梁、合脊、安床、移徙、入宅、开市、栽种、开厕,造庙、安门、行丧、安葬
2029-09-30,满,天刑,否,开光、塑绘、出行、解除、冠笄、裁衣、挂匾、作灶、开市、开池、开厕、补垣、塞穴,无
2029-10-01,平,朱雀,否,祭祀、祈福、修饰垣墙、平治道涂、入殓、移柩,嫁娶、入宅、上梁、安门
2029-10-02,定,金匮,是,祭祀、会亲友、纳采、嫁娶、开光、塑绘、斋醮、安香、开市、立券、除服、成服、入殓、移柩、安葬、赴任、进人口、出行、裁衣、修造、动土、上梁、经络、交易,入宅、伐木
2029-10-03,执,天德,是,祭祀、冠笄、会亲友、拆卸、起基、除服、成服、移柩、启钻、安葬、沐浴、捕捉、开光、塑绘,作灶、入宅、嫁娶
2029-10-04,破,白虎,否,祭祀、沐浴、破屋、坏垣、馀事勿取,移徙、入宅、出行、栽种
2029-10-05,危,玉堂,是,祭祀、塑绘、开光、出行、解除、订盟、嫁娶、拆卸、起基、安床、入宅、开市、入殓、除服、成服、移柩、破土、谢土、挂匾、开柱眼、交易,造桥、冠笄、盖屋、掘井
2029-10-06,成,天牢,是,祭祀、会亲友、进人口、动土、上梁、开光、塑绘、冠笄、拆卸、起基、安床、开市、立券、赴任、经络,定磉、安葬
2029-10-07,收,玄武,否,祭祀、裁衣、冠笄、嫁娶、纳婿、会亲友、除服、成服、移柩、捕捉、进人口、入殓,移徙、入宅、作灶
2029-10-08,收,玄武,否,祭祀、冠笄、移徙、会亲友、纳财、理发、捕捉,嫁娶、开市、开池、开厕、破土
2029-10-09,开,司命,是,祭祀、祈福、求嗣、斋醮、开光、出行、嫁娶、求医、治病、动土、破土、入学、起基、扫舍、竖柱、上梁、开仓、出货财、置产、栽种、牧养、开生坟、谢土、立碑,安门、安床、裁衣、入宅、安葬
2029-10-10,闭,勾陈,否,嫁娶、裁衣、冠笄、合帐、祭祀、出行、安床、移徙、塞穴、入殓、破土、移柩、安葬,开市、栽种、置产、词讼、安门、掘井、开光
2029-10-11,建,青龙,否,祭祀、造车器、出行、修造、上梁、盖屋、安门、安床、造畜稠、教牛马,出货财、开仓、动土、破土、安葬、行丧、伐木、开渠、栽种
2029-10-12,除,明堂,是,祭祀、开光、出行、解除、伐木、作梁、出火、拆卸、入宅、移徙、安床、修造、造畜稠、扫舍,造庙、嫁娶、掘井、栽种、造桥、作灶、动土
2029-10-13,满,天刑,否,纳采、订盟、开市、交易、立券、会亲友、纳畜、牧养、问名、移徙、解除、开厕、入学、起基、安床、开仓、出货财、安葬、启钻、入殓、除服、成服,入宅、上梁、斋醮、出火、谢土
2029-10-14,平,朱雀,否,祭祀、平治道涂、馀事勿取,嫁娶、开市
2029-10-15,定,金匮,是,捕捉、畋猎、馀事勿取,开市、交易、祭祀、入宅、安葬
2029-10-16,执,天德,是,嫁娶、纳采、订盟、祭祀、祈福、求嗣、斋醮、开光、安香、出火、造庙、移徙、出行、入宅、起基、竖柱、上梁、安床、纳畜、捕捉、纳婿、安葬,开市、破土、掘井、合寿木
2029-10-17,破,白虎,否,祭祀、沐浴、解除、破屋、坏垣、馀事勿取,开市、嫁娶
2029-10-18,危,玉堂,是,订盟、纳采、会亲友、交易、立券、纳财、栽种、纳畜、牧养,嫁娶、开市、入宅、祈福、安葬
2029-10-19,成,天牢,是,造车器、嫁娶、订盟、纳采、会亲友、祭祀、出行、开市、立券、移徙、入宅、破土、安葬,上梁、开光、盖屋、架马、合寿木
2029-10-20,收,玄武,否,祭祀、作灶、纳财、捕捉、畋猎、馀事勿取,动土、破土、开市、安葬
2029-10-21,开,司命,是,嫁娶、订盟、纳采、祭祀、祈福、出行、求医、治病、出火、移徙、入宅,开市、开仓、出货财、安床、安门、安葬
2029-10-22,闭,勾陈,否,冠笄、祭祀、沐浴、作灶、理发、整手足甲、扫舍、补垣、塞穴、入殓、破土、启钻,开光、嫁娶、会亲友、栽种、针灸、安葬
2029-10-23,建,青龙,否,纳采、订盟、嫁娶、祭祀、祈福、求嗣、置产、求医、治病、开市、交易、立券、会亲友、移徙、竖柱、上梁、盖屋、合脊、安门、放水、捕捉、纳畜,造庙、造船、动土、破土、安葬
2029-10-24,除,明堂,是,出行、造车器、造畜稠、解除、冠笄、裁衣、作梁、雕刻、会亲友、移徙、入宅、安机械、开市、扫舍,嫁娶、动土、破土、修坟
2029-10-25,满,天刑,否,沐浴、理发、冠笄、安床、开市、立券、会亲友、交易、纳财、结网、教牛马,移徙、入宅、出行、祈福、嫁娶
2029-10-26,平,朱雀,否,祭祀、造畜稠、修饰垣墙、平治道涂、馀事勿取,嫁娶、开市、安床、掘井
2029-10-27,定,金匮,是,捕捉、结网、入殓、除服、成服、移柩、破土、安葬、启钻、立碑,嫁娶、祭祀、入宅、盖屋、移徙
2029-10-28,执,天德,是,祭祀、祈福、求嗣、斋醮、造庙、出火、安机械、会亲友、开市、交易、立券、纳财、习艺、经络、求医、治病、开池、开厕、畋猎、结网、栽种、牧养、安葬、破土、启钻,开光、嫁娶、掘井、伐木、作梁
2029-10-29,破,白虎,否,破屋、坏垣、馀事勿取,诸事不宜
2029-10-30,危,玉堂,是,会亲友、嫁娶、订盟、纳采、纳婿、拆卸、修造、动土、起基、竖柱、上梁、安床、纳财,出行、祈福、安葬、作灶
2029-10-31,成,天牢,是,祭祀、塑绘、开光、祈福、斋醮、出行、订盟、纳采、裁衣、嫁娶、拆卸、修造、安床、入宅、安香、入殓、启钻、安葬、谢土、赴任、会亲友、进人口、移徙、上梁、经络、开市、交易、立券、纳财,开仓、冠笄、伐木、作梁
2029-11-01,收,玄武,否,祭祀、作灶、入殓、除服、成服、畋猎,栽种、动土、安葬、开市
2029-11-02,开,司命,是,祭祀、祈福、斋醮、沐浴、竖柱、订盟、纳采、嫁娶、拆卸、入宅、移柩、启钻、谢土、赴任、出火、纳畜,作灶、入殓、安葬、安床
2029-11-03,闭,勾陈,否,嫁娶、祭祀、安机械、入殓、破土、安葬,动土、上梁
2029-11-04,建,青龙,否,作灶、造畜稠,行丧、安葬
2029-11-05,除,明堂,是,沐浴、理发、入学、习艺、进人口,嫁娶、入宅
2029-11-06,除,明堂,是,开光、针灸、会亲友、启钻、安葬,开市、动土、破土
2029-11-07,满,天刑,否,祭祀、塑绘、理发、会亲友、牧养、开池、造畜稠、畋猎、结网,祈福、谢土、安葬、上梁、作灶、开市、嫁娶、出行、入宅、动土
2029-11-08,平,朱雀,否,出行、纳财、开市、交易、立券、动土、移徙、入宅、裁衣、会亲友、拆卸、进人口、安香、经络、出货财、修饰垣墙、平治道涂,造庙、谢土、作灶、作梁、伐木、安葬、行丧、修坟、探病
2029-11-09,定,金匮,是,嫁娶、纳采、订盟、祭祀、斋醮、开光、安香、出火、出行、拆卸、动土、祈福、进人口、纳财、交易、立券、移徙、安床、修造、安葬、除服、成服,置产、掘井、词讼、栽种
2029-11-10,执,天德,是,嫁娶、纳采、订盟、祭祀、开光、出行、解除、伐木、出火、入宅、移徙、拆卸、修造、栽种、安葬、入殓,破土、动土、安门、作灶、开市、交易
2029-11-11,破,白虎,否,祭祀、解除、破屋、坏垣、求医、治病、馀事勿取,嫁娶、安葬
2029-11-12,危,玉堂,是,祭祀、扫舍、破土、安葬、除服、成服、启钻、移柩、入殓、立碑、馀事勿取,嫁娶、入宅、修造、动土
2029-11-13,成,天牢,是,订盟、纳采、会亲友、祭祀、祈福、修造、动土、安机械、破土、安葬,嫁娶、移徙、出火、开市、入宅
2029-11-14,收,玄武,否,祭祀、沐浴、捕捉、畋猎、结网、扫舍,嫁娶、纳采、订盟、安床、动土、破土、安葬
2029-11-15,开,司命,是,开市、纳财、出行、祭祀、祈福、求嗣、斋醮、问名、入学、起基、定磉、置产、开渠、掘井、拆卸、栽种、纳畜、牧养、动土、破土、启钻,移徙、入宅、出火、入殓、安葬
2029-11-16,闭,勾陈,否,祭祀、理发、置产、塞穴、除服、成服、移柩、入殓、破土、安葬,嫁娶、入宅、安床、掘井、开光
2029-11-17,建,青龙,否,祭祀、沐浴、出行、馀事勿取,开市、动土、破土、行丧、安葬
2029-11-18,除,明堂,是,嫁娶、造车器、出行、会亲友、移徙、入宅、修造、动土、雕刻、开光、安香、出火、理发、盖屋、合脊、起基、归岫、安门、拆卸、扫舍、栽种、造畜稠,开市、纳采、造庙、安床、开渠、安葬
2029-11-19,满,天刑,否,塑绘、会亲友、安机械、塞穴、结网、裁衣、经络,嫁娶、开市、祈福、斋醮、安葬
2029-11-20,平,朱雀,否,纳采、移徙、纳财、开市、交易、立券、入宅、修造、动土、竖柱、起基、定磉、造庙、安香、出火、修饰垣墙、平治道涂、会亲友、出行、开池、开厕,开仓、盖屋、造桥、祭祀
2029-11-21,定,金匮,是,订盟、纳采、纳财、开市、立券、祭祀、祈福、移徙、入宅、出行、盖屋、起基、修造、动土、竖柱、上梁、安门、安香、出火、教牛马、会亲友、破土,嫁娶、安葬、掘井、置产、造船
2029-11-22,执,天德,是,嫁娶、订盟、纳采、祭祀、祈福、塑绘、开光、移徙、安床、伐木、作梁、捕捉、畋猎、结网、求医、治病、解除、安葬、除服、成服、移柩、入殓、立碑、谢土,开市、造庙、动土、破土
2029-11-23,破,白虎,否,破屋、坏垣、祭祀、馀事勿取,嫁娶、安葬
2029-11-24,危,玉堂,是,嫁娶、纳采、订盟、祭祀、冠笄、裁衣、伐木、作梁、架马、定磉、开柱眼、作灶、移徙、安床、畋猎、结网、开池、开厕、除服、成服、启钻、入殓、移柩、安葬,盖屋、造船、动土、破土
2029-11-25,成,天牢,是,纳采、订盟、祭祀、祈福、求嗣、斋醮、开光、会亲友、解除、入学、纳财、交易、立券、经络、起基、动土、定磉、开池、栽种、纳畜、牧养、破土、入殓、立碑、安葬,嫁娶、开市、入宅、出火、移徙
2029-11-26,收,玄武,否,捕捉、畋猎、会亲友、解除、入殓、除服、成服、移柩、馀事勿取,安床、安门、破土、修坟、安葬
2029-11-27,开,司命,是,祭祀、祈福、求嗣、斋醮、沐浴、冠笄、出行、理发、拆卸、解除、起基、动土、定磉、安碓磑、开池、掘井、扫舍、除服、成服、移柩、启钻、立碑、谢土,移徙、入宅、安门、作梁、安葬
2029-11-28,闭,勾陈,否,嫁娶、冠笄、安床、纳采、会亲友、塞穴、捕捉、置产、造畜稠,开光、掘井、安葬、谢土、修坟
2029-11-29,建,青龙,否,祭祀、沐浴、馀事勿取,诸事不宜
2029-11-30,除,明堂,是,祭祀、会亲友、嫁娶、沐浴、修造、动土、祈福、开光、塑绘、出行、订盟、纳采、裁衣、入殓、除服、成服、移柩、启钻、赴任、竖柱、上梁、纳财、扫舍、栽种、纳畜、伐木,入宅、作灶、安床、开仓
2029-12-01,满,天刑,否,理发、会亲友、补垣、塞穴、结网,嫁娶、入宅、安门、移徙
2029-12-02,平,朱雀,否,祭祀、祈福、订盟、纳采、裁衣、拆卸、修造、动土、起基、安床、移徙、入宅、安香、除服、成服、入殓、移柩、安葬、谢土、赴任、会亲友、进人口、出行、竖柱、上梁、经络、开市、交易、立券、纳财、开仓,作灶、治病、伐木、作梁
2029-12-03,定,金匮,是,祭祀、祈福、订盟、纳采、裁衣、拆卸、修造、动土、起基、安床、移徙、入宅、安香、入殓、移柩、安葬、谢土、赴任、进人口、会亲友,作灶、治病
2029-12-04,执,天德,是,祭祀、塑绘、开光、订盟、纳采、嫁娶、安床、进人口、入殓、除服、成服、移柩、启钻、安葬、立碑,开市、交易、破土、作灶
2029-12-05,执,天德,是,祭祀、解除、破屋、坏垣、馀事勿取,诸事不宜
2029-12-06,破,白虎,否,祭祀、解除、祈福、开光、塑绘、斋醮、订盟、纳采、裁衣、冠笄、拆卸、修造、动土、入殓、除服、成服、移柩、启钻、安床、赴任、出行、移徙、竖柱、上梁、伐木、栽种、破土、安葬、纳畜,盖屋、治病
2029-12-07,危,玉堂,是,安床、架马、祭祀、塑绘、开光、出行、理发、伐木、作梁、开柱眼、开厕、畋猎、破土、入殓、除服、成服、移柩、启钻、修坟、立碑,作灶、安门、造桥、开市、安葬
2029-12-08,成,天牢,是,嫁娶、祭祀、祈福、求嗣、开光、出行、解除、入宅、移徙、纳畜、入殓、破土、修坟、立碑,伐木、作梁、动土、安床、栽种、造桥
2029-12-09,收,玄武,否,祭祀、沐浴、理发、纳财、进人口、栽种、扫舍、捕捉、畋猎、结网,会亲友、安葬、入宅、移徙、安床、开市、行丧、出火、作灶、安门
2029-12-10,开,司命,是,纳采、订盟、祭祀、祈福、求嗣、塑绘、解除、拆卸、修造、动土、竖柱、上梁、安门、置产、开池、掘井、纳畜、安床、栽种、造畜稠、破土、移柩、立碑,嫁娶、开市、出火、进人口、入殓、赴任、入宅、移徙、出行、安葬
2029-12-11,闭,勾陈,否,入宅、移徙、出行、进人口、修造、动土、起基、上梁、安门、造仓、补垣、塞穴、造畜稠,嫁娶、开市、安床、栽种、安葬、祈福、开光、掘井
2029-12-12,建,青龙,否,造畜稠、教牛马,入宅、移徙、分居、作灶、出火、安香、动土、嫁娶、掘井、扫舍、造桥
2029-12-13,除,明堂,是,订盟、纳采、造车器、祭祀、祈福、出行、安香、修造、动土、上梁、开市、交易、立券、移徙、入宅、会亲友、安机械、栽种、纳畜、盖屋、起基、安床、造畜稠,破土、安葬、行丧、开生坟
2029-12-14,满,天刑,否,订盟、纳采、会亲友、安机械、开光、修造、动土、竖柱、上梁、盖屋、起基、造桥、栽种、纳畜、造畜稠、移柩、入殓、启钻、修坟、立碑、安葬,祈福、出火、嫁娶、入宅、开市、破土
2029-12-15,平,朱雀,否,祭祀、平治道涂、修坟、除服、成服、馀事勿取,移徙、入宅、嫁娶、掘井、安葬
2029-12-16,定,金匮,是,嫁娶、冠笄、祭祀、祈福、求嗣、雕刻、开光、安香、出行、入学、修造、动土、竖柱、上梁、盖屋、起基、安门、出火、移徙、入宅、掘井、造畜稠、安葬、破土、除服、成服,开市、纳采、订盟、作灶、造庙、造船、经络
2029-12-17,执,天德,是,嫁娶、订盟、纳采、祭祀、祈福、求嗣、斋醮、安香、出火、修造、起基、盖屋、合脊、安门、安碓磑、动土、上梁、移徙、入宅,出行、掘井、破土、行丧、安葬
2029-12-18,破,白虎,否,祭祀、沐浴、破屋、坏垣、馀事勿取,嫁娶、移徙、入宅、探病、出行、盖屋
2029-12-19,危,玉堂,是,冠笄、纳财、掘井、开池、出火、安床、交易、立券、畋猎、结网、理发、放水,安门、动土、破土、行丧、安葬、成服
2029-12-20,成,天牢,是,纳采、订盟、移徙、入宅、出行、安机械、会亲友、祭祀、祈福、斋醮、开光、安香、出火、解除、求医、针灸、治病、盖屋、起基、修造、安门、造船、纳畜、牧养、移柩、入殓、启钻、谢土、修坟、立碑,嫁娶、动土、安床、造桥、掘井
2029-12-21,收,玄武,否,祭祀、沐浴、作灶、纳财、捕捉、畋猎、安床、扫舍,开市、斋醮、破土、安葬
2029-12-22,开,司命,是,祈福、斋醮、纳采、订盟、解除、架马、开柱眼、修造、动土、起基、上梁、归岫、盖屋、合脊、掘井、除服、成服、破土、栽种,移徙、开市、入宅、安葬
2029-12-23,闭,勾陈,否,纳采、订盟、祭祀、沐浴、冠笄、合帐、裁衣、修造、动土、拆卸、移徙、入宅、安门、开仓、筑堤、开厕、栽种、纳畜、补垣、塞穴,嫁娶、祈福、开光、掘井、安葬、行丧
2029-12-24,建,青龙,否,合帐、裁衣、教牛马、馀事勿取,入宅、动土、破土、嫁娶、作灶、造船
2029-12-25,除,明堂,是,纳采、订盟、嫁娶、祭祀、祈福、安香、出火、出行、会亲友、经络、求医、治病、解除、拆卸、起基、修造、动土、定磉、扫舍、栽种、牧养、造畜稠,斋醮、作梁、掘井、行丧、安葬
2029-12-26,满,天刑,否,纳财、开市、交易、立券、会亲友、进人口、经络、祭祀、祈福、安香、出火、求医、治病、修造、动土、拆卸、扫舍、安床、栽种、牧养、开生坟、合寿木、入殓、安葬、启钻,嫁娶、移徙、入宅
2029-12-27,平,朱雀,否,祭祀、入殓、移柩、馀事勿取,入宅、修造、动土、破土、安门、上梁
2029-12-28,定,金匮,是,塑绘、开光、订盟、纳采、裁衣、冠笄、拆卸、修造、安床、入宅、出火、安葬、谢土、赴任,掘井、伐木、斋醮、作灶
2029-12-29,执,天德,是,祭祀、塑绘、开光、裁衣、冠笄、嫁娶、纳采、拆卸、修造、动土、竖柱、上梁、安床、移徙、入宅、安香、结网、捕捉、畋猎、伐木、进人口、放水,出行、安葬、修坟、开市
2029-12-30,破,白虎,否,祭祀、求医、破屋、坏垣、馀事勿取,诸事不宜
2029-12-31,危,玉堂,是,祭祀、祈福、斋醮、出行、冠笄、安机械、移徙、入宅、安香、安床、除服、成服、移柩、启钻,开光、栽种、治病、安门、作灶
2030-01-01,成,天牢,是,塑绘、斋醮、出行、拆卸、解除、修造、移徙、造船、入殓、除服、成服、移柩、启钻、修坟、立碑、谢土,无
2030-01-02,收,玄武,否,祭祀、沐浴、安床、纳财、畋猎、捕捉,开市、破土
2030-01-03,开,司命,是,订盟、纳采、祭祀、祈福、修造、动土、上梁、破土,嫁娶、作灶
2030-01-04,开,司命,是,出行、沐浴、理发、补垣、塞穴,入宅、安葬
2030-01-05,闭,勾陈,否,祭祀、祈福、求嗣、沐浴、问名、交易、纳财、入殓、移柩、安葬、修坟、立碑、谢土、造畜稠、教牛马,入宅、置产、嫁娶、动土、栽种、开市、开光、破土
2030-01-06,建,青龙,否,祭祀、教牛马、造畜稠、会亲友、解除、馀事勿取,嫁娶、入宅、出行、动土、破土、安葬、行丧
2030-01-07,除,明堂,是,嫁娶、开光、解除、出火、拆卸、修造、进人口、入宅、移徙、安床、栽种、入殓、修坟、动土、除服、成服,作灶、安葬、祭祀、开市、纳采、订盟、纳畜、谢土、出行、探病
2030-01-08,满,天刑,否,出行、起基、安床、纳财、交易、立券、嫁娶、栽种、入殓、移柩、安葬,挂匾、入宅、上梁、祈福、词讼、作梁、作灶、开池、安门、动土、破土、掘井
2030-01-09,平,朱雀,否,平治道涂、馀事勿取,开光、嫁娶、开仓、出货财、造船、安葬、探病
2030-01-10,定,金匮,是,嫁娶、订盟、纳采、会亲友、祭祀、安机械、移徙、入宅、盖屋、安床、起基、定磉、安香、出火、挂匾、拆卸、置产,开市、出行、安葬、行丧
2030-01-11,执,天德,是,沐浴、捕捉、畋猎、理发、整手足甲、入殓、除服、成服、破土、安葬、谢土、立碑、修坟、启钻,纳采、订盟、嫁娶、上梁、开市、斋醮、盖屋、安门
2030-01-12,破,白虎,否,祭祀、破屋、坏垣、馀事勿取,斋醮、嫁娶、开市
2030-01-13,危,玉堂,是,沐浴、开仓、出货财、开市、交易、立券、纳财、栽种、纳畜、牧养、畋猎、入殓、破土、安葬,祈福、嫁娶、安床、入宅、造船
2030-01-14,成,天牢,是,祭祀、沐浴、补垣、塞穴、断蚁、解除、馀事勿取,造庙、入宅、修造、安葬、行丧、嫁娶
2030-01-15,收,玄武,否,嫁娶、纳采、订盟、问名、祭祀、冠笄、裁衣、会亲友、进人口、纳财、捕捉、作灶,开市、安床、安葬、修坟
2030-01-16,开,司命,是,订盟、纳采、会亲友、祭祀、斋醮、沐浴、塑绘、出火、开光、竖柱、上梁、开市、交易、立券、作梁、开柱眼、伐木、架马、安门、安床、拆卸、牧养、造畜稠、掘井,造庙、嫁娶、出行、动土、安葬、行丧
2030-01-17,闭,勾陈,否,交易、立券、纳财、安床、裁衣、造畜稠、安葬、谢土、启钻、除服、成服、修坟、立碑、移柩、入殓,开光、嫁娶、开市、动土、破土
2030-01-18,建,青龙,否,祭祀、解除、教牛马、会亲友、馀事勿取,破土、动土、安葬
2030-01-19,除,明堂,是,纳采、订盟、移徙、纳财、开市、交易、立券、入宅、会亲友、解除、求医、治病、入学、安床、安门、安香、出火、拆卸、扫舍、挂匾、开生坟、合寿木、破土、修坟、启钻、入殓,探病、祭祀、出行、上梁、盖屋、谢土、安葬
2030-01-20,满,天刑,否,嫁娶、订盟、纳采、祭祀、祈福、求嗣、会亲友、解除、出行、入学、纳财、开市、交易、立券、习艺、经络、安床、开仓、出货财、纳畜、安葬、启钻、修坟、入殓,入宅、开光、动土
2030-01-21,平,朱雀,否,祭祀、冠笄、嫁娶、会亲友、进人口、裁衣、结网、平治道涂,移徙、入宅、造庙、作灶、治病、安葬
2030-01-22,定,金匮,是,祭祀、安碓磑、结网、馀事勿取,嫁娶、安葬
2030-01-23,执,天德,是,嫁娶、祭祀、沐浴、裁衣、出行、理发、移徙、捕捉、畋猎、放水、入宅、除服、成服、启钻、安葬、移柩、入殓,盖屋、开市、动土、破土
2030-01-24,破,白虎,否,破屋、坏垣、馀事勿取,嫁娶、开市、安葬
2030-01-25,危,玉堂,是,纳采、订盟、祭祀、求嗣、出火、塑绘、裁衣、会亲友、入学、拆卸、扫舍、造仓、挂匾、掘井、开池、结网、栽种、纳畜、破土、修坟、立碑、安葬、入殓,祈福、嫁娶、造庙、安床、谢土
2030-01-26,成,天牢,是,入殓、除服、成服、移柩、启钻、安葬、修坟、立碑,开市、伐木、嫁娶、作梁
2030-01-27,收,玄武,否,祭祀、作灶、入殓、除服、馀事勿取,开市、安床
2030-01-28,开,司命,是,塑绘、开光、沐浴、冠笄、会亲友、作灶、放水、造畜稠,嫁娶、入殓、安葬、出行
2030-01-29,闭,勾陈,否,祭祀、沐浴、祈福、斋醮、订盟、纳采、裁衣、拆卸、起基、竖柱、上梁、安床、入殓、除服、成服、移柩、启钻、挂匾、求嗣、出行、合帐、造畜稠,开仓、嫁娶、移徙、入宅
2030-01-30,建,青龙,否,祭祀、解除、馀事勿取,诸事不宜
2030-01-31,除,明堂,是,沐浴、解除、订盟、纳采、裁衣、冠笄、拆卸、修造、动土、移徙、入宅、除服、成服、移柩、破土、启钻、安葬、扫舍、修坟、伐木、纳财、交易、立券,作灶、祭祀、上梁、出行
2030-02-01,满,天刑,否,出行、嫁娶、订盟、纳采、入殓、安床、启钻、安葬、祭祀、裁衣、会亲友、进人口,无
2030-02-02,平,朱雀,否,修饰垣墙、平治道涂、入殓、移柩、馀事勿取,嫁娶、移徙、入宅、开光
2030-02-03,平,朱雀,否,会亲友、纳采、进人口、修造、动土、竖柱、上梁、祭祀、开光、塑绘、祈福、斋醮、嫁娶、安床、移徙、入宅、安香、纳畜,出行、治病、安葬、开市
2030-02-04,定,金匮,是,嫁娶、祭祀、冠笄、修饰垣墙、置产,经络、探病、盖屋、作灶、动土
2030-02-05,执,天德,是,纳采、嫁娶、祭祀、祈福、出行、修造、动土、移徙、入宅、安葬、破土,开市、斋醮
2030-02-06,破,白虎,否,祭祀、沐浴、解除、理发、扫舍、破屋、坏垣、馀事勿取,嫁娶、安葬
2030-02-07,危,玉堂,是,纳采、订盟、祭祀、祈福、安香、出火、修造、出行、开市、移徙、入宅、动土、安葬、破土,安床、作灶、造船、会亲友
2030-02-08,成,天牢,是,塞穴、结网、取渔、畋猎,嫁娶、安门、移徙、入宅、安葬
2030-02-09,收,玄武,否,纳采、祭祀、祈福、出行、会亲友、修造、动土、移徙、入宅,嫁娶、开市、安葬、破土
2030-02-10,开,司命,是,纳采、嫁娶、祭祀、祈福、出行、开市、会亲友、动土、破土、启钻,移徙、入宅、出火、安门、安葬
2030-02-11,闭,勾陈,否,祭祀、祈福、求嗣、斋醮、入殓、除服、成服、移柩、安葬、启钻,嫁娶、动土、开光、盖屋、破土
2030-02-12,建,青龙,否,纳采、会亲友、竖柱、上梁、立券、入殓、移柩、安葬、启钻,祭祀、移徙、入宅、动土、破土
2030-02-13,除,明堂,是,祭祀、祈福、斋醮、出行、开市、立券、动土、移徙、入宅、破土、安葬,开光、嫁娶、作灶、掘井、纳畜
2030-02-14,满,天刑,否,会亲友、求嗣、理发、冠笄、结网、捕捉、开光,开市、动土、安葬、破土
2030-02-15,平,朱雀,否,祭祀、平治道涂、馀事勿取,嫁娶、祈福、掘井、安葬
2030-02-16,定,金匮,是,祈福、求嗣、斋醮、纳采、嫁娶、伐木、修造、动土、移徙、入宅、造庙、安机械、开市、入殓、除服、成服、移柩、安葬、破土、谢土,置产、盖屋、合脊、开光、探病、安门、作灶
2030-02-17,执,天德,是,入学、习艺、出行、纳采、订盟、嫁娶、会亲友、进人口、牧养、捕捉、入殓、移柩、安葬、启钻,开光、开市、入宅、动土、盖屋
2030-02-18,破,白虎,否,祭祀、沐浴、求医、治病、扫舍、破屋、坏垣、解除、馀事勿取,入宅、开市、安葬
2030-02-19,危,玉堂,是,祭祀、冠笄、嫁娶、拆卸、修造、动土、起基、上梁、盖屋、入宅、开市、开池、塞穴、入殓、除服、成服、移柩、安葬、破土,安床、栽种、治病、作灶
2030-02-20,成,天牢,是,祭祀、结网、入殓、除服、成服、移柩、安葬、破土,馀事勿取
2030-02-21,收,玄武,否,塑绘、开光、祈福、求嗣、订盟、纳采、裁衣、冠笄、拆卸、修造、动土、起基、安门、安床、移徙、造仓、结网、纳畜,伐木、作灶、安葬、取渔、入宅
2030-02-22,开,司命,是,祭祀、沐浴、开光、塑绘、祈福、求嗣、订盟、纳采、冠笄、裁衣、嫁娶、动土、除服、成服、移柩、破土、启钻、出行、安碓磑、放水、开市、立券、交易,安葬、上梁、入宅、作灶
2030-02-23,闭,勾陈,否,祭祀、祈福、求嗣、酬神、裁衣、安床、立券、交易、入殓、除服、成服、移柩、谢土、启钻,出行、嫁娶、入宅、动土
2030-02-24,建,青龙,否,裁衣、合帐、入殓、除服、成服、会亲友、纳财,祭祀、祈福、移徙、嫁娶、入宅
2030-02-25,除,明堂,是,祭祀、斋醮、裁衣、合帐、冠笄、订盟、纳采、嫁娶、入宅、安香、谢土、入殓、移柩、破土、立碑、会亲友、出行、祈福、求嗣、上梁、放水,掘井
2030-02-26,满,天刑,否,安床、合帐、入宅、问名、纳采、求嗣、祭祀、开仓,斋醮、作灶、安葬
2030-02-27,平,朱雀,否,作灶、平治道涂,祭祀、祈福、安葬、安门、馀事勿取
2030-02-28,定,金匮,是,塑绘、开光、酬神、斋醮、订盟、纳采、裁衣、合帐、拆卸、动土、上梁、安床、安香、造庙、挂匾、会亲友、进人口、出行、修造、纳财、伐木、放水、出火、纳畜、沐浴、安门,盖屋、栽种、安葬、作灶
2030-03-01,执,天德,是,祭祀、祈福、酬神、订盟、纳采、冠笄、裁衣、合帐、嫁娶、安床、移徙、入宅、安香、入殓、移柩、启钻、安葬、解除、取渔、捕捉、伐木、安门、出火,栽种、动土、开市、作灶
2030-03-02,破,白虎,否,求医、破屋,诸事不宜
2030-03-03,危,玉堂,是,祈福、求嗣、斋醮、塑绘、开光、订盟、纳采、嫁娶、动土、入宅、安香、移柩、安葬、谢土、出行、沐浴、修造、竖柱、上梁、纳财、破土、解除、安门、放水,作灶、安床
2030-03-04,危,玉堂,是,取渔、入殓、除服、成服、移柩、破土、安葬、立碑,嫁娶、上梁、入宅、作灶
2030-03-05,成,天牢,是,祭祀、祈福、求嗣、斋醮、沐浴、开光、理发、经络、解除、治病、立碑、栽种、牧养、掘井、开池,嫁娶、定磉、合寿木、安葬、行丧
2030-03-06,收,玄武,否,纳财、交易、立券、栽种、捕捉、结网、取渔、进人口、教牛马、理发,入宅、盖屋、竖柱、安葬
2030-03-07,开,司命,是,嫁娶、订盟、纳采、祭祀、祈福、出行、修造、动土、移徙、入宅、破土、出火、安门、安床、上梁、立碑、移柩,开市、交易、合帐、安葬
2030-03-08,闭,勾陈,否,冠笄、立券、交易、修造、动土、安机械、入殓、安葬、破土,嫁娶、祈福、出火、入宅
2030-03-09,建,青龙,否,祭祀、会亲友、出行、立券、交易、冠笄、纳财,嫁娶、动土、掘井、起基、定磉、破土
2030-03-10,除,明堂,是,祭祀、沐浴、解除、扫舍、塞穴、牧养,嫁娶、安葬、行丧、安门
2030-03-11,满,天刑,否,纳财、开市、交易、立券、开光、针灸、会亲友、理发、安床、造仓、结网,移徙、入宅、栽种
2030-03-12,平,朱雀,否,嫁娶、冠笄、会亲友、安机械、纳财、交易、立券、置产,开市、盖屋、治病、作灶
2030-03-13,定,金匮,是,嫁娶、造车器、纳采、订盟、祭祀、祈福、安机械、移徙、入宅、开市、立券、破土、安葬,纳畜、理发、合寿木
2030-03-14,执,天德,是,祈福、斋醮、出行、移徙、入宅、修造、动土、破土、安葬,纳采、开光、安床、嫁娶、开市
2030-03-15,破,白虎,否,破屋、坏垣、馀事勿取,嫁娶、移徙、开市、入宅
2030-03-16,危,玉堂,是,嫁娶、冠笄、祭祀、出行、会亲友、修造、动土、入殓、破土,塑绘、开光、造桥、除服、成服
2030-03-17,成,天牢,是,开光、求嗣、出行、纳采、冠笄、出火、拆卸、起基、修造、动土、上梁、移徙、造船、开市、交易、立券、纳财,祈福、嫁娶、安葬、破土
2030-03-18,收,玄武,否,理发、冠笄、嫁娶、进人口、栽种、捕捉、针灸,纳财、开市、安葬、破土
2030-03-19,开,司命,是,开光、祈福、求嗣、出行、解除、伐木、盖屋、起基、修造、架马、安门、移徙、入宅、造庙、除服、成服、移柩、谢土、纳畜、牧养,纳采、动土、开市、交易
2030-03-20,闭,勾陈,否,裁衣、经络、伐木、开柱眼、拆卸、修造、动土、上梁、合脊、合寿木、入殓、除服、成服、移柩、破土、安葬、启钻、修坟、立碑,祭祀、嫁娶、出行、掘井
2030-03-21,建,青龙,否,祭祀、会亲友、立券、交易、裁衣、合帐、嫁娶、冠笄、进人口,栽种、动土、安葬、掘井、修坟、探病
2030-03-22,除,明堂,是,扫舍、塞穴、馀事勿取,诸事不宜
2030-03-23,满,天刑,否,塑绘、开光、订盟、纳采、裁衣、合帐、冠笄、安机械、会亲友、纳财、开市、立券、交易、安床、竖柱、上梁、结网、栽种、解除、经络,作灶、出行、入宅、安葬
2030-03-24,平,朱雀,否,祭祀、嫁娶、纳婿、除服、成服、入殓、移柩,动土、作灶、入宅、开光、安床
2030-03-25,定,金匮,是,祈福、求嗣、开光、塑绘、斋醮、订盟、纳采、嫁娶、拆卸、安床、入宅、安香、移柩、修坟、安葬、谢土、栽种、解除、冠笄、裁衣、移徙、修造、动土、竖柱、放水、启钻、立碑,赴任
2030-03-26,执,天德,是,祭祀、解除、入殓、除服、成服、移柩、启钻、安葬、修坟、立碑、谢土、沐浴、扫舍、捕捉、取渔、结网、畋猎、理发,安床、嫁娶、作灶、入宅
2030-03-27,破,白虎,否,破屋、坏垣,诸事不宜
2030-03-28,危,玉堂,是,祭祀、出行、订盟、纳采、裁衣、合帐、冠笄、进人口、动土、安床、作灶、入殓、移柩、安葬、破土、结网、取渔、畋猎,作梁、造庙
2030-03-29,成,天牢,是,祭祀、开光、塑绘、订盟、纳采、合帐、冠笄、拆卸、动土、起基、上梁、入宅、安香、开市、立券、纳财、沐浴、求嗣、出火、竖柱、安门,造庙、嫁娶、伐木、安葬
2030-03-30,收,玄武,否,祭祀、沐浴、捕捉、栽种,嫁娶、入宅、移徙、作灶、安葬
2030-03-31,开,司命,是,祭祀、开光、塑绘、酬神、斋醮、订盟、纳采、嫁娶、裁衣、动土、起基、出火、拆卸、移徙、入宅、安香、修造、竖柱、上梁、纳畜、牧养、祈福、求嗣、解除、伐木、定磉、盖屋、安门,栽种、安葬
2030-04-01,闭,勾陈,否,订盟、纳采、冠笄、拆卸、修造、动土、安床、入殓、除服、成服、移柩、安葬、破土、启钻、造仓,作灶、开光、嫁娶、开市、入宅
2030-04-02,建,青龙,否,祈福、开光、塑绘、酬神、订盟、纳采、裁衣、安床、开市、立券、入殓、除服、成服、移柩、启钻、安葬、立碑、赴任、会亲友、出行、交易、竖柱,作灶、掘井、动土、栽种
2030-04-03,建,青龙,否,祭祀、扫舍、塞穴,栽种、作灶、安葬、嫁娶
2030-04-04,除,明堂,是,开光、塑绘、裁衣、冠笄、伐木、拆卸、竖柱、上梁、开仓、会亲友、安机械、造仓、盖屋、交易、解除、开市、立券、纳财,出行、嫁娶、入宅、安葬
2030-04-05,满,天刑,否,祭祀、塑绘、开光、纳采、嫁娶、开市、出行、会亲友、安床、结网、除服、成服、启钻、安葬、移柩,祈福、入宅、盖屋、动土、破土、探病
2030-04-06,平,朱雀,否,祭祀、作灶、平治道涂、馀事勿取,安床、入宅、安碓磑、栽种
2030-04-07,定,金匮,是,祭祀、祈福、求嗣、斋醮、沐浴、纳畜、入殓、破土、安葬,移徙、入宅、嫁娶、出行、安床
2030-04-08,执,天德,是,纳采、祭祀、祈福、求嗣、斋醮、出行、起基、盖屋、定磉、安门、入殓、安葬,嫁娶、开市、纳财、出火
2030-04-09,破,白虎,否,祭祀、沐浴、解除、求医、治病、破屋、坏垣、馀事勿取,祈福、斋醮、开市、安葬
2030-04-10,危,玉堂,是,沐浴、捕捉、畋猎、结网、取渔,祭祀、嫁娶、入宅、作灶、安葬
2030-04-11,成,天牢,是,祭祀、祈福、求嗣、斋醮、纳采、订盟、开光、竖柱、上梁、开仓、出货财、盖屋、起基、定磉、安门、诸事不宜、破土、入殓、启钻、谢土,出火、嫁娶、开市
2030-04-12,收,玄武,否,祭祀、捕捉、解除、馀事勿取,嫁娶、安葬
2030-04-13,开,司命,是,纳采、嫁娶、出行、开市、立券、纳畜、牧养、出火、移徙、入宅,祈福、动土、破土、安葬、入殓
2030-04-14,闭,勾陈,否,祭祀、祈福、求嗣、斋醮、冠笄、作灶、纳财、交易,开光、嫁娶、掘井、安葬、安门、探病
2030-04-15,建,青龙,否,祭祀、解除、教牛马、出行、馀事勿取,动土、破土、行丧、开光、作梁、安葬、探病
2030-04-16,除,明堂,是,沐浴、斋醮、解除、求医、治病、会亲友、造畜稠、栽种、理发、扫舍,开市、嫁娶、移徙、入宅、掘井、安葬
2030-04-17,满,天刑,否,求嗣、出行、解除、订盟、纳采、嫁娶、会亲友、进人口、安床、开市、交易、纳畜、牧养、入殓、除服、成服、移柩、安葬、启钻,祈福、修造、动土、破土、谢土
2030-04-18,平,朱雀,否,祭祀、作灶、平治道涂、馀事勿取,嫁娶、安葬、动土、安床、治病
2030-04-19,定,金匮,是,造车器、祭祀、祈福、求嗣、斋醮、开市、交易、安机械、雕刻、开光、盖屋、合脊、起基、定磉、安门、纳畜、安葬、开生坟、立碑、谢土,入宅、动土、开仓、出货财
2030-04-20,执,天德,是,祭祀、祈福、开光、求嗣、斋醮、纳采、订盟、求医、治病、起基、定磉、造船、取渔、解除、安葬、启钻、谢土、入殓,开市、动土、掘井、开池
2030-04-21,破,白虎,否,祭祀、沐浴、破屋、坏垣、求医、治病、解除、馀事勿取,嫁娶、开市、交易、入宅、安葬
2030-04-22,危,玉堂,是,诸事不宜,无
2030-04-23,成,天牢,是,祭祀、塑绘、开光、订盟、纳采、冠笄、裁衣、安机械、拆卸、修造、动土、安床、经络、开市,出火、入宅、安葬、伐木
2030-04-24,收,玄武,否,祭祀、馀事勿取,造庙、嫁娶、安床
2030-04-25,开,司命,是,订盟、纳采、嫁娶、进人口、会亲友、交易、立券、动土、除服、谢土、移柩、破土、启钻、赴任、出行、开市、纳财、栽种,入殓、安葬、入宅、安床
2030-04-26,闭,勾陈,否,祭祀、祈福、裁衣、合帐、安床、入殓、除服、成服、移柩、破土、启钻、安葬、谢土、立碑、造畜稠,掘井、安门、嫁娶、纳采
2030-04-27,建,青龙,否,祭祀、进人口、嫁娶、安床、解除、冠笄、出行、裁衣、扫舍,掘井、动土、破土、安葬、开光
2030-04-28,除,明堂,是,纳采、开光、求医、治病、动土、上梁、移徙、入宅,嫁娶、开市、安葬
2030-04-29,满,天刑,否,祭祀、会亲友、开市、安床、启钻、安葬,嫁娶、动土、破土
2030-04-30,平,朱雀,否,祭祀、作灶、掘井、平治道涂,嫁娶、安葬
2030-05-01,定,金匮,是,祭祀、斋醮、开市、动土、入殓、破土、安葬,嫁娶、移徙、入宅
2030-05-02,定,金匮,是,嫁娶、纳采、祭祀、祈福、出行、移徙、求医,开市、动土、破土
2030-05-03,执,天德,是,祭祀、求医、治病、解除、馀事勿取,诸事不宜
2030-05-04,破,白虎,否,沐浴、结网、取渔,嫁娶、入宅、安葬
2030-05-05,危,玉堂,是,订盟、纳采、嫁娶、解除、祭祀、祈福、求嗣、开光、出行、出火、拆卸、入宅、移徙、安床、栽种、纳畜、动土、破土、谢土、安葬、修坟,作灶、开市、经络
2030-05-06,成,天牢,是,祭祀、祈福、求嗣、开光、订盟、纳采、解除、动土、起基、进人口、开市、交易、立券、纳财、造仓、开池、栽种、纳畜、破土、安葬,安床、上梁、裁衣、入宅、嫁娶
2030-05-07,收,玄武,否,祭祀、结网、捕捉、馀事勿取,探病、嫁娶、开市
2030-05-08,开,司命,是,祭祀、祈福、求嗣、开光、纳采、订盟、嫁娶、出行、动土、破土、会亲友、开市、交易、立券、习艺、拆卸、起基、安碓磑、放水、开池、造仓、开渠、栽种、谢土、启钻、修坟、立碑,入宅、安门、安葬
2030-05-09,闭,勾陈,否,嫁娶、冠笄、祭祀、出行、移徙、入宅、作灶、造车器、补垣、塞穴、开厕、破土、启钻、除服、成服、入殓,盖屋、造桥、安门、安葬、上梁
2030-05-10,建,青龙,否,祭祀、解除、断蚁、会亲友、馀事勿取,嫁娶、安葬
2030-05-11,除,明堂,是,嫁娶、纳采、订盟、祭祀、祈福、治病、造车器、修造、动土、移徙、入宅,开市、出行、安床、作灶、安葬
2030-05-12,满,天刑,否,嫁娶、纳采、订盟、会亲友、安机械、结网、冠笄、祭祀、求嗣、进人口、经络,开市、作灶、动土、行丧、安葬
2030-05-13,平,朱雀,否,祭祀、沐浴、移徙、破土、安葬、扫舍、平治道涂,祈福、嫁娶、入宅、安床、作灶
2030-05-14,定,金匮,是,祭祀、祈福、斋醮、求嗣、安机械、纳畜、移徙、入宅、塑绘、开光、起基、竖柱、上梁、作灶、安门、安香、出火、盖屋、启钻、安葬,动土、破土、嫁娶
2030-05-15,执,天德,是,嫁娶、纳采、订盟、斋醮、开光、祭祀、祈福、求医、治病、会亲友、动土、解除、捕捉、纳畜、牧养、入殓、破土、安葬,移徙、入宅、盖屋、架马
2030-05-16,破,白虎,否,祭祀、沐浴、解除、破屋、坏垣、馀事勿取,行丧、安葬
2030-05-17,危,玉堂,是,沐浴、扫舍、馀事勿取,斋醮、开市、嫁娶、作灶
2030-05-18,成,天牢,是,开市、交易、立券、安机械、会亲友、开光、求医、治病、盖屋、起基、修造、动土、定磉、竖柱、上梁、安门、作灶、放水、开厕、开池、栽种、牧养、造畜稠、破土、安葬、立碑,嫁娶、出火、移徙、入宅
2030-05-19,收,玄武,否,栽种、捕捉、畋猎、馀事勿取,开市、动土、祭祀、斋醮、安葬、探病
2030-05-20,开,司命,是,嫁娶、祭祀、祈福、求嗣、斋醮、订盟、纳采、解除、出行、动土、破土、习艺、针灸、理发、会亲友、起基、修造、竖柱、定磉、安床、拆卸、纳畜、牧养、放水、除服、成服、修坟、立碑,开市、入宅、探病、出火、盖屋
2030-05-21,闭,勾陈,否,馀事勿取,无
2030-05-22,建,青龙,否,塞穴、断蚁、结网、馀事勿取,破土、安葬
2030-05-23,除,明堂,是,开光、出行、纳采、嫁娶、伐木、架马、出火、拆卸、移徙、入宅、造庙、造桥、造船、造畜稠、开市、入殓、除服、成服、移柩、安葬,无
2030-05-24,满,天刑,否,进人口、牧养、置产、塞穴、结网、馀事勿取,诸事不宜
2030-05-25,平,朱雀,否,开光、出行、嫁娶,会亲友、进人口、修造、动土、起基、移徙、开市、纳畜、入殓、除服、成服、移柩、破土、安葬、修坟、立碑
2030-05-26,定,金匮,是,嫁娶、纳采、出行、祭祀、祈福、开市、动土、移徙、入宅、破土、安葬,安门
2030-05-27,执,天德,是,嫁娶、纳采、求医、治病、修造、动土、移徙、入宅、破土、安葬,开市、开光
2030-05-28,破,白虎,否,祭祀、破屋、坏垣、馀事勿取,诸事不宜
2030-05-29,危,玉堂,是,嫁娶、纳采、祭祀、祈福、出行、动土、上梁、移徙、入宅、破土、安葬,斋醮
2030-05-30,成,天牢,是,纳采、祭祀、祈福、开市、求医、治病、动土、纳畜,嫁娶、安葬
2030-05-31,收,玄武,否,嫁娶、纳采、出行、移徙、入宅,动土、破土、安葬
2030-06-01,收,玄武,否,订盟、纳采、祭祀、动土、破土、交易、立券,嫁娶、安葬
2030-06-02,开,司命,是,嫁娶、裁衣、祭祀、出行、安床、作灶、移徙、入宅、破土、安葬,赴任、捕捉
2030-06-03,闭,勾陈,否,塞穴、结网、馀事勿取,诸事不宜
2030-06-04,建,青龙,否,嫁娶、订盟、纳采、出行、祭祀、祈福、斋醮、动土、上梁、破土、安葬,移徙、入宅
2030-06-05,除,明堂,是,嫁娶、祭祀、祈福、求嗣、开光、出行、解除、出火、拆卸、修造、进人口、入宅、移徙、动土、安床、纳畜、栽种、纳财、交易、立券、挂匾、造畜稠,安葬、开生坟、行丧
2030-06-06,满,天刑,否,安机械、祭祀、祈福、求嗣、沐浴、解除、纳采、开市、修造、竖柱、上梁、开柱眼、安碓磑、归岫、补垣、塞穴、拆卸、放水、出火、扫舍、开生坟、合寿木、安葬、谢土、启钻、除服、成服,嫁娶、安床、作灶、动土、破土、造船
2030-06-07,平,朱雀,否,祭祀、沐浴、理发、整手足甲、修饰垣墙、平治道涂、馀事勿取,开市、入宅、出行、修造、词讼
2030-06-08,定,金匮,是,嫁娶、纳采、祭祀、祈福、出行、立券、移徙、入宅、动土、破土、安葬,开光、作灶、盖屋、架马、开仓
2030-06-09,执,天德,是,纳采、订盟、冠笄、祭祀、祈福、斋醮、出行、修造、动土、移徙、入宅、安香、出火、拆卸、盖屋、起基、竖柱、上梁、定磉、安门、开池,嫁娶、开市、合寿木、安葬
2030-06-10,破,白虎,否,祭祀、沐浴、破屋、坏垣、馀事勿取,入宅、嫁娶、移徙
2030-06-11,危,玉堂,是,嫁娶、安机械、交易、出行、祭祀、祈福、求嗣、斋醮、塑绘、开光、合帐、裁衣、放水、开池、掘井,作灶、理发、造桥、行丧、安葬
2030-06-12,成,天牢,是,纳采、冠笄、求医、治病、开市、立券、修造、动土、安机械、破土、安葬,斋醮、祭祀、移徙、入宅、上梁、嫁娶
2030-06-13,收,玄武,否,祭祀、作灶、馀事勿取,开市、安葬、破土、修坟、掘井
2030-06-14,开,司命,是,祭祀、祈福、求嗣、斋醮、安香、解除、移徙、入宅、会亲友、求医、治病、动土、破土、开生坟、合寿木,合帐、上梁、经络、安葬、入殓
2030-06-15,闭,勾陈,否,嫁娶、冠笄、修造、动土、作灶、移徙、入宅、补垣、塞穴、纳畜、牧养、架马、起基、定磉、开池、造船,祈福、开光、掘井、开市、安葬
2030-06-16,建,青龙,否,祭祀、交易、纳财,斋醮、开渠、上梁、动土、破土
2030-06-17,除,明堂,是,嫁娶、订盟、纳采、冠笄、会亲友、安机械、造车器、祭祀、出行、纳财、入宅、安香、出火、入学、塑绘、开光、拆卸、起基、修造、动土、牧养、栽种、安门、开厕,行丧、伐木、作梁、作灶
2030-06-18,满,天刑,否,开光、求嗣、出行、冠笄、嫁娶、伐木、架马、开柱眼、修造、移徙、入宅、开市、交易、立券、安香、出火、挂匾、起基、开生坟、合寿木、入殓、除服、成服、移柩、安葬,安床、出货财、作灶、动土、破土
2030-06-19,平,朱雀,否,祭祀、沐浴、理发、嫁娶、作灶、整手足甲、扫舍、修饰垣墙、平治道涂,斋醮、出行、治病、合寿木
2030-06-20,定,金匮,是,安机械、移徙、入宅、出行、祭祀、祈福、斋醮、纳采、订盟、安香、出火、解除、会亲友、修造、动土、拆卸、起基、定磉、盖屋、安床、破土、安葬、入殓、立碑,开市、伐木、作梁、作灶
2030-06-21,执,天德,是,祭祀、沐浴、捕捉、结网、畋猎、取渔、馀事勿取,开市、交易、嫁娶、安葬、行丧
2030-06-22,破,白虎,否,破屋、坏垣、求医、治病、畋猎、馀事勿取,嫁娶、入宅
2030-06-23,危,玉堂,是,嫁娶、出行、安机械、祭祀、塑绘、开光、治病、经络、安床、结网、塞穴、破土、入殓,开市、安门、掘井、作灶
2030-06-24,成,天牢,是,订盟、纳采、会亲友、进人口、雕刻、拆卸、修造、动土、起基、开市、栽种、纳畜、牧养、入殓、除服、成服、移柩、破土、安葬,无
2030-06-25,收,玄武,否,祭祀、捕捉、取渔、修饰垣墙、馀事勿取,诸事不宜
2030-06-26,开,司命,是,嫁娶、纳采、祭祀、祈福、求医、治病、出行、动土、移徙、入宅,开市、安门
2030-06-27,闭,勾陈,否,裁衣、作灶、移徙、入宅、纳畜,嫁娶、安葬
2030-06-28,建,青龙,否,祭祀、入殓、移柩、启钻、安葬,上梁、动土、破土
2030-06-29,除,明堂,是,订盟、纳采、出行、祈福、斋醮、安床、会亲友,移徙、入宅、安葬
2030-06-30,满,天刑,否,嫁娶、纳采、出行、求医、治病、开市、移徙、入宅、启钻、安葬,动土、破土
2030-07-01,满,天刑,否,嫁娶、祭祀、沐浴、扫舍、修饰垣墙,行丧、安葬
2030-07-02,平,朱雀,否,嫁娶、订盟、纳采、出行、开市、祭祀、祈福、动土、移徙、入宅、破土、安葬,作灶
2030-07-03,定,金匮,是,订盟、纳采、出行、祭祀、祈福、修造、动土、移徙、入宅,开市、安葬
2030-07-04,执,天德,是,诸事不宜,无
2030-07-05,破,白虎,否,嫁娶、订盟、纳采、祭祀、祈福、入殓、破土、安葬,开光、开市
2030-07-06,危,玉堂,是,开光、求医、治病、动土、上梁、入殓、破土、安葬,嫁娶
2030-07-07,成,天牢,是,嫁娶、订盟、纳采、祭祀、祈福、斋醮、开光、会亲友、求医、治病、盖屋、起基、竖柱、上梁、安门、安碓磑、筑堤、开池、破土、安葬、除服、成服,入宅、开市、掘井、词讼、合寿木
2030-07-08,收,玄武,否,纳采、订盟、嫁娶、移徙、入宅、出行、祭祀、祈福、斋醮、塑绘、开光、安香、出火、会亲友、解除、入学、竖柱、上梁、拆卸、盖屋、起基、栽种、牧养、纳畜,安葬、破土、开市、开仓、出货财、启钻
2030-07-09,开,司命,是,纳采、订盟、嫁娶、祭祀、沐浴、塑绘、开光、出火、治病、习艺、伐木、盖屋、竖柱、上梁、安床、作灶、安碓磑、挂匾、掘井、纳畜,出行、安葬、造桥
2030-07-10,闭,勾陈,否,祭祀、入殓、除服、成服、移柩、破土、启钻、安葬、塞穴、断蚁、结网,开市、入宅、嫁娶、开光、盖屋
2030-07-11,建,青龙,否,祭祀、修造、出行、盖屋、竖柱、造车器、教牛马、造畜稠、割蜜,动土、破土、掘井、安葬
2030-07-12,除,明堂,是,祭祀、沐浴、塑绘、开光、入学、解除、扫舍、治病、开池、牧养,嫁娶、出行、纳采、入宅、作灶
2030-07-13,满,天刑,否,纳财、开市、交易、立券、出行、祭祀、祈福、求嗣、开光、解除、扫舍、起基、竖柱、安床、移徙、开仓、出货财、补垣、塞穴、栽种、纳畜、牧养,斋醮、入宅、安门、安葬、破土、行丧
2030-07-14,平,朱雀,否,祭祀、修饰垣墙、平治道涂,开市、动土、破土、嫁娶、修造、安葬
2030-07-15,定,金匮,是,订盟、纳采、祭祀、祈福、开光、安香、出火、立券、安机械、移徙、入宅、竖柱、上梁、会亲友、安床、拆卸、挂匾、牧养、教牛马,嫁娶、安葬、行丧、破土、修坟
2030-07-16,执,天德,是,沐浴、理发、捕捉、入殓、移柩、破土、启钻、安葬,出火、嫁娶、入宅、作灶、上梁、动土
2030-07-17,破,白虎,否,求医、治病、破屋、坏垣、馀事勿取,嫁娶、出行
2030-07-18,危,玉堂,是,纳采、订盟、嫁娶、移徙、入宅、出行、开市、交易、立券、纳财、会亲友、安香、出火、拆卸、盖屋、起基、安床、作灶、挂匾、安葬、破土、启钻、立碑、入殓、移柩,祈福、上梁、开仓、掘井、牧养
2030-07-19,成,天牢,是,祭祀、祈福、斋醮、出行、纳采、订盟、安机械、出火、拆卸、修造、动土、起基、移徙、入宅、造庙、入殓、除服、成服、移柩、破土、安葬、谢土,嫁娶、开市、栽种、合寿木
2030-07-20,收,玄武,否,祭祀、进人口、纳财、纳畜、牧养、捕捉、馀事勿取,开市、入宅、安床、动土、安葬
2030-07-21,开,司命,是,祭祀、塑绘、开光、求医、治病、嫁娶、会亲友、放水、掘井、牧养、纳畜、开渠、安碓磑,盖屋、入宅、作灶、入学、安葬、行丧
2030-07-22,闭,勾陈,否,祭祀、塞穴、结网、畋猎、馀事勿取,移徙、开市、入宅、嫁娶、开光、安门
2030-07-23,建,青龙,否,开市、纳财、祭祀、塑绘、安机械、冠笄、会亲友、裁衣、开仓、经络、纳畜、造畜稠、教牛马、牧养,动土、破土、安葬、治病
2030-07-24,除,明堂,是,移徙、入宅、治病、会亲友、祭祀、祈福、斋醮、安香、嫁娶、盖屋、起基,开市、安床、出行、经络
2030-07-25,满,天刑,否,塑绘、出行、冠笄、嫁娶、进人口、裁衣、纳婿、造畜稠、交易、立券、牧养、开生坟、入殓、除服、成服、移柩、安葬、启钻,无
2030-07-26,平,朱雀,否,祭祀、冠笄、嫁娶、捕捉、结网、畋猎、取渔、馀事勿取,无
2030-07-27,定,金匮,是,沐浴、扫舍、馀事勿取,诸事不宜
2030-07-28,执,天德,是,纳采、祭祀、祈福、解除、动土、破土、安葬,嫁娶、移徙、入宅
2030-07-29,破,白虎,否,祭祀、破屋、坏垣、馀事勿取,诸事不宜
2030-07-30,破,白虎,否,嫁娶、纳采、开市、出行、动土、上梁、移徙、入宅、破土、安葬,祭祀、祈福
2030-07-31,危,玉堂,是,嫁娶、纳采、开市、出行、动土、上梁、移徙、入宅、破土、安葬,赴任
2030-08-01,成,天牢,是,祭祀、作灶、纳财、捕捉,开市、破土
2030-08-02,收,玄武,否,嫁娶、开市、立券、祭祀、祈福、动土、移徙、入宅,造庙、安葬
2030-08-03,开,司命,是,补垣、塞穴、结网、入殓、除服、成服、移柩、安葬、启钻、馀事勿取,诸事不宜
2030-08-04,闭,勾陈,否,嫁娶、纳采、出行、祭祀、祈福、解除、移徙、入宅,动土、安葬
2030-08-05,建,青龙,否,嫁娶、祭祀、祈福、斋醮、治病、破土、安葬,开市、入宅
2030-08-06,除,明堂,是,嫁娶、出行、开市、安床、入殓、启钻、安葬,祈福、动土、破土
2030-08-07,满,天刑,否,沐浴、理发、会亲友、塑绘、开光、栽种、牧养、嫁娶、经络、补垣、塞穴,开市、入宅、动土、破土、安葬、作灶、上梁、安床、开仓、祈福
2030-08-08,平,朱雀,否,祭祀、理发、作灶、沐浴、修饰垣墙、平治道涂,嫁娶、栽种、祈福、造桥、安葬、安门、伐木、作梁
2030-08-09,定,金匮,是,嫁娶、纳采、订盟、祭祀、祈福、斋醮、普渡、移徙、入宅、出行、安机械、开光、修造、动土、竖柱、上梁、盖屋、起基、定磉、安门、安葬、破土,开市、立券、置产、作灶、造桥
2030-08-10,执,天德,是,祭祀、普渡、捕捉、解除、结网、畋猎、入殓、破土、安葬,开市、交易、入宅、嫁娶
2030-08-11,破,白虎,否,沐浴、破屋、坏垣、馀事勿取,斋醮、开市
2030-08-12,危,玉堂,是,订盟、纳采、祭祀、祈福、安香、出火、开市、立券、入宅、挂匾、造桥、启钻、安葬,动土、破土、嫁娶、掘井、安床
2030-08-13,成,天牢,是,嫁娶、祭祀、祈福、斋醮、普渡、移徙、入宅、动土、治病、开市、交易、立券、开光、修造、造车器、安香、安床、捕捉、畋猎、结网,纳采、订盟、经络、行丧、安葬、探病
2030-08-14,收,玄武,否,嫁娶、订盟、纳采、作灶、冠笄、裁衣、会亲友、纳畜、牧养、安机械、开市、立券、纳财、安床,掘井、出行、破土、行丧、安葬
2030-08-15,开,司命,是,嫁娶、订盟、纳采、祭祀、斋醮、普渡、解除、出行、会亲友、开市、纳财、修造、动土、竖柱、上梁、开光、开仓、出货财、纳畜、牧养、开池、破土、启钻,出火、入宅、盖屋、安门、安葬
2030-08-16,闭,勾陈,否,嫁娶、普渡、祭祀、祈福、补垣、塞穴、断蚁、筑堤、入殓、除服、成服、安葬,动土、破土、掘井、开光、上梁、词讼
2030-08-17,建,青龙,否,嫁娶、冠笄、祭祀、沐浴、普渡、出行、纳财、扫舍、纳畜、赴任,开市、动土、破土、安床、开仓、上梁
2030-08-18,除,明堂,是,祭祀、沐浴、理发、整手足甲、冠笄、解除、入殓、移柩、破土、启钻、安葬,嫁娶、出行、入宅、开市、安门
2030-08-19,满,天刑,否,塑绘、冠笄、嫁娶、会亲友、进人口、经络、裁衣、栽种、纳畜、牧养、补垣、塞穴、捕捉,祈福、开市、动土、行丧、安葬
2030-08-20,平,朱雀,否,出行、沐浴、订盟、纳采、裁衣、竖柱、上梁、移徙、纳畜、牧养,嫁娶、安门、动土、安葬
2030-08-21,定,金匮,是,纳采、订盟、嫁娶、祭祀、祈福、普渡、开光、安香、出火、移徙、入宅、竖柱、修造、动土、上梁、起基、盖屋、安门、造庙、造桥、破土、启钻、安葬,开市、立券、纳财、作灶
2030-08-22,执,天德,是,祭祀、捕捉、畋猎、纳畜、牧养、入殓、除服、成服、移柩、破土、安葬、启钻,嫁娶、纳采、订盟、开市、入宅
2030-08-23,破,白虎,否,破屋、坏垣、治病、馀事勿取,行丧、安葬
2030-08-24,危,玉堂,是,祈福、斋醮、出行、冠笄、嫁娶、雕刻、开柱眼、入宅、造桥、开市、交易、立券、纳财、入殓、除服、成服、移柩、破土、安葬、启钻,动土、订盟、安床、开池
2030-08-25,成,天牢,是,祈福、求嗣、解除、订盟、纳采、动土、起基、放水、造仓、开市、纳畜、牧养、开生坟、入殓、除服、成服、移柩、破土、安葬,无
2030-08-26,收,玄武,否,塑绘、开光、解除、订盟、纳采、嫁娶、出火、修造、动土、移徙、入宅、拆卸、起基、安门、分居、开市、交易、立券、纳财、纳畜、牧养,无
2030-08-27,开,司命,是,祈福、出行、订盟、纳采、嫁娶、裁衣、动土、安床、放水、开市、掘井、交易、立券、栽种、开渠、除服、成服、移柩、破土,无
2030-08-28,闭,勾陈,否,嫁娶、祭祀、祈福、斋醮、作灶、移徙、入宅,动土、破土
2030-08-29,闭,勾陈,否,嫁娶、出行、纳畜、祭祀、入殓、启钻、安葬,作灶、动土、破土
2030-08-30,建,青龙,否,订盟、纳采、祭祀、祈福、修造、动土、上梁、破土、安葬,嫁娶、开市
2030-08-31,除,明堂,是,订盟、纳采、出行、会亲友、修造、上梁、移徙、入宅,开市、安葬
2030-09-01,满,天刑,否,沐浴、修饰垣墙、平治道涂、馀事勿取,嫁娶、祈福
2030-09-02,平,朱雀,否,嫁娶、祭祀、祈福、斋醮、动土、移徙、入宅,开市、安葬
2030-09-03,定,金匮,是,捕捉、结网、入殓、破土、安葬,嫁娶、入宅
2030-09-04,执,天德,是,沐浴、治病、破屋、坏垣、馀事勿取,诸事不宜
2030-09-05,破,白虎,否,嫁娶、订盟、纳采、出行、开市、祭祀、祈福、移徙、入宅、启钻、安葬,动土、破土
2030-09-06,危,玉堂,是,嫁娶、订盟、纳采、祭祀、祈福、求医、治病、动土、移徙、入宅、破土、安葬,开光、针灸
2030-09-07,成,天牢,是,嫁娶、纳采、订盟、祭祀、祈福、求嗣、开光、解除、进人口、入宅、移徙、出火、安床、开市、交易、立券、挂匾,安葬、纳畜、出行、行丧、伐木、栽种、造庙、造桥
2030-09-08,收,玄武,否,祭祀、冠笄、捕捉、馀事勿取,嫁娶、开市、盖屋、作梁、合寿木
2030-09-09,开,司命,是,祭祀、解除、结网、畋猎、取渔、会亲友、入学、移柩、启钻、除服、成服,开市、祈福、动土、破土、入殓、安葬、造船
2030-09-10,闭,勾陈,否,冠笄、沐浴、出行、修造、动土、移徙、入宅、破土、安葬,嫁娶、开市、祭祀、祈福、斋醮、纳采、修坟
2030-09-11,建,青龙,否,祭祀、出行,嫁娶、入宅、修造、动土、会亲友、破土
2030-09-12,除,明堂,是,嫁娶、订盟、纳采、祭祀、祈福、出行、修造、动土、移徙、入宅,针灸、伐木、作梁、造庙、行丧、安葬
2030-09-13,满,天刑,否,出行、开市、交易、立券、安机械、出火、上梁、移徙,嫁娶、安葬、动土、造桥
2030-09-14,平,朱雀,否,祭祀、沐浴、修饰垣墙、平治道涂、馀事勿取,斋醮、嫁娶、移徙、出行、上梁、入宅
2030-09-15,定,金匮,是,嫁娶、造车器、安机械、祭祀、祈福、开光、安香、出火、出行、开市、立券、修造、动土、移徙、入宅、破土、安葬,纳采、订盟、架马、词讼、开渠
2030-09-16,执,天德,是,沐浴、捕捉、入殓、除服、成服、破土、启钻、安葬,祭祀、嫁娶、安床、开市、入宅、探病、上梁
2030-09-17,破,白虎,否,馀事勿取,探病
2030-09-18,危,玉堂,是,订盟、纳采、祭祀、祈福、安香、出火、修造、动土、上梁、安门、起基、竖柱、定磉、开池、移徙、入宅、立券、破土,嫁娶、造庙、造桥、造船、作灶、安葬
2030-09-19,成,天牢,是,开光、求嗣、雕刻、嫁娶、订盟、纳采、出火、拆卸、修造、动土、起基、上梁、放水、移徙、入宅、造仓、造船、开市、开池、纳畜、牧养、挂匾,行丧、安葬、合寿木
2030-09-20,收,玄武,否,祭祀、嫁娶、捕捉,开光、动土、破土、开市、修造、入宅、安门
2030-09-21,开,司命,是,祭祀、普渡、解除、会亲友、捕捉、畋猎、启钻、除服、成服、移柩,嫁娶、开市、动土、掘井、开池、安葬
2030-09-22,闭,勾陈,否,出行、解除、冠笄、嫁娶、伐木、架马、开柱眼、修造、动土、移徙、入宅、开生坟、合寿木、入殓、移柩、破土、安葬、修坟,祭祀、祈福、开光、开市、安床
2030-09-23,建,青龙,否,祭祀、祈福、求嗣、出行、沐浴、交易、扫舍、教牛马,动土、作灶、行丧、安葬、修坟
2030-09-24,除,明堂,是,出行、解除、纳采、冠笄、雕刻、修造、动土、起基、上梁、合脊、安床、移徙、入宅、开市、栽种、开厕,造庙、安门、行丧、安葬
2030-09-25,满,天刑,否,开光、塑绘、出行、解除、冠笄、裁衣、挂匾、作灶、开市、开池、开厕、补垣、塞穴,无
2030-09-26,平,朱雀,否,祭祀、祈福、修饰垣墙、平治道涂、入殓、移柩,嫁娶、入宅、上梁、安门
2030-09-27,平,朱雀,否,祭祀、会亲友、纳采、嫁娶、开光、塑绘、斋醮、安香、开市、立券、除服、成服、入殓、移柩、安葬、赴任、进人口、出行、裁衣、修造、动土、上梁、经络、交易,入宅、伐木
2030-09-28,定,金匮,是,祭祀、冠笄、会亲友、拆卸、起基、除服、成服、移柩、启钻、安葬、沐浴、捕捉、开光、塑绘,作灶、入宅、嫁娶
2030-09-29,执,天德,是,祭祀、沐浴、破屋、坏垣、馀事勿取,移徙、入宅、出行、栽种
2030-09-30,破,白虎,否,祭祀、塑绘、开光、出行、解除、订盟、嫁娶、拆卸、起基、安床、入宅、开市、入殓、除服、成服、移柩、破土、谢土、挂匾、开柱眼、交易,造桥、冠笄、盖屋、掘井
2030-10-01,危,玉堂,是,祭祀、会亲友、进人口、动土、上梁、开光、塑绘、冠笄、拆卸、起基、安床、开市、立券、赴任、经络,定磉、安葬
2030-10-02,成,天牢,是,祭祀、裁衣、冠笄、嫁娶、纳婿、会亲友、除服、成服、移柩、捕捉、进人口、入殓,移徙、入宅、作灶
2030-10-03,收,玄武,否,诸事不宜,入殓、安葬、开市、交易
2030-10-04,开,司命,是,祭祀、裁衣、冠笄、嫁娶、安机械、拆卸、动土、起基、移徙、入宅、入殓、启钻、安葬、造仓、经络,安床、开光、开市、交易
2030-10-05,闭,勾陈,否,祭祀、出行、成服、除服、沐浴、入殓,动土、冠笄、移徙、入宅、开市、竖柱、上梁
2030-10-06,建,青龙,否,祭祀、沐浴、赴任、出行、馀事勿取,诸事不宜
2030-10-07,除,明堂,是,诸事不宜,无
2030-10-08,满,天刑,否,纳采、订盟、开市、交易、立券、会亲友、纳畜、牧养、问名、移徙、解除、开厕、入学、起基、安床、开仓、出货财、安葬、启钻、入殓、除服、成服,入宅、上梁、斋醮、出火、谢土
2030-10-09,平,朱雀,否,祭祀、平治道涂、馀事勿取,嫁娶、开市
2030-10-10,定,金匮,是,捕捉、畋猎、馀事勿取,开市、交易、祭祀、入宅、安葬
2030-10-11,执,天德,是,嫁娶、纳采、订盟、祭祀、祈福、求嗣、斋醮、开光、安香、出火、造庙、移徙、出行、入宅、起基、竖柱、上梁、安床、纳畜、捕捉、纳婿、安葬,开市、破土、掘井、合寿木
2030-10-12,破,白虎,否,祭祀、沐浴、解除、破屋、坏垣、馀事勿取,开市、嫁娶
2030-10-13,危,玉堂,是,订盟、纳采、会亲友、交易、立券、纳财、栽种、纳畜、牧养,嫁娶、开市、入宅、祈福、安葬
2030-10-14,成,天牢,是,造车器、嫁娶、订盟、纳采、会亲友、祭祀、出行、开市、立券、移徙、入宅、破土、安葬,上梁、开光、盖屋、架马、合寿木
2030-10-15,收,玄武,否,祭祀、作灶、纳财、捕捉、畋猎、馀事勿取,动土、破土、开市、安葬
2030-10-16,开,司命,是,嫁娶、订盟、纳采、祭祀、祈福、出行、求医、治病、出火、移徙、入宅,开市、开仓、出货财、安床、安门、安葬
2030-10-17,闭,勾陈,否,冠笄、祭祀、沐浴、作灶、理发、整手足甲、扫舍、补垣、塞穴、入殓、破土、启钻,开光、嫁娶、会亲友、栽种、针灸、安葬
2030-10-18,建,青龙,否,纳采、订盟、嫁娶、祭祀、祈福、求嗣、置产、求医、治病、开市、交易、立券、会亲友、移徙、竖柱、上梁、盖屋、合脊、安门、放水、捕捉、纳畜,造庙、造船、动土、破土、安葬
2030-10-19,除,明堂,是,出行、造车器、造畜稠、解除、冠笄、裁衣、作梁、雕刻、会亲友、移徙、入宅、安机械、开市、扫舍,嫁娶、动土、破土、修坟
2030-10-20,满,天刑,否,沐浴、理发、冠笄、安床、开市、立券、会亲友、交易、纳财、结网、教牛马,移徙、入宅、出行、祈福、嫁娶
2030-10-21,平,朱雀,否,祭祀、造畜稠、修饰垣墙、平治道涂、馀事勿取,嫁娶、开市、安床、掘井
2030-10-22,定,金匮,是,捕捉、结网、入殓、除服、成服、移柩、破土、安葬、启钻、立碑,嫁娶、祭祀、入宅、盖屋、移徙
2030-10-23,执,天德,是,祭祀、祈福、求嗣、斋醮、造庙、出火、安机械、会亲友、开市、交易、立券、纳财、习艺、经络、求医、治病、开池、开厕、畋猎、结网、栽种、牧养、安葬、破土、启钻,开光、嫁娶、掘井、伐木、作梁
2030-10-24,破,白虎,否,破屋、坏垣、馀事勿取,诸事不宜
2030-10-25,危,玉堂,是,会亲友、嫁娶、订盟、纳采、纳婿、拆卸、修造、动土、起基、竖柱、上梁、安床、纳财,出行、祈福、安葬、作灶
2030-10-26,成,天牢,是,祭祀、塑绘、开光、祈福、斋醮、出行、订盟、纳采、裁衣、嫁娶、拆卸、修造、安床、入宅、安香、入殓、启钻、安葬、谢土、赴任、会亲友、进人口、移徙、上梁、经络、开市、交易、立券、纳财,开仓、冠笄、伐木、作梁
2030-10-27,成,天牢,是,祭祀、作灶、入殓、除服、成服、畋猎,栽种、动土、安葬、开市
2030-10-28,收,玄武,否,祭祀、祈福、斋醮、沐浴、竖柱、订盟、纳采、嫁娶、拆卸、入宅、移柩、启钻、谢土、赴任、出火、纳畜,作灶、入殓、安葬、安床
2030-10-29,开,司命,是,嫁娶、祭祀、安机械、入殓、破土、安葬,动土、上梁
2030-10-30,闭,勾陈,否,作灶、造畜稠,行丧、安葬
2030-10-31,建,青龙,否,沐浴、理发、入学、习艺、进人口,嫁娶、入宅
2030-11-01,除,明堂,是,开光、针灸、会亲友、启钻、安葬,开市、动土、破土
2030-11-02,满,天刑,否,祭祀、结网、造畜稠、馀事勿取,无
2030-11-03,平,朱雀,否,入殓、除服、成服、移柩、破土、启钻、安葬,移徙、入宅
2030-11-04,定,金匮,是,嫁娶、订盟、纳采、出行、祭祀、祈福、动土、移徙、入宅、破土、安葬,开市、赴任
2030-11-05,执,天德,是,祭祀、解除、破屋、坏垣、馀事勿取,无
2030-11-06,破,白虎,否,订盟、纳采、会亲友、安机械、纳财、牧养,祈福、安葬
2030-11-07,危,玉堂,是,祭祀、扫舍、破土、安葬、除服、成服、启钻、移柩、入殓、立碑、馀事勿取,嫁娶、入宅、修造、动土
2030-11-08,成,天牢,是,订盟、纳采、会亲友、祭祀、祈福、修造、动土、安机械、破土、安葬,嫁娶、移徙、出火、开市、入宅
2030-11-09,收,玄武,否,祭祀、沐浴、捕捉、畋猎、结网、扫舍,嫁娶、纳采、订盟、安床、动土、破土、安葬
2030-11-10,开,司命,是,开市、纳财、出行、祭祀、祈福、求嗣、斋醮、问名、入学、起基、定磉、置产、开渠、掘井、拆卸、栽种、纳畜、牧养、动土、破土、启钻,移徙、入宅、出火、入殓、安葬
2030-11-11,闭,勾陈,否,祭祀、理发、置产、塞穴、除服、成服、移柩、入殓、破土、安葬,嫁娶、入宅、安床、掘井、开光
2030-11-12,建,青龙,否,祭祀、沐浴、出行、馀事勿取,开市、动土、破土、行丧、安葬
2030-11-13,除,明堂,是,嫁娶、造车器、出行、会亲友、移徙、入宅、修造、动土、雕刻、开光、安香、出火、理发、盖屋、合脊、起基、归岫、安门、拆卸、扫舍、栽种、造畜稠,开市、纳采、造庙、安床、开渠、安葬
2030-11-14,满,天刑,否,塑绘、会亲友、安机械、塞穴、结网、裁衣、经络,嫁娶、开市、祈福、斋醮、安葬
2030-11-15,平,朱雀,否,纳采、移徙、纳财、开市、交易、立券、入宅、修造、动土、竖柱、起基、定磉、造庙、安香、出火、修饰垣墙、平治道涂、会亲友、出行、开池、开厕,开仓、盖屋、造桥、祭祀
2030-11-16,定,金匮,是,订盟、纳采、纳财、开市、立券、祭祀、祈福、移徙、入宅、出行、盖屋、起基、修造、动土、竖柱、上梁、安门、安香、出火、教牛马、会亲友、破土,嫁娶、安葬、掘井、置产、造船
2030-11-17,执,天德,是,嫁娶、订盟、纳采、祭祀、祈福、塑绘、开光、移徙、安床、伐木、作梁、捕捉、畋猎、结网、求医、治病、解除、安葬、除服、成服、移柩、入殓、立碑、谢土,开市、造庙、动土、破土
2030-11-18,破,白虎,否,破屋、坏垣、祭祀、馀事勿取,嫁娶、安葬
2030-11-19,危,玉堂,是,嫁娶、纳采、订盟、祭祀、冠笄、裁衣、伐木、作梁、架马、定磉、开柱眼、作灶、移徙、安床、畋猎、结网、开池、开厕、除服、成服、启钻、入殓、移柩、安葬,盖屋、造船、动土、破土
2030-11-20,成,天牢,是,纳采、订盟、祭祀、祈福、求嗣、斋醮、开光、会亲友、解除、入学、纳财、交易、立券、经络、起基、动土、定磉、开池、栽种、纳畜、牧养、破土、入殓、立碑、安葬,嫁娶、开市、入宅、出火、移徙
2030-11-21,收,玄武,否,捕捉、畋猎、会亲友、解除、入殓、除服、成服、移柩、馀事勿取,安床、安门、破土、修坟、安葬
2030-11-22,开,司命,是,祭祀、祈福、求嗣、斋醮、沐浴、冠笄、出行、理发、拆卸、解除、起基、动土、定磉、安碓磑、开池、掘井、扫舍、除服、成服、移柩、启钻、立碑、谢土,移徙、入宅、安门、作梁、安葬
2030-11-23,闭,勾陈,否,嫁娶、冠笄、安床、纳采、会亲友、塞穴、捕捉、置产、造畜稠,开光、掘井、安葬、谢土、修坟
2030-11-24,建,青龙,否,祭祀、沐浴、馀事勿取,诸事不宜
2030-11-25,建,青龙,否,祭祀、会亲友、嫁娶、沐浴、修造、动土、祈福、开光、塑绘、出行、订盟、纳采、裁衣、入殓、除服、成服、移柩、启钻、赴任、竖柱、上梁、纳财、扫舍、栽种、纳畜、伐木,入宅、作灶、安床、开仓
2030-11-26,除,明堂,是,理发、会亲友、补垣、塞穴、结网,嫁娶、入宅、安门、移徙
2030-11-27,满,天刑,否,祭祀、祈福、订盟、纳采、裁衣、拆卸、修造、动土、起基、安床、移徙、入宅、安香、除服、成服、入殓、移柩、安葬、谢土、赴任、会亲友、进人口、出行、竖柱、上梁、经络、开市、交易、立券、纳财、开仓,作灶、治病、伐木、作梁
2030-11-28,平,朱雀,否,祭祀、祈福、订盟、纳采、裁衣、拆卸、修造、动土、起基、安床、移徙、入宅、安香、入殓、移柩、安葬、谢土、赴任、进人口、会亲友,作灶、治病
2030-11-29,定,金匮,是,祭祀、塑绘、开光、订盟、纳采、嫁娶、安床、进人口、入殓、除服、成服、移柩、启钻、安葬、立碑,开市、交易、破土、作灶
2030-11-30,执,天德,是,祭祀、解除、破屋、坏垣、馀事勿取,诸事不宜
2030-12-01,破,白虎,否,祭祀、解除、祈福、开光、塑绘、斋醮、订盟、纳采、裁衣、冠笄、拆卸、修造、动土、入殓、除服、成服、移柩、启钻、安床、赴任、出行、移徙、竖柱、上梁、伐木、栽种、破土、安葬、纳畜,盖屋、治病
2030-12-02,危,玉堂,是,祭祀、祈福、订盟、纳采、裁衣、合帐、冠笄、安机械、安床、造畜稠、入殓、移柩、启钻、安葬、谢土、除服、成服、会亲友、竖柱、上梁、经络、开市、交易、立券、纳财、纳畜、筑堤,嫁娶、入宅、治病、赴任
2030-12-03,成,天牢,是,沐浴、扫舍、馀事勿取,诸事不宜
2030-12-04,收,玄武,否,诸事不宜,无
2030-12-05,开,司命,是,祈福、斋醮、出行、订盟、纳采、入殓、移柩、破土、安葬、立碑、结网,入宅、作灶
2030-12-06,闭,勾陈,否,祭祀、沐浴、出行、冠笄、进人口、馀事勿取,嫁娶、动土、安葬、作灶
2030-12-07,建,青龙,否,造畜稠、教牛马,入宅、移徙、分居、作灶、出火、安香、动土、嫁娶、掘井、扫舍、造桥
2030-12-08,除,明堂,是,订盟、纳采、造车器、祭祀、祈福、出行、安香、修造、动土、上梁、开市、交易、立券、移徙、入宅、会亲友、安机械、栽种、纳畜、盖屋、起基、安床、造畜稠,破土、安葬、行丧、开生坟
2030-12-09,满,天刑,否,订盟、纳采、会亲友、安机械、开光、修造、动土、竖柱、上梁、盖屋、起基、造桥、栽种、纳畜、造畜稠、移柩、入殓、启钻、修坟、立碑、安葬,祈福、出火、嫁娶、入宅、开市、破土
2030-12-10,平,朱雀,否,祭祀、平治道涂、修坟、除服、成服、馀事勿取,移徙、入宅、嫁娶、掘井、安葬
2030-12-11,定,金匮,是,嫁娶、冠笄、祭祀、祈福、求嗣、雕刻、开光、安香、出行、入学、修造、动土、竖柱、上梁、盖屋、起基、安门、出火、移徙、入宅、掘井、造畜稠、安葬、破土、除服、成服,开市、纳采、订盟、作灶、造庙、造船、经络
2030-12-12,执,天德,是,嫁娶、订盟、纳采、祭祀、祈福、求嗣、斋醮、安香、出火、修造、起基、盖屋、合脊、安门、安碓磑、动土、上梁、移徙、入宅,出行、掘井、破土、行丧、安葬
2030-12-13,破,白虎,否,祭祀、沐浴、破屋、坏垣、馀事勿取,嫁娶、移徙、入宅、探病、出行、盖屋
2030-12-14,危,玉堂,是,冠笄、纳财、掘井、开池、出火、安床、交易、立券、畋猎、结网、理发、放水,安门、动土、破土、行丧、安葬、成服
2030-12-15,成,天牢,是,纳采、订盟、移徙、入宅、出行、安机械、会亲友、祭祀、祈福、斋醮、开光、安香、出火、解除、求医、针灸、治病、盖屋、起基、修造、安门、造船、纳畜、牧养、移柩、入殓、启钻、谢土、修坟、立碑,嫁娶、动土、安床、造桥、掘井
2030-12-16,收,玄武,否,祭祀、沐浴、作灶、纳财、捕捉、畋猎、安床、扫舍,开市、斋醮、破土、安葬
2030-12-17,开,司命,是,祈福、斋醮、纳采、订盟、解除、架马、开柱眼、修造、动土、起基、上梁、归岫、盖屋、合脊、掘井、除服、成服、破土、栽种,移徙、开市、入宅、安葬
2030-12-18,闭,勾陈,否,纳采、订盟、祭祀、沐浴、冠笄、合帐、裁衣、修造、动土、拆卸、移徙、入宅、安门、开仓、筑堤、开厕、栽种、纳畜、补垣、塞穴,嫁娶、祈福、开光、掘井、安葬、行丧
2030-12-19,建,青龙,否,合帐、裁衣、教牛马、馀事勿取,入宅、动土、破土、嫁娶、作灶、造船
2030-12-20,除,明堂,是,纳采、订盟、嫁娶、祭祀、祈福、安香、出火、出行、会亲友、经络、求医、治病、解除、拆卸、起基、修造、动土、定磉、扫舍、栽种、牧养、造畜稠,斋醮、作梁、掘井、行丧、安葬
2030-12-21,满,天刑,否,纳财、开市、交易、立券、会亲友、进人口、经络、祭祀、祈福、安香、出火、求医、治病、修造、动土、拆卸、扫舍、安床、栽种、牧养、开生坟、合寿木、入殓、安葬、启钻,嫁娶、移徙、入宅
2030-12-22,平,朱雀,否,祭祀、入殓、移柩、馀事勿取,入宅、修造、动土、破土、安门、上梁
2030-12-23,定,金匮,是,塑绘、开光、订盟、纳采、裁衣、冠笄、拆卸、修造、安床、入宅、出火、安葬、谢土、赴任,掘井、伐木、斋醮、作灶
2030-12-24,执,天德,是,祭祀、塑绘、开光、裁衣、冠笄、嫁娶、纳采、拆卸、修造、动土、竖柱、上梁、安床、移徙、入宅、安香、结网、捕捉、畋猎、伐木、进人口、放水,出行、安葬、修坟、开市
2030-12-25,执,天德,是,祭祀、求医、破屋、坏垣、馀事勿取,诸事不宜
2030-12-26,破,白虎,否,祭祀、祈福、斋醮、出行、冠笄、安机械、移徙、入宅、安香、安床、除服、成服、移柩、启钻,开光、栽种、治病、安门、作灶
2030-12-27,危,玉堂,是,塑绘、斋醮、出行、拆卸、解除、修造、移徙、造船、入殓、除服、成服、移柩、启钻、修坟、立碑、谢土,无
2030-12-28,成,天牢,是,祭祀、沐浴、安床、纳财、畋猎、捕捉,开市、破土
2030-12-29,收,玄武,否,订盟、纳采、祭祀、祈福、修造、动土、上梁、破土,嫁娶、作灶
2030-12-30,开,司命,是,出行、沐浴、理发、补垣、塞穴,入宅、安葬
2030-12-31,闭,勾陈,否,教牛马、馀事勿取,入宅、动土、破土
