公历日期,十二值日,十二值神,黄道吉日,宜,忌
2026-01-01,闭,勾陈,否,入宅、移徙、出行、进人口、修造、动土、起基、上梁、安门、造仓、补垣、塞穴、造畜稠,嫁娶、开市、安床、栽种、安葬、祈福、开光、掘井
2026-01-02,建,青龙,否,造畜稠、教牛马,入宅、移徙、分居、作灶、出火、安香、动土、嫁娶、掘井、扫舍、造桥
2026-01-03,除,明堂,是,订盟、纳采、造车器、祭祀、祈福、出行、安香、修造、动土、上梁、开市、交易、立券、移徙、入宅、会亲友、安机械、栽种、纳畜、盖屋、起基、安床、造畜稠,破土、安葬、行丧、开生坟
2026-01-04,满,天刑,否,订盟、纳采、会亲友、安机械、开光、修造、动土、竖柱、上梁、盖屋、起基、造桥、栽种、纳畜、造畜稠、移柩、入殓、启钻、修坟、立碑、安葬,祈福、出火、嫁娶、入宅、开市、破土
2026-01-05,平,朱雀,否,开市、交易、立券、纳财、开池、补垣、嫁娶、纳采、纳畜、取渔、安床,修造、上梁、入宅、祈福、探病、掘井、动土、安门、安葬、作灶
2026-01-06,定,金匮,是,祭祀、解除、修饰垣墙、平治道涂、馀事勿取,无
2026-01-07,执,天德,是,嫁娶、祭祀、祈福、求嗣、动土、会亲友、起基、造仓、纳畜、牧养、开厕、进人口,掘井、安葬、栽种、出行、作灶、开市、入宅、安门
2026-01-08,破,白虎,否,嫁娶、祭祀、祈福、求嗣、开光、入宅、移徙、安床、修造、动土、进人口,掘井、安葬、栽种、出行、作灶、开市、安门
2026-01-09,危,玉堂,是,破屋、坏垣、馀事勿取,诸事不宜
2026-01-10,成,天牢,是,嫁娶、开市、交易、立券、开光、出行、出火、拆卸、修造、入宅、移徙、动土、破土、移柩、安葬、启钻、除服、成服,安床、伐木、祈福、纳畜
2026-01-11,收,玄武,否,祭祀、入殓、破土、除服、成服、启钻、安葬、修坟、立碑、馀事勿取,无
2026-01-12,开,司命,是,祭祀、解除、馀事勿取,诸事不宜
2026-01-13,闭,勾陈,否,开市、交易、立券、纳财、纳畜、造畜稠、入宅、移徙、安床、开光、祈福、求嗣、动土,嫁娶、栽种、安葬、理发、造庙、作灶、入殓、行丧、造桥
2026-01-14,建,青龙,否,安床、裁衣、交易、立券、入殓、移柩、安葬、除服、成服,置产、嫁娶、出行、开光、栽种、动土、破土、入宅、治病
2026-01-15,除,明堂,是,祭祀、解除、造畜稠、教牛马、针灸、馀事勿取,嫁娶、动土、开池、安葬
2026-01-16,满,天刑,否,沐浴、塑绘、开光、纳采、订盟、开市、交易、立券、纳财、起基、动土、定磉、放水、安葬、破土、启钻、修坟、立碑、移柩,入宅、安门、祭祀、谢土
2026-01-17,平,朱雀,否,嫁娶、出行、理发、安床、启钻、安葬、修坟、开市、交易、立券、纳财、开池、牧养,掘井、祈福、谢土、动土、入宅、上梁、修造、作灶
2026-01-18,定,金匮,是,解除、平治道涂、馀事勿取,移徙、入宅、掘井、造庙、栽种、针灸、治病、开池
2026-01-19,定,金匮,是,嫁娶、祭祀、开光、伐木、出火、拆卸、入宅、移徙、修造、动土、上梁、安床、纳畜,开市、行丧、栽种、出行、出货财、安葬、置产、词讼、治病
2026-01-20,执,天德,是,嫁娶、纳采、订盟、入宅、移徙、安床、祭祀、祈福、开光、出行、解除、出火、拆卸、动土、纳畜、谢土、安葬、破土,伐木、开市、交易、上梁、作灶、安门、盖屋
2026-01-21,破,白虎,否,祭祀、破屋、坏垣、解除、馀事勿取,开市、动土、破土
2026-01-22,危,玉堂,是,嫁娶、纳采、订盟、开光、安香、出火、纳财、开市、交易、立券、裁衣、盖屋、起基、修造、动土、安门、移徙、入宅、栽种、牧养、畋猎、掘井、开池、安葬、破土、入殓、除服、成服、立碑,祈福、造庙、祭祀、安床、谢土
2026-01-23,成,天牢,是,祭祀、斋醮、入殓、破土、启钻、安葬、修坟、立碑、除服、成服,嫁娶、入宅、作灶、纳采、订盟
2026-01-24,收,玄武,否,祭祀、斋醮、纳财、捕捉、畋猎,嫁娶、开市、入宅、安床、破土、安葬
2026-01-25,开,司命,是,纳采、订盟、祭祀、祈福、求嗣、斋醮、沐浴、进人口、会亲友、入学、治病、安碓磑、掘井、开池、纳畜、牧养、造畜稠,嫁娶、合帐、入宅、行丧、安葬
2026-01-26,闭,勾陈,否,祭祀、祈福、求嗣、沐浴、问名、交易、纳财、入殓、移柩、安葬、修坟、立碑、谢土、造畜稠、教牛马,入宅、置产、嫁娶、动土、栽种、开市、开光、破土
2026-01-27,建,青龙,否,祭祀、教牛马、造畜稠、会亲友、解除、馀事勿取,嫁娶、入宅、出行、动土、破土、安葬、行丧
2026-01-28,除,明堂,是,嫁娶、开光、解除、出火、拆卸、修造、进人口、入宅、移徙、安床、栽种、入殓、修坟、动土、除服、成服,作灶、安葬、祭祀、开市、纳采、订盟、纳畜、谢土、出行、探病
2026-01-29,满,天刑,否,出行、起基、安床、纳财、交易、立券、嫁娶、栽种、入殓、移柩、安葬,挂匾、入宅、上梁、祈福、词讼、作梁、作灶、开池、安门、动土、破土、掘井
2026-01-30,平,朱雀,否,平治道涂、馀事勿取,开光、嫁娶、开仓、出货财、造船、安葬、探病
2026-01-31,定,金匮,是,嫁娶、订盟、纳采、会亲友、祭祀、安机械、移徙、入宅、盖屋、安床、起基、定磉、安香、出火、挂匾、拆卸、置产,开市、出行、安葬、行丧
2026-02-01,执,天德,是,沐浴、捕捉、畋猎、理发、整手足甲、入殓、除服、成服、破土、安葬、谢土、立碑、修坟、启钻,纳采、订盟、嫁娶、上梁、开市、斋醮、盖屋、安门
2026-02-02,破,白虎,否,祭祀、破屋、坏垣、馀事勿取,斋醮、嫁娶、开市
2026-02-03,危,玉堂,是,沐浴、开仓、出货财、开市、交易、立券、纳财、栽种、纳畜、牧养、畋猎、入殓、破土、安葬,祈福、嫁娶、安床、入宅、造船
2026-02-04,成,天牢,是,祭祀、祈福、求嗣、开光、出火、出行、拆卸、修造、动土、入宅、移徙、上梁、挂匾、开池、入殓、安葬、破土、启钻,嫁娶、作灶、安床
2026-02-05,收,玄武,否,结网、入殓、除服、成服、移柩、安葬、破土,诸事不宜
2026-02-06,开,司命,是,移徙、祭祀、开光、祈福、出行、解除、进人口、雇佣、安床、动土、起基、上梁、安门,嫁娶、安葬、破土、作梁、纳畜、牧养、行丧、作灶
2026-02-07,闭,勾陈,否,嫁娶、开光、祈福、求嗣、解除、动土、安床、栽种、开池、掘井、祭祀、破土、启钻,入宅、作灶、伐木、安葬、出火、出行、纳畜
2026-02-08,建,青龙,否,祭祀、合帐、裁衣、经络、伐木、作梁、安床、作灶、入殓、安葬、启钻、移柩,词讼、出火、入宅
2026-02-09,除,明堂,是,裁衣、伐木、作梁、纳财、交易、立券,诸事不宜
2026-02-10,满,天刑,否,嫁娶、祭祀、祈福、求嗣、开光、出行、出火、拆卸、动土、上梁、进人口、入宅、移徙、安床、开市、交易、立券、挂匾、入殓、破土、安葬、启钻、除服、成服,无
2026-02-11,平,朱雀,否,嫁娶、冠笄、纳采、出行、会亲友、上梁、安机械、安床、牧养、畋猎、祭祀、祈福、开光、修造、安门、盖屋、起基,入宅、作灶、治病、安葬、移徙
2026-02-12,定,金匮,是,修饰垣墙、平治道涂、祭祀、馀事勿取,诸事不宜
2026-02-13,执,天德,是,造车器、纳采、订盟、祭祀、祈福、求嗣、移徙、出行、开市、出火、入宅、立券、交易、安门、安床、安葬、谢土,开光、盖屋、动土、作灶、栽种
2026-02-14,破,白虎,否,动土、入殓、嫁娶、移柩、安葬、破土,开市、作灶、安床、入宅、上梁、裁衣
2026-02-15,危,玉堂,是,求医、治病、破屋、坏垣、馀事勿取,开市、嫁娶
2026-02-16,成,天牢,是,祭祀、斋醮、沐浴、开生坟、除服、成服、移柩、入殓、破土、安葬、合寿木,开市、嫁娶、安床、会亲友、入宅、作灶、上梁
2026-02-17,成,天牢,是,祭祀、塞穴、结网、破土、谢土、安葬、移柩、除服、成服、馀事勿取,嫁娶、入宅
2026-02-18,收,玄武,否,祭祀、沐浴、理发、作灶、结网、栽种,嫁娶、词讼、行丧、安葬、牧养、伐木、作梁、开市、纳畜、造畜稠
2026-02-19,开,司命,是,嫁娶、祭祀、开光、祈福、求嗣、出行、开市、交易、立券、动土、纳财、掘井、会亲友,入宅、安葬、伐木、作梁、纳畜、造畜稠、作灶
2026-02-20,闭,勾陈,否,祭祀、祈福、求嗣、纳畜、入殓、启钻、谢土、除服、成服,栽种、开光、出行、针灸、嫁娶、入宅、动土、破土
2026-02-21,建,青龙,否,开光、解除、伐木、竖柱、上梁、交易、立券、纳畜、入殓、移柩、安葬,入宅、出行、移徙、祭祀、嫁娶、动土、破土、作灶
2026-02-22,除,明堂,是,祭祀、祈福、求嗣、开光、嫁娶、出行、解除、伐木、拆卸、进人口、安床、动土、起基、上梁、栽种、纳畜、破土、谢土、启钻、安葬,移徙、入宅、出火、作灶、掘井
2026-02-23,满,天刑,否,会亲友、冠笄、安床、安机械、祭祀、祈福、求嗣、经络,嫁娶、开市、动土、作灶、安葬
2026-02-24,平,朱雀,否,作灶、解除、平治道涂、馀事勿取,祭祀、祈福、安葬、安门
2026-02-25,定,金匮,是,嫁娶、祭祀、冠笄、修饰垣墙、置产,经络、探病、盖屋、作灶、动土
2026-02-26,执,天德,是,纳采、嫁娶、祭祀、祈福、出行、修造、动土、移徙、入宅、安葬、破土,开市、斋醮
2026-02-27,破,白虎,否,祭祀、沐浴、解除、理发、扫舍、破屋、坏垣、馀事勿取,嫁娶、安葬
2026-02-28,危,玉堂,是,纳采、订盟、祭祀、祈福、安香、出火、修造、出行、开市、移徙、入宅、动土、安葬、破土,安床、作灶、造船、会亲友
2026-03-01,成,天牢,是,塞穴、结网、取渔、畋猎,嫁娶、安门、移徙、入宅、安葬
2026-03-02,收,玄武,否,纳采、祭祀、祈福、出行、会亲友、修造、动土、移徙、入宅,嫁娶、开市、安葬、破土
2026-03-03,开,司命,是,纳采、嫁娶、祭祀、祈福、出行、开市、会亲友、动土、破土、启钻,移徙、入宅、出火、安门、安葬
2026-03-04,闭,勾陈,否,祭祀、祈福、求嗣、斋醮、入殓、除服、成服、移柩、安葬、启钻,嫁娶、动土、开光、盖屋、破土
2026-03-05,建,青龙,否,订盟、纳采、裁衣、合帐、冠笄、安机械、拆卸、安床、入殓、除服、成服、移柩、破土、启钻、安葬、修坟、立碑、经络、交易、立券、纳财、筑堤、造仓、补垣、塞穴、纳畜、伐木、架马,祭祀、开光、嫁娶、入宅
2026-03-06,除,明堂,是,祭祀、出行、嫁娶、冠笄、安床、入殓、移柩、安葬,掘井、动土、作灶、栽种
2026-03-07,满,天刑,否,塞穴、诸事不宜,安门、作灶、安葬、嫁娶
2026-03-08,平,朱雀,否,开光、塑绘、求嗣、纳采、裁衣、合帐、冠笄、安机械、作梁、开柱眼、安门、安床、造仓、祭祀、会亲友、祈福、经络、纳财、开市、立券、交易、入学、理发、架马,出行、斋醮、安葬、嫁娶
2026-03-09,定,金匮,是,祭祀、嫁娶、纳婿、安葬,栽种、盖屋、作灶、入宅
2026-03-10,执,天德,是,祭祀、会亲友、订盟、裁衣、合帐、安机械、拆卸、上梁、安门、入殓、除服、成服、移柩、启钻、安葬、立碑、开光、塑绘、入学、出行、起基、定磉、放水、移徙、入宅、竖柱、立券、经络,伐木、作梁
2026-03-11,破,白虎,否,祭祀、开光、塑绘、祈福、斋醮、裁衣、合帐、冠笄、嫁娶、拆卸、动土、移徙、入宅、入殓、移柩、安葬、谢土、求嗣、入学、理发、伐木、架马、作梁、出火、修造、起基、定磉、放水、赴任,安门
2026-03-12,危,玉堂,是,祭祀、治病、破屋、坏垣、馀事勿取,诸事不宜
2026-03-13,成,天牢,是,嫁娶、祭祀、出行、冠笄、立券、交易、进人口、开市、移徙、修造、动土、安床、入殓、移柩、破土,开光、作灶、斋醮、安葬
2026-03-14,收,玄武,否,开市、立券、交易、挂匾、祭祀、祈福、开光、入宅、移徙、安床、拆卸、动土、上梁、进人口,嫁娶、行丧、架马、作梁、理发、牧养、安葬、纳畜、伐木
2026-03-15,开,司命,是,理发、冠笄、嫁娶、进人口,置产、伐木、纳畜、造畜稠、安葬、破土、作梁、作灶、开生坟
2026-03-16,闭,勾陈,否,嫁娶、祭祀、开光、祈福、求嗣、出火、入宅、移徙、安床、拆卸、动土、破土、谢土,合帐、开市、安葬、入殓
2026-03-17,建,青龙,否,安床、伐木、拆卸、修造、动土、上梁、立券、交易、栽种、纳畜、牧养、入殓、安葬,嫁娶、祭祀、开光、出行、出火、移徙、入宅、安门
2026-03-18,除,明堂,是,祭祀、祈福、求嗣、斋醮、嫁娶、冠笄、出行、开市、交易、会亲友、教牛马、除服、成服、启钻、安葬、移柩,动土、移徙、入宅
2026-03-19,除,明堂,是,塞穴、整手足甲、解除、捕捉、畋猎、结网、馀事勿取、诸事不宜,嫁娶、作灶、掘井、安葬
2026-03-20,满,天刑,否,纳财、开市、立券、交易、开光、安床、上梁、盖屋、修造、起基,动土、破土、安葬、行丧、赴任、出行、嫁娶、入宅、移徙、谢土、词讼
2026-03-21,平,朱雀,否,祭祀、祈福、嫁娶、冠笄、修饰垣墙、置产、平治道涂,开仓、出货财、盖屋、作灶、开市、交易、立券、栽种
2026-03-22,定,金匮,是,嫁娶、祭祀、开光、祈福、求嗣、出行、出火、进人口、入宅、移徙、安床、拆卸、修造、安门、挂匾、纳财、扫舍,动土、伐木、安葬、行丧
2026-03-23,执,天德,是,嫁娶、开光、祭祀、祈福、求嗣、出行、出火、入宅、移徙、解除、栽种、伐木、破土、谢土、安葬,开市、交易、作灶、纳财、上梁、安床、盖屋、造船
2026-03-24,破,白虎,否,破屋、坏垣、求医、治病、馀事勿取,开光、嫁娶
2026-03-25,危,玉堂,是,纳采、交易、立券、安床、安机械、安葬、移柩、动土、破土、立碑,嫁娶、开光、作灶
2026-03-26,成,天牢,是,祭祀、祈福、求嗣、斋醮、沐浴、开光、理发、经络、解除、治病、立碑、栽种、牧养、掘井、开池,嫁娶、定磉、合寿木、安葬、行丧
2026-03-27,收,玄武,否,纳财、交易、立券、栽种、捕捉、结网、取渔、进人口、教牛马、理发,入宅、盖屋、竖柱、安葬
2026-03-28,开,司命,是,嫁娶、订盟、纳采、祭祀、祈福、出行、修造、动土、移徙、入宅、破土、出火、安门、安床、上梁、立碑、移柩,开市、交易、合帐、安葬
2026-03-29,闭,勾陈,否,冠笄、立券、交易、修造、动土、安机械、入殓、安葬、破土,嫁娶、祈福、出火、入宅
2026-03-30,建,青龙,否,祭祀、会亲友、出行、立券、交易、冠笄、纳财,嫁娶、动土、掘井、起基、定磉、破土
2026-03-31,除,明堂,是,祭祀、沐浴、解除、扫舍、塞穴、牧养,嫁娶、安葬、行丧、安门
2026-04-01,满,天刑,否,纳财、开市、交易、立券、开光、针灸、会亲友、理发、安床、造仓、结网,移徙、入宅、栽种
2026-04-02,平,朱雀,否,嫁娶、冠笄、会亲友、安机械、纳财、交易、立券、置产,开市、盖屋、治病、作灶
2026-04-03,定,金匮,是,嫁娶、造车器、纳采、订盟、祭祀、祈福、安机械、移徙、入宅、开市、立券、破土、安葬,纳畜、理发、合寿木
2026-04-04,执,天德,是,祈福、斋醮、出行、移徙、入宅、修造、动土、破土、安葬,纳采、开光、安床、嫁娶、开市
2026-04-05,破,白虎,否,祭祀、祈福、求嗣、开光、解除、出火、拆卸、入宅、安床、修造、安门、纳畜、启钻、安葬,动土、破土、纳财、掘井、挂匾、开市、伐木、交易
2026-04-06,危,玉堂,是,祭祀、解除、破屋、坏垣、馀事勿取,诸事不宜
2026-04-07,成,天牢,是,塞穴、扫舍、馀事勿取,诸事不宜
2026-04-08,收,玄武,否,祭祀、祈福、求嗣、开光、解除、纳采、冠笄、出火、拆卸、进人口、安床、动土、上梁、造庙、掘井、开池、入殓、移柩、安葬、破土,无
2026-04-09,开,司命,是,解除、破屋、馀事勿取,诸事不宜
2026-04-10,闭,勾陈,否,嫁娶、祈福、求嗣、开光、出行、解除、拆卸、出火、开市、立券、交易、入宅、移徙、安床、动土、破土、谢土,祭祀、入殓、安葬、探病
2026-04-11,建,青龙,否,祭祀、裁衣、冠笄、安床、交易、立券、开池、补垣、塞穴、入殓、破土、启钻、安葬、谢土、除服、成服,嫁娶、掘井、探病、开市、开光、栽种
2026-04-12,除,明堂,是,祭祀、出行、教牛马、扫舍、馀事勿取,开光、伐木、安葬、破土
2026-04-13,满,天刑,否,祭祀、祈福、求嗣、开光、纳采、订盟、解除、栽种、纳畜、牧养、扫舍、进人口,修坟、造桥、作灶、出行、安葬、盖屋、入宅
2026-04-14,平,朱雀,否,开光、出行、交易、塞穴、嫁娶、理发、开市、安床,祈福、出火、置产、动土、破土、安葬、修造、上梁、入宅
2026-04-15,定,金匮,是,祭祀、作灶、畋猎、结网、修饰垣墙、平治道涂、馀事勿取,嫁娶、安床、治病
2026-04-16,执,天德,是,沐浴、祭祀、解除、安葬、破土、谢土、移柩、馀事勿取,斋醮、开光、嫁娶、入宅、上梁
2026-04-17,执,天德,是,祭祀、解除、入殓、移柩、启钻、安葬、整手足甲、捕捉、畋猎、取渔、除服、成服、扫舍、谢土、斋醮,动土、破土
2026-04-18,破,白虎,否,祭祀、沐浴、解除、破屋、坏垣、求医、治病、馀事勿取,嫁娶、开市
2026-04-19,危,玉堂,是,沐浴、塞穴、畋猎、结网、取渔、扫舍、馀事勿取,祈福、安葬
2026-04-20,成,天牢,是,开市、交易、立券、挂匾、祭祀、开光、祈福、求嗣、安床、解除、修造、安葬,纳采、问名、订盟、嫁娶、入宅、开仓、出火、动土、破土、纳畜、伐木
2026-04-21,收,玄武,否,祭祀、修门、取渔、纳财、纳畜、馀事勿取,嫁娶、入宅
2026-04-22,开,司命,是,安香、出火、纳采、订盟、嫁娶、开市、立券、交易、挂匾、开光、出行、解除、安床、栽种、置产、拆卸、修造、动土,作灶、安葬、祭祀、入殓
2026-04-23,闭,勾陈,否,祭祀、出行、修造、动土、合帐、造畜稠、安床、移徙、入殓、移柩、破土、启钻、安葬、开生坟、合寿木、补垣、塞穴,入宅、作灶、理发、开光、安门
2026-04-24,建,青龙,否,祭祀、修饰垣墙、馀事勿取,开光、修造、动土、破土
2026-04-25,除,明堂,是,嫁娶、祭祀、祈福、求嗣、斋醮、开光、出火、移徙、入宅、竖柱、上梁、会亲友、盖屋、起基、治病、安门、造车器、掘井、开池,纳采、出行、修坟、安葬、开市、立券、作灶
2026-04-26,满,天刑,否,祭祀、塑绘、开光、纳采、嫁娶、开市、出行、会亲友、安床、结网、除服、成服、启钻、安葬、移柩,祈福、入宅、盖屋、动土、破土、探病
2026-04-27,平,朱雀,否,祭祀、作灶、平治道涂、馀事勿取,安床、入宅、安碓磑、栽种
2026-04-28,定,金匮,是,祭祀、祈福、求嗣、斋醮、沐浴、纳畜、入殓、破土、安葬,移徙、入宅、嫁娶、出行、安床
2026-04-29,执,天德,是,纳采、祭祀、祈福、求嗣、斋醮、出行、起基、盖屋、定磉、安门、入殓、安葬,嫁娶、开市、纳财、出火
2026-04-30,破,白虎,否,祭祀、沐浴、解除、求医、治病、破屋、坏垣、馀事勿取,祈福、斋醮、开市、安葬
2026-05-01,危,玉堂,是,沐浴、捕捉、畋猎、结网、取渔,祭祀、嫁娶、入宅、作灶、安葬
2026-05-02,成,天牢,是,祭祀、祈福、求嗣、斋醮、纳采、订盟、开光、竖柱、上梁、开仓、出货财、盖屋、起基、定磉、安门、诸事不宜、破土、入殓、启钻、谢土,出火、嫁娶、开市
2026-05-03,收,玄武,否,祭祀、捕捉、解除、馀事勿取,嫁娶、安葬
2026-05-04,开,司命,是,纳采、嫁娶、出行、开市、立券、纳畜、牧养、出火、移徙、入宅,祈福、动土、破土、安葬、入殓
2026-05-05,闭,勾陈,否,嫁娶、祭祀、祈福、求嗣、开光、开市、交易、立券、安床、出行、拆卸,纳畜、入宅、移徙、安葬、探病、伐木、上梁、安门、入殓、动土
2026-05-06,建,青龙,否,嫁娶、祭祀、祈福、求嗣、出行、出火、拆卸、修造、动土、入宅、移徙、安床、作灶、塞穴、栽种、破土、安葬,开光、掘井、开仓
2026-05-07,除,明堂,是,解除、扫舍、馀事勿取,诸事不宜
2026-05-08,满,天刑,否,开市、交易、立券、挂匾、开光、出行、拆卸、进人口、入宅、移柩、动土、安门、上梁、栽种、破土、修坟、安葬,嫁娶、安床、探病、作灶
2026-05-09,平,朱雀,否,进人口、会亲友,塞穴、上梁、动土、伐木、安葬、词讼
2026-05-10,定,金匮,是,沐浴、平治道涂、扫舍、入殓、破土、安葬、除服、成服,嫁娶、移徙、伐木、作梁、安床、祭祀、祈福、盖屋
2026-05-11,执,天德,是,嫁娶、祭祀、祈福、求嗣、开光、出火、出行、拆卸、动土、解除、进人口、开市、交易、立券、挂匾、入宅、移徙、安床、安门、上梁、安葬、破土、谢土,无
2026-05-12,破,白虎,否,祭祀、祈福、求嗣、开光、解除、合帐、冠笄、伐木、架马、作梁、修造、进人口、嫁娶、裁衣、安床、动土、起基、上梁、竖柱、放水、会亲友,无
2026-05-13,危,玉堂,是,破屋、坏垣、沐浴、解除、馀事勿取,诸事不宜
2026-05-14,成,天牢,是,纳采、订盟、嫁娶、造车器、祭祀、祈福、求嗣、开光、出火、拆卸、修造、动土、进人口、挂匾、入宅、移徙、安床、栽种、入殓、破土、安葬、除服、成服,开市、立券
2026-05-15,收,玄武,否,开市、交易、立券、祭祀、祈福、开光、动土、安床、出行、栽种、纳畜、牧养、竖柱、上梁、解除、破土,嫁娶、掘井、入宅、移徙、安葬
2026-05-16,开,司命,是,解除、出行、纳采、冠笄、竖柱、上梁、移徙、作灶、进人口、入宅、纳畜、牧养,祭祀、伐木、架马、安床、修造、动土、安葬、修坟、破土
2026-05-17,开,司命,是,祭祀、祈福、求嗣、开光、出行、开市、交易、立券、栽种、安床、纳畜、移徙、起基、动土、定磉、造仓、置产、破土、启钻、修坟,入宅、修造、安门、伐木、入殓、安葬、盖屋
2026-05-18,闭,勾陈,否,嫁娶、交易、立券、开厕、补垣、塞穴、畋猎、取渔、开生坟,安床、开渠、上梁、修造、开市、开光、入宅、移徙
2026-05-19,建,青龙,否,塞穴、断蚁、结网、畋猎、馀事勿取,嫁娶、安葬、入宅、出行、动土、词讼
2026-05-20,除,明堂,是,纳采、订盟、嫁娶、祭祀、祈福、求嗣、开光、解除、出行、出火、入宅、移徙、栽种、纳畜、牧养、动土、破土、入殓、安葬,作灶、安床、开仓、盖屋
2026-05-21,满,天刑,否,开光、纳采、裁衣、冠笄、安床、作灶、进人口、造仓、塞穴,嫁娶、栽种、修造、动土、出行、伐木、作梁、安葬、谢土
2026-05-22,平,朱雀,否,纳采、嫁娶、裁衣、理发、出行、修造、动土、进人口、开市、交易、立券、挂匾、移徙、上梁、栽种、纳畜,伐木、安葬、安床、祭祀、祈福
2026-05-23,定,金匮,是,开市、交易、立券、挂匾、祭祀、祈福、斋醮、出行、盖屋、起基、修造、动土、定磉、安床、安机械、安葬、破土、启钻、除服、成服、立碑,作灶、嫁娶、移徙、入宅、理发
2026-05-24,执,天德,是,嫁娶、纳采、订盟、祭祀、祈福、求嗣、开光、出火、出行、拆卸、动土、修造、进人口、入宅、移徙、安床、解除、挂匾、栽种、破土、谢土、入殓、移柩、安葬,开市、立券、造船、合寿木
2026-05-25,破,白虎,否,祭祀、沐浴、解除、破屋、坏垣、馀事勿取,开光、安葬
2026-05-26,危,玉堂,是,订盟、纳采、嫁娶、解除、祭祀、祈福、求嗣、开光、出行、出火、拆卸、入宅、移徙、安床、栽种、纳畜、动土、破土、谢土、安葬、修坟,作灶、开市、经络
2026-05-27,成,天牢,是,祭祀、祈福、求嗣、开光、订盟、纳采、解除、动土、起基、进人口、开市、交易、立券、纳财、造仓、开池、栽种、纳畜、破土、安葬,安床、上梁、裁衣、入宅、嫁娶
2026-05-28,收,玄武,否,祭祀、结网、捕捉、馀事勿取,探病、嫁娶、开市
2026-05-29,开,司命,是,祭祀、祈福、求嗣、开光、纳采、订盟、嫁娶、出行、动土、破土、会亲友、开市、交易、立券、习艺、拆卸、起基、安碓磑、放水、开池、造仓、开渠、栽种、谢土、启钻、修坟、立碑,入宅、安门、安葬
2026-05-30,闭,勾陈,否,嫁娶、冠笄、祭祀、出行、移徙、入宅、作灶、造车器、补垣、塞穴、开厕、破土、启钻、除服、成服、入殓,盖屋、造桥、安门、安葬、上梁
2026-05-31,建,青龙,否,祭祀、解除、断蚁、会亲友、馀事勿取,嫁娶、安葬
2026-06-01,除,明堂,是,嫁娶、纳采、订盟、祭祀、祈福、治病、造车器、修造、动土、移徙、入宅,开市、出行、安床、作灶、安葬
2026-06-02,满,天刑,否,嫁娶、纳采、订盟、会亲友、安机械、结网、冠笄、祭祀、求嗣、进人口、经络,开市、作灶、动土、行丧、安葬
2026-06-03,平,朱雀,否,祭祀、沐浴、移徙、破土、安葬、扫舍、平治道涂,祈福、嫁娶、入宅、安床、作灶
2026-06-04,定,金匮,是,祭祀、祈福、斋醮、求嗣、安机械、纳畜、移徙、入宅、塑绘、开光、起基、竖柱、上梁、作灶、安门、安香、出火、盖屋、启钻、安葬,动土、破土、嫁娶
2026-06-05,执,天德,是,嫁娶、祭祀、开光、祈福、求嗣、出行、出火、拆卸、动土、修造、进人口、入宅、移徙、安床、挂匾、交易、立券、栽种、纳畜、入殓、破土、启钻、安葬,无
2026-06-06,破,白虎,否,祭祀、祈福、求嗣、开光、出行、伐木、出火、拆卸、修造、动土、起基、安床、入宅、移徙,嫁娶、开市、交易、行丧、安葬、修坟
2026-06-07,危,玉堂,是,破屋、坏垣、馀事勿取,诸事不宜
2026-06-08,成,天牢,是,开市、交易、立券、纳财、开池、开厕、结网、祭祀、修造、动土、安床、放水、经络、破土,嫁娶、造桥、词讼、移徙、安门、作灶、栽种
2026-06-09,收,玄武,否,开市、交易、立券、纳财、栽种、安床、拆卸、修造、动土、上梁、入殓、安葬、破土、除服、成服,嫁娶、出火、伐木、祭祀、入宅、移徙、纳畜、探病
2026-06-10,开,司命,是,祭祀、作灶、馀事勿取,诸事不宜
2026-06-11,闭,勾陈,否,解除、坏垣、馀事勿取,诸事不宜
2026-06-12,建,青龙,否,修造、动土、起基、安门、安床、栽种、筑堤、补垣、造畜稠,嫁娶、掘井、入宅、移徙、出火、出行、行丧、安葬、开光、理发、进人口
2026-06-13,除,明堂,是,祭祀、教牛马、断蚁、馀事勿取,斋醮、移徙、入宅、动土
2026-06-14,满,天刑,否,纳采、订盟、嫁娶、祭祀、祈福、开市、纳财、立券、移徙、出行、修造、动土、起基、定磉、竖柱、拆卸、扫舍、放水、安香、安床、造船、开池、掘井、造畜稠、栽种,行丧、安葬、破土、作灶、伐木、斋醮
2026-06-15,满,天刑,否,嫁娶、开光、祭祀、祈福、出行、解除、移徙、入宅、开市、纳财、起基、修造、竖柱、上梁、盖屋、作灶、出火、安香、补垣、塞穴、拆卸、放水、扫舍、造仓、造船、栽种、安葬,纳采、订盟、安床、谢土、破土、动土
2026-06-16,平,朱雀,否,嫁娶、祭祀、理发、作灶、修饰垣墙、平治道涂、整手足甲、沐浴、冠笄,破土、出行、栽种
2026-06-17,定,金匮,是,嫁娶、纳采、订盟、祭祀、祈福、求嗣、开光、出火、出行、拆卸、修造、动土、进人口、入宅、移徙、安床、交易、立券、挂匾、纳财、入殓、安葬、启钻、除服、成服,掘井、破土
2026-06-18,执,天德,是,畋猎、捕捉、结网、取渔、祭祀、沐浴、馀事勿取,嫁娶、开市、安葬、启钻、行丧
2026-06-19,破,白虎,否,祭祀、破屋、坏垣、馀事勿取,移徙、入宅、开仓、出货财
2026-06-20,危,玉堂,是,祭祀、斋醮、塑绘、开光、出行、修造、动土、造畜稠、安床、放水、掘井、开池、开厕、结网、破土,出火、入宅
2026-06-21,成,天牢,是,开市、交易、立券、挂匾、开光、解除、拆卸、动土、安床、修造、上梁、置产、栽种、破土、安葬,作灶、出火、祭祀、嫁娶、入宅
2026-06-22,收,玄武,否,祭祀、结网、馀事勿取,入宅、出行、掘井、安葬
2026-06-23,开,司命,是,嫁娶、纳采、订盟、冠笄、造车器、祭祀、开光、祈福、求嗣、出行、解除、伐木、出火、入宅、拆卸、修造、动土、上梁、安床、栽种、破土,行丧、置产、安葬
2026-06-24,闭,勾陈,否,嫁娶、合帐、裁衣、冠笄、伐木、上梁、出火、拆卸、移徙、修造、动土、安门、纳财、筑堤、栽种、塞穴,安床、祈福、出行、安葬、行丧、开光
2026-06-25,建,青龙,否,出行、教牛马、割蜜、馀事勿取,斋醮、盖屋、动土、破土
2026-06-26,除,明堂,是,嫁娶、祭祀、祈福、求嗣、开光、出行、解除、出火、拆卸、修造、进人口、入宅、移徙、动土、安床、纳畜、栽种、纳财、交易、立券、挂匾、造畜稠,安葬、开生坟、行丧
2026-06-27,满,天刑,否,安机械、祭祀、祈福、求嗣、沐浴、解除、纳采、开市、修造、竖柱、上梁、开柱眼、安碓磑、归岫、补垣、塞穴、拆卸、放水、出火、扫舍、开生坟、合寿木、安葬、谢土、启钻、除服、成服,嫁娶、安床、作灶、动土、破土、造船
2026-06-28,平,朱雀,否,祭祀、沐浴、理发、整手足甲、修饰垣墙、平治道涂、馀事勿取,开市、入宅、出行、修造、词讼
2026-06-29,定,金匮,是,嫁娶、纳采、祭祀、祈福、出行、立券、移徙、入宅、动土、破土、安葬,开光、作灶、盖屋、架马、开仓
2026-06-30,执,天德,是,纳采、订盟、冠笄、祭祀、祈福、斋醮、出行、修造、动土、移徙、入宅、安香、出火、拆卸、盖屋、起基、竖柱、上梁、定磉、安门、开池,嫁娶、开市、合寿木、安葬
2026-07-01,破,白虎,否,祭祀、沐浴、破屋、坏垣、馀事勿取,入宅、嫁娶、移徙
2026-07-02,危,玉堂,是,嫁娶、安机械、交易、出行、祭祀、祈福、求嗣、斋醮、塑绘、开光、合帐、裁衣、放水、开池、掘井,作灶、理发、造桥、行丧、安葬
2026-07-03,成,天牢,是,纳采、冠笄、求医、治病、开市、立券、修造、动土、安机械、破土、安葬,斋醮、祭祀、移徙、入宅、上梁、嫁娶
2026-07-04,收,玄武,否,祭祀、作灶、馀事勿取,开市、安葬、破土、修坟、掘井
2026-07-05,开,司命,是,祭祀、祈福、求嗣、斋醮、安香、解除、移徙、入宅、会亲友、求医、治病、动土、破土、开生坟、合寿木,合帐、上梁、经络、安葬、入殓
2026-07-06,闭,勾陈,否,嫁娶、冠笄、修造、动土、作灶、移徙、入宅、补垣、塞穴、纳畜、牧养、架马、起基、定磉、开池、造船,祈福、开光、掘井、开市、安葬
2026-07-07,建,青龙,否,祭祀、入殓、破土、除服、成服、移柩、启钻、安葬、谢土、馀事勿取,无
2026-07-08,除,明堂,是,祭祀、出行、交易、割蜜、造畜稠,嫁娶、作灶、安葬、动土、词讼、作梁、伐木、掘井、破土、移徙
2026-07-09,满,天刑,否,嫁娶、祭祀、祈福、求嗣、开光、出火、拆卸、修造、动土、进人口、开市、交易、立券、挂匾、入宅、移徙、栽种、纳畜、入殓、启钻、除服、成服,无
2026-07-10,平,朱雀,否,嫁娶、开光、解除、安床、牧养、理发、开市、入殓、启钻、移柩、安葬、扫舍,作灶、动土、上梁、栽种、入宅、移徙、修造、祈福
2026-07-11,定,金匮,是,祭祀、解除、馀事勿取,诸事不宜
2026-07-12,执,天德,是,祭祀、祈福、求嗣、开光、伐木、出火、拆卸、入宅、安床、修造、动土、上梁、挂匾、纳畜,嫁娶、栽种、行丧、理发、修坟、作灶
2026-07-13,破,白虎,否,解除、祭祀、理发、入殓、安葬、破土,嫁娶、开市、出火、作灶、置产、斋醮、入宅、移徙、安门
2026-07-14,破,白虎,否,破屋、坏垣、馀事勿取,诸事不宜
2026-07-15,危,玉堂,是,开市、交易、立券、纳财、动土、开光、出行、嫁娶、纳采、订盟、入学、开仓、出货财、纳畜、牧养、栽种、破土、启钻、安葬、立碑,入宅、移徙、作灶、祭祀、谢土
2026-07-16,成,天牢,是,嫁娶、纳采、订盟、祭祀、祈福、求嗣、开光、出火、出行、拆卸、修造、动土、进人口、开市、交易、立券、挂匾、入宅、移徙、安床、栽种、入殓、破土、谢土、安葬,掘井、伐木、纳畜、合寿木
2026-07-17,收,玄武,否,祭祀、冠笄、作灶、交易、纳财、栽种、结网、纳畜、牧养、进人口,开渠、造船、安床、安葬、破土、出行、修坟、掘井、开市、开生坟
2026-07-18,开,司命,是,嫁娶、订盟、祭祀、祈福、求嗣、纳采、裁衣、冠笄、开光、安床、作梁、修造、动土、作灶、起基、上梁、盖屋、纳畜、牧养,移徙、栽种、出行、行丧、破土、安葬、词讼
2026-07-19,闭,勾陈,否,经络、祭祀、沐浴、补垣、塞穴、除服、成服、移柩、入殓、启钻、立碑,开光、治病、嫁娶、掘井、破土、安葬
2026-07-20,建,青龙,否,嫁娶、祭祀、出行、裁衣、冠笄、交易、雕刻、纳财、造畜稠、造车器、教牛马,移徙、入宅、栽种、动土、破土、作灶、安葬、行丧、伐木、上梁
2026-07-21,除,明堂,是,修造、动土、安机械、祭祀、沐浴、解除、拆卸、治病、作灶、盖屋、起基、开池、扫舍、造畜稠、开生坟、合寿木、安葬、破土、启钻、移柩、入殓、立碑,开市、入宅、出行、安床
2026-07-22,满,天刑,否,嫁娶、纳采、订盟、造车器、开光、出行、拆卸、起基、安床、除服、成服、开市、交易、立券、栽种、牧养、入殓、移柩、启钻,上梁、入宅、修造、动土、破土、祭祀、祈福、斋醮
2026-07-23,平,朱雀,否,祭祀、嫁娶、畋猎、结网,动土、破土、治病、开渠
2026-07-24,定,金匮,是,纳采、订盟、会亲友、入学、祭祀、祈福、求嗣、开光、出行、解除、理发、动土、起基、开市、交易、立券、纳财、造仓、栽种、纳畜、牧养,嫁娶、作灶、出火、置产、入宅、安葬
2026-07-25,执,天德,是,祭祀、祈福、解除、整手足甲、安床、沐浴、入殓、移柩、破土、启钻、安葬、谢土,嫁娶、斋醮、开市、出火、入宅、移徙、出行、作灶、安门、伐木
2026-07-26,破,白虎,否,破屋、坏垣、解除、馀事勿取,嫁娶、安葬
2026-07-27,危,玉堂,是,嫁娶、开市、立券、移徙、入宅、安机械、会亲友、经络、安门、安床、挂匾、拆卸、开仓、出货财、开池、栽种、纳畜、牧养、破土、安葬、启钻、移柩、入殓、立碑,祭祀、祈福、探病、谢土、造桥
2026-07-28,成,天牢,是,嫁娶、订盟、纳采、祭祀、祈福、斋醮、开光、会亲友、求医、治病、盖屋、起基、竖柱、上梁、安门、安碓磑、筑堤、开池、破土、安葬、除服、成服,入宅、开市、掘井、词讼、合寿木
2026-07-29,收,玄武,否,纳采、订盟、嫁娶、移徙、入宅、出行、祭祀、祈福、斋醮、塑绘、开光、安香、出火、会亲友、解除、入学、竖柱、上梁、拆卸、盖屋、起基、栽种、牧养、纳畜,安葬、破土、开市、开仓、出货财、启钻
2026-07-30,开,司命,是,纳采、订盟、嫁娶、祭祀、沐浴、塑绘、开光、出火、治病、习艺、伐木、盖屋、竖柱、上梁、安床、作灶、安碓磑、挂匾、掘井、纳畜,出行、安葬、造桥
2026-07-31,闭,勾陈,否,祭祀、入殓、除服、成服、移柩、破土、启钻、安葬、塞穴、断蚁、结网,开市、入宅、嫁娶、开光、盖屋
2026-08-01,建,青龙,否,祭祀、修造、出行、盖屋、竖柱、造车器、教牛马、造畜稠、割蜜,动土、破土、掘井、安葬
2026-08-02,除,明堂,是,祭祀、沐浴、塑绘、开光、入学、解除、扫舍、治病、开池、牧养,嫁娶、出行、纳采、入宅、作灶
2026-08-03,满,天刑,否,纳财、开市、交易、立券、出行、祭祀、祈福、求嗣、开光、解除、扫舍、起基、竖柱、安床、移徙、开仓、出货财、补垣、塞穴、栽种、纳畜、牧养,斋醮、入宅、安门、安葬、破土、行丧
2026-08-04,平,朱雀,否,祭祀、修饰垣墙、平治道涂,开市、动土、破土、嫁娶、修造、安葬
2026-08-05,定,金匮,是,订盟、纳采、祭祀、祈福、开光、安香、出火、立券、安机械、移徙、入宅、竖柱、上梁、会亲友、安床、拆卸、挂匾、牧养、教牛马,嫁娶、安葬、行丧、破土、修坟
2026-08-06,执,天德,是,沐浴、理发、捕捉、入殓、移柩、破土、启钻、安葬,出火、嫁娶、入宅、作灶、上梁、动土
2026-08-07,破,白虎,否,祭祀、塞穴、入殓、破土、安葬、移柩、馀事勿取,诸事不宜
2026-08-08,危,玉堂,是,破屋、坏垣、馀事勿取,诸事不宜
2026-08-09,成,天牢,是,祭祀、入殓、移柩、结网、启钻、安葬、除服、成服、馀事勿取,诸事不宜
2026-08-10,收,玄武,否,嫁娶、出火、拆卸、祭祀、祈福、开光、伐木、动土、开市、交易、立券、入宅、移徙、安床、纳畜、入殓、安葬,栽种、作灶、针灸、出行
2026-08-11,开,司命,是,祭祀、开光、解除、进人口、交易、立券、纳财、纳畜,动土、破土、嫁娶、理发、出行、入宅、移徙、分居、安香、出火
2026-08-12,闭,勾陈,否,嫁娶、祭祀、祈福、求嗣、开光、出行、解除、安床、栽种、移柩、进人口、会亲友、除服、成服,盖屋、入殓、安葬、伐木、入宅、移徙、置产、纳畜
2026-08-13,闭,勾陈,否,祭祀、动土、筑堤、开池、会亲友、塞穴、入殓、移柩、破土、安葬,开光、出行、修造、上梁、入宅、安门、作灶、裁衣
2026-08-14,建,青龙,否,祭祀、裁衣、安门、纳财、扫舍、出行、进人口、作灶、纳畜、造畜稠,安床、动土、安葬、开生坟、合寿木
2026-08-15,除,明堂,是,祭祀、解除、拆卸、修造、动土、起基、上梁、安床、安门、开渠、开池、入殓、破土、启钻,嫁娶、出行、进人口、作灶、入宅、移徙、栽种、赴任
2026-08-16,满,天刑,否,纳采、订盟、开光、出行、解除、安香、出火、拆卸、入宅、移徙、修造、上梁、安床、栽种、纳畜、会亲友、安机械、经络,伐木、谢土、行丧、祭祀、作灶、动土、破土、安葬、祈福
2026-08-17,平,朱雀,否,修饰垣墙、平治道涂、祭祀、沐浴、作灶,嫁娶、词讼、治病、置产、作梁、祈福、安葬、栽种、伐木、安门
2026-08-18,定,金匮,是,嫁娶、祭祀、祈福、求嗣、出火、出行、开光、解除、拆卸、修造、进人口、安香、交易、立券、入宅、移徙、安床、动土、破土、谢土、安葬、入殓、除服、成服,斋醮、开市、开仓、作灶、造船
2026-08-19,执,天德,是,破土、安葬、移柩、入殓、祭祀、捕捉、除服、成服、馀事勿取,嫁娶、入宅、开市、交易
2026-08-20,破,白虎,否,破屋、坏垣、治病、馀事勿取,祈福、纳采、订盟、嫁娶、入宅、安葬
2026-08-21,危,玉堂,是,嫁娶、开光、祭祀、祈福、求嗣、安香、出火、解除、伐木、入宅、移徙、安床、开市、交易、立券、栽种、出行、安葬,掘井、理发、作灶、动土、破土、开池
2026-08-22,成,天牢,是,安机械、纳采、订盟、祭祀、祈福、求嗣、开光、普渡、出行、出火、拆卸、修造、动土、进人口、开市、交易、立券、移徙、安床、栽种、上梁、纳畜、破土、移柩、安葬,入宅、嫁娶、掘井、牧养
2026-08-23,收,玄武,否,嫁娶、祭祀、祈福、求嗣、裁衣、冠笄、经络、修造、进人口、安床、动土、竖柱、上梁、移徙、交易、立券、栽种、会亲友,行丧、安葬、出行、作梁、纳畜、伐木、造桥
2026-08-24,开,司命,是,嫁娶、纳采、订盟、开光、祭祀、出行、理发、动土、安床、放水、开渠、栽种、进人口,入宅、上梁、入殓、盖屋、探病、作灶、安门、安葬、纳畜、伐木
2026-08-25,闭,勾陈,否,祭祀、出行、作梁、出火、拆卸、修造、动土、起基、安床、补垣、塞穴、入殓、破土、安葬、移柩、造畜稠,嫁娶、入宅、斋醮、开光、针灸、掘井
2026-08-26,建,青龙,否,嫁娶、纳采、订盟、祭祀、祈福、求嗣、出行、解除、竖柱、入宅、移徙、纳财、上梁、纳畜、入殓、安葬、启钻,栽种、掘井、动土、安床、破土、置产
2026-08-27,除,明堂,是,解除、祭祀、祈福、求嗣、修造、动土、竖柱、上梁、安床、纳畜、盖屋、合脊、起基、入殓、破土、安葬,出火、嫁娶、开光、进人口、出行、词讼、开市、入宅、移徙、赴任
2026-08-28,满,天刑,否,沐浴、理发、会亲友、塑绘、开光、栽种、牧养、嫁娶、经络、补垣、塞穴,开市、入宅、动土、破土、安葬、作灶、上梁、安床、开仓、祈福
2026-08-29,平,朱雀,否,祭祀、理发、作灶、沐浴、修饰垣墙、平治道涂,嫁娶、栽种、祈福、造桥、安葬、安门、伐木、作梁
2026-08-30,定,金匮,是,嫁娶、纳采、订盟、祭祀、祈福、斋醮、普渡、移徙、入宅、出行、安机械、开光、修造、动土、竖柱、上梁、盖屋、起基、定磉、安门、安葬、破土,开市、立券、置产、作灶、造桥
2026-08-31,执,天德,是,祭祀、普渡、捕捉、解除、结网、畋猎、入殓、破土、安葬,开市、交易、入宅、嫁娶
2026-09-01,破,白虎,否,沐浴、破屋、坏垣、馀事勿取,斋醮、开市
2026-09-02,危,玉堂,是,订盟、纳采、祭祀、祈福、安香、出火、开市、立券、入宅、挂匾、造桥、启钻、安葬,动土、破土、嫁娶、掘井、安床
2026-09-03,成,天牢,是,嫁娶、祭祀、祈福、斋醮、普渡、移徙、入宅、动土、治病、开市、交易、立券、开光、修造、造车器、安香、安床、捕捉、畋猎、结网,纳采、订盟、经络、行丧、安葬、探病
2026-09-04,收,玄武,否,嫁娶、订盟、纳采、作灶、冠笄、裁衣、会亲友、纳畜、牧养、安机械、开市、立券、纳财、安床,掘井、出行、破土、行丧、安葬
2026-09-05,开,司命,是,嫁娶、订盟、纳采、祭祀、斋醮、普渡、解除、出行、会亲友、开市、纳财、修造、动土、竖柱、上梁、开光、开仓、出货财、纳畜、牧养、开池、破土、启钻,出火、入宅、盖屋、安门、安葬
2026-09-06,闭,勾陈,否,嫁娶、普渡、祭祀、祈福、补垣、塞穴、断蚁、筑堤、入殓、除服、成服、安葬,动土、破土、掘井、开光、上梁、词讼
2026-09-07,建,青龙,否,嫁娶、出行、伐木、拆卸、修造、动土、移徙、安葬、破土、修坟、立碑,掘井、祈福、安床、开市、入宅、挂匾、开光
2026-09-08,除,明堂,是,祭祀、出行、扫舍、馀事勿取,诸事不宜
2026-09-09,满,天刑,否,嫁娶、祭祀、塑绘、开光、出行、解除、理发、整手足甲、动土、安床、开池、放水、扫舍,伐木、行丧、作灶、作梁、安葬
2026-09-10,平,朱雀,否,开市、交易、立券、挂匾、开光、出行、入宅、移徙、安床、出火、上梁,作灶、行丧、理发、乘船、嫁娶、安葬
2026-09-11,平,朱雀,否,祭祀、沐浴、修饰垣墙、平治道涂、馀事勿取,诸事不宜
2026-09-12,定,金匮,是,嫁娶、祭祀、祈福、求嗣、开光、出行、出火、拆卸、修造、动土、进人口、入宅、移徙、安床、开市、交易、立券、挂匾、栽种、纳畜、入殓、安葬、除服、成服,无
2026-09-13,执,天德,是,解除、坏垣、馀事勿取,诸事不宜
2026-09-14,破,白虎,否,祭祀、治病、破屋、坏垣、馀事勿取,诸事不宜
2026-09-15,危,玉堂,是,嫁娶、纳采、订盟、祭祀、开光、出行、理发、作梁、出火、拆卸、修造、动土、进人口、入宅、移徙、安床、挂匾、栽种、纳畜、破土、安葬、入殓、除服、成服,开市、掘井、开渠、造桥、造船
2026-09-16,成,天牢,是,开市、交易、立券、纳财、挂匾、栽种、祭祀、祈福、开光、拆卸、动土、安床,嫁娶、破土、进人口、出行、入宅、移徙、出火、纳畜、词讼、安葬
2026-09-17,收,玄武,否,嫁娶、祭祀、理发、进人口、作灶、移柩、冠笄、会亲友,开仓、出货财、伐木、纳畜、开市、上梁、盖屋、破土、启钻、栽种
2026-09-18,开,司命,是,祭祀、修坟、除服、成服、启钻、移柩、馀事勿取,开市、入宅、嫁娶、动土、破土、安葬
2026-09-19,闭,勾陈,否,嫁娶、冠笄、安机械、解除、纳畜、牧养、沐浴、伐木、架马、作梁、安门、扫舍、合寿木、安葬、启钻、立碑、修坟,祈福、开光、开市、入宅、动土
2026-09-20,建,青龙,否,祭祀、出行、沐浴、扫舍、安葬、馀事勿取,动土、破土、置产、掘井
2026-09-21,除,明堂,是,嫁娶、纳采、祭祀、解除、出行、修造、动土、开市、上梁、安床、整手足甲、扫舍、求医、治病、起基、定磉、盖屋、合脊,造庙、行丧、安葬、伐木、作灶、造船
2026-09-22,满,天刑,否,纳采、订盟、开市、交易、立券、挂匾、纳财、栽种、进人口、入宅、移徙、安床、开光、出火、拆卸、安门、修造,斋醮、嫁娶、行丧、动土、作灶、安葬、破土
2026-09-23,平,朱雀,否,祭祀、沐浴、修饰垣墙、平治道涂、馀事勿取,嫁娶、入宅、安床、出行
2026-09-24,定,金匮,是,开光、祈福、求嗣、斋醮、修造、动土、纳财、造仓、开厕、栽种、牧养、会亲友,作灶、出火、进人口、开渠、入宅、移徙、祭祀
2026-09-25,执,天德,是,开光、解除、拆卸、修造、动土、竖柱、安门、牧养、安葬、修坟、破土、移柩,出火、入宅、移徙、祈福、祭祀、安床、开市、嫁娶、探病
2026-09-26,破,白虎,否,破屋、坏垣、求医、治病、馀事勿取,移徙、入宅
2026-09-27,危,玉堂,是,嫁娶、纳采、订盟、祭祀、祈福、求嗣、开光、出行、出火、拆卸、修造、动土、进人口、入宅、移徙、安床、上梁、合脊、放水、掘井、破土、移柩、谢土、除服、成服,开市、开仓、安门、安葬
2026-09-28,成,天牢,是,嫁娶、纳采、订盟、祭祀、祈福、求嗣、开光、解除、进人口、入宅、移徙、出火、安床、开市、交易、立券、挂匾,安葬、纳畜、出行、行丧、伐木、栽种、造庙、造桥
2026-09-29,收,玄武,否,祭祀、冠笄、捕捉、馀事勿取,嫁娶、开市、盖屋、作梁、合寿木
2026-09-30,开,司命,是,祭祀、解除、结网、畋猎、取渔、会亲友、入学、移柩、启钻、除服、成服,开市、祈福、动土、破土、入殓、安葬、造船
2026-10-01,闭,勾陈,否,冠笄、沐浴、出行、修造、动土、移徙、入宅、破土、安葬,嫁娶、开市、祭祀、祈福、斋醮、纳采、修坟
2026-10-02,建,青龙,否,祭祀、出行,嫁娶、入宅、修造、动土、会亲友、破土
2026-10-03,除,明堂,是,嫁娶、订盟、纳采、祭祀、祈福、出行、修造、动土、移徙、入宅,针灸、伐木、作梁、造庙、行丧、安葬
2026-10-04,满,天刑,否,出行、开市、交易、立券、安机械、出火、上梁、移徙,嫁娶、安葬、动土、造桥
2026-10-05,平,朱雀,否,祭祀、沐浴、修饰垣墙、平治道涂、馀事勿取,斋醮、嫁娶、移徙、出行、上梁、入宅
2026-10-06,定,金匮,是,嫁娶、造车器、安机械、祭祀、祈福、开光、安香、出火、出行、开市、立券、修造、动土、移徙、入宅、破土、安葬,纳采、订盟、架马、词讼、开渠
2026-10-07,执,天德,是,沐浴、捕捉、入殓、除服、成服、破土、启钻、安葬,祭祀、嫁娶、安床、开市、入宅、探病、上梁
2026-10-08,破,白虎,否,祭祀、入殓、移柩、开生坟、破土、启钻、安葬、除服、成服、馀事勿取,无
2026-10-09,危,玉堂,是,祭祀、解除、破屋、坏垣、馀事勿取,诸事不宜
2026-10-10,危,玉堂,是,嫁娶、求嗣、纳采、进人口、纳财、结网、纳畜、牧养、会亲友,上梁、作灶、伐木、出行、安葬、安门、理发
2026-10-11,成,天牢,是,嫁娶、祭祀、开市、开光、出行、入宅、移徙、出火、拆卸、修造、安床,纳畜、伐木、置产、作梁、行丧、安葬、修坟、立碑
2026-10-12,收,玄武,否,嫁娶、祭祀、作灶、纳财,安葬、开市、修坟、立碑
2026-10-13,开,司命,是,嫁娶、祭祀、祈福、求嗣、开光、出行、解除、出火、进人口、开市、交易、立券、挂匾、纳财、入宅、移徙、栽种、破土、谢土,安床、安葬
2026-10-14,闭,勾陈,否,嫁娶、祭祀、祈福、求嗣、动土、安床、扫舍、入殓、移柩、破土、启钻、安葬、作灶、整手足甲、补垣、除服、成服,开光、栽种
2026-10-15,建,青龙,否,祭祀、祈福、求嗣、开光、出行、解除、上梁、入宅、移徙、安床、安门、纳财、纳畜、造畜稠,伐木、行丧、破土、嫁娶、安葬、开渠
2026-10-16,除,明堂,是,祭祀、开光、出行、解除、理发、伐木、出火、拆卸、上梁、合脊、安床、造畜稠,嫁娶、安葬、行丧、词讼、造桥、作灶、破土、动土
2026-10-17,满,天刑,否,纳采、订盟、会亲友、沐浴、理发、裁衣、冠笄、安床、除服、成服、启钻、移柩、安葬、开生坟,开市、入宅、出行、嫁娶、修坟、祈福、动土、安门、谢土、上梁
2026-10-18,平,朱雀,否,解除、祭祀、修饰垣墙、平治道涂、造畜稠、馀事勿取,嫁娶、开市、交易、入宅、入学、安葬
2026-10-19,定,金匮,是,入殓、破土、启钻、安葬、除服、成服、馀事勿取,开市、入宅、祭祀、置产、补垣、塞穴
2026-10-20,执,天德,是,嫁娶、祭祀、祈福、求嗣、开光、出行、拆卸、修造、动土、上梁、安床、纳畜、入殓、破土,入宅、移徙、掘井、理发、伐木、交易、开市、作灶
2026-10-21,破,白虎,否,祭祀、沐浴、破屋、坏垣、馀事勿取,嫁娶、入宅、上梁、出行、安葬
2026-10-22,危,玉堂,是,祭祀、求嗣、冠笄、进人口、会亲友、安门、安床、经络、纳财、牧养、畋猎、放水、割蜜,祈福、斋醮、纳采、订盟、嫁娶、入宅、安葬
2026-10-23,成,天牢,是,嫁娶、纳采、订盟、开市、交易、立券、挂匾、祭祀、祈福、开光、造车器、出行、入宅、移徙、安床、安门、拆卸、修造、动土、栽种、安葬、破土、启钻、除服、成服、入殓、立碑,探病、纳畜、伐木、起基、作梁、盖屋
2026-10-24,收,玄武,否,祭祀、冠笄、移徙、会亲友、纳财、理发、捕捉,嫁娶、开市、开池、开厕、破土
2026-10-25,开,司命,是,祭祀、祈福、求嗣、斋醮、开光、出行、嫁娶、求医、治病、动土、破土、入学、起基、扫舍、竖柱、上梁、开仓、出货财、置产、栽种、牧养、开生坟、谢土、立碑,安门、安床、裁衣、入宅、安葬
2026-10-26,闭,勾陈,否,嫁娶、裁衣、冠笄、合帐、祭祀、出行、安床、移徙、塞穴、入殓、破土、移柩、安葬,开市、栽种、置产、词讼、安门、掘井、开光
2026-10-27,建,青龙,否,祭祀、造车器、出行、修造、上梁、盖屋、安门、安床、造畜稠、教牛马,出货财、开仓、动土、破土、安葬、行丧、伐木、开渠、栽种
2026-10-28,除,明堂,是,祭祀、开光、出行、解除、伐木、作梁、出火、拆卸、入宅、移徙、安床、修造、造畜稠、扫舍,造庙、嫁娶、掘井、栽种、造桥、作灶、动土
2026-10-29,满,天刑,否,纳采、订盟、开市、交易、立券、会亲友、纳畜、牧养、问名、移徙、解除、开厕、入学、起基、安床、开仓、出货财、安葬、启钻、入殓、除服、成服,入宅、上梁、斋醮、出火、谢土
2026-10-30,平,朱雀,否,祭祀、平治道涂、馀事勿取,嫁娶、开市
2026-10-31,定,金匮,是,捕捉、畋猎、馀事勿取,开市、交易、祭祀、入宅、安葬
2026-11-01,执,天德,是,嫁娶、纳采、订盟、祭祀、祈福、求嗣、斋醮、开光、安香、出火、造庙、移徙、出行、入宅、起基、竖柱、上梁、安床、纳畜、捕捉、纳婿、安葬,开市、破土、掘井、合寿木
2026-11-02,破,白虎,否,祭祀、沐浴、解除、破屋、坏垣、馀事勿取,开市、嫁娶
2026-11-03,危,玉堂,是,订盟、纳采、会亲友、交易、立券、纳财、栽种、纳畜、牧养,嫁娶、开市、入宅、祈福、安葬
2026-11-04,成,天牢,是,造车器、嫁娶、订盟、纳采、会亲友、祭祀、出行、开市、立券、移徙、入宅、破土、安葬,上梁、开光、盖屋、架马、合寿木
2026-11-05,收,玄武,否,祭祀、作灶、纳财、捕捉、畋猎、馀事勿取,动土、破土、开市、安葬
2026-11-06,开,司命,是,嫁娶、订盟、纳采、祭祀、祈福、出行、求医、治病、出火、移徙、入宅,开市、开仓、出货财、安床、安门、安葬
2026-11-07,闭,勾陈,否,解除、馀事勿取,无
2026-11-08,建,青龙,否,安床、祭祀、开池、补垣、入殓、移柩、破土、启钻,入宅、移徙、嫁娶、掘井、作灶、出火、进人口、开市、开光
2026-11-09,建,青龙,否,祭祀、沐浴、馀事勿取,无
2026-11-10,除,明堂,是,嫁娶、开光、出行、解除、出火、拆卸、修造、进人口、动土、入宅、移徙、栽种、纳畜、掘井、安葬、除服、成服,置产、安床
2026-11-11,满,天刑,否,开光、裁衣、安门、会亲友、安床、结网、理发,嫁娶、冠笄、出行、祈福、安葬、伐木、入宅、移徙、出火、栽种、动土、上梁
2026-11-12,平,朱雀,否,嫁娶、开光、出行、出火、拆卸、修造、动土、入宅、移徙、安床、上梁、开市、交易、立券、栽种,祈福、祭祀、伐木、掘井、作灶、谢土
2026-11-13,定,金匮,是,嫁娶、祭祀、祈福、求嗣、开光、出火、出行、拆卸、开市、交易、立券、挂匾、伐木、入宅、移徙、安床、安葬,栽种、掘井、置产
2026-11-14,执,天德,是,祭祀、理发、针灸、解除、进人口、整手足甲,嫁娶、动土、造船、开池、掘井、出行、修造、入宅、上梁、移徙、安葬、破土、作灶、开市
2026-11-15,破,白虎,否,破屋、坏垣、求医、治病、馀事勿取,嫁娶、安葬
2026-11-16,危,玉堂,是,纳采、订盟、嫁娶、祭祀、祈福、雕刻、移徙、开市、入宅、出行、动土、会亲友、入学、修造、起基、安门、安床、造庙、解除、纳财、开池、造畜稠、牧养,上梁、开仓、出货财、盖屋、造船
2026-11-17,成,天牢,是,祭祀、祈福、求嗣、开光、解除、伐木、拆卸、修造、栽种、纳畜、安葬、修坟、立碑,嫁娶、进人口、入宅、移徙、出火、出行
2026-11-18,收,玄武,否,沐浴、扫舍、捕捉、畋猎、解除、塞穴、馀事勿取,嫁娶、入宅、开市、安床、破土、修坟
2026-11-19,开,司命,是,嫁娶、冠笄、祭祀、祈福、求嗣、斋醮、开光、出行、解除、动土、开市、交易、立券、挂匾、拆卸、破土,伐木、上梁、修造、入殓、理发、会亲友、入宅、安门、安葬、作灶
2026-11-20,闭,勾陈,否,合帐、裁衣、嫁娶、安床、入殓、移柩、破土、造畜稠,置产、造船、开光、掘井、作灶
2026-11-21,建,青龙,否,解除、修饰垣墙、冠笄、出行、馀事勿取,开市、动土、破土、嫁娶、安葬
2026-11-22,除,明堂,是,纳采、订盟、嫁娶、祭祀、祈福、求嗣、开光、出行、解除、进人口、开市、立券、挂匾、入宅、移徙、安门、栽种、动土、求医、治病、会亲友、起基、修造、盖屋、安葬,作灶、经络、安床
2026-11-23,满,天刑,否,祭祀、塑绘、理发、会亲友、牧养、开池、造畜稠、畋猎、结网,祈福、谢土、安葬、上梁、作灶、开市、嫁娶、出行、入宅、动土
2026-11-24,平,朱雀,否,出行、纳财、开市、交易、立券、动土、移徙、入宅、裁衣、会亲友、拆卸、进人口、安香、经络、出货财、修饰垣墙、平治道涂,造庙、谢土、作灶、作梁、伐木、安葬、行丧、修坟、探病
2026-11-25,定,金匮,是,嫁娶、纳采、订盟、祭祀、斋醮、开光、安香、出火、出行、拆卸、动土、祈福、进人口、纳财、交易、立券、移徙、安床、修造、安葬、除服、成服,置产、掘井、词讼、栽种
2026-11-26,执,天德,是,嫁娶、纳采、订盟、祭祀、开光、出行、解除、伐木、出火、入宅、移徙、拆卸、修造、栽种、安葬、入殓,破土、动土、安门、作灶、开市、交易
2026-11-27,破,白虎,否,祭祀、解除、破屋、坏垣、求医、治病、馀事勿取,嫁娶、安葬
2026-11-28,危,玉堂,是,祭祀、扫舍、破土、安葬、除服、成服、启钻、移柩、入殓、立碑、馀事勿取,嫁娶、入宅、修造、动土
2026-11-29,成,天牢,是,订盟、纳采、会亲友、祭祀、祈福、修造、动土、安机械、破土、安葬,嫁娶、移徙、出火、开市、入宅
2026-11-30,收,玄武,否,祭祀、沐浴、捕捉、畋猎、结网、扫舍,嫁娶、纳采、订盟、安床、动土、破土、安葬
2026-12-01,开,司命,是,开市、纳财、出行、祭祀、祈福、求嗣、斋醮、问名、入学、起基、定磉、置产、开渠、掘井、拆卸、栽种、纳畜、牧养、动土、破土、启钻,移徙、入宅、出火、入殓、安葬
2026-12-02,闭,勾陈,否,祭祀、理发、置产、塞穴、除服、成服、移柩、入殓、破土、安葬,嫁娶、入宅、安床、掘井、开光
2026-12-03,建,青龙,否,祭祀、沐浴、出行、馀事勿取,开市、动土、破土、行丧、安葬
2026-12-04,除,明堂,是,嫁娶、造车器、出行、会亲友、移徙、入宅、修造、动土、雕刻、开光、安香、出火、理发、盖屋、合脊、起基、归岫、安门、拆卸、扫舍、栽种、造畜稠,开市、纳采、造庙、安床、开渠、安葬
2026-12-05,满,天刑,否,塑绘、会亲友、安机械、塞穴、结网、裁衣、经络,嫁娶、开市、祈福、斋醮、安葬
2026-12-06,平,朱雀,否,纳采、移徙、纳财、开市、交易、立券、入宅、修造、动土、竖柱、起基、定磉、造庙、安香、出火、修饰垣墙、平治道涂、会亲友、出行、开池、开厕,开仓、盖屋、造桥、祭祀
2026-12-07,定,金匮,是,祭祀、修饰垣墙、馀事勿取,诸事不宜
2026-12-08,执,天德,是,入宅、安床、开光、祭祀、出火、拆卸、动土、挂匾、入殓、破土、安葬、纳畜,嫁娶、开市、作灶、置产、作梁、伐木
2026-12-09,执,天德,是,祭祀、解除、馀事勿取,诸事不宜
2026-12-10,破,白虎,否,破屋、坏垣、祭祀、沐浴、馀事勿取,诸事不宜
2026-12-11,危,玉堂,是,安床、祭祀、祈福、求嗣、冠笄、伐木、架马、动土、开池、开厕、结网、入殓、除服、成服,安门、栽种、作灶、治病
2026-12-12,成,天牢,是,解除、扫舍、馀事勿取,诸事不宜
2026-12-13,收,玄武,否,祭祀、开光、理发、整手足甲、安床、作灶、扫舍、教牛马,伐木、纳畜、破土、安葬、开生坟、嫁娶、开市、动土、交易、作梁
2026-12-14,开,司命,是,祭祀、祈福、求嗣、开光、拆卸、修造、动土、上梁、安床、置产、栽种、破土,嫁娶、进人口、安葬、出行、赴任、入宅、移徙、入殓、开渠
2026-12-15,闭,勾陈,否,沐浴、冠笄、补垣、塞穴、裁衣、修造、作梁、开柱眼、安碓磑、筑堤、开厕、断蚁,移徙、入宅、嫁娶、祈福、开光、掘井
2026-12-16,建,青龙,否,交易、进人口、祭祀、沐浴、捕捉、入殓、除服、成服、安葬、谢土、启钻、修坟,斋醮、入宅、修造、动土、破土
2026-12-17,除,明堂,是,嫁娶、纳采、订盟、造车器、祭祀、祈福、造庙、安香、出火、出行、归宁、入学、入宅、交易、立券、求医、治病、修造、动土、竖柱、上梁、盖屋、起基、安门,斋醮、伐木、作梁、安葬、行丧
2026-12-18,满,天刑,否,纳采、订盟、开市、交易、立券、出行、会亲友、安机械、竖柱、上梁、平治道涂、伐木、拆卸、盖屋、起基、安床、安门、解除、安葬、启钻、除服、成服、修坟、立碑、移柩、入殓,嫁娶、动土、破土、祈福、出火、入宅
2026-12-19,平,朱雀,否,祭祀、平治道涂、除服、成服、安葬、馀事勿取,嫁娶、入宅、纳采、订盟、掘井
2026-12-20,定,金匮,是,纳采、订盟、祭祀、祈福、开光、安香、出火、出行、会亲友、安机械、修造、动土、竖柱、上梁、盖屋、起基、定磉、安床、安门、拆卸、移徙、造桥、造船、安葬、破土、入殓,开市、造庙、置产、掘井
2026-12-21,执,天德,是,嫁娶、冠笄、祭祀、祈福、求嗣、斋醮、进人口、会亲友、伐木、作梁、开柱眼、安床、掘井、捕捉、畋猎,开生坟、破土、行丧、安葬
2026-12-22,破,白虎,否,破屋、坏垣、治病、馀事勿取,移徙、入宅
2026-12-23,危,玉堂,是,安床、架马、祭祀、塑绘、开光、出行、理发、伐木、作梁、开柱眼、开厕、畋猎、破土、入殓、除服、成服、移柩、启钻、修坟、立碑,作灶、安门、造桥、开市、安葬
2026-12-24,成,天牢,是,嫁娶、祭祀、祈福、求嗣、开光、出行、解除、入宅、移徙、纳畜、入殓、破土、修坟、立碑,伐木、作梁、动土、安床、栽种、造桥
2026-12-25,收,玄武,否,祭祀、沐浴、理发、纳财、进人口、栽种、扫舍、捕捉、畋猎、结网,会亲友、安葬、入宅、移徙、安床、开市、行丧、出火、作灶、安门
2026-12-26,开,司命,是,纳采、订盟、祭祀、祈福、求嗣、塑绘、解除、拆卸、修造、动土、竖柱、上梁、安门、置产、开池、掘井、纳畜、安床、栽种、造畜稠、破土、移柩、立碑,嫁娶、开市、出火、进人口、入殓、赴任、入宅、移徙、出行、安葬
2026-12-27,闭,勾陈,否,入宅、移徙、出行、进人口、修造、动土、起基、上梁、安门、造仓、补垣、塞穴、造畜稠,嫁娶、开市、安床、栽种、安葬、祈福、开光、掘井
2026-12-28,建,青龙,否,造畜稠、教牛马,入宅、移徙、分居、作灶、出火、安香、动土、嫁娶、掘井、扫舍、造桥
2026-12-29,除,明堂,是,订盟、纳采、造车器、祭祀、祈福、出行、安香、修造、动土、上梁、开市、交易、立券、移徙、入宅、会亲友、安机械、栽种、纳畜、盖屋、起基、安床、造畜稠,破土、安葬、行丧、开生坟
2026-12-30,满,天刑,否,订盟、纳采、会亲友、安机械、开光、修造、动土、竖柱、上梁、盖屋、起基、造桥、栽种、纳畜、造畜稠、移柩、入殓、启钻、修坟、立碑、安葬,祈福、出火、嫁娶、入宅、开市、破土
2026-12-31,平,朱雀,否,祭祀、平治道涂、修坟、除服、成服、馀事勿取,移徙、入宅、嫁娶、掘井、安葬
2027-01-01,定,金匮,是,嫁娶、冠笄、祭祀、祈福、求嗣、雕刻、开光、安香、出行、入学、修造、动土、竖柱、上梁、盖屋、起基、安门、出火、移徙、入宅、掘井、造畜稠、安葬、破土、除服、成服,开市、纳采、订盟、作灶、造庙、造船、经络
2027-01-02,执,天德,是,嫁娶、订盟、纳采、祭祀、祈福、求嗣、斋醮、安香、出火、修造、起基、盖屋、合脊、安门、安碓磑、动土、上梁、移徙、入宅,出行、掘井、破土、行丧、安葬
2027-01-03,破,白虎,否,祭祀、沐浴、破屋、坏垣、馀事勿取,嫁娶、移徙、入宅、探病、出行、盖屋
2027-01-04,危,玉堂,是,冠笄、纳财、掘井、开池、出火、安床、交易、立券、畋猎、结网、理发、放水,安门、动土、破土、行丧、安葬、成服
2027-01-05,成,天牢,是,嫁娶、开市、交易、立券、开光、出行、出火、拆卸、修造、入宅、移徙、动土、破土、移柩、安葬、启钻、除服、成服,安床、伐木、祈福、纳畜
2027-01-06,收,玄武,否,祭祀、入殓、破土、除服、成服、启钻、安葬、修坟、立碑、馀事勿取,无
2027-01-07,开,司命,是,祭祀、解除、馀事勿取,诸事不宜
2027-01-08,开,司命,是,开市、交易、立券、纳财、纳畜、造畜稠、入宅、移徙、安床、开光、祈福、求嗣、动土,嫁娶、栽种、安葬、理发、造庙、作灶、入殓、行丧、造桥
2027-01-09,闭,勾陈,否,安床、裁衣、交易、立券、入殓、移柩、安葬、除服、成服,置产、嫁娶、出行、开光、栽种、动土、破土、入宅、治病
2027-01-10,建,青龙,否,祭祀、解除、造畜稠、教牛马、针灸、馀事勿取,嫁娶、动土、开池、安葬
2027-01-11,除,明堂,是,沐浴、塑绘、开光、纳采、订盟、开市、交易、立券、纳财、起基、动土、定磉、放水、安葬、破土、启钻、修坟、立碑、移柩,入宅、安门、祭祀、谢土
2027-01-12,满,天刑,否,嫁娶、出行、理发、安床、启钻、安葬、修坟、开市、交易、立券、纳财、开池、牧养,掘井、祈福、谢土、动土、入宅、上梁、修造、作灶
2027-01-13,平,朱雀,否,解除、平治道涂、馀事勿取,移徙、入宅、掘井、造庙、栽种、针灸、治病、开池
2027-01-14,定,金匮,是,嫁娶、祭祀、开光、伐木、出火、拆卸、入宅、移徙、修造、动土、上梁、安床、纳畜,开市、行丧、栽种、出行、出货财、安葬、置产、词讼、治病
2027-01-15,执,天德,是,嫁娶、纳采、订盟、入宅、移徙、安床、祭祀、祈福、开光、出行、解除、出火、拆卸、动土、纳畜、谢土、安葬、破土,伐木、开市、交易、上梁、作灶、安门、盖屋
2027-01-16,破,白虎,否,祭祀、破屋、坏垣、解除、馀事勿取,开市、动土、破土
2027-01-17,危,玉堂,是,嫁娶、纳采、订盟、开光、安香、出火、纳财、开市、交易、立券、裁衣、盖屋、起基、修造、动土、安门、移徙、入宅、栽种、牧养、畋猎、掘井、开池、安葬、破土、入殓、除服、成服、立碑,祈福、造庙、祭祀、安床、谢土
2027-01-18,成,天牢,是,祭祀、斋醮、入殓、破土、启钻、安葬、修坟、立碑、除服、成服,嫁娶、入宅、作灶、纳采、订盟
2027-01-19,收,玄武,否,祭祀、斋醮、纳财、捕捉、畋猎,嫁娶、开市、入宅、安床、破土、安葬
2027-01-20,开,司命,是,纳采、订盟、祭祀、祈福、求嗣、斋醮、沐浴、进人口、会亲友、入学、治病、安碓磑、掘井、开池、纳畜、牧养、造畜稠,嫁娶、合帐、入宅、行丧、安葬
2027-01-21,闭,勾陈,否,祭祀、祈福、求嗣、沐浴、问名、交易、纳财、入殓、移柩、安葬、修坟、立碑、谢土、造畜稠、教牛马,入宅、置产、嫁娶、动土、栽种、开市、开光、破土
2027-01-22,建,青龙,否,祭祀、教牛马、造畜稠、会亲友、解除、馀事勿取,嫁娶、入宅、出行、动土、破土、安葬、行丧
2027-01-23,除,明堂,是,嫁娶、开光、解除、出火、拆卸、修造、进人口、入宅、移徙、安床、栽种、入殓、修坟、动土、除服、成服,作灶、安葬、祭祀、开市、纳采、订盟、纳畜、谢土、出行、探病
2027-01-24,满,天刑,否,出行、起基、安床、纳财、交易、立券、嫁娶、栽种、入殓、移柩、安葬,挂匾、入宅、上梁、祈福、词讼、作梁、作灶、开池、安门、动土、破土、掘井
2027-01-25,平,朱雀,否,平治道涂、馀事勿取,开光、嫁娶、开仓、出货财、造船、安葬、探病
2027-01-26,定,金匮,是,嫁娶、订盟、纳采、会亲友、祭祀、安机械、移徙、入宅、盖屋、安床、起基、定磉、安香、出火、挂匾、拆卸、置产,开市、出行、安葬、行丧
2027-01-27,执,天德,是,沐浴、捕捉、畋猎、理发、整手足甲、入殓、除服、成服、破土、安葬、谢土、立碑、修坟、启钻,纳采、订盟、嫁娶、上梁、开市、斋醮、盖屋、安门
2027-01-28,破,白虎,否,祭祀、破屋、坏垣、馀事勿取,斋醮、嫁娶、开市
2027-01-29,危,玉堂,是,沐浴、开仓、出货财、开市、交易、立券、纳财、栽种、纳畜、牧养、畋猎、入殓、破土、安葬,祈福、嫁娶、安床、入宅、造船
2027-01-30,成,天牢,是,祭祀、沐浴、补垣、塞穴、断蚁、解除、馀事勿取,造庙、入宅、修造、安葬、行丧、嫁娶
2027-01-31,收,玄武,否,嫁娶、纳采、订盟、问名、祭祀、冠笄、裁衣、会亲友、进人口、纳财、捕捉、作灶,开市、安床、安葬、修坟
2027-02-01,开,司命,是,订盟、纳采、会亲友、祭祀、斋醮、沐浴、塑绘、出火、开光、竖柱、上梁、开市、交易、立券、作梁、开柱眼、伐木、架马、安门、安床、拆卸、牧养、造畜稠、掘井,造庙、嫁娶、出行、动土、安葬、行丧
2027-02-02,闭,勾陈,否,交易、立券、纳财、安床、裁衣、造畜稠、安葬、谢土、启钻、除服、成服、修坟、立碑、移柩、入殓,开光、嫁娶、开市、动土、破土
2027-02-03,建,青龙,否,祭祀、解除、教牛马、会亲友、馀事勿取,破土、动土、安葬
2027-02-04,除,明堂,是,裁衣、伐木、作梁、纳财、交易、立券,诸事不宜
2027-02-05,满,天刑,否,嫁娶、祭祀、祈福、求嗣、开光、出行、出火、拆卸、动土、上梁、进人口、入宅、移徙、安床、开市、交易、立券、挂匾、入殓、破土、安葬、启钻、除服、成服,无
2027-02-06,满,天刑,否,嫁娶、冠笄、纳采、出行、会亲友、上梁、安机械、安床、牧养、畋猎、祭祀、祈福、开光、修造、安门、盖屋、起基,入宅、作灶、治病、安葬、移徙
2027-02-07,平,朱雀,否,修饰垣墙、平治道涂、祭祀、馀事勿取,诸事不宜
2027-02-08,定,金匮,是,造车器、纳采、订盟、祭祀、祈福、求嗣、移徙、出行、开市、出火、入宅、立券、交易、安门、安床、安葬、谢土,开光、盖屋、动土、作灶、栽种
2027-02-09,执,天德,是,动土、入殓、嫁娶、移柩、安葬、破土,开市、作灶、安床、入宅、上梁、裁衣
2027-02-10,破,白虎,否,求医、治病、破屋、坏垣、馀事勿取,开市、嫁娶
2027-02-11,危,玉堂,是,祭祀、斋醮、沐浴、开生坟、除服、成服、移柩、入殓、破土、安葬、合寿木,开市、嫁娶、安床、会亲友、入宅、作灶、上梁
2027-02-12,成,天牢,是,祭祀、塞穴、结网、破土、谢土、安葬、移柩、除服、成服、馀事勿取,嫁娶、入宅
2027-02-13,收,玄武,否,祭祀、沐浴、理发、作灶、结网、栽种,嫁娶、词讼、行丧、安葬、牧养、伐木、作梁、开市、纳畜、造畜稠
2027-02-14,开,司命,是,嫁娶、祭祀、开光、祈福、求嗣、出行、开市、交易、立券、动土、纳财、掘井、会亲友,入宅、安葬、伐木、作梁、纳畜、造畜稠、作灶
2027-02-15,闭,勾陈,否,祭祀、祈福、求嗣、纳畜、入殓、启钻、谢土、除服、成服,栽种、开光、出行、针灸、嫁娶、入宅、动土、破土
2027-02-16,建,青龙,否,开光、解除、伐木、竖柱、上梁、交易、立券、纳畜、入殓、移柩、安葬,入宅、出行、移徙、祭祀、嫁娶、动土、破土、作灶
2027-02-17,除,明堂,是,祭祀、祈福、求嗣、开光、嫁娶、出行、解除、伐木、拆卸、进人口、安床、动土、起基、上梁、栽种、纳畜、破土、谢土、启钻、安葬,移徙、入宅、出火、作灶、掘井
2027-02-18,满,天刑,否,会亲友、冠笄、安床、安机械、祭祀、祈福、求嗣、经络,嫁娶、开市、动土、作灶、安葬
2027-02-19,平,朱雀,否,作灶、解除、平治道涂、馀事勿取,祭祀、祈福、安葬、安门
2027-02-20,定,金匮,是,嫁娶、祭祀、冠笄、修饰垣墙、置产,经络、探病、盖屋、作灶、动土
2027-02-21,执,天德,是,纳采、嫁娶、祭祀、祈福、出行、修造、动土、移徙、入宅、安葬、破土,开市、斋醮
2027-02-22,破,白虎,否,祭祀、沐浴、解除、理发、扫舍、破屋、坏垣、馀事勿取,嫁娶、安葬
2027-02-23,危,玉堂,是,纳采、订盟、祭祀、祈福、安香、出火、修造、出行、开市、移徙、入宅、动土、安葬、破土,安床、作灶、造船、会亲友
2027-02-24,成,天牢,是,塞穴、结网、取渔、畋猎,嫁娶、安门、移徙、入宅、安葬
2027-02-25,收,玄武,否,纳采、祭祀、祈福、出行、会亲友、修造、动土、移徙、入宅,嫁娶、开市、安葬、破土
2027-02-26,开,司命,是,纳采、嫁娶、祭祀、祈福、出行、开市、会亲友、动土、破土、启钻,移徙、入宅、出火、安门、安葬
2027-02-27,闭,勾陈,否,祭祀、祈福、求嗣、斋醮、入殓、除服、成服、移柩、安葬、启钻,嫁娶、动土、开光、盖屋、破土
2027-02-28,建,青龙,否,纳采、会亲友、竖柱、上梁、立券、入殓、移柩、安葬、启钻,祭祀、移徙、入宅、动土、破土
2027-03-01,除,明堂,是,祭祀、祈福、斋醮、出行、开市、立券、动土、移徙、入宅、破土、安葬,开光、嫁娶、作灶、掘井、纳畜
2027-03-02,满,天刑,否,会亲友、求嗣、理发、冠笄、结网、捕捉、开光,开市、动土、安葬、破土
2027-03-03,平,朱雀,否,祭祀、平治道涂、馀事勿取,嫁娶、祈福、掘井、安葬
2027-03-04,定,金匮,是,祈福、求嗣、斋醮、纳采、嫁娶、伐木、修造、动土、移徙、入宅、造庙、安机械、开市、入殓、除服、成服、移柩、安葬、破土、谢土,置产、盖屋、合脊、开光、探病、安门、作灶
2027-03-05,执,天德,是,入学、习艺、出行、纳采、订盟、嫁娶、会亲友、进人口、牧养、捕捉、入殓、移柩、安葬、启钻,开光、开市、入宅、动土、盖屋
2027-03-06,破,白虎,否,祭祀、开光、塑绘、祈福、斋醮、裁衣、合帐、冠笄、嫁娶、拆卸、动土、移徙、入宅、入殓、移柩、安葬、谢土、求嗣、入学、理发、伐木、架马、作梁、出火、修造、起基、定磉、放水、赴任,安门
2027-03-07,危,玉堂,是,祭祀、治病、破屋、坏垣、馀事勿取,诸事不宜
2027-03-08,危,玉堂,是,嫁娶、祭祀、出行、冠笄、立券、交易、进人口、开市、移徙、修造、动土、安床、入殓、移柩、破土,开光、作灶、斋醮、安葬
2027-03-09,成,天牢,是,开市、立券、交易、挂匾、祭祀、祈福、开光、入宅、移徙、安床、拆卸、动土、上梁、进人口,嫁娶、行丧、架马、作梁、理发、牧养、安葬、纳畜、伐木
2027-03-10,收,玄武,否,理发、冠笄、嫁娶、进人口,置产、伐木、纳畜、造畜稠、安葬、破土、作梁、作灶、开生坟
2027-03-11,开,司命,是,嫁娶、祭祀、开光、祈福、求嗣、出火、入宅、移徙、安床、拆卸、动土、破土、谢土,合帐、开市、安葬、入殓
2027-03-12,闭,勾陈,否,安床、伐木、拆卸、修造、动土、上梁、立券、交易、栽种、纳畜、牧养、入殓、安葬,嫁娶、祭祀、开光、出行、出火、移徙、入宅、安门
2027-03-13,建,青龙,否,祭祀、祈福、求嗣、斋醮、嫁娶、冠笄、出行、开市、交易、会亲友、教牛马、除服、成服、启钻、安葬、移柩,动土、移徙、入宅
2027-03-14,除,明堂,是,塞穴、整手足甲、解除、捕捉、畋猎、结网、馀事勿取、诸事不宜,嫁娶、作灶、掘井、安葬
2027-03-15,满,天刑,否,纳财、开市、立券、交易、开光、安床、上梁、盖屋、修造、起基,动土、破土、安葬、行丧、赴任、出行、嫁娶、入宅、移徙、谢土、词讼
2027-03-16,平,朱雀,否,祭祀、祈福、嫁娶、冠笄、修饰垣墙、置产、平治道涂,开仓、出货财、盖屋、作灶、开市、交易、立券、栽种
2027-03-17,定,金匮,是,嫁娶、祭祀、开光、祈福、求嗣、出行、出火、进人口、入宅、移徙、安床、拆卸、修造、安门、挂匾、纳财、扫舍,动土、伐木、安葬、行丧
2027-03-18,执,天德,是,嫁娶、开光、祭祀、祈福、求嗣、出行、出火、入宅、移徙、解除、栽种、伐木、破土、谢土、安葬,开市、交易、作灶、纳财、上梁、安床、盖屋、造船
2027-03-19,破,白虎,否,破屋、坏垣、求医、治病、馀事勿取,开光、嫁娶
2027-03-20,危,玉堂,是,纳采、交易、立券、安床、安机械、安葬、移柩、动土、破土、立碑,嫁娶、开光、作灶
2027-03-21,成,天牢,是,祭祀、祈福、求嗣、斋醮、沐浴、开光、理发、经络、解除、治病、立碑、栽种、牧养、掘井、开池,嫁娶、定磉、合寿木、安葬、行丧
2027-03-22,收,玄武,否,纳财、交易、立券、栽种、捕捉、结网、取渔、进人口、教牛马、理发,入宅、盖屋、竖柱、安葬
2027-03-23,开,司命,是,嫁娶、订盟、纳采、祭祀、祈福、出行、修造、动土、移徙、入宅、破土、出火、安门、安床、上梁、立碑、移柩,开市、交易、合帐、安葬
2027-03-24,闭,勾陈,否,冠笄、立券、交易、修造、动土、安机械、入殓、安葬、破土,嫁娶、祈福、出火、入宅
2027-03-25,建,青龙,否,祭祀、会亲友、出行、立券、交易、冠笄、纳财,嫁娶、动土、掘井、起基、定磉、破土
2027-03-26,除,明堂,是,祭祀、沐浴、解除、扫舍、塞穴、牧养,嫁娶、安葬、行丧、安门
2027-03-27,满,天刑,否,纳财、开市、交易、立券、开光、针灸、会亲友、理发、安床、造仓、结网,移徙、入宅、栽种
2027-03-28,平,朱雀,否,嫁娶、冠笄、会亲友、安机械、纳财、交易、立券、置产,开市、盖屋、治病、作灶
2027-03-29,定,金匮,是,嫁娶、造车器、纳采、订盟、祭祀、祈福、安机械、移徙、入宅、开市、立券、破土、安葬,纳畜、理发、合寿木
2027-03-30,执,天德,是,祈福、斋醮、出行、移徙、入宅、修造、动土、破土、安葬,纳采、开光、安床、嫁娶、开市
2027-03-31,破,白虎,否,破屋、坏垣、馀事勿取,嫁娶、移徙、开市、入宅
2027-04-01,危,玉堂,是,嫁娶、冠笄、祭祀、出行、会亲友、修造、动土、入殓、破土,塑绘、开光、造桥、除服、成服
2027-04-02,成,天牢,是,开光、求嗣、出行、纳采、冠笄、出火、拆卸、起基、修造、动土、上梁、移徙、造船、开市、交易、立券、纳财,祈福、嫁娶、安葬、破土
2027-04-03,收,玄武,否,理发、冠笄、嫁娶、进人口、栽种、捕捉、针灸,纳财、开市、安葬、破土
2027-04-04,开,司命,是,开光、祈福、求嗣、出行、解除、伐木、盖屋、起基、修造、架马、安门、移徙、入宅、造庙、除服、成服、移柩、谢土、纳畜、牧养,纳采、动土、开市、交易
2027-04-05,闭,勾陈,否,嫁娶、祈福、求嗣、开光、出行、解除、拆卸、出火、开市、立券、交易、入宅、移徙、安床、动土、破土、谢土,祭祀、入殓、安葬、探病
2027-04-06,建,青龙,否,祭祀、裁衣、冠笄、安床、交易、立券、开池、补垣、塞穴、入殓、破土、启钻、安葬、谢土、除服、成服,嫁娶、掘井、探病、开市、开光、栽种
2027-04-07,建,青龙,否,祭祀、出行、教牛马、扫舍、馀事勿取,开光、伐木、安葬、破土
2027-04-08,除,明堂,是,祭祀、祈福、求嗣、开光、纳采、订盟、解除、栽种、纳畜、牧养、扫舍、进人口,修坟、造桥、作灶、出行、安葬、盖屋、入宅
2027-04-09,满,天刑,否,开光、出行、交易、塞穴、嫁娶、理发、开市、安床,祈福、出火、置产、动土、破土、安葬、修造、上梁、入宅
2027-04-10,平,朱雀,否,祭祀、作灶、畋猎、结网、修饰垣墙、平治道涂、馀事勿取,嫁娶、安床、治病
2027-04-11,定,金匮,是,沐浴、祭祀、解除、安葬、破土、谢土、移柩、馀事勿取,斋醮、开光、嫁娶、入宅、上梁
2027-04-12,执,天德,是,祭祀、解除、入殓、移柩、启钻、安葬、整手足甲、捕捉、畋猎、取渔、除服、成服、扫舍、谢土、斋醮,动土、破土
2027-04-13,破,白虎,否,祭祀、沐浴、解除、破屋、坏垣、求医、治病、馀事勿取,嫁娶、开市
2027-04-14,危,玉堂,是,沐浴、塞穴、畋猎、结网、取渔、扫舍、馀事勿取,祈福、安葬
2027-04-15,成,天牢,是,开市、交易、立券、挂匾、祭祀、开光、祈福、求嗣、安床、解除、修造、安葬,纳采、问名、订盟、嫁娶、入宅、开仓、出火、动土、破土、纳畜、伐木
2027-04-16,收,玄武,否,祭祀、修门、取渔、纳财、纳畜、馀事勿取,嫁娶、入宅
2027-04-17,开,司命,是,安香、出火、纳采、订盟、嫁娶、开市、立券、交易、挂匾、开光、出行、解除、安床、栽种、置产、拆卸、修造、动土,作灶、安葬、祭祀、入殓
2027-04-18,闭,勾陈,否,祭祀、出行、修造、动土、合帐、造畜稠、安床、移徙、入殓、移柩、破土、启钻、安葬、开生坟、合寿木、补垣、塞穴,入宅、作灶、理发、开光、安门
2027-04-19,建,青龙,否,祭祀、修饰垣墙、馀事勿取,开光、修造、动土、破土
2027-04-20,除,明堂,是,嫁娶、祭祀、祈福、求嗣、斋醮、开光、出火、移徙、入宅、竖柱、上梁、会亲友、盖屋、起基、治病、安门、造车器、掘井、开池,纳采、出行、修坟、安葬、开市、立券、作灶
2027-04-21,满,天刑,否,祭祀、塑绘、开光、纳采、嫁娶、开市、出行、会亲友、安床、结网、除服、成服、启钻、安葬、移柩,祈福、入宅、盖屋、动土、破土、探病
2027-04-22,平,朱雀,否,祭祀、作灶、平治道涂、馀事勿取,安床、入宅、安碓磑、栽种
2027-04-23,定,金匮,是,祭祀、祈福、求嗣、斋醮、沐浴、纳畜、入殓、破土、安葬,移徙、入宅、嫁娶、出行、安床
2027-04-24,执,天德,是,纳采、祭祀、祈福、求嗣、斋醮、出行、起基、盖屋、定磉、安门、入殓、安葬,嫁娶、开市、纳财、出火
2027-04-25,破,白虎,否,祭祀、沐浴、解除、求医、治病、破屋、坏垣、馀事勿取,祈福、斋醮、开市、安葬
2027-04-26,危,玉堂,是,沐浴、捕捉、畋猎、结网、取渔,祭祀、嫁娶、入宅、作灶、安葬
2027-04-27,成,天牢,是,祭祀、祈福、求嗣、斋醮、纳采、订盟、开光、竖柱、上梁、开仓、出货财、盖屋、起基、定磉、安门、诸事不宜、破土、入殓、启钻、谢土,出火、嫁娶、开市
2027-04-28,收,玄武,否,祭祀、捕捉、解除、馀事勿取,嫁娶、安葬
2027-04-29,开,司命,是,纳采、嫁娶、出行、开市、立券、纳畜、牧养、出火、移徙、入宅,祈福、动土、破土、安葬、入殓
2027-04-30,闭,勾陈,否,祭祀、祈福、求嗣、斋醮、冠笄、作灶、纳财、交易,开光、嫁娶、掘井、安葬、安门、探病
2027-05-01,建,青龙,否,祭祀、解除、教牛马、出行、馀事勿取,动土、破土、行丧、开光、作梁、安葬、探病
2027-05-02,除,明堂,是,沐浴、斋醮、解除、求医、治病、会亲友、造畜稠、栽种、理发、扫舍,开市、嫁娶、移徙、入宅、掘井、安葬
2027-05-03,满,天刑,否,求嗣、出行、解除、订盟、纳采、嫁娶、会亲友、进人口、安床、开市、交易、纳畜、牧养、入殓、除服、成服、移柩、安葬、启钻,祈福、修造、动土、破土、谢土
2027-05-04,平,朱雀,否,祭祀、作灶、平治道涂、馀事勿取,嫁娶、安葬、动土、安床、治病
2027-05-05,定,金匮,是,造车器、祭祀、祈福、求嗣、斋醮、开市、交易、安机械、雕刻、开光、盖屋、合脊、起基、定磉、安门、纳畜、安葬、开生坟、立碑、谢土,入宅、动土、开仓、出货财
2027-05-06,定,金匮,是,嫁娶、祭祀、祈福、求嗣、开光、出火、出行、拆卸、动土、解除、进人口、开市、交易、立券、挂匾、入宅、移徙、安床、安门、上梁、安葬、破土、谢土,无
2027-05-07,执,天德,是,祭祀、祈福、求嗣、开光、解除、合帐、冠笄、伐木、架马、作梁、修造、进人口、嫁娶、裁衣、安床、动土、起基、上梁、竖柱、放水、会亲友,无
2027-05-08,破,白虎,否,破屋、坏垣、沐浴、解除、馀事勿取,诸事不宜
2027-05-09,危,玉堂,是,纳采、订盟、嫁娶、造车器、祭祀、祈福、求嗣、开光、出火、拆卸、修造、动土、进人口、挂匾、入宅、移徙、安床、栽种、入殓、破土、安葬、除服、成服,开市、立券
2027-05-10,成,天牢,是,开市、交易、立券、祭祀、祈福、开光、动土、安床、出行、栽种、纳畜、牧养、竖柱、上梁、解除、破土,嫁娶、掘井、入宅、移徙、安葬
2027-05-11,收,玄武,否,解除、出行、纳采、冠笄、竖柱、上梁、移徙、作灶、进人口、入宅、纳畜、牧养,祭祀、伐木、架马、安床、修造、动土、安葬、修坟、破土
2027-05-12,开,司命,是,祭祀、祈福、求嗣、开光、出行、开市、交易、立券、栽种、安床、纳畜、移徙、起基、动土、定磉、造仓、置产、破土、启钻、修坟,入宅、修造、安门、伐木、入殓、安葬、盖屋
2027-05-13,闭,勾陈,否,嫁娶、交易、立券、开厕、补垣、塞穴、畋猎、取渔、开生坟,安床、开渠、上梁、修造、开市、开光、入宅、移徙
2027-05-14,建,青龙,否,塞穴、断蚁、结网、畋猎、馀事勿取,嫁娶、安葬、入宅、出行、动土、词讼
2027-05-15,除,明堂,是,纳采、订盟、嫁娶、祭祀、祈福、求嗣、开光、解除、出行、出火、入宅、移徙、栽种、纳畜、牧养、动土、破土、入殓、安葬,作灶、安床、开仓、盖屋
2027-05-16,满,天刑,否,开光、纳采、裁衣、冠笄、安床、作灶、进人口、造仓、塞穴,嫁娶、栽种、修造、动土、出行、伐木、作梁、安葬、谢土
2027-05-17,平,朱雀,否,纳采、嫁娶、裁衣、理发、出行、修造、动土、进人口、开市、交易、立券、挂匾、移徙、上梁、栽种、纳畜,伐木、安葬、安床、祭祀、祈福
2027-05-18,定,金匮,是,开市、交易、立券、挂匾、祭祀、祈福、斋醮、出行、盖屋、起基、修造、动土、定磉、安床、安机械、安葬、破土、启钻、除服、成服、立碑,作灶、嫁娶、移徙、入宅、理发
2027-05-19,执,天德,是,嫁娶、纳采、订盟、祭祀、祈福、求嗣、开光、出火、出行、拆卸、动土、修造、进人口、入宅、移徙、安床、解除、挂匾、栽种、破土、谢土、入殓、移柩、安葬,开市、立券、造船、合寿木
2027-05-20,破,白虎,否,祭祀、沐浴、解除、破屋、坏垣、馀事勿取,开光、安葬
2027-05-21,危,玉堂,是,订盟、纳采、嫁娶、解除、祭祀、祈福、求嗣、开光、出行、出火、拆卸、入宅、移徙、安床、栽种、纳畜、动土、破土、谢土、安葬、修坟,作灶、开市、经络
2027-05-22,成,天牢,是,祭祀、祈福、求嗣、开光、订盟、纳采、解除、动土、起基、进人口、开市、交易、立券、纳财、造仓、开池、栽种、纳畜、破土、安葬,安床、上梁、裁衣、入宅、嫁娶
2027-05-23,收,玄武,否,祭祀、结网、捕捉、馀事勿取,探病、嫁娶、开市
2027-05-24,开,司命,是,祭祀、祈福、求嗣、开光、纳采、订盟、嫁娶、出行、动土、破土、会亲友、开市、交易、立券、习艺、拆卸、起基、安碓磑、放水、开池、造仓、开渠、栽种、谢土、启钻、修坟、立碑,入宅、安门、安葬
2027-05-25,闭,勾陈,否,嫁娶、冠笄、祭祀、出行、移徙、入宅、作灶、造车器、补垣、塞穴、开厕、破土、启钻、除服、成服、入殓,盖屋、造桥、安门、安葬、上梁
2027-05-26,建,青龙,否,祭祀、解除、断蚁、会亲友、馀事勿取,嫁娶、安葬
2027-05-27,除,明堂,是,嫁娶、纳采、订盟、祭祀、祈福、治病、造车器、修造、动土、移徙、入宅,开市、出行、安床、作灶、安葬
2027-05-28,满,天刑,否,嫁娶、纳采、订盟、会亲友、安机械、结网、冠笄、祭祀、求嗣、进人口、经络,开市、作灶、动土、行丧、安葬
2027-05-29,平,朱雀,否,祭祀、沐浴、移徙、破土、安葬、扫舍、平治道涂,祈福、嫁娶、入宅、安床、作灶
2027-05-30,定,金匮,是,祭祀、祈福、斋醮、求嗣、安机械、纳畜、移徙、入宅、塑绘、开光、起基、竖柱、上梁、作灶、安门、安香、出火、盖屋、启钻、安葬,动土、破土、嫁娶
2027-05-31,执,天德,是,嫁娶、纳采、订盟、斋醮、开光、祭祀、祈福、求医、治病、会亲友、动土、解除、捕捉、纳畜、牧养、入殓、破土、安葬,移徙、入宅、盖屋、架马
2027-06-01,破,白虎,否,祭祀、沐浴、解除、破屋、坏垣、馀事勿取,行丧、安葬
2027-06-02,危,玉堂,是,沐浴、扫舍、馀事勿取,斋醮、开市、嫁娶、作灶
2027-06-03,成,天牢,是,开市、交易、立券、安机械、会亲友、开光、求医、治病、盖屋、起基、修造、动土、定磉、竖柱、上梁、安门、作灶、放水、开厕、开池、栽种、牧养、造畜稠、破土、安葬、立碑,嫁娶、出火、移徙、入宅
2027-06-04,收,玄武,否,栽种、捕捉、畋猎、馀事勿取,开市、动土、祭祀、斋醮、安葬、探病
2027-06-05,收,玄武,否,嫁娶、祭祀、祈福、求嗣、斋醮、订盟、纳采、解除、出行、动土、破土、习艺、针灸、理发、会亲友、起基、修造、竖柱、定磉、安床、拆卸、纳畜、牧养、放水、除服、成服、修坟、立碑,开市、入宅、探病、出火、盖屋
2027-06-06,开,司命,是,解除、坏垣、馀事勿取,诸事不宜
2027-06-07,闭,勾陈,否,修造、动土、起基、安门、安床、栽种、筑堤、补垣、造畜稠,嫁娶、掘井、入宅、移徙、出火、出行、行丧、安葬、开光、理发、进人口
2027-06-08,建,青龙,否,祭祀、教牛马、断蚁、馀事勿取,斋醮、移徙、入宅、动土
2027-06-09,除,明堂,是,纳采、订盟、嫁娶、祭祀、祈福、开市、纳财、立券、移徙、出行、修造、动土、起基、定磉、竖柱、拆卸、扫舍、放水、安香、安床、造船、开池、掘井、造畜稠、栽种,行丧、安葬、破土、作灶、伐木、斋醮
2027-06-10,满,天刑,否,嫁娶、开光、祭祀、祈福、出行、解除、移徙、入宅、开市、纳财、起基、修造、竖柱、上梁、盖屋、作灶、出火、安香、补垣、塞穴、拆卸、放水、扫舍、造仓、造船、栽种、安葬,纳采、订盟、安床、谢土、破土、动土
2027-06-11,平,朱雀,否,嫁娶、祭祀、理发、作灶、修饰垣墙、平治道涂、整手足甲、沐浴、冠笄,破土、出行、栽种
2027-06-12,定,金匮,是,嫁娶、纳采、订盟、祭祀、祈福、求嗣、开光、出火、出行、拆卸、修造、动土、进人口、入宅、移徙、安床、交易、立券、挂匾、纳财、入殓、安葬、启钻、除服、成服,掘井、破土
2027-06-13,执,天德,是,畋猎、捕捉、结网、取渔、祭祀、沐浴、馀事勿取,嫁娶、开市、安葬、启钻、行丧
2027-06-14,破,白虎,否,祭祀、破屋、坏垣、馀事勿取,移徙、入宅、开仓、出货财
2027-06-15,危,玉堂,是,祭祀、斋醮、塑绘、开光、出行、修造、动土、造畜稠、安床、放水、掘井、开池、开厕、结网、破土,出火、入宅
2027-06-16,成,天牢,是,开市、交易、立券、挂匾、开光、解除、拆卸、动土、安床、修造、上梁、置产、栽种、破土、安葬,作灶、出火、祭祀、嫁娶、入宅
2027-06-17,收,玄武,否,祭祀、结网、馀事勿取,入宅、出行、掘井、安葬
2027-06-18,开,司命,是,嫁娶、纳采、订盟、冠笄、造车器、祭祀、开光、祈福、求嗣、出行、解除、伐木、出火、入宅、拆卸、修造、动土、上梁、安床、栽种、破土,行丧、置产、安葬
2027-06-19,闭,勾陈,否,嫁娶、合帐、裁衣、冠笄、伐木、上梁、出火、拆卸、移徙、修造、动土、安门、纳财、筑堤、栽种、塞穴,安床、祈福、出行、安葬、行丧、开光
2027-06-20,建,青龙,否,出行、教牛马、割蜜、馀事勿取,斋醮、盖屋、动土、破土
2027-06-21,除,明堂,是,嫁娶、祭祀、祈福、求嗣、开光、出行、解除、出火、拆卸、修造、进人口、入宅、移徙、动土、安床、纳畜、栽种、纳财、交易、立券、挂匾、造畜稠,安葬、开生坟、行丧
2027-06-22,满,天刑,否,安机械、祭祀、祈福、求嗣、沐浴、解除、纳采、开市、修造、竖柱、上梁、开柱眼、安碓磑、归岫、补垣、塞穴、拆卸、放水、出火、扫舍、开生坟、合寿木、安葬、谢土、启钻、除服、成服,嫁娶、安床、作灶、动土、破土、造船
2027-06-23,平,朱雀,否,祭祀、沐浴、理发、整手足甲、修饰垣墙、平治道涂、馀事勿取,开市、入宅、出行、修造、词讼
2027-06-24,定,金匮,是,嫁娶、纳采、祭祀、祈福、出行、立券、移徙、入宅、动土、破土、安葬,开光、作灶、盖屋、架马、开仓
2027-06-25,执,天德,是,纳采、订盟、冠笄、祭祀、祈福、斋醮、出行、修造、动土、移徙、入宅、安香、出火、拆卸、盖屋、起基、竖柱、上梁、定磉、安门、开池,嫁娶、开市、合寿木、安葬
2027-06-26,破,白虎,否,祭祀、沐浴、破屋、坏垣、馀事勿取,入宅、嫁娶、移徙
2027-06-27,危,玉堂,是,嫁娶、安机械、交易、出行、祭祀、祈福、求嗣、斋醮、塑绘、开光、合帐、裁衣、放水、开池、掘井,作灶、理发、造桥、行丧、安葬
2027-06-28,成,天牢,是,纳采、冠笄、求医、治病、开市、立券、修造、动土、安机械、破土、安葬,斋醮、祭祀、移徙、入宅、上梁、嫁娶
2027-06-29,收,玄武,否,祭祀、作灶、馀事勿取,开市、安葬、破土、修坟、掘井
2027-06-30,开,司命,是,祭祀、祈福、求嗣、斋醮、安香、解除、移徙、入宅、会亲友、求医、治病、动土、破土、开生坟、合寿木,合帐、上梁、经络、安葬、入殓
2027-07-01,闭,勾陈,否,嫁娶、冠笄、修造、动土、作灶、移徙、入宅、补垣、塞穴、纳畜、牧养、架马、起基、定磉、开池、造船,祈福、开光、掘井、开市、安葬
2027-07-02,建,青龙,否,祭祀、交易、纳财,斋醮、开渠、上梁、动土、破土
2027-07-03,除,明堂,是,嫁娶、订盟、纳采、冠笄、会亲友、安机械、造车器、祭祀、出行、纳财、入宅、安香、出火、入学、塑绘、开光、拆卸、起基、修造、动土、牧养、栽种、安门、开厕,行丧、伐木、作梁、作灶
2027-07-04,除,明堂,是,开光、求嗣、出行、冠笄、嫁娶、伐木、架马、开柱眼、修造、移徙、入宅、开市、交易、立券、安香、出火、挂匾、起基、开生坟、合寿木、入殓、除服、成服、移柩、安葬,安床、出货财、作灶、动土、破土
2027-07-05,满,天刑,否,祭祀、沐浴、理发、嫁娶、作灶、整手足甲、扫舍、修饰垣墙、平治道涂,斋醮、出行、治病、合寿木
2027-07-06,平,朱雀,否,安机械、移徙、入宅、出行、祭祀、祈福、斋醮、纳采、订盟、安香、出火、解除、会亲友、修造、动土、拆卸、起基、定磉、盖屋、安床、破土、安葬、入殓、立碑,开市、伐木、作梁、作灶
2027-07-07,定,金匮,是,祭祀、祈福、求嗣、开光、伐木、出火、拆卸、入宅、安床、修造、动土、上梁、挂匾、纳畜,嫁娶、栽种、行丧、理发、修坟、作灶
2027-07-08,执,天德,是,解除、祭祀、理发、入殓、安葬、破土,嫁娶、开市、出火、作灶、置产、斋醮、入宅、移徙、安门
2027-07-09,破,白虎,否,破屋、坏垣、馀事勿取,诸事不宜
2027-07-10,危,玉堂,是,开市、交易、立券、纳财、动土、开光、出行、嫁娶、纳采、订盟、入学、开仓、出货财、纳畜、牧养、栽种、破土、启钻、安葬、立碑,入宅、移徙、作灶、祭祀、谢土
2027-07-11,成,天牢,是,嫁娶、纳采、订盟、祭祀、祈福、求嗣、开光、出火、出行、拆卸、修造、动土、进人口、开市、交易、立券、挂匾、入宅、移徙、安床、栽种、入殓、破土、谢土、安葬,掘井、伐木、纳畜、合寿木
2027-07-12,收,玄武,否,祭祀、冠笄、作灶、交易、纳财、栽种、结网、纳畜、牧养、进人口,开渠、造船、安床、安葬、破土、出行、修坟、掘井、开市、开生坟
2027-07-13,开,司命,是,嫁娶、订盟、祭祀、祈福、求嗣、纳采、裁衣、冠笄、开光、安床、作梁、修造、动土、作灶、起基、上梁、盖屋、纳畜、牧养,移徙、栽种、出行、行丧、破土、安葬、词讼
2027-07-14,闭,勾陈,否,经络、祭祀、沐浴、补垣、塞穴、除服、成服、移柩、入殓、启钻、立碑,开光、治病、嫁娶、掘井、破土、安葬
2027-07-15,建,青龙,否,嫁娶、祭祀、出行、裁衣、冠笄、交易、雕刻、纳财、造畜稠、造车器、教牛马,移徙、入宅、栽种、动土、破土、作灶、安葬、行丧、伐木、上梁
2027-07-16,除,明堂,是,修造、动土、安机械、祭祀、沐浴、解除、拆卸、治病、作灶、盖屋、起基、开池、扫舍、造畜稠、开生坟、合寿木、安葬、破土、启钻、移柩、入殓、立碑,开市、入宅、出行、安床
2027-07-17,满,天刑,否,嫁娶、纳采、订盟、造车器、开光、出行、拆卸、起基、安床、除服、成服、开市、交易、立券、栽种、牧养、入殓、移柩、启钻,上梁、入宅、修造、动土、破土、祭祀、祈福、斋醮
2027-07-18,平,朱雀,否,祭祀、嫁娶、畋猎、结网,动土、破土、治病、开渠
2027-07-19,定,金匮,是,纳采、订盟、会亲友、入学、祭祀、祈福、求嗣、开光、出行、解除、理发、动土、起基、开市、交易、立券、纳财、造仓、栽种、纳畜、牧养,嫁娶、作灶、出火、置产、入宅、安葬
2027-07-20,执,天德,是,祭祀、祈福、解除、整手足甲、安床、沐浴、入殓、移柩、破土、启钻、安葬、谢土,嫁娶、斋醮、开市、出火、入宅、移徙、出行、作灶、安门、伐木
2027-07-21,破,白虎,否,破屋、坏垣、解除、馀事勿取,嫁娶、安葬
2027-07-22,危,玉堂,是,嫁娶、开市、立券、移徙、入宅、安机械、会亲友、经络、安门、安床、挂匾、拆卸、开仓、出货财、开池、栽种、纳畜、牧养、破土、安葬、启钻、移柩、入殓、立碑,祭祀、祈福、探病、谢土、造桥
2027-07-23,成,天牢,是,嫁娶、订盟、纳采、祭祀、祈福、斋醮、开光、会亲友、求医、治病、盖屋、起基、竖柱、上梁、安门、安碓磑、筑堤、开池、破土、安葬、除服、成服,入宅、开市、掘井、词讼、合寿木
2027-07-24,收,玄武,否,纳采、订盟、嫁娶、移徙、入宅、出行、祭祀、祈福、斋醮、塑绘、开光、安香、出火、会亲友、解除、入学、竖柱、上梁、拆卸、盖屋、起基、栽种、牧养、纳畜,安葬、破土、开市、开仓、出货财、启钻
2027-07-25,开,司命,是,纳采、订盟、嫁娶、祭祀、沐浴、塑绘、开光、出火、治病、习艺、伐木、盖屋、竖柱、上梁、安床、作灶、安碓磑、挂匾、掘井、纳畜,出行、安葬、造桥
2027-07-26,闭,勾陈,否,祭祀、入殓、除服、成服、移柩、破土、启钻、安葬、塞穴、断蚁、结网,开市、入宅、嫁娶、开光、盖屋
2027-07-27,建,青龙,否,祭祀、修造、出行、盖屋、竖柱、造车器、教牛马、造畜稠、割蜜,动土、破土、掘井、安葬
2027-07-28,除,明堂,是,祭祀、沐浴、塑绘、开光、入学、解除、扫舍、治病、开池、牧养,嫁娶、出行、纳采、入宅、作灶
2027-07-29,满,天刑,否,纳财、开市、交易、立券、出行、祭祀、祈福、求嗣、开光、解除、扫舍、起基、竖柱、安床、移徙、开仓、出货财、补垣、塞穴、栽种、纳畜、牧养,斋醮、入宅、安门、安葬、破土、行丧
2027-07-30,平,朱雀,否,祭祀、修饰垣墙、平治道涂,开市、动土、破土、嫁娶、修造、安葬
2027-07-31,定,金匮,是,订盟、纳采、祭祀、祈福、开光、安香、出火、立券、安机械、移徙、入宅、竖柱、上梁、会亲友、安床、拆卸、挂匾、牧养、教牛马,嫁娶、安葬、行丧、破土、修坟
2027-08-01,执,天德,是,沐浴、理发、捕捉、入殓、移柩、破土、启钻、安葬,出火、嫁娶、入宅、作灶、上梁、动土
2027-08-02,执,天德,是,求医、治病、破屋、坏垣、馀事勿取,嫁娶、出行
2027-08-03,破,白虎,否,纳采、订盟、嫁娶、移徙、入宅、出行、开市、交易、立券、纳财、会亲友、安香、出火、拆卸、盖屋、起基、安床、作灶、挂匾、安葬、破土、启钻、立碑、入殓、移柩,祈福、上梁、开仓、掘井、牧养
2027-08-04,危,玉堂,是,祭祀、祈福、斋醮、出行、纳采、订盟、安机械、出火、拆卸、修造、动土、起基、移徙、入宅、造庙、入殓、除服、成服、移柩、破土、安葬、谢土,嫁娶、开市、栽种、合寿木
2027-08-05,成,天牢,是,祭祀、进人口、纳财、纳畜、牧养、捕捉、馀事勿取,开市、入宅、安床、动土、安葬
2027-08-06,收,玄武,否,祭祀、塑绘、开光、求医、治病、嫁娶、会亲友、放水、掘井、牧养、纳畜、开渠、安碓磑,盖屋、入宅、作灶、入学、安葬、行丧
2027-08-07,开,司命,是,祭祀、塞穴、结网、畋猎、馀事勿取,移徙、开市、入宅、嫁娶、开光、安门
2027-08-08,闭,勾陈,否,祭祀、动土、筑堤、开池、会亲友、塞穴、入殓、移柩、破土、安葬,开光、出行、修造、上梁、入宅、安门、作灶、裁衣
2027-08-09,建,青龙,否,祭祀、裁衣、安门、纳财、扫舍、出行、进人口、作灶、纳畜、造畜稠,安床、动土、安葬、开生坟、合寿木
2027-08-10,除,明堂,是,祭祀、解除、拆卸、修造、动土、起基、上梁、安床、安门、开渠、开池、入殓、破土、启钻,嫁娶、出行、进人口、作灶、入宅、移徙、栽种、赴任
2027-08-11,满,天刑,否,纳采、订盟、开光、出行、解除、安香、出火、拆卸、入宅、移徙、修造、上梁、安床、栽种、纳畜、会亲友、安机械、经络,伐木、谢土、行丧、祭祀、作灶、动土、破土、安葬、祈福
2027-08-12,平,朱雀,否,修饰垣墙、平治道涂、祭祀、沐浴、作灶,嫁娶、词讼、治病、置产、作梁、祈福、安葬、栽种、伐木、安门
2027-08-13,定,金匮,是,嫁娶、祭祀、祈福、求嗣、出火、出行、开光、解除、拆卸、修造、进人口、安香、交易、立券、入宅、移徙、安床、动土、破土、谢土、安葬、入殓、除服、成服,斋醮、开市、开仓、作灶、造船
2027-08-14,执,天德,是,破土、安葬、移柩、入殓、祭祀、捕捉、除服、成服、馀事勿取,嫁娶、入宅、开市、交易
2027-08-15,破,白虎,否,破屋、坏垣、治病、馀事勿取,祈福、纳采、订盟、嫁娶、入宅、安葬
2027-08-16,危,玉堂,是,嫁娶、开光、祭祀、祈福、求嗣、安香、出火、解除、伐木、入宅、移徙、安床、开市、交易、立券、栽种、出行、安葬,掘井、理发、作灶、动土、破土、开池
2027-08-17,成,天牢,是,安机械、纳采、订盟、祭祀、祈福、求嗣、开光、普渡、出行、出火、拆卸、修造、动土、进人口、开市、交易、立券、移徙、安床、栽种、上梁、纳畜、破土、移柩、安葬,入宅、嫁娶、掘井、牧养
2027-08-18,收,玄武,否,嫁娶、祭祀、祈福、求嗣、裁衣、冠笄、经络、修造、进人口、安床、动土、竖柱、上梁、移徙、交易、立券、栽种、会亲友,行丧、安葬、出行、作梁、纳畜、伐木、造桥
2027-08-19,开,司命,是,嫁娶、纳采、订盟、开光、祭祀、出行、理发、动土、安床、放水、开渠、栽种、进人口,入宅、上梁、入殓、盖屋、探病、作灶、安门、安葬、纳畜、伐木
2027-08-20,闭,勾陈,否,祭祀、出行、作梁、出火、拆卸、修造、动土、起基、安床、补垣、塞穴、入殓、破土、安葬、移柩、造畜稠,嫁娶、入宅、斋醮、开光、针灸、掘井
2027-08-21,建,青龙,否,嫁娶、纳采、订盟、祭祀、祈福、求嗣、出行、解除、竖柱、入宅、移徙、纳财、上梁、纳畜、入殓、安葬、启钻,栽种、掘井、动土、安床、破土、置产
2027-08-22,除,明堂,是,解除、祭祀、祈福、求嗣、修造、动土、竖柱、上梁、安床、纳畜、盖屋、合脊、起基、入殓、破土、安葬,出火、嫁娶、开光、进人口、出行、词讼、开市、入宅、移徙、赴任
2027-08-23,满,天刑,否,沐浴、理发、会亲友、塑绘、开光、栽种、牧养、嫁娶、经络、补垣、塞穴,开市、入宅、动土、破土、安葬、作灶、上梁、安床、开仓、祈福
2027-08-24,平,朱雀,否,祭祀、理发、作灶、沐浴、修饰垣墙、平治道涂,嫁娶、栽种、祈福、造桥、安葬、安门、伐木、作梁
2027-08-25,定,金匮,是,嫁娶、纳采、订盟、祭祀、祈福、斋醮、普渡、移徙、入宅、出行、安机械、开光、修造、动土、竖柱、上梁、盖屋、起基、定磉、安门、安葬、破土,开市、立券、置产、作灶、造桥
2027-08-26,执,天德,是,祭祀、普渡、捕捉、解除、结网、畋猎、入殓、破土、安葬,开市、交易、入宅、嫁娶
2027-08-27,破,白虎,否,沐浴、破屋、坏垣、馀事勿取,斋醮、开市
2027-08-28,危,玉堂,是,订盟、纳采、祭祀、祈福、安香、出火、开市、立券、入宅、挂匾、造桥、启钻、安葬,动土、破土、嫁娶、掘井、安床
2027-08-29,成,天牢,是,嫁娶、祭祀、祈福、斋醮、普渡、移徙、入宅、动土、治病、开市、交易、立券、开光、修造、造车器、安香、安床、捕捉、畋猎、结网,纳采、订盟、经络、行丧、安葬、探病
2027-08-30,收,玄武,否,嫁娶、订盟、纳采、作灶、冠笄、裁衣、会亲友、纳畜、牧养、安机械、开市、立券、纳财、安床,掘井、出行、破土、行丧、安葬
2027-08-31,开,司命,是,嫁娶、订盟、纳采、祭祀、斋醮、普渡、解除、出行、会亲友、开市、纳财、修造、动土、竖柱、上梁、开光、开仓、出货财、纳畜、牧养、开池、破土、启钻,出火、入宅、盖屋、安门、安葬
2027-09-01,开,司命,是,嫁娶、普渡、祭祀、祈福、补垣、塞穴、断蚁、筑堤、入殓、除服、成服、安葬,动土、破土、掘井、开光、上梁、词讼
2027-09-02,闭,勾陈,否,嫁娶、冠笄、祭祀、沐浴、普渡、出行、纳财、扫舍、纳畜、赴任,开市、动土、破土、安床、开仓、上梁
2027-09-03,建,青龙,否,祭祀、沐浴、理发、整手足甲、冠笄、解除、入殓、移柩、破土、启钻、安葬,嫁娶、出行、入宅、开市、安门
2027-09-04,除,明堂,是,塑绘、冠笄、嫁娶、会亲友、进人口、经络、裁衣、栽种、纳畜、牧养、补垣、塞穴、捕捉,祈福、开市、动土、行丧、安葬
2027-09-05,满,天刑,否,出行、沐浴、订盟、纳采、裁衣、竖柱、上梁、移徙、纳畜、牧养,嫁娶、安门、动土、安葬
2027-09-06,平,朱雀,否,纳采、订盟、嫁娶、祭祀、祈福、普渡、开光、安香、出火、移徙、入宅、竖柱、修造、动土、上梁、起基、盖屋、安门、造庙、造桥、破土、启钻、安葬,开市、立券、纳财、作灶
2027-09-07,定,金匮,是,祭祀、捕捉、畋猎、纳畜、牧养、入殓、除服、成服、移柩、破土、安葬、启钻,嫁娶、纳采、订盟、开市、入宅
2027-09-08,执,天德,是,解除、坏垣、馀事勿取,诸事不宜
2027-09-09,破,白虎,否,祭祀、治病、破屋、坏垣、馀事勿取,诸事不宜
2027-09-10,危,玉堂,是,嫁娶、纳采、订盟、祭祀、开光、出行、理发、作梁、出火、拆卸、修造、动土、进人口、入宅、移徙、安床、挂匾、栽种、纳畜、破土、安葬、入殓、除服、成服,开市、掘井、开渠、造桥、造船
2027-09-11,成,天牢,是,开市、交易、立券、纳财、挂匾、栽种、祭祀、祈福、开光、拆卸、动土、安床,嫁娶、破土、进人口、出行、入宅、移徙、出火、纳畜、词讼、安葬
2027-09-12,收,玄武,否,嫁娶、祭祀、理发、进人口、作灶、移柩、冠笄、会亲友,开仓、出货财、伐木、纳畜、开市、上梁、盖屋、破土、启钻、栽种
2027-09-13,开,司命,是,祭祀、修坟、除服、成服、启钻、移柩、馀事勿取,开市、入宅、嫁娶、动土、破土、安葬
2027-09-14,闭,勾陈,否,嫁娶、冠笄、安机械、解除、纳畜、牧养、沐浴、伐木、架马、作梁、安门、扫舍、合寿木、安葬、启钻、立碑、修坟,祈福、开光、开市、入宅、动土
2027-09-15,建,青龙,否,祭祀、出行、沐浴、扫舍、安葬、馀事勿取,动土、破土、置产、掘井
2027-09-16,除,明堂,是,嫁娶、纳采、祭祀、解除、出行、修造、动土、开市、上梁、安床、整手足甲、扫舍、求医、治病、起基、定磉、盖屋、合脊,造庙、行丧、安葬、伐木、作灶、造船
2027-09-17,满,天刑,否,纳采、订盟、开市、交易、立券、挂匾、纳财、栽种、进人口、入宅、移徙、安床、开光、出火、拆卸、安门、修造,斋醮、嫁娶、行丧、动土、作灶、安葬、破土
2027-09-18,平,朱雀,否,祭祀、沐浴、修饰垣墙、平治道涂、馀事勿取,嫁娶、入宅、安床、出行
2027-09-19,定,金匮,是,开光、祈福、求嗣、斋醮、修造、动土、纳财、造仓、开厕、栽种、牧养、会亲友,作灶、出火、进人口、开渠、入宅、移徙、祭祀
2027-09-20,执,天德,是,开光、解除、拆卸、修造、动土、竖柱、安门、牧养、安葬、修坟、破土、移柩,出火、入宅、移徙、祈福、祭祀、安床、开市、嫁娶、探病
2027-09-21,破,白虎,否,破屋、坏垣、求医、治病、馀事勿取,移徙、入宅
2027-09-22,危,玉堂,是,嫁娶、纳采、订盟、祭祀、祈福、求嗣、开光、出行、出火、拆卸、修造、动土、进人口、入宅、移徙、安床、上梁、合脊、放水、掘井、破土、移柩、谢土、除服、成服,开市、开仓、安门、安葬
2027-09-23,成,天牢,是,嫁娶、纳采、订盟、祭祀、祈福、求嗣、开光、解除、进人口、入宅、移徙、出火、安床、开市、交易、立券、挂匾,安葬、纳畜、出行、行丧、伐木、栽种、造庙、造桥
2027-09-24,收,玄武,否,祭祀、冠笄、捕捉、馀事勿取,嫁娶、开市、盖屋、作梁、合寿木
2027-09-25,开,司命,是,祭祀、解除、结网、畋猎、取渔、会亲友、入学、移柩、启钻、除服、成服,开市、祈福、动土、破土、入殓、安葬、造船
2027-09-26,闭,勾陈,否,冠笄、沐浴、出行、修造、动土、移徙、入宅、破土、安葬,嫁娶、开市、祭祀、祈福、斋醮、纳采、修坟
2027-09-27,建,青龙,否,祭祀、出行,嫁娶、入宅、修造、动土、会亲友、破土
2027-09-28,除,明堂,是,嫁娶、订盟、纳采、祭祀、祈福、出行、修造、动土、移徙、入宅,针灸、伐木、作梁、造庙、行丧、安葬
2027-09-29,满,天刑,否,出行、开市、交易、立券、安机械、出火、上梁、移徙,嫁娶、安葬、动土、造桥
2027-09-30,满,天刑,否,祭祀、沐浴、修饰垣墙、平治道涂、馀事勿取,斋醮、嫁娶、移徙、出行、上梁、入宅
2027-10-01,平,朱雀,否,嫁娶、造车器、安机械、祭祀、祈福、开光、安香、出火、出行、开市、立券、修造、动土、移徙、入宅、破土、安葬,纳采、订盟、架马、词讼、开渠
2027-10-02,定,金匮,是,沐浴、捕捉、入殓、除服、成服、破土、启钻、安葬,祭祀、嫁娶、安床、开市、入宅、探病、上梁
2027-10-03,执,天德,是,馀事勿取,探病
2027-10-04,破,白虎,否,订盟、纳采、祭祀、祈福、安香、出火、修造、动土、上梁、安门、起基、竖柱、定磉、开池、移徙、入宅、立券、破土,嫁娶、造庙、造桥、造船、作灶、安葬
2027-10-05,危,玉堂,是,开光、求嗣、雕刻、嫁娶、订盟、纳采、出火、拆卸、修造、动土、起基、上梁、放水、移徙、入宅、造仓、造船、开市、开池、纳畜、牧养、挂匾,行丧、安葬、合寿木
2027-10-06,成,天牢,是,祭祀、嫁娶、捕捉,开光、动土、破土、开市、修造、入宅、安门
2027-10-07,收,玄武,否,祭祀、普渡、解除、会亲友、捕捉、畋猎、启钻、除服、成服、移柩,嫁娶、开市、动土、掘井、开池、安葬
2027-10-08,开,司命,是,嫁娶、祭祀、祈福、求嗣、开光、出行、解除、出火、进人口、开市、交易、立券、挂匾、纳财、入宅、移徙、栽种、破土、谢土,安床、安葬
2027-10-09,闭,勾陈,否,嫁娶、祭祀、祈福、求嗣、动土、安床、扫舍、入殓、移柩、破土、启钻、安葬、作灶、整手足甲、补垣、除服、成服,开光、栽种
2027-10-10,建,青龙,否,祭祀、祈福、求嗣、开光、出行、解除、上梁、入宅、移徙、安床、安门、纳财、纳畜、造畜稠,伐木、行丧、破土、嫁娶、安葬、开渠
2027-10-11,除,明堂,是,祭祀、开光、出行、解除、理发、伐木、出火、拆卸、上梁、合脊、安床、造畜稠,嫁娶、安葬、行丧、词讼、造桥、作灶、破土、动土
2027-10-12,满,天刑,否,纳采、订盟、会亲友、沐浴、理发、裁衣、冠笄、安床、除服、成服、启钻、移柩、安葬、开生坟,开市、入宅、出行、嫁娶、修坟、祈福、动土、安门、谢土、上梁
2027-10-13,平,朱雀,否,解除、祭祀、修饰垣墙、平治道涂、造畜稠、馀事勿取,嫁娶、开市、交易、入宅、入学、安葬
2027-10-14,定,金匮,是,入殓、破土、启钻、安葬、除服、成服、馀事勿取,开市、入宅、祭祀、置产、补垣、塞穴
2027-10-15,执,天德,是,嫁娶、祭祀、祈福、求嗣、开光、出行、拆卸、修造、动土、上梁、安床、纳畜、入殓、破土,入宅、移徙、掘井、理发、伐木、交易、开市、作灶
2027-10-16,破,白虎,否,祭祀、沐浴、破屋、坏垣、馀事勿取,嫁娶、入宅、上梁、出行、安葬
2027-10-17,危,玉堂,是,祭祀、求嗣、冠笄、进人口、会亲友、安门、安床、经络、纳财、牧养、畋猎、放水、割蜜,祈福、斋醮、纳采、订盟、嫁娶、入宅、安葬
2027-10-18,成,天牢,是,嫁娶、纳采、订盟、开市、交易、立券、挂匾、祭祀、祈福、开光、造车器、出行、入宅、移徙、安床、安门、拆卸、修造、动土、栽种、安葬、破土、启钻、除服、成服、入殓、立碑,探病、纳畜、伐木、起基、作梁、盖屋
2027-10-19,收,玄武,否,祭祀、冠笄、移徙、会亲友、纳财、理发、捕捉,嫁娶、开市、开池、开厕、破土
2027-10-20,开,司命,是,祭祀、祈福、求嗣、斋醮、开光、出行、嫁娶、求医、治病、动土、破土、入学、起基、扫舍、竖柱、上梁、开仓、出货财、置产、栽种、牧养、开生坟、谢土、立碑,安门、安床、裁衣、入宅、安葬
2027-10-21,闭,勾陈,否,嫁娶、裁衣、冠笄、合帐、祭祀、出行、安床、移徙、塞穴、入殓、破土、移柩、安葬,开市、栽种、置产、词讼、安门、掘井、开光
2027-10-22,建,青龙,否,祭祀、造车器、出行、修造、上梁、盖屋、安门、安床、造畜稠、教牛马,出货财、开仓、动土、破土、安葬、行丧、伐木、开渠、栽种
2027-10-23,除,明堂,是,祭祀、开光、出行、解除、伐木、作梁、出火、拆卸、入宅、移徙、安床、修造、造畜稠、扫舍,造庙、嫁娶、掘井、栽种、造桥、作灶、动土
2027-10-24,满,天刑,否,纳采、订盟、开市、交易、立券、会亲友、纳畜、牧养、问名、移徙、解除、开厕、入学、起基、安床、开仓、出货财、安葬、启钻、入殓、除服、成服,入宅、上梁、斋醮、出火、谢土
2027-10-25,平,朱雀,否,祭祀、平治道涂、馀事勿取,嫁娶、开市
2027-10-26,定,金匮,是,捕捉、畋猎、馀事勿取,开市、交易、祭祀、入宅、安葬
2027-10-27,执,天德,是,嫁娶、纳采、订盟、祭祀、祈福、求嗣、斋醮、开光、安香、出火、造庙、移徙、出行、入宅、起基、竖柱、上梁、安床、纳畜、捕捉、纳婿、安葬,开市、破土、掘井、合寿木
2027-10-28,破,白虎,否,祭祀、沐浴、解除、破屋、坏垣、馀事勿取,开市、嫁娶
2027-10-29,破,白虎,否,订盟、纳采、会亲友、交易、立券、纳财、栽种、纳畜、牧养,嫁娶、开市、入宅、祈福、安葬
2027-10-30,危,玉堂,是,造车器、嫁娶、订盟、纳采、会亲友、祭祀、出行、开市、立券、移徙、入宅、破土、安葬,上梁、开光、盖屋、架马、合寿木
2027-10-31,成,天牢,是,祭祀、作灶、纳财、捕捉、畋猎、馀事勿取,动土、破土、开市、安葬
2027-11-01,收,玄武,否,嫁娶、订盟、纳采、祭祀、祈福、出行、求医、治病、出火、移徙、入宅,开市、开仓、出货财、安床、安门、安葬
2027-11-02,开,司命,是,冠笄、祭祀、沐浴、作灶、理发、整手足甲、扫舍、补垣、塞穴、入殓、破土、启钻,开光、嫁娶、会亲友、栽种、针灸、安葬
2027-11-03,闭,勾陈,否,纳采、订盟、嫁娶、祭祀、祈福、求嗣、置产、求医、治病、开市、交易、立券、会亲友、移徙、竖柱、上梁、盖屋、合脊、安门、放水、捕捉、纳畜,造庙、造船、动土、破土、安葬
2027-11-04,建,青龙,否,出行、造车器、造畜稠、解除、冠笄、裁衣、作梁、雕刻、会亲友、移徙、入宅、安机械、开市、扫舍,嫁娶、动土、破土、修坟
2027-11-05,除,明堂,是,沐浴、理发、冠笄、安床、开市、立券、会亲友、交易、纳财、结网、教牛马,移徙、入宅、出行、祈福、嫁娶
2027-11-06,满,天刑,否,祭祀、造畜稠、修饰垣墙、平治道涂、馀事勿取,嫁娶、开市、安床、掘井
2027-11-07,平,朱雀,否,嫁娶、开光、出行、出火、拆卸、修造、动土、入宅、移徙、安床、上梁、开市、交易、立券、栽种,祈福、祭祀、伐木、掘井、作灶、谢土
2027-11-08,定,金匮,是,嫁娶、祭祀、祈福、求嗣、开光、出火、出行、拆卸、开市、交易、立券、挂匾、伐木、入宅、移徙、安床、安葬,栽种、掘井、置产
2027-11-09,执,天德,是,祭祀、理发、针灸、解除、进人口、整手足甲,嫁娶、动土、造船、开池、掘井、出行、修造、入宅、上梁、移徙、安葬、破土、作灶、开市
2027-11-10,破,白虎,否,破屋、坏垣、求医、治病、馀事勿取,嫁娶、安葬
2027-11-11,危,玉堂,是,纳采、订盟、嫁娶、祭祀、祈福、雕刻、移徙、开市、入宅、出行、动土、会亲友、入学、修造、起基、安门、安床、造庙、解除、纳财、开池、造畜稠、牧养,上梁、开仓、出货财、盖屋、造船
2027-11-12,成,天牢,是,祭祀、祈福、求嗣、开光、解除、伐木、拆卸、修造、栽种、纳畜、安葬、修坟、立碑,嫁娶、进人口、入宅、移徙、出火、出行
2027-11-13,收,玄武,否,沐浴、扫舍、捕捉、畋猎、解除、塞穴、馀事勿取,嫁娶、入宅、开市、安床、破土、修坟
2027-11-14,开,司命,是,嫁娶、冠笄、祭祀、祈福、求嗣、斋醮、开光、出行、解除、动土、开市、交易、立券、挂匾、拆卸、破土,伐木、上梁、修造、入殓、理发、会亲友、入宅、安门、安葬、作灶
2027-11-15,闭,勾陈,否,合帐、裁衣、嫁娶、安床、入殓、移柩、破土、造畜稠,置产、造船、开光、掘井、作灶
2027-11-16,建,青龙,否,解除、修饰垣墙、冠笄、出行、馀事勿取,开市、动土、破土、嫁娶、安葬
2027-11-17,除,明堂,是,纳采、订盟、嫁娶、祭祀、祈福、求嗣、开光、出行、解除、进人口、开市、立券、挂匾、入宅、移徙、安门、栽种、动土、求医、治病、会亲友、起基、修造、盖屋、安葬,作灶、经络、安床
2027-11-18,满,天刑,否,祭祀、塑绘、理发、会亲友、牧养、开池、造畜稠、畋猎、结网,祈福、谢土、安葬、上梁、作灶、开市、嫁娶、出行、入宅、动土
2027-11-19,平,朱雀,否,出行、纳财、开市、交易、立券、动土、移徙、入宅、裁衣、会亲友、拆卸、进人口、安香、经络、出货财、修饰垣墙、平治道涂,造庙、谢土、作灶、作梁、伐木、安葬、行丧、修坟、探病
2027-11-20,定,金匮,是,嫁娶、纳采、订盟、祭祀、斋醮、开光、安香、出火、出行、拆卸、动土、祈福、进人口、纳财、交易、立券、移徙、安床、修造、安葬、除服、成服,置产、掘井、词讼、栽种
2027-11-21,执,天德,是,嫁娶、纳采、订盟、祭祀、开光、出行、解除、伐木、出火、入宅、移徙、拆卸、修造、栽种、安葬、入殓,破土、动土、安门、作灶、开市、交易
2027-11-22,破,白虎,否,祭祀、解除、破屋、坏垣、求医、治病、馀事勿取,嫁娶、安葬
2027-11-23,危,玉堂,是,祭祀、扫舍、破土、安葬、除服、成服、启钻、移柩、入殓、立碑、馀事勿取,嫁娶、入宅、修造、动土
2027-11-24,成,天牢,是,订盟、纳采、会亲友、祭祀、祈福、修造、动土、安机械、破土、安葬,嫁娶、移徙、出火、开市、入宅
2027-11-25,收,玄武,否,祭祀、沐浴、捕捉、畋猎、结网、扫舍,嫁娶、纳采、订盟、安床、动土、破土、安葬
2027-11-26,开,司命,是,开市、纳财、出行、祭祀、祈福、求嗣、斋醮、问名、入学、起基、定磉、置产、开渠、掘井、拆卸、栽种、纳畜、牧养、动土、破土、启钻,移徙、入宅、出火、入殓、安葬
2027-11-27,闭,勾陈,否,祭祀、理发、置产、塞穴、除服、成服、移柩、入殓、破土、安葬,嫁娶、入宅、安床、掘井、开光
2027-11-28,闭,勾陈,否,祭祀、沐浴、出行、馀事勿取,开市、动土、破土、行丧、安葬
2027-11-29,建,青龙,否,嫁娶、造车器、出行、会亲友、移徙、入宅、修造、动土、雕刻、开光、安香、出火、理发、盖屋、合脊、起基、归岫、安门、拆卸、扫舍、栽种、造畜稠,开市、纳采、造庙、安床、开渠、安葬
2027-11-30,除,明堂,是,塑绘、会亲友、安机械、塞穴、结网、裁衣、经络,嫁娶、开市、祈福、斋醮、安葬
2027-12-01,满,天刑,否,纳采、移徙、纳财、开市、交易、立券、入宅、修造、动土、竖柱、起基、定磉、造庙、安香、出火、修饰垣墙、平治道涂、会亲友、出行、开池、开厕,开仓、盖屋、造桥、祭祀
2027-12-02,平,朱雀,否,订盟、纳采、纳财、开市、立券、祭祀、祈福、移徙、入宅、出行、盖屋、起基、修造、动土、竖柱、上梁、安门、安香、出火、教牛马、会亲友、破土,嫁娶、安葬、掘井、置产、造船
2027-12-03,定,金匮,是,嫁娶、订盟、纳采、祭祀、祈福、塑绘、开光、移徙、安床、伐木、作梁、捕捉、畋猎、结网、求医、治病、解除、安葬、除服、成服、移柩、入殓、立碑、谢土,开市、造庙、动土、破土
2027-12-04,执,天德,是,破屋、坏垣、祭祀、馀事勿取,嫁娶、安葬
2027-12-05,破,白虎,否,嫁娶、纳采、订盟、祭祀、冠笄、裁衣、伐木、作梁、架马、定磉、开柱眼、作灶、移徙、安床、畋猎、结网、开池、开厕、除服、成服、启钻、入殓、移柩、安葬,盖屋、造船、动土、破土
2027-12-06,危,玉堂,是,纳采、订盟、祭祀、祈福、求嗣、斋醮、开光、会亲友、解除、入学、纳财、交易、立券、经络、起基、动土、定磉、开池、栽种、纳畜、牧养、破土、入殓、立碑、安葬,嫁娶、开市、入宅、出火、移徙
2027-12-07,成,天牢,是,解除、扫舍、馀事勿取,诸事不宜
2027-12-08,收,玄武,否,祭祀、开光、理发、整手足甲、安床、作灶、扫舍、教牛马,伐木、纳畜、破土、安葬、开生坟、嫁娶、开市、动土、交易、作梁
2027-12-09,开,司命,是,祭祀、祈福、求嗣、开光、拆卸、修造、动土、上梁、安床、置产、栽种、破土,嫁娶、进人口、安葬、出行、赴任、入宅、移徙、入殓、开渠
2027-12-10,闭,勾陈,否,沐浴、冠笄、补垣、塞穴、裁衣、修造、作梁、开柱眼、安碓磑、筑堤、开厕、断蚁,移徙、入宅、嫁娶、祈福、开光、掘井
2027-12-11,建,青龙,否,交易、进人口、祭祀、沐浴、捕捉、入殓、除服、成服、安葬、谢土、启钻、修坟,斋醮、入宅、修造、动土、破土
2027-12-12,除,明堂,是,嫁娶、纳采、订盟、造车器、祭祀、祈福、造庙、安香、出火、出行、归宁、入学、入宅、交易、立券、求医、治病、修造、动土、竖柱、上梁、盖屋、起基、安门,斋醮、伐木、作梁、安葬、行丧
2027-12-13,满,天刑,否,纳采、订盟、开市、交易、立券、出行、会亲友、安机械、竖柱、上梁、平治道涂、伐木、拆卸、盖屋、起基、安床、安门、解除、安葬、启钻、除服、成服、修坟、立碑、移柩、入殓,嫁娶、动土、破土、祈福、出火、入宅
2027-12-14,平,朱雀,否,祭祀、平治道涂、除服、成服、安葬、馀事勿取,嫁娶、入宅、纳采、订盟、掘井
2027-12-15,定,金匮,是,纳采、订盟、祭祀、祈福、开光、安香、出火、出行、会亲友、安机械、修造、动土、竖柱、上梁、盖屋、起基、定磉、安床、安门、拆卸、移徙、造桥、造船、安葬、破土、入殓,开市、造庙、置产、掘井
2027-12-16,执,天德,是,嫁娶、冠笄、祭祀、祈福、求嗣、斋醮、进人口、会亲友、伐木、作梁、开柱眼、安床、掘井、捕捉、畋猎,开生坟、破土、行丧、安葬
2027-12-17,破,白虎,否,破屋、坏垣、治病、馀事勿取,移徙、入宅
2027-12-18,危,玉堂,是,安床、架马、祭祀、塑绘、开光、出行、理发、伐木、作梁、开柱眼、开厕、畋猎、破土、入殓、除服、成服、移柩、启钻、修坟、立碑,作灶、安门、造桥、开市、安葬
2027-12-19,成,天牢,是,嫁娶、祭祀、祈福、求嗣、开光、出行、解除、入宅、移徙、纳畜、入殓、破土、修坟、立碑,伐木、作梁、动土、安床、栽种、造桥
2027-12-20,收,玄武,否,祭祀、沐浴、理发、纳财、进人口、栽种、扫舍、捕捉、畋猎、结网,会亲友、安葬、入宅、移徙、安床、开市、行丧、出火、作灶、安门
2027-12-21,开,司命,是,纳采、订盟、祭祀、祈福、求嗣、塑绘、解除、拆卸、修造、动土、竖柱、上梁、安门、置产、开池、掘井、纳畜、安床、栽种、造畜稠、破土、移柩、立碑,嫁娶、开市、出火、进人口、入殓、赴任、入宅、移徙、出行、安葬
2027-12-22,闭,勾陈,否,入宅、移徙、出行、进人口、修造、动土、起基、上梁、安门、造仓、补垣、塞穴、造畜稠,嫁娶、开市、安床、栽种、安葬、祈福、开光、掘井
2027-12-23,建,青龙,否,造畜稠、教牛马,入宅、移徙、分居、作灶、出火、安香、动土、嫁娶、掘井、扫舍、造桥
2027-12-24,除,明堂,是,订盟、纳采、造车器、祭祀、祈福、出行、安香、修造、动土、上梁、开市、交易、立券、移徙、入宅、会亲友、安机械、栽种、纳畜、盖屋、起基、安床、造畜稠,破土、安葬、行丧、开生坟
2027-12-25,满,天刑,否,订盟、纳采、会亲友、安机械、开光、修造、动土、竖柱、上梁、盖屋、起基、造桥、栽种、纳畜、造畜稠、移柩、入殓、启钻、修坟、立碑、安葬,祈福、出火、嫁娶、入宅、开市、破土
2027-12-26,平,朱雀,否,祭祀、平治道涂、修坟、除服、成服、馀事勿取,移徙、入宅、嫁娶、掘井、安葬
2027-12-27,定,金匮,是,嫁娶、冠笄、祭祀、祈福、求嗣、雕刻、开光、安香、出行、入学、修造、动土、竖柱、上梁、盖屋、起基、安门、出火、移徙、入宅、掘井、造畜稠、安葬、破土、除服、成服,开市、纳采、订盟、作灶、造庙、造船、经络
2027-12-28,定,金匮,是,嫁娶、订盟、纳采、祭祀、祈福、求嗣、斋醮、安香、出火、修造、起基、盖屋、合脊、安门、安碓磑、动土、上梁、移徙、入宅,出行、掘井、破土、行丧、安葬
2027-12-29,执,天德,是,祭祀、沐浴、破屋、坏垣、馀事勿取,嫁娶、移徙、入宅、探病、出行、盖屋
2027-12-30,破,白虎,否,冠笄、纳财、掘井、开池、出火、安床、交易、立券、畋猎、结网、理发、放水,安门、动土、破土、行丧、安葬、成服
2027-12-31,危,玉堂,是,纳采、订盟、移徙、入宅、出行、安机械、会亲友、祭祀、祈福、斋醮、开光、安香、出火、解除、求医、针灸、治病、盖屋、起基、修造、安门、造船、纳畜、牧养、移柩、入殓、启钻、谢土、修坟、立碑,嫁娶、动土、安床、造桥、掘井
2028-01-01,成,天牢,是,祭祀、沐浴、作灶、纳财、捕捉、畋猎、安床、扫舍,开市、斋醮、破土、安葬
2028-01-02,收,玄武,否,祈福、斋醮、纳采、订盟、解除、架马、开柱眼、修造、动土、起基、上梁、归岫、盖屋、合脊、掘井、除服、成服、破土、栽种,移徙、开市、入宅、安葬
2028-01-03,开,司命,是,纳采、订盟、祭祀、沐浴、冠笄、合帐、裁衣、修造、动土、拆卸、移徙、入宅、安门、开仓、筑堤、开厕、栽种、纳畜、补垣、塞穴,嫁娶、祈福、开光、掘井、安葬、行丧
2028-01-04,闭,勾陈,否,合帐、裁衣、教牛马、馀事勿取,入宅、动土、破土、嫁娶、作灶、造船
2028-01-05,建,青龙,否,纳采、订盟、嫁娶、祭祀、祈福、安香、出火、出行、会亲友、经络、求医、治病、解除、拆卸、起基、修造、动土、定磉、扫舍、栽种、牧养、造畜稠,斋醮、作梁、掘井、行丧、安葬
2028-01-06,除,明堂,是,沐浴、塑绘、开光、纳采、订盟、开市、交易、立券、纳财、起基、动土、定磉、放水、安葬、破土、启钻、修坟、立碑、移柩,入宅、安门、祭祀、谢土
2028-01-07,满,天刑,否,嫁娶、出行、理发、安床、启钻、安葬、修坟、开市、交易、立券、纳财、开池、牧养,掘井、祈福、谢土、动土、入宅、上梁、修造、作灶
2028-01-08,平,朱雀,否,解除、平治道涂、馀事勿取,移徙、入宅、掘井、造庙、栽种、针灸、治病、开池
2028-01-09,定,金匮,是,嫁娶、祭祀、开光、伐木、出火、拆卸、入宅、移徙、修造、动土、上梁、安床、纳畜,开市、行丧、栽种、出行、出货财、安葬、置产、词讼、治病
2028-01-10,执,天德,是,嫁娶、纳采、订盟、入宅、移徙、安床、祭祀、祈福、开光、出行、解除、出火、拆卸、动土、纳畜、谢土、安葬、破土,伐木、开市、交易、上梁、作灶、安门、盖屋
2028-01-11,破,白虎,否,祭祀、破屋、坏垣、解除、馀事勿取,开市、动土、破土
2028-01-12,危,玉堂,是,嫁娶、纳采、订盟、开光、安香、出火、纳财、开市、交易、立券、裁衣、盖屋、起基、修造、动土、安门、移徙、入宅、栽种、牧养、畋猎、掘井、开池、安葬、破土、入殓、除服、成服、立碑,祈福、造庙、祭祀、安床、谢土
2028-01-13,成,天牢,是,祭祀、斋醮、入殓、破土、启钻、安葬、修坟、立碑、除服、成服,嫁娶、入宅、作灶、纳采、订盟
2028-01-14,收,玄武,否,祭祀、斋醮、纳财、捕捉、畋猎,嫁娶、开市、入宅、安床、破土、安葬
2028-01-15,开,司命,是,纳采、订盟、祭祀、祈福、求嗣、斋醮、沐浴、进人口、会亲友、入学、治病、安碓磑、掘井、开池、纳畜、牧养、造畜稠,嫁娶、合帐、入宅、行丧、安葬
2028-01-16,闭,勾陈,否,祭祀、祈福、求嗣、沐浴、问名、交易、纳财、入殓、移柩、安葬、修坟、立碑、谢土、造畜稠、教牛马,入宅、置产、嫁娶、动土、栽种、开市、开光、破土
2028-01-17,建,青龙,否,祭祀、教牛马、造畜稠、会亲友、解除、馀事勿取,嫁娶、入宅、出行、动土、破土、安葬、行丧
2028-01-18,除,明堂,是,嫁娶、开光、解除、出火、拆卸、修造、进人口、入宅、移徙、安床、栽种、入殓、修坟、动土、除服、成服,作灶、安葬、祭祀、开市、纳采、订盟、纳畜、谢土、出行、探病
2028-01-19,满,天刑,否,出行、起基、安床、纳财、交易、立券、嫁娶、栽种、入殓、移柩、安葬,挂匾、入宅、上梁、祈福、词讼、作梁、作灶、开池、安门、动土、破土、掘井
2028-01-20,平,朱雀,否,平治道涂、馀事勿取,开光、嫁娶、开仓、出货财、造船、安葬、探病
2028-01-21,定,金匮,是,嫁娶、订盟、纳采、会亲友、祭祀、安机械、移徙、入宅、盖屋、安床、起基、定磉、安香、出火、挂匾、拆卸、置产,开市、出行、安葬、行丧
2028-01-22,执,天德,是,沐浴、捕捉、畋猎、理发、整手足甲、入殓、除服、成服、破土、安葬、谢土、立碑、修坟、启钻,纳采、订盟、嫁娶、上梁、开市、斋醮、盖屋、安门
2028-01-23,破,白虎,否,祭祀、破屋、坏垣、馀事勿取,斋醮、嫁娶、开市
2028-01-24,危,玉堂,是,沐浴、开仓、出货财、开市、交易、立券、纳财、栽种、纳畜、牧养、畋猎、入殓、破土、安葬,祈福、嫁娶、安床、入宅、造船
2028-01-25,成,天牢,是,祭祀、沐浴、补垣、塞穴、断蚁、解除、馀事勿取,造庙、入宅、修造、安葬、行丧、嫁娶
2028-01-26,成,天牢,是,嫁娶、纳采、订盟、问名、祭祀、冠笄、裁衣、会亲友、进人口、纳财、捕捉、作灶,开市、安床、安葬、修坟
2028-01-27,收,玄武,否,订盟、纳采、会亲友、祭祀、斋醮、沐浴、塑绘、出火、开光、竖柱、上梁、开市、交易、立券、作梁、开柱眼、伐木、架马、安门、安床、拆卸、牧养、造畜稠、掘井,造庙、嫁娶、出行、动土、安葬、行丧
2028-01-28,开,司命,是,交易、立券、纳财、安床、裁衣、造畜稠、安葬、谢土、启钻、除服、成服、修坟、立碑、移柩、入殓,开光、嫁娶、开市、动土、破土
2028-01-29,闭,勾陈,否,祭祀、解除、教牛马、会亲友、馀事勿取,破土、动土、安葬
2028-01-30,建,青龙,否,纳采、订盟、移徙、纳财、开市、交易、立券、入宅、会亲友、解除、求医、治病、入学、安床、安门、安香、出火、拆卸、扫舍、挂匾、开生坟、合寿木、破土、修坟、启钻、入殓,探病、祭祀、出行、上梁、盖屋、谢土、安葬
2028-01-31,除,明堂,是,嫁娶、订盟、纳采、祭祀、祈福、求嗣、会亲友、解除、出行、入学、纳财、开市、交易、立券、习艺、经络、安床、开仓、出货财、纳畜、安葬、启钻、修坟、入殓,入宅、开光、动土
2028-02-01,满,天刑,否,祭祀、冠笄、嫁娶、会亲友、进人口、裁衣、结网、平治道涂,移徙、入宅、造庙、作灶、治病、安葬
2028-02-02,平,朱雀,否,祭祀、安碓磑、结网、馀事勿取,嫁娶、安葬
2028-02-03,定,金匮,是,嫁娶、祭祀、沐浴、裁衣、出行、理发、移徙、捕捉、畋猎、放水、入宅、除服、成服、启钻、安葬、移柩、入殓,盖屋、开市、动土、破土
2028-02-04,执,天德,是,动土、入殓、嫁娶、移柩、安葬、破土,开市、作灶、安床、入宅、上梁、裁衣
2028-02-05,破,白虎,否,求医、治病、破屋、坏垣、馀事勿取,开市、嫁娶
2028-02-06,危,玉堂,是,祭祀、斋醮、沐浴、开生坟、除服、成服、移柩、入殓、破土、安葬、合寿木,开市、嫁娶、安床、会亲友、入宅、作灶、上梁
2028-02-07,成,天牢,是,祭祀、塞穴、结网、破土、谢土、安葬、移柩、除服、成服、馀事勿取,嫁娶、入宅
2028-02-08,收,玄武,否,祭祀、沐浴、理发、作灶、结网、栽种,嫁娶、词讼、行丧、安葬、牧养、伐木、作梁、开市、纳畜、造畜稠
2028-02-09,开,司命,是,嫁娶、祭祀、开光、祈福、求嗣、出行、开市、交易、立券、动土、纳财、掘井、会亲友,入宅、安葬、伐木、作梁、纳畜、造畜稠、作灶
2028-02-10,闭,勾陈,否,祭祀、祈福、求嗣、纳畜、入殓、启钻、谢土、除服、成服,栽种、开光、出行、针灸、嫁娶、入宅、动土、破土
2028-02-11,建,青龙,否,开光、解除、伐木、竖柱、上梁、交易、立券、纳畜、入殓、移柩、安葬,入宅、出行、移徙、祭祀、嫁娶、动土、破土、作灶
2028-02-12,除,明堂,是,祭祀、祈福、求嗣、开光、嫁娶、出行、解除、伐木、拆卸、进人口、安床、动土、起基、上梁、栽种、纳畜、破土、谢土、启钻、安葬,移徙、入宅、出火、作灶、掘井
2028-02-13,满,天刑,否,会亲友、冠笄、安床、安机械、祭祀、祈福、求嗣、经络,嫁娶、开市、动土、作灶、安葬
2028-02-14,平,朱雀,否,作灶、解除、平治道涂、馀事勿取,祭祀、祈福、安葬、安门
2028-02-15,定,金匮,是,嫁娶、祭祀、冠笄、修饰垣墙、置产,经络、探病、盖屋、作灶、动土
2028-02-16,执,天德,是,纳采、嫁娶、祭祀、祈福、出行、修造、动土、移徙、入宅、安葬、破土,开市、斋醮
2028-02-17,破,白虎,否,祭祀、沐浴、解除、理发、扫舍、破屋、坏垣、馀事勿取,嫁娶、安葬
2028-02-18,危,玉堂,是,纳采、订盟、祭祀、祈福、安香、出火、修造、出行、开市、移徙、入宅、动土、安葬、破土,安床、作灶、造船、会亲友
2028-02-19,成,天牢,是,塞穴、结网、取渔、畋猎,嫁娶、安门、移徙、入宅、安葬
2028-02-20,收,玄武,否,纳采、祭祀、祈福、出行、会亲友、修造、动土、移徙、入宅,嫁娶、开市、安葬、破土
2028-02-21,开,司命,是,纳采、嫁娶、祭祀、祈福、出行、开市、会亲友、动土、破土、启钻,移徙、入宅、出火、安门、安葬
2028-02-22,闭,勾陈,否,祭祀、祈福、求嗣、斋醮、入殓、除服、成服、移柩、安葬、启钻,嫁娶、动土、开光、盖屋、破土
2028-02-23,建,青龙,否,纳采、会亲友、竖柱、上梁、立券、入殓、移柩、安葬、启钻,祭祀、移徙、入宅、动土、破土
2028-02-24,除,明堂,是,祭祀、祈福、斋醮、出行、开市、立券、动土、移徙、入宅、破土、安葬,开光、嫁娶、作灶、掘井、纳畜
2028-02-25,除,明堂,是,会亲友、求嗣、理发、冠笄、结网、捕捉、开光,开市、动土、安葬、破土
2028-02-26,满,天刑,否,祭祀、平治道涂、馀事勿取,嫁娶、祈福、掘井、安葬
2028-02-27,平,朱雀,否,祈福、求嗣、斋醮、纳采、嫁娶、伐木、修造、动土、移徙、入宅、造庙、安机械、开市、入殓、除服、成服、移柩、安葬、破土、谢土,置产、盖屋、合脊、开光、探病、安门、作灶
2028-02-28,定,金匮,是,入学、习艺、出行、纳采、订盟、嫁娶、会亲友、进人口、牧养、捕捉、入殓、移柩、安葬、启钻,开光、开市、入宅、动土、盖屋
2028-02-29,执,天德,是,祭祀、沐浴、求医、治病、扫舍、破屋、坏垣、解除、馀事勿取,入宅、开市、安葬
2028-03-01,破,白虎,否,祭祀、冠笄、嫁娶、拆卸、修造、动土、起基、上梁、盖屋、入宅、开市、开池、塞穴、入殓、除服、成服、移柩、安葬、破土,安床、栽种、治病、作灶
2028-03-02,危,玉堂,是,祭祀、结网、入殓、除服、成服、移柩、安葬、破土,馀事勿取
2028-03-03,成,天牢,是,塑绘、开光、祈福、求嗣、订盟、纳采、裁衣、冠笄、拆卸、修造、动土、起基、安门、安床、移徙、造仓、结网、纳畜,伐木、作灶、安葬、取渔、入宅
2028-03-04,收,玄武,否,祭祀、沐浴、开光、塑绘、祈福、求嗣、订盟、纳采、冠笄、裁衣、嫁娶、动土、除服、成服、移柩、破土、启钻、出行、安碓磑、放水、开市、立券、交易,安葬、上梁、入宅、作灶
2028-03-05,开,司命,是,嫁娶、祭祀、开光、祈福、求嗣、出火、入宅、移徙、安床、拆卸、动土、破土、谢土,合帐、开市、安葬、入殓
2028-03-06,闭,勾陈,否,安床、伐木、拆卸、修造、动土、上梁、立券、交易、栽种、纳畜、牧养、入殓、安葬,嫁娶、祭祀、开光、出行、出火、移徙、入宅、安门
2028-03-07,建,青龙,否,祭祀、祈福、求嗣、斋醮、嫁娶、冠笄、出行、开市、交易、会亲友、教牛马、除服、成服、启钻、安葬、移柩,动土、移徙、入宅
2028-03-08,除,明堂,是,塞穴、整手足甲、解除、捕捉、畋猎、结网、馀事勿取、诸事不宜,嫁娶、作灶、掘井、安葬
2028-03-09,满,天刑,否,纳财、开市、立券、交易、开光、安床、上梁、盖屋、修造、起基,动土、破土、安葬、行丧、赴任、出行、嫁娶、入宅、移徙、谢土、词讼
2028-03-10,平,朱雀,否,祭祀、祈福、嫁娶、冠笄、修饰垣墙、置产、平治道涂,开仓、出货财、盖屋、作灶、开市、交易、立券、栽种
2028-03-11,定,金匮,是,嫁娶、祭祀、开光、祈福、求嗣、出行、出火、进人口、入宅、移徙、安床、拆卸、修造、安门、挂匾、纳财、扫舍,动土、伐木、安葬、行丧
2028-03-12,执,天德,是,嫁娶、开光、祭祀、祈福、求嗣、出行、出火、入宅、移徙、解除、栽种、伐木、破土、谢土、安葬,开市、交易、作灶、纳财、上梁、安床、盖屋、造船
2028-03-13,破,白虎,否,破屋、坏垣、求医、治病、馀事勿取,开光、嫁娶
2028-03-14,危,玉堂,是,纳采、交易、立券、安床、安机械、安葬、移柩、动土、破土、立碑,嫁娶、开光、作灶
2028-03-15,成,天牢,是,祭祀、祈福、求嗣、斋醮、沐浴、开光、理发、经络、解除、治病、立碑、栽种、牧养、掘井、开池,嫁娶、定磉、合寿木、安葬、行丧
2028-03-16,收,玄武,否,纳财、交易、立券、栽种、捕捉、结网、取渔、进人口、教牛马、理发,入宅、盖屋、竖柱、安葬
2028-03-17,开,司命,是,嫁娶、订盟、纳采、祭祀、祈福、出行、修造、动土、移徙、入宅、破土、出火、安门、安床、上梁、立碑、移柩,开市、交易、合帐、安葬
2028-03-18,闭,勾陈,否,冠笄、立券、交易、修造、动土、安机械、入殓、安葬、破土,嫁娶、祈福、出火、入宅
2028-03-19,建,青龙,否,祭祀、会亲友、出行、立券、交易、冠笄、纳财,嫁娶、动土、掘井、起基、定磉、破土
2028-03-20,除,明堂,是,祭祀、沐浴、解除、扫舍、塞穴、牧养,嫁娶、安葬、行丧、安门
2028-03-21,满,天刑,否,纳财、开市、交易、立券、开光、针灸、会亲友、理发、安床、造仓、结网,移徙、入宅、栽种
2028-03-22,平,朱雀,否,嫁娶、冠笄、会亲友、安机械、纳财、交易、立券、置产,开市、盖屋、治病、作灶
2028-03-23,定,金匮,是,嫁娶、造车器、纳采、订盟、祭祀、祈福、安机械、移徙、入宅、开市、立券、破土、安葬,纳畜、理发、合寿木
2028-03-24,执,天德,是,祈福、斋醮、出行、移徙、入宅、修造、动土、破土、安葬,纳采、开光、安床、嫁娶、开市
2028-03-25,破,白虎,否,破屋、坏垣、馀事勿取,嫁娶、移徙、开市、入宅
2028-03-26,破,白虎,否,嫁娶、冠笄、祭祀、出行、会亲友、修造、动土、入殓、破土,塑绘、开光、造桥、除服、成服
2028-03-27,危,玉堂,是,开光、求嗣、出行、纳采、冠笄、出火、拆卸、起基、修造、动土、上梁、移徙、造船、开市、交易、立券、纳财,祈福、嫁娶、安葬、破土
2028-03-28,成,天牢,是,理发、冠笄、嫁娶、进人口、栽种、捕捉、针灸,纳财、开市、安葬、破土
2028-03-29,收,玄武,否,开光、祈福、求嗣、出行、解除、伐木、盖屋、起基、修造、架马、安门、移徙、入宅、造庙、除服、成服、移柩、谢土、纳畜、牧养,纳采、动土、开市、交易
2028-03-30,开,司命,是,裁衣、经络、伐木、开柱眼、拆卸、修造、动土、上梁、合脊、合寿木、入殓、除服、成服、移柩、破土、安葬、启钻、修坟、立碑,祭祀、嫁娶、出行、掘井
2028-03-31,闭,勾陈,否,祭祀、会亲友、立券、交易、裁衣、合帐、嫁娶、冠笄、进人口,栽种、动土、安葬、掘井、修坟、探病
2028-04-01,建,青龙,否,扫舍、塞穴、馀事勿取,诸事不宜
2028-04-02,除,明堂,是,塑绘、开光、订盟、纳采、裁衣、合帐、冠笄、安机械、会亲友、纳财、开市、立券、交易、安床、竖柱、上梁、结网、栽种、解除、经络,作灶、出行、入宅、安葬
2028-04-03,满,天刑,否,祭祀、嫁娶、纳婿、除服、成服、入殓、移柩,动土、作灶、入宅、开光、安床
2028-04-04,平,朱雀,否,祭祀、作灶、畋猎、结网、修饰垣墙、平治道涂、馀事勿取,嫁娶、安床、治病
2028-04-05,定,金匮,是,沐浴、祭祀、解除、安葬、破土、谢土、移柩、馀事勿取,斋醮、开光、嫁娶、入宅、上梁
2028-04-06,执,天德,是,祭祀、解除、入殓、移柩、启钻、安葬、整手足甲、捕捉、畋猎、取渔、除服、成服、扫舍、谢土、斋醮,动土、破土
2028-04-07,破,白虎,否,祭祀、沐浴、解除、破屋、坏垣、求医、治病、馀事勿取,嫁娶、开市
2028-04-08,危,玉堂,是,沐浴、塞穴、畋猎、结网、取渔、扫舍、馀事勿取,祈福、安葬
2028-04-09,成,天牢,是,开市、交易、立券、挂匾、祭祀、开光、祈福、求嗣、安床、解除、修造、安葬,纳采、问名、订盟、嫁娶、入宅、开仓、出火、动土、破土、纳畜、伐木
2028-04-10,收,玄武,否,祭祀、修门、取渔、纳财、纳畜、馀事勿取,嫁娶、入宅
2028-04-11,开,司命,是,安香、出火、纳采、订盟、嫁娶、开市、立券、交易、挂匾、开光、出行、解除、安床、栽种、置产、拆卸、修造、动土,作灶、安葬、祭祀、入殓
2028-04-12,闭,勾陈,否,祭祀、出行、修造、动土、合帐、造畜稠、安床、移徙、入殓、移柩、破土、启钻、安葬、开生坟、合寿木、补垣、塞穴,入宅、作灶、理发、开光、安门
2028-04-13,建,青龙,否,祭祀、修饰垣墙、馀事勿取,开光、修造、动土、破土
2028-04-14,除,明堂,是,嫁娶、祭祀、祈福、求嗣、斋醮、开光、出火、移徙、入宅、竖柱、上梁、会亲友、盖屋、起基、治病、安门、造车器、掘井、开池,纳采、出行、修坟、安葬、开市、立券、作灶
2028-04-15,满,天刑,否,祭祀、塑绘、开光、纳采、嫁娶、开市、出行、会亲友、安床、结网、除服、成服、启钻、安葬、移柩,祈福、入宅、盖屋、动土、破土、探病
2028-04-16,平,朱雀,否,祭祀、作灶、平治道涂、馀事勿取,安床、入宅、安碓磑、栽种
2028-04-17,定,金匮,是,祭祀、祈福、求嗣、斋醮、沐浴、纳畜、入殓、破土、安葬,移徙、入宅、嫁娶、出行、安床
2028-04-18,执,天德,是,纳采、祭祀、祈福、求嗣、斋醮、出行、起基、盖屋、定磉、安门、入殓、安葬,嫁娶、开市、纳财、出火
2028-04-19,破,白虎,否,祭祀、沐浴、解除、求医、治病、破屋、坏垣、馀事勿取,祈福、斋醮、开市、安葬
2028-04-20,危,玉堂,是,沐浴、捕捉、畋猎、结网、取渔,祭祀、嫁娶、入宅、作灶、安葬
2028-04-21,成,天牢,是,祭祀、祈福、求嗣、斋醮、纳采、订盟、开光、竖柱、上梁、开仓、出货财、盖屋、起基、定磉、安门、诸事不宜、破土、入殓、启钻、谢土,出火、嫁娶、开市
2028-04-22,收,玄武,否,祭祀、捕捉、解除、馀事勿取,嫁娶、安葬
2028-04-23,开,司命,是,纳采、嫁娶、出行、开市、立券、纳畜、牧养、出火、移徙、入宅,祈福、动土、破土、安葬、入殓
2028-04-24,闭,勾陈,否,祭祀、祈福、求嗣、斋醮、冠笄、作灶、纳财、交易,开光、嫁娶、掘井、安葬、安门、探病
2028-04-25,闭,勾陈,否,祭祀、解除、教牛马、出行、馀事勿取,动土、破土、行丧、开光、作梁、安葬、探病
2028-04-26,建,青龙,否,沐浴、斋醮、解除、求医、治病、会亲友、造畜稠、栽种、理发、扫舍,开市、嫁娶、移徙、入宅、掘井、安葬
2028-04-27,除,明堂,是,求嗣、出行、解除、订盟、纳采、嫁娶、会亲友、进人口、安床、开市、交易、纳畜、牧养、入殓、除服、成服、移柩、安葬、启钻,祈福、修造、动土、破土、谢土
2028-04-28,满,天刑,否,祭祀、作灶、平治道涂、馀事勿取,嫁娶、安葬、动土、安床、治病
2028-04-29,平,朱雀,否,造车器、祭祀、祈福、求嗣、斋醮、开市、交易、安机械、雕刻、开光、盖屋、合脊、起基、定磉、安门、纳畜、安葬、开生坟、立碑、谢土,入宅、动土、开仓、出货财
2028-04-30,定,金匮,是,祭祀、祈福、开光、求嗣、斋醮、纳采、订盟、求医、治病、起基、定磉、造船、取渔、解除、安葬、启钻、谢土、入殓,开市、动土、掘井、开池
2028-05-01,执,天德,是,祭祀、沐浴、破屋、坏垣、求医、治病、解除、馀事勿取,嫁娶、开市、交易、入宅、安葬
2028-05-02,破,白虎,否,诸事不宜,无
2028-05-03,危,玉堂,是,祭祀、塑绘、开光、订盟、纳采、冠笄、裁衣、安机械、拆卸、修造、动土、安床、经络、开市,出火、入宅、安葬、伐木
2028-05-04,成,天牢,是,祭祀、馀事勿取,造庙、嫁娶、安床
2028-05-05,收,玄武,否,解除、出行、纳采、冠笄、竖柱、上梁、移徙、作灶、进人口、入宅、纳畜、牧养,祭祀、伐木、架马、安床、修造、动土、安葬、修坟、破土
2028-05-06,开,司命,是,祭祀、祈福、求嗣、开光、出行、开市、交易、立券、栽种、安床、纳畜、移徙、起基、动土、定磉、造仓、置产、破土、启钻、修坟,入宅、修造、安门、伐木、入殓、安葬、盖屋
2028-05-07,闭,勾陈,否,嫁娶、交易、立券、开厕、补垣、塞穴、畋猎、取渔、开生坟,安床、开渠、上梁、修造、开市、开光、入宅、移徙
2028-05-08,建,青龙,否,塞穴、断蚁、结网、畋猎、馀事勿取,嫁娶、安葬、入宅、出行、动土、词讼
2028-05-09,除,明堂,是,纳采、订盟、嫁娶、祭祀、祈福、求嗣、开光、解除、出行、出火、入宅、移徙、栽种、纳畜、牧养、动土、破土、入殓、安葬,作灶、安床、开仓、盖屋
2028-05-10,满,天刑,否,开光、纳采、裁衣、冠笄、安床、作灶、进人口、造仓、塞穴,嫁娶、栽种、修造、动土、出行、伐木、作梁、安葬、谢土
2028-05-11,平,朱雀,否,纳采、嫁娶、裁衣、理发、出行、修造、动土、进人口、开市、交易、立券、挂匾、移徙、上梁、栽种、纳畜,伐木、安葬、安床、祭祀、祈福
2028-05-12,定,金匮,是,开市、交易、立券、挂匾、祭祀、祈福、斋醮、出行、盖屋、起基、修造、动土、定磉、安床、安机械、安葬、破土、启钻、除服、成服、立碑,作灶、嫁娶、移徙、入宅、理发
2028-05-13,执,天德,是,嫁娶、纳采、订盟、祭祀、祈福、求嗣、开光、出火、出行、拆卸、动土、修造、进人口、入宅、移徙、安床、解除、挂匾、栽种、破土、谢土、入殓、移柩、安葬,开市、立券、造船、合寿木
2028-05-14,破,白虎,否,祭祀、沐浴、解除、破屋、坏垣、馀事勿取,开光、安葬
2028-05-15,危,玉堂,是,订盟、纳采、嫁娶、解除、祭祀、祈福、求嗣、开光、出行、出火、拆卸、入宅、移徙、安床、栽种、纳畜、动土、破土、谢土、安葬、修坟,作灶、开市、经络
2028-05-16,成,天牢,是,祭祀、祈福、求嗣、开光、订盟、纳采、解除、动土、起基、进人口、开市、交易、立券、纳财、造仓、开池、栽种、纳畜、破土、安葬,安床、上梁、裁衣、入宅、嫁娶
2028-05-17,收,玄武,否,祭祀、结网、捕捉、馀事勿取,探病、嫁娶、开市
2028-05-18,开,司命,是,祭祀、祈福、求嗣、开光、纳采、订盟、嫁娶、出行、动土、破土、会亲友、开市、交易、立券、习艺、拆卸、起基、安碓磑、放水、开池、造仓、开渠、栽种、谢土、启钻、修坟、立碑,入宅、安门、安葬
2028-05-19,闭,勾陈,否,嫁娶、冠笄、祭祀、出行、移徙、入宅、作灶、造车器、补垣、塞穴、开厕、破土、启钻、除服、成服、入殓,盖屋、造桥、安门、安葬、上梁
2028-05-20,建,青龙,否,祭祀、解除、断蚁、会亲友、馀事勿取,嫁娶、安葬
2028-05-21,除,明堂,是,嫁娶、纳采、订盟、祭祀、祈福、治病、造车器、修造、动土、移徙、入宅,开市、出行、安床、作灶、安葬
2028-05-22,满,天刑,否,嫁娶、纳采、订盟、会亲友、安机械、结网、冠笄、祭祀、求嗣、进人口、经络,开市、作灶、动土、行丧、安葬
2028-05-23,平,朱雀,否,祭祀、沐浴、移徙、破土、安葬、扫舍、平治道涂,祈福、嫁娶、入宅、安床、作灶
2028-05-24,平,朱雀,否,祭祀、祈福、斋醮、求嗣、安机械、纳畜、移徙、入宅、塑绘、开光、起基、竖柱、上梁、作灶、安门、安香、出火、盖屋、启钻、安葬,动土、破土、嫁娶
2028-05-25,定,金匮,是,嫁娶、纳采、订盟、斋醮、开光、祭祀、祈福、求医、治病、会亲友、动土、解除、捕捉、纳畜、牧养、入殓、破土、安葬,移徙、入宅、盖屋、架马
2028-05-26,执,天德,是,祭祀、沐浴、解除、破屋、坏垣、馀事勿取,行丧、安葬
2028-05-27,破,白虎,否,沐浴、扫舍、馀事勿取,斋醮、开市、嫁娶、作灶
2028-05-28,危,玉堂,是,开市、交易、立券、安机械、会亲友、开光、求医、治病、盖屋、起基、修造、动土、定磉、竖柱、上梁、安门、作灶、放水、开厕、开池、栽种、牧养、造畜稠、破土、安葬、立碑,嫁娶、出火、移徙、入宅
2028-05-29,成,天牢,是,栽种、捕捉、畋猎、馀事勿取,开市、动土、祭祀、斋醮、安葬、探病
2028-05-30,收,玄武,否,嫁娶、祭祀、祈福、求嗣、斋醮、订盟、纳采、解除、出行、动土、破土、习艺、针灸、理发、会亲友、起基、修造、竖柱、定磉、安床、拆卸、纳畜、牧养、放水、除服、成服、修坟、立碑,开市、入宅、探病、出火、盖屋
2028-05-31,开,司命,是,馀事勿取,无
2028-06-01,闭,勾陈,否,塞穴、断蚁、结网、馀事勿取,破土、安葬
2028-06-02,建,青龙,否,开光、出行、纳采、嫁娶、伐木、架马、出火、拆卸、移徙、入宅、造庙、造桥、造船、造畜稠、开市、入殓、除服、成服、移柩、安葬,无
2028-06-03,除,明堂,是,进人口、牧养、置产、塞穴、结网、馀事勿取,诸事不宜
2028-06-04,满,天刑,否,开光、出行、嫁娶,会亲友、进人口、修造、动土、起基、移徙、开市、纳畜、入殓、除服、成服、移柩、破土、安葬、修坟、立碑
2028-06-05,平,朱雀,否,嫁娶、祭祀、理发、作灶、修饰垣墙、平治道涂、整手足甲、沐浴、冠笄,破土、出行、栽种
2028-06-06,定,金匮,是,嫁娶、纳采、订盟、祭祀、祈福、求嗣、开光、出火、出行、拆卸、修造、动土、进人口、入宅、移徙、安床、交易、立券、挂匾、纳财、入殓、安葬、启钻、除服、成服,掘井、破土
2028-06-07,执,天德,是,畋猎、捕捉、结网、取渔、祭祀、沐浴、馀事勿取,嫁娶、开市、安葬、启钻、行丧
2028-06-08,破,白虎,否,祭祀、破屋、坏垣、馀事勿取,移徙、入宅、开仓、出货财
2028-06-09,危,玉堂,是,祭祀、斋醮、塑绘、开光、出行、修造、动土、造畜稠、安床、放水、掘井、开池、开厕、结网、破土,出火、入宅
2028-06-10,成,天牢,是,开市、交易、立券、挂匾、开光、解除、拆卸、动土、安床、修造、上梁、置产、栽种、破土、安葬,作灶、出火、祭祀、嫁娶、入宅
2028-06-11,收,玄武,否,祭祀、结网、馀事勿取,入宅、出行、掘井、安葬
2028-06-12,开,司命,是,嫁娶、纳采、订盟、冠笄、造车器、祭祀、开光、祈福、求嗣、出行、解除、伐木、出火、入宅、拆卸、修造、动土、上梁、安床、栽种、破土,行丧、置产、安葬
2028-06-13,闭,勾陈,否,嫁娶、合帐、裁衣、冠笄、伐木、上梁、出火、拆卸、移徙、修造、动土、安门、纳财、筑堤、栽种、塞穴,安床、祈福、出行、安葬、行丧、开光
2028-06-14,建,青龙,否,出行、教牛马、割蜜、馀事勿取,斋醮、盖屋、动土、破土
2028-06-15,除,明堂,是,嫁娶、祭祀、祈福、求嗣、开光、出行、解除、出火、拆卸、修造、进人口、入宅、移徙、动土、安床、纳畜、栽种、纳财、交易、立券、挂匾、造畜稠,安葬、开生坟、行丧
2028-06-16,满,天刑,否,安机械、祭祀、祈福、求嗣、沐浴、解除、纳采、开市、修造、竖柱、上梁、开柱眼、安碓磑、归岫、补垣、塞穴、拆卸、放水、出火、扫舍、开生坟、合寿木、安葬、谢土、启钻、除服、成服,嫁娶、安床、作灶、动土、破土、造船
2028-06-17,平,朱雀,否,祭祀、沐浴、理发、整手足甲、修饰垣墙、平治道涂、馀事勿取,开市、入宅、出行、修造、词讼
2028-06-18,定,金匮,是,嫁娶、纳采、祭祀、祈福、出行、立券、移徙、入宅、动土、破土、安葬,开光、作灶、盖屋、架马、开仓
2028-06-19,执,天德,是,纳采、订盟、冠笄、祭祀、祈福、斋醮、出行、修造、动土、移徙、入宅、安香、出火、拆卸、盖屋、起基、竖柱、上梁、定磉、安门、开池,嫁娶、开市、合寿木、安葬
2028-06-20,破,白虎,否,祭祀、沐浴、破屋、坏垣、馀事勿取,入宅、嫁娶、移徙
2028-06-21,危,玉堂,是,嫁娶、安机械、交易、出行、祭祀、祈福、求嗣、斋醮、塑绘、开光、合帐、裁衣、放水、开池、掘井,作灶、理发、造桥、行丧、安葬
2028-06-22,成,天牢,是,纳采、冠笄、求医、治病、开市、立券、修造、动土、安机械、破土、安葬,斋醮、祭祀、移徙、入宅、上梁、嫁娶
2028-06-23,收,玄武,否,祭祀、作灶、馀事勿取,开市、安葬、破土、修坟、掘井
2028-06-24,开,司命,是,祭祀、祈福、求嗣、斋醮、安香、解除、移徙、入宅、会亲友、求医、治病、动土、破土、开生坟、合寿木,合帐、上梁、经络、安葬、入殓
2028-06-25,闭,勾陈,否,嫁娶、冠笄、修造、动土、作灶、移徙、入宅、补垣、塞穴、纳畜、牧养、架马、起基、定磉、开池、造船,祈福、开光、掘井、开市、安葬
2028-06-26,建,青龙,否,祭祀、交易、纳财,斋醮、开渠、上梁、动土、破土
2028-06-27,除,明堂,是,嫁娶、订盟、纳采、冠笄、会亲友、安机械、造车器、祭祀、出行、纳财、入宅、安香、出火、入学、塑绘、开光、拆卸、起基、修造、动土、牧养、栽种、安门、开厕,行丧、伐木、作梁、作灶
2028-06-28,满,天刑,否,开光、求嗣、出行、冠笄、嫁娶、伐木、架马、开柱眼、修造、移徙、入宅、开市、交易、立券、安香、出火、挂匾、起基、开生坟、合寿木、入殓、除服、成服、移柩、安葬,安床、出货财、作灶、动土、破土
2028-06-29,平,朱雀,否,祭祀、沐浴、理发、嫁娶、作灶、整手足甲、扫舍、修饰垣墙、平治道涂,斋醮、出行、治病、合寿木
2028-06-30,定,金匮,是,安机械、移徙、入宅、出行、祭祀、祈福、斋醮、纳采、订盟、安香、出火、解除、会亲友、修造、动土、拆卸、起基、定磉、盖屋、安床、破土、安葬、入殓、立碑,开市、伐木、作梁、作灶
2028-07-01,执,天德,是,祭祀、沐浴、捕捉、结网、畋猎、取渔、馀事勿取,开市、交易、嫁娶、安葬、行丧
2028-07-02,破,白虎,否,破屋、坏垣、求医、治病、畋猎、馀事勿取,嫁娶、入宅
2028-07-03,危,玉堂,是,嫁娶、出行、安机械、祭祀、塑绘、开光、治病、经络、安床、结网、塞穴、破土、入殓,开市、安门、掘井、作灶
2028-07-04,成,天牢,是,订盟、纳采、会亲友、进人口、雕刻、拆卸、修造、动土、起基、开市、栽种、纳畜、牧养、入殓、除服、成服、移柩、破土、安葬,无
2028-07-05,收,玄武,否,祭祀、捕捉、取渔、修饰垣墙、馀事勿取,诸事不宜
2028-07-06,开,司命,是,祭祀、冠笄、作灶、交易、纳财、栽种、结网、纳畜、牧养、进人口,开渠、造船、安床、安葬、破土、出行、修坟、掘井、开市、开生坟
2028-07-07,闭,勾陈,否,嫁娶、订盟、祭祀、祈福、求嗣、纳采、裁衣、冠笄、开光、安床、作梁、修造、动土、作灶、起基、上梁、盖屋、纳畜、牧养,移徙、栽种、出行、行丧、破土、安葬、词讼
2028-07-08,建,青龙,否,经络、祭祀、沐浴、补垣、塞穴、除服、成服、移柩、入殓、启钻、立碑,开光、治病、嫁娶、掘井、破土、安葬
2028-07-09,除,明堂,是,嫁娶、祭祀、出行、裁衣、冠笄、交易、雕刻、纳财、造畜稠、造车器、教牛马,移徙、入宅、栽种、动土、破土、作灶、安葬、行丧、伐木、上梁
2028-07-10,满,天刑,否,修造、动土、安机械、祭祀、沐浴、解除、拆卸、治病、作灶、盖屋、起基、开池、扫舍、造畜稠、开生坟、合寿木、安葬、破土、启钻、移柩、入殓、立碑,开市、入宅、出行、安床
2028-07-11,平,朱雀,否,嫁娶、纳采、订盟、造车器、开光、出行、拆卸、起基、安床、除服、成服、开市、交易、立券、栽种、牧养、入殓、移柩、启钻,上梁、入宅、修造、动土、破土、祭祀、祈福、斋醮
2028-07-12,定,金匮,是,祭祀、嫁娶、畋猎、结网,动土、破土、治病、开渠
2028-07-13,执,天德,是,纳采、订盟、会亲友、入学、祭祀、祈福、求嗣、开光、出行、解除、理发、动土、起基、开市、交易、立券、纳财、造仓、栽种、纳畜、牧养,嫁娶、作灶、出火、置产、入宅、安葬
2028-07-14,破,白虎,否,祭祀、祈福、解除、整手足甲、安床、沐浴、入殓、移柩、破土、启钻、安葬、谢土,嫁娶、斋醮、开市、出火、入宅、移徙、出行、作灶、安门、伐木
2028-07-15,危,玉堂,是,破屋、坏垣、解除、馀事勿取,嫁娶、安葬
2028-07-16,成,天牢,是,嫁娶、开市、立券、移徙、入宅、安机械、会亲友、经络、安门、安床、挂匾、拆卸、开仓、出货财、开池、栽种、纳畜、牧养、破土、安葬、启钻、移柩、入殓、立碑,祭祀、祈福、探病、谢土、造桥
2028-07-17,收,玄武,否,嫁娶、订盟、纳采、祭祀、祈福、斋醮、开光、会亲友、求医、治病、盖屋、起基、竖柱、上梁、安门、安碓磑、筑堤、开池、破土、安葬、除服、成服,入宅、开市、掘井、词讼、合寿木
2028-07-18,开,司命,是,纳采、订盟、嫁娶、移徙、入宅、出行、祭祀、祈福、斋醮、塑绘、开光、安香、出火、会亲友、解除、入学、竖柱、上梁、拆卸、盖屋、起基、栽种、牧养、纳畜,安葬、破土、开市、开仓、出货财、启钻
2028-07-19,闭,勾陈,否,纳采、订盟、嫁娶、祭祀、沐浴、塑绘、开光、出火、治病、习艺、伐木、盖屋、竖柱、上梁、安床、作灶、安碓磑、挂匾、掘井、纳畜,出行、安葬、造桥
2028-07-20,建,青龙,否,祭祀、入殓、除服、成服、移柩、破土、启钻、安葬、塞穴、断蚁、结网,开市、入宅、嫁娶、开光、盖屋
2028-07-21,除,明堂,是,祭祀、修造、出行、盖屋、竖柱、造车器、教牛马、造畜稠、割蜜,动土、破土、掘井、安葬
2028-07-22,除,明堂,是,祭祀、沐浴、塑绘、开光、入学、解除、扫舍、治病、开池、牧养,嫁娶、出行、纳采、入宅、作灶
2028-07-23,满,天刑,否,纳财、开市、交易、立券、出行、祭祀、祈福、求嗣、开光、解除、扫舍、起基、竖柱、安床、移徙、开仓、出货财、补垣、塞穴、栽种、纳畜、牧养,斋醮、入宅、安门、安葬、破土、行丧
2028-07-24,平,朱雀,否,祭祀、修饰垣墙、平治道涂,开市、动土、破土、嫁娶、修造、安葬
2028-07-25,定,金匮,是,订盟、纳采、祭祀、祈福、开光、安香、出火、立券、安机械、移徙、入宅、竖柱、上梁、会亲友、安床、拆卸、挂匾、牧养、教牛马,嫁娶、安葬、行丧、破土、修坟
2028-07-26,执,天德,是,沐浴、理发、捕捉、入殓、移柩、破土、启钻、安葬,出火、嫁娶、入宅、作灶、上梁、动土
2028-07-27,破,白虎,否,求医、治病、破屋、坏垣、馀事勿取,嫁娶、出行
2028-07-28,危,玉堂,是,纳采、订盟、嫁娶、移徙、入宅、出行、开市、交易、立券、纳财、会亲友、安香、出火、拆卸、盖屋、起基、安床、作灶、挂匾、安葬、破土、启钻、立碑、入殓、移柩,祈福、上梁、开仓、掘井、牧养
2028-07-29,成,天牢,是,祭祀、祈福、斋醮、出行、纳采、订盟、安机械、出火、拆卸、修造、动土、起基、移徙、入宅、造庙、入殓、除服、成服、移柩、破土、安葬、谢土,嫁娶、开市、栽种、合寿木
2028-07-30,收,玄武,否,祭祀、进人口、纳财、纳畜、牧养、捕捉、馀事勿取,开市、入宅、安床、动土、安葬
2028-07-31,开,司命,是,祭祀、塑绘、开光、求医、治病、嫁娶、会亲友、放水、掘井、牧养、纳畜、开渠、安碓磑,盖屋、入宅、作灶、入学、安葬、行丧
2028-08-01,闭,勾陈,否,祭祀、塞穴、结网、畋猎、馀事勿取,移徙、开市、入宅、嫁娶、开光、安门
2028-08-02,建,青龙,否,开市、纳财、祭祀、塑绘、安机械、冠笄、会亲友、裁衣、开仓、经络、纳畜、造畜稠、教牛马、牧养,动土、破土、安葬、治病
2028-08-03,除,明堂,是,移徙、入宅、治病、会亲友、祭祀、祈福、斋醮、安香、嫁娶、盖屋、起基,开市、安床、出行、经络
2028-08-04,满,天刑,否,塑绘、出行、冠笄、嫁娶、进人口、裁衣、纳婿、造畜稠、交易、立券、牧养、开生坟、入殓、除服、成服、移柩、安葬、启钻,无
2028-08-05,平,朱雀,否,祭祀、冠笄、嫁娶、捕捉、结网、畋猎、取渔、馀事勿取,无
2028-08-06,定,金匮,是,沐浴、扫舍、馀事勿取,诸事不宜
2028-08-07,执,天德,是,嫁娶、祭祀、祈福、求嗣、出火、出行、开光、解除、拆卸、修造、进人口、安香、交易、立券、入宅、移徙、安床、动土、破土、谢土、安葬、入殓、除服、成服,斋醮、开市、开仓、作灶、造船
2028-08-08,破,白虎,否,破土、安葬、移柩、入殓、祭祀、捕捉、除服、成服、馀事勿取,嫁娶、入宅、开市、交易
2028-08-09,危,玉堂,是,破屋、坏垣、治病、馀事勿取,祈福、纳采、订盟、嫁娶、入宅、安葬
2028-08-10,成,天牢,是,嫁娶、开光、祭祀、祈福、求嗣、安香、出火、解除、伐木、入宅、移徙、安床、开市、交易、立券、栽种、出行、安葬,掘井、理发、作灶、动土、破土、开池
2028-08-11,收,玄武,否,安机械、纳采、订盟、祭祀、祈福、求嗣、开光、普渡、出行、出火、拆卸、修造、动土、进人口、开市、交易、立券、移徙、安床、栽种、上梁、纳畜、破土、移柩、安葬,入宅、嫁娶、掘井、牧养
2028-08-12,开,司命,是,嫁娶、祭祀、祈福、求嗣、裁衣、冠笄、经络、修造、进人口、安床、动土、竖柱、上梁、移徙、交易、立券、栽种、会亲友,行丧、安葬、出行、作梁、纳畜、伐木、造桥
2028-08-13,闭,勾陈,否,嫁娶、纳采、订盟、开光、祭祀、出行、理发、动土、安床、放水、开渠、栽种、进人口,入宅、上梁、入殓、盖屋、探病、作灶、安门、安葬、纳畜、伐木
2028-08-14,建,青龙,否,祭祀、出行、作梁、出火、拆卸、修造、动土、起基、安床、补垣、塞穴、入殓、破土、安葬、移柩、造畜稠,嫁娶、入宅、斋醮、开光、针灸、掘井
2028-08-15,除,明堂,是,嫁娶、纳采、订盟、祭祀、祈福、求嗣、出行、解除、竖柱、入宅、移徙、纳财、上梁、纳畜、入殓、安葬、启钻,栽种、掘井、动土、安床、破土、置产
2028-08-16,满,天刑,否,解除、祭祀、祈福、求嗣、修造、动土、竖柱、上梁、安床、纳畜、盖屋、合脊、起基、入殓、破土、安葬,出火、嫁娶、开光、进人口、出行、词讼、开市、入宅、移徙、赴任
2028-08-17,平,朱雀,否,沐浴、理发、会亲友、塑绘、开光、栽种、牧养、嫁娶、经络、补垣、塞穴,开市、入宅、动土、破土、安葬、作灶、上梁、安床、开仓、祈福
2028-08-18,定,金匮,是,祭祀、理发、作灶、沐浴、修饰垣墙、平治道涂,嫁娶、栽种、祈福、造桥、安葬、安门、伐木、作梁
2028-08-19,执,天德,是,嫁娶、纳采、订盟、祭祀、祈福、斋醮、普渡、移徙、入宅、出行、安机械、开光、修造、动土、竖柱、上梁、盖屋、起基、定磉、安门、安葬、破土,开市、立券、置产、作灶、造桥
2028-08-20,执,天德,是,祭祀、普渡、捕捉、解除、结网、畋猎、入殓、破土、安葬,开市、交易、入宅、嫁娶
2028-08-21,破,白虎,否,沐浴、破屋、坏垣、馀事勿取,斋醮、开市
2028-08-22,危,玉堂,是,订盟、纳采、祭祀、祈福、安香、出火、开市、立券、入宅、挂匾、造桥、启钻、安葬,动土、破土、嫁娶、掘井、安床
2028-08-23,成,天牢,是,嫁娶、祭祀、祈福、斋醮、普渡、移徙、入宅、动土、治病、开市、交易、立券、开光、修造、造车器、安香、安床、捕捉、畋猎、结网,纳采、订盟、经络、行丧、安葬、探病
2028-08-24,收,玄武,否,嫁娶、订盟、纳采、作灶、冠笄、裁衣、会亲友、纳畜、牧养、安机械、开市、立券、纳财、安床,掘井、出行、破土、行丧、安葬
2028-08-25,开,司命,是,嫁娶、订盟、纳采、祭祀、斋醮、普渡、解除、出行、会亲友、开市、纳财、修造、动土、竖柱、上梁、开光、开仓、出货财、纳畜、牧养、开池、破土、启钻,出火、入宅、盖屋、安门、安葬
2028-08-26,闭,勾陈,否,嫁娶、普渡、祭祀、祈福、补垣、塞穴、断蚁、筑堤、入殓、除服、成服、安葬,动土、破土、掘井、开光、上梁、词讼
2028-08-27,建,青龙,否,嫁娶、冠笄、祭祀、沐浴、普渡、出行、纳财、扫舍、纳畜、赴任,开市、动土、破土、安床、开仓、上梁
2028-08-28,除,明堂,是,祭祀、沐浴、理发、整手足甲、冠笄、解除、入殓、移柩、破土、启钻、安葬,嫁娶、出行、入宅、开市、安门
2028-08-29,满,天刑,否,塑绘、冠笄、嫁娶、会亲友、进人口、经络、裁衣、栽种、纳畜、牧养、补垣、塞穴、捕捉,祈福、开市、动土、行丧、安葬
2028-08-30,平,朱雀,否,出行、沐浴、订盟、纳采、裁衣、竖柱、上梁、移徙、纳畜、牧养,嫁娶、安门、动土、安葬
2028-08-31,定,金匮,是,纳采、订盟、嫁娶、祭祀、祈福、普渡、开光、安香、出火、移徙、入宅、竖柱、修造、动土、上梁、起基、盖屋、安门、造庙、造桥、破土、启钻、安葬,开市、立券、纳财、作灶
2028-09-01,执,天德,是,祭祀、捕捉、畋猎、纳畜、牧养、入殓、除服、成服、移柩、破土、安葬、启钻,嫁娶、纳采、订盟、开市、入宅
2028-09-02,破,白虎,否,破屋、坏垣、治病、馀事勿取,行丧、安葬
2028-09-03,危,玉堂,是,祈福、斋醮、出行、冠笄、嫁娶、雕刻、开柱眼、入宅、造桥、开市、交易、立券、纳财、入殓、除服、成服、移柩、破土、安葬、启钻,动土、订盟、安床、开池
2028-09-04,成,天牢,是,祈福、求嗣、解除、订盟、纳采、动土、起基、放水、造仓、开市、纳畜、牧养、开生坟、入殓、除服、成服、移柩、破土、安葬,无
2028-09-05,收,玄武,否,塑绘、开光、解除、订盟、纳采、嫁娶、出火、修造、动土、移徙、入宅、拆卸、起基、安门、分居、开市、交易、立券、纳财、纳畜、牧养,无
2028-09-06,开,司命,是,祈福、出行、订盟、纳采、嫁娶、裁衣、动土、安床、放水、开市、掘井、交易、立券、栽种、开渠、除服、成服、移柩、破土,无
2028-09-07,闭,勾陈,否,祭祀、修坟、除服、成服、启钻、移柩、馀事勿取,开市、入宅、嫁娶、动土、破土、安葬
2028-09-08,建,青龙,否,嫁娶、冠笄、安机械、解除、纳畜、牧养、沐浴、伐木、架马、作梁、安门、扫舍、合寿木、安葬、启钻、立碑、修坟,祈福、开光、开市、入宅、动土
2028-09-09,除,明堂,是,祭祀、出行、沐浴、扫舍、安葬、馀事勿取,动土、破土、置产、掘井
2028-09-10,满,天刑,否,嫁娶、纳采、祭祀、解除、出行、修造、动土、开市、上梁、安床、整手足甲、扫舍、求医、治病、起基、定磉、盖屋、合脊,造庙、行丧、安葬、伐木、作灶、造船
2028-09-11,平,朱雀,否,纳采、订盟、开市、交易、立券、挂匾、纳财、栽种、进人口、入宅、移徙、安床、开光、出火、拆卸、安门、修造,斋醮、嫁娶、行丧、动土、作灶、安葬、破土
2028-09-12,定,金匮,是,祭祀、沐浴、修饰垣墙、平治道涂、馀事勿取,嫁娶、入宅、安床、出行
2028-09-13,执,天德,是,开光、祈福、求嗣、斋醮、修造、动土、纳财、造仓、开厕、栽种、牧养、会亲友,作灶、出火、进人口、开渠、入宅、移徙、祭祀
2028-09-14,破,白虎,否,开光、解除、拆卸、修造、动土、竖柱、安门、牧养、安葬、修坟、破土、移柩,出火、入宅、移徙、祈福、祭祀、安床、开市、嫁娶、探病
2028-09-15,危,玉堂,是,破屋、坏垣、求医、治病、馀事勿取,移徙、入宅
2028-09-16,成,天牢,是,嫁娶、纳采、订盟、祭祀、祈福、求嗣、开光、出行、出火、拆卸、修造、动土、进人口、入宅、移徙、安床、上梁、合脊、放水、掘井、破土、移柩、谢土、除服、成服,开市、开仓、安门、安葬
2028-09-17,收,玄武,否,嫁娶、纳采、订盟、祭祀、祈福、求嗣、开光、解除、进人口、入宅、移徙、出火、安床、开市、交易、立券、挂匾,安葬、纳畜、出行、行丧、伐木、栽种、造庙、造桥
2028-09-18,开,司命,是,祭祀、冠笄、捕捉、馀事勿取,嫁娶、开市、盖屋、作梁、合寿木
2028-09-19,开,司命,是,祭祀、解除、结网、畋猎、取渔、会亲友、入学、移柩、启钻、除服、成服,开市、祈福、动土、破土、入殓、安葬、造船
2028-09-20,闭,勾陈,否,冠笄、沐浴、出行、修造、动土、移徙、入宅、破土、安葬,嫁娶、开市、祭祀、祈福、斋醮、纳采、修坟
2028-09-21,建,青龙,否,祭祀、出行,嫁娶、入宅、修造、动土、会亲友、破土
2028-09-22,除,明堂,是,嫁娶、订盟、纳采、祭祀、祈福、出行、修造、动土、移徙、入宅,针灸、伐木、作梁、造庙、行丧、安葬
2028-09-23,满,天刑,否,出行、开市、交易、立券、安机械、出火、上梁、移徙,嫁娶、安葬、动土、造桥
2028-09-24,平,朱雀,否,祭祀、沐浴、修饰垣墙、平治道涂、馀事勿取,斋醮、嫁娶、移徙、出行、上梁、入宅
2028-09-25,定,金匮,是,嫁娶、造车器、安机械、祭祀、祈福、开光、安香、出火、出行、开市、立券、修造、动土、移徙、入宅、破土、安葬,纳采、订盟、架马、词讼、开渠
2028-09-26,执,天德,是,沐浴、捕捉、入殓、除服、成服、破土、启钻、安葬,祭祀、嫁娶、安床、开市、入宅、探病、上梁
2028-09-27,破,白虎,否,馀事勿取,探病
2028-09-28,危,玉堂,是,订盟、纳采、祭祀、祈福、安香、出火、修造、动土、上梁、安门、起基、竖柱、定磉、开池、移徙、入宅、立券、破土,嫁娶、造庙、造桥、造船、作灶、安葬
2028-09-29,成,天牢,是,开光、求嗣、雕刻、嫁娶、订盟、纳采、出火、拆卸、修造、动土、起基、上梁、放水、移徙、入宅、造仓、造船、开市、开池、纳畜、牧养、挂匾,行丧、安葬、合寿木
2028-09-30,收,玄武,否,祭祀、嫁娶、捕捉,开光、动土、破土、开市、修造、入宅、安门
2028-10-01,开,司命,是,祭祀、普渡、解除、会亲友、捕捉、畋猎、启钻、除服、成服、移柩,嫁娶、开市、动土、掘井、开池、安葬
2028-10-02,闭,勾陈,否,出行、解除、冠笄、嫁娶、伐木、架马、开柱眼、修造、动土、移徙、入宅、开生坟、合寿木、入殓、移柩、破土、安葬、修坟,祭祀、祈福、开光、开市、安床
2028-10-03,建,青龙,否,祭祀、祈福、求嗣、出行、沐浴、交易、扫舍、教牛马,动土、作灶、行丧、安葬、修坟
2028-10-04,除,明堂,是,出行、解除、纳采、冠笄、雕刻、修造、动土、起基、上梁、合脊、安床、移徙、入宅、开市、栽种、开厕,造庙、安门、行丧、安葬
2028-10-05,满,天刑,否,开光、塑绘、出行、解除、冠笄、裁衣、挂匾、作灶、开市、开池、开厕、补垣、塞穴,无
2028-10-06,平,朱雀,否,祭祀、祈福、修饰垣墙、平治道涂、入殓、移柩,嫁娶、入宅、上梁、安门
2028-10-07,定,金匮,是,祭祀、会亲友、纳采、嫁娶、开光、塑绘、斋醮、安香、开市、立券、除服、成服、入殓、移柩、安葬、赴任、进人口、出行、裁衣、修造、动土、上梁、经络、交易,入宅、伐木
2028-10-08,执,天德,是,入殓、破土、启钻、安葬、除服、成服、馀事勿取,开市、入宅、祭祀、置产、补垣、塞穴
2028-10-09,破,白虎,否,嫁娶、祭祀、祈福、求嗣、开光、出行、拆卸、修造、动土、上梁、安床、纳畜、入殓、破土,入宅、移徙、掘井、理发、伐木、交易、开市、作灶
2028-10-10,危,玉堂,是,祭祀、沐浴、破屋、坏垣、馀事勿取,嫁娶、入宅、上梁、出行、安葬
2028-10-11,成,天牢,是,祭祀、求嗣、冠笄、进人口、会亲友、安门、安床、经络、纳财、牧养、畋猎、放水、割蜜,祈福、斋醮、纳采、订盟、嫁娶、入宅、安葬
2028-10-12,收,玄武,否,嫁娶、纳采、订盟、开市、交易、立券、挂匾、祭祀、祈福、开光、造车器、出行、入宅、移徙、安床、安门、拆卸、修造、动土、栽种、安葬、破土、启钻、除服、成服、入殓、立碑,探病、纳畜、伐木、起基、作梁、盖屋
2028-10-13,开,司命,是,祭祀、冠笄、移徙、会亲友、纳财、理发、捕捉,嫁娶、开市、开池、开厕、破土
2028-10-14,闭,勾陈,否,祭祀、祈福、求嗣、斋醮、开光、出行、嫁娶、求医、治病、动土、破土、入学、起基、扫舍、竖柱、上梁、开仓、出货财、置产、栽种、牧养、开生坟、谢土、立碑,安门、安床、裁衣、入宅、安葬
2028-10-15,建,青龙,否,嫁娶、裁衣、冠笄、合帐、祭祀、出行、安床、移徙、塞穴、入殓、破土、移柩、安葬,开市、栽种、置产、词讼、安门、掘井、开光
2028-10-16,除,明堂,是,祭祀、造车器、出行、修造、上梁、盖屋、安门、安床、造畜稠、教牛马,出货财、开仓、动土、破土、安葬、行丧、伐木、开渠、栽种
2028-10-17,满,天刑,否,祭祀、开光、出行、解除、伐木、作梁、出火、拆卸、入宅、移徙、安床、修造、造畜稠、扫舍,造庙、嫁娶、掘井、栽种、造桥、作灶、动土
2028-10-18,满,天刑,否,纳采、订盟、开市、交易、立券、会亲友、纳畜、牧养、问名、移徙、解除、开厕、入学、起基、安床、开仓、出货财、安葬、启钻、入殓、除服、成服,入宅、上梁、斋醮、出火、谢土
2028-10-19,平,朱雀,否,祭祀、平治道涂、馀事勿取,嫁娶、开市
2028-10-20,定,金匮,是,捕捉、畋猎、馀事勿取,开市、交易、祭祀、入宅、安葬
2028-10-21,执,天德,是,嫁娶、纳采、订盟、祭祀、祈福、求嗣、斋醮、开光、安香、出火、造庙、移徙、出行、入宅、起基、竖柱、上梁、安床、纳畜、捕捉、纳婿、安葬,开市、破土、掘井、合寿木
2028-10-22,破,白虎,否,祭祀、沐浴、解除、破屋、坏垣、馀事勿取,开市、嫁娶
2028-10-23,危,玉堂,是,订盟、纳采、会亲友、交易、立券、纳财、栽种、纳畜、牧养,嫁娶、开市、入宅、祈福、安葬
2028-10-24,成,天牢,是,造车器、嫁娶、订盟、纳采、会亲友、祭祀、出行、开市、立券、移徙、入宅、破土、安葬,上梁、开光、盖屋、架马、合寿木
2028-10-25,收,玄武,否,祭祀、作灶、纳财、捕捉、畋猎、馀事勿取,动土、破土、开市、安葬
2028-10-26,开,司命,是,嫁娶、订盟、纳采、祭祀、祈福、出行、求医、治病、出火、移徙、入宅,开市、开仓、出货财、安床、安门、安葬
2028-10-27,闭,勾陈,否,冠笄、祭祀、沐浴、作灶、理发、整手足甲、扫舍、补垣、塞穴、入殓、破土、启钻,开光、嫁娶、会亲友、栽种、针灸、安葬
2028-10-28,建,青龙,否,纳采、订盟、嫁娶、祭祀、祈福、求嗣、置产、求医、治病、开市、交易、立券、会亲友、移徙、竖柱、上梁、盖屋、合脊、安门、放水、捕捉、纳畜,造庙、造船、动土、破土、安葬
2028-10-29,除,明堂,是,出行、造车器、造畜稠、解除、冠笄、裁衣、作梁、雕刻、会亲友、移徙、入宅、安机械、开市、扫舍,嫁娶、动土、破土、修坟
2028-10-30,满,天刑,否,沐浴、理发、冠笄、安床、开市、立券、会亲友、交易、纳财、结网、教牛马,移徙、入宅、出行、祈福、嫁娶
2028-10-31,平,朱雀,否,祭祀、造畜稠、修饰垣墙、平治道涂、馀事勿取,嫁娶、开市、安床、掘井
2028-11-01,定,金匮,是,捕捉、结网、入殓、除服、成服、移柩、破土、安葬、启钻、立碑,嫁娶、祭祀、入宅、盖屋、移徙
2028-11-02,执,天德,是,祭祀、祈福、求嗣、斋醮、造庙、出火、安机械、会亲友、开市、交易、立券、纳财、习艺、经络、求医、治病、开池、开厕、畋猎、结网、栽种、牧养、安葬、破土、启钻,开光、嫁娶、掘井、伐木、作梁
2028-11-03,破,白虎,否,破屋、坏垣、馀事勿取,诸事不宜
2028-11-04,危,玉堂,是,会亲友、嫁娶、订盟、纳采、纳婿、拆卸、修造、动土、起基、竖柱、上梁、安床、纳财,出行、祈福、安葬、作灶
2028-11-05,成,天牢,是,祭祀、塑绘、开光、祈福、斋醮、出行、订盟、纳采、裁衣、嫁娶、拆卸、修造、安床、入宅、安香、入殓、启钻、安葬、谢土、赴任、会亲友、进人口、移徙、上梁、经络、开市、交易、立券、纳财,开仓、冠笄、伐木、作梁
2028-11-06,收,玄武,否,祭祀、作灶、入殓、除服、成服、畋猎,栽种、动土、安葬、开市
2028-11-07,开,司命,是,沐浴、扫舍、捕捉、畋猎、解除、塞穴、馀事勿取,嫁娶、入宅、开市、安床、破土、修坟
2028-11-08,闭,勾陈,否,嫁娶、冠笄、祭祀、祈福、求嗣、斋醮、开光、出行、解除、动土、开市、交易、立券、挂匾、拆卸、破土,伐木、上梁、修造、入殓、理发、会亲友、入宅、安门、安葬、作灶
2028-11-09,建,青龙,否,合帐、裁衣、嫁娶、安床、入殓、移柩、破土、造畜稠,置产、造船、开光、掘井、作灶
2028-11-10,除,明堂,是,解除、修饰垣墙、冠笄、出行、馀事勿取,开市、动土、破土、嫁娶、安葬
2028-11-11,满,天刑,否,纳采、订盟、嫁娶、祭祀、祈福、求嗣、开光、出行、解除、进人口、开市、立券、挂匾、入宅、移徙、安门、栽种、动土、求医、治病、会亲友、起基、修造、盖屋、安葬,作灶、经络、安床
2028-11-12,平,朱雀,否,祭祀、塑绘、理发、会亲友、牧养、开池、造畜稠、畋猎、结网,祈福、谢土、安葬、上梁、作灶、开市、嫁娶、出行、入宅、动土
2028-11-13,定,金匮,是,出行、纳财、开市、交易、立券、动土、移徙、入宅、裁衣、会亲友、拆卸、进人口、安香、经络、出货财、修饰垣墙、平治道涂,造庙、谢土、作灶、作梁、伐木、安葬、行丧、修坟、探病
2028-11-14,执,天德,是,嫁娶、纳采、订盟、祭祀、斋醮、开光、安香、出火、出行、拆卸、动土、祈福、进人口、纳财、交易、立券、移徙、安床、修造、安葬、除服、成服,置产、掘井、词讼、栽种
2028-11-15,破,白虎,否,嫁娶、纳采、订盟、祭祀、开光、出行、解除、伐木、出火、入宅、移徙、拆卸、修造、栽种、安葬、入殓,破土、动土、安门、作灶、开市、交易
2028-11-16,破,白虎,否,祭祀、解除、破屋、坏垣、求医、治病、馀事勿取,嫁娶、安葬
2028-11-17,危,玉堂,是,祭祀、扫舍、破土、安葬、除服、成服、启钻、移柩、入殓、立碑、馀事勿取,嫁娶、入宅、修造、动土
2028-11-18,成,天牢,是,订盟、纳采、会亲友、祭祀、祈福、修造、动土、安机械、破土、安葬,嫁娶、移徙、出火、开市、入宅
2028-11-19,收,玄武,否,祭祀、沐浴、捕捉、畋猎、结网、扫舍,嫁娶、纳采、订盟、安床、动土、破土、安葬
2028-11-20,开,司命,是,开市、纳财、出行、祭祀、祈福、求嗣、斋醮、问名、入学、起基、定磉、置产、开渠、掘井、拆卸、栽种、纳畜、牧养、动土、破土、启钻,移徙、入宅、出火、入殓、安葬
2028-11-21,闭,勾陈,否,祭祀、理发、置产、塞穴、除服、成服、移柩、入殓、破土、安葬,嫁娶、入宅、安床、掘井、开光
2028-11-22,建,青龙,否,祭祀、沐浴、出行、馀事勿取,开市、动土、破土、行丧、安葬
2028-11-23,除,明堂,是,嫁娶、造车器、出行、会亲友、移徙、入宅、修造、动土、雕刻、开光、安香、出火、理发、盖屋、合脊、起基、归岫、安门、拆卸、扫舍、栽种、造畜稠,开市、纳采、造庙、安床、开渠、安葬
2028-11-24,满,天刑,否,塑绘、会亲友、安机械、塞穴、结网、裁衣、经络,嫁娶、开市、祈福、斋醮、安葬
2028-11-25,平,朱雀,否,纳采、移徙、纳财、开市、交易、立券、入宅、修造、动土、竖柱、起基、定磉、造庙、安香、出火、修饰垣墙、平治道涂、会亲友、出行、开池、开厕,开仓、盖屋、造桥、祭祀
2028-11-26,定,金匮,是,订盟、纳采、纳财、开市、立券、祭祀、祈福、移徙、入宅、出行、盖屋、起基、修造、动土、竖柱、上梁、安门、安香、出火、教牛马、会亲友、破土,嫁娶、安葬、掘井、置产、造船
2028-11-27,执,天德,是,嫁娶、订盟、纳采、祭祀、祈福、塑绘、开光、移徙、安床、伐木、作梁、捕捉、畋猎、结网、求医、治病、解除、安葬、除服、成服、移柩、入殓、立碑、谢土,开市、造庙、动土、破土
2028-11-28,破,白虎,否,破屋、坏垣、祭祀、馀事勿取,嫁娶、安葬
2028-11-29,危,玉堂,是,嫁娶、纳采、订盟、祭祀、冠笄、裁衣、伐木、作梁、架马、定磉、开柱眼、作灶、移徙、安床、畋猎、结网、开池、开厕、除服、成服、启钻、入殓、移柩、安葬,盖屋、造船、动土、破土
2028-11-30,成,天牢,是,纳采、订盟、祭祀、祈福、求嗣、斋醮、开光、会亲友、解除、入学、纳财、交易、立券、经络、起基、动土、定磉、开池、栽种、纳畜、牧养、破土、入殓、立碑、安葬,嫁娶、开市、入宅、出火、移徙
2028-12-01,收,玄武,否,捕捉、畋猎、会亲友、解除、入殓、除服、成服、移柩、馀事勿取,安床、安门、破土、修坟、安葬
2028-12-02,开,司命,是,祭祀、祈福、求嗣、斋醮、沐浴、冠笄、出行、理发、拆卸、解除、起基、动土、定磉、安碓磑、开池、掘井、扫舍、除服、成服、移柩、启钻、立碑、谢土,移徙、入宅、安门、作梁、安葬
2028-12-03,闭,勾陈,否,嫁娶、冠笄、安床、纳采、会亲友、塞穴、捕捉、置产、造畜稠,开光、掘井、安葬、谢土、修坟
2028-12-04,建,青龙,否,祭祀、沐浴、馀事勿取,诸事不宜
2028-12-05,除,明堂,是,祭祀、会亲友、嫁娶、沐浴、修造、动土、祈福、开光、塑绘、出行、订盟、纳采、裁衣、入殓、除服、成服、移柩、启钻、赴任、竖柱、上梁、纳财、扫舍、栽种、纳畜、伐木,入宅、作灶、安床、开仓
2028-12-06,满,天刑,否,嫁娶、纳采、订盟、造车器、祭祀、祈福、造庙、安香、出火、出行、归宁、入学、入宅、交易、立券、求医、治病、修造、动土、竖柱、上梁、盖屋、起基、安门,斋醮、伐木、作梁、安葬、行丧
2028-12-07,平,朱雀,否,纳采、订盟、开市、交易、立券、出行、会亲友、安机械、竖柱、上梁、平治道涂、伐木、拆卸、盖屋、起基、安床、安门、解除、安葬、启钻、除服、成服、修坟、立碑、移柩、入殓,嫁娶、动土、破土、祈福、出火、入宅
2028-12-08,定,金匮,是,祭祀、平治道涂、除服、成服、安葬、馀事勿取,嫁娶、入宅、纳采、订盟、掘井
2028-12-09,执,天德,是,纳采、订盟、祭祀、祈福、开光、安香、出火、出行、会亲友、安机械、修造、动土、竖柱、上梁、盖屋、起基、定磉、安床、安门、拆卸、移徙、造桥、造船、安葬、破土、入殓,开市、造庙、置产、掘井
2028-12-10,破,白虎,否,嫁娶、冠笄、祭祀、祈福、求嗣、斋醮、进人口、会亲友、伐木、作梁、开柱眼、安床、掘井、捕捉、畋猎,开生坟、破土、行丧、安葬
2028-12-11,危,玉堂,是,破屋、坏垣、治病、馀事勿取,移徙、入宅
2028-12-12,成,天牢,是,安床、架马、祭祀、塑绘、开光、出行、理发、伐木、作梁、开柱眼、开厕、畋猎、破土、入殓、除服、成服、移柩、启钻、修坟、立碑,作灶、安门、造桥、开市、安葬
2028-12-13,收,玄武,否,嫁娶、祭祀、祈福、求嗣、开光、出行、解除、入宅、移徙、纳畜、入殓、破土、修坟、立碑,伐木、作梁、动土、安床、栽种、造桥
2028-12-14,开,司命,是,祭祀、沐浴、理发、纳财、进人口、栽种、扫舍、捕捉、畋猎、结网,会亲友、安葬、入宅、移徙、安床、开市、行丧、出火、作灶、安门
2028-12-15,闭,勾陈,否,纳采、订盟、祭祀、祈福、求嗣、塑绘、解除、拆卸、修造、动土、竖柱、上梁、安门、置产、开池、掘井、纳畜、安床、栽种、造畜稠、破土、移柩、立碑,嫁娶、开市、出火、进人口、入殓、赴任、入宅、移徙、出行、安葬
2028-12-16,闭,勾陈,否,入宅、移徙、出行、进人口、修造、动土、起基、上梁、安门、造仓、补垣、塞穴、造畜稠,嫁娶、开市、安床、栽种、安葬、祈福、开光、掘井
2028-12-17,建,青龙,否,造畜稠、教牛马,入宅、移徙、分居、作灶、出火、安香、动土、嫁娶、掘井、扫舍、造桥
2028-12-18,除,明堂,是,订盟、纳采、造车器、祭祀、祈福、出行、安香、修造、动土、上梁、开市、交易、立券、移徙、入宅、会亲友、安机械、栽种、纳畜、盖屋、起基、安床、造畜稠,破土、安葬、行丧、开生坟
2028-12-19,满,天刑,否,订盟、纳采、会亲友、安机械、开光、修造、动土、竖柱、上梁、盖屋、起基、造桥、栽种、纳畜、造畜稠、移柩、入殓、启钻、修坟、立碑、安葬,祈福、出火、嫁娶、入宅、开市、破土
2028-12-20,平,朱雀,否,祭祀、平治道涂、修坟、除服、成服、馀事勿取,移徙、入宅、嫁娶、掘井、安葬
2028-12-21,定,金匮,是,嫁娶、冠笄、祭祀、祈福、求嗣、雕刻、开光、安香、出行、入学、修造、动土、竖柱、上梁、盖屋、起基、安门、出火、移徙、入宅、掘井、造畜稠、安葬、破土、除服、成服,开市、纳采、订盟、作灶、造庙、造船、经络
2028-12-22,执,天德,是,嫁娶、订盟、纳采、祭祀、祈福、求嗣、斋醮、安香、出火、修造、起基、盖屋、合脊、安门、安碓磑、动土、上梁、移徙、入宅,出行、掘井、破土、行丧、安葬
2028-12-23,破,白虎,否,祭祀、沐浴、破屋、坏垣、馀事勿取,嫁娶、移徙、入宅、探病、出行、盖屋
2028-12-24,危,玉堂,是,冠笄、纳财、掘井、开池、出火、安床、交易、立券、畋猎、结网、理发、放水,安门、动土、破土、行丧、安葬、成服
2028-12-25,成,天牢,是,纳采、订盟、移徙、入宅、出行、安机械、会亲友、祭祀、祈福、斋醮、开光、安香、出火、解除、求医、针灸、治病、盖屋、起基、修造、安门、造船、纳畜、牧养、移柩、入殓、启钻、谢土、修坟、立碑,嫁娶、动土、安床、造桥、掘井
2028-12-26,收,玄武,否,祭祀、沐浴、作灶、纳财、捕捉、畋猎、安床、扫舍,开市、斋醮、破土、安葬
2028-12-27,开,司命,是,祈福、斋醮、纳采、订盟、解除、架马、开柱眼、修造、动土、起基、上梁、归岫、盖屋、合脊、掘井、除服、成服、破土、栽种,移徙、开市、入宅、安葬
2028-12-28,闭,勾陈,否,纳采、订盟、祭祀、沐浴、冠笄、合帐、裁衣、修造、动土、拆卸、移徙、入宅、安门、开仓、筑堤、开厕、栽种、纳畜、补垣、塞穴,嫁娶、祈福、开光、掘井、安葬、行丧
2028-12-29,建,青龙,否,合帐、裁衣、教牛马、馀事勿取,入宅、动土、破土、嫁娶、作灶、造船
2028-12-30,除,明堂,是,纳采、订盟、嫁娶、祭祀、祈福、安香、出火、出行、会亲友、经络、求医、治病、解除、拆卸、起基、修造、动土、定磉、扫舍、栽种、牧养、造畜稠,斋醮、作梁、掘井、行丧、安葬
2028-12-31,满,天刑,否,纳财、开市、交易、立券、会亲友、进人口、经络、祭祀、祈福、安香、出火、求医、治病、修造、动土、拆卸、扫舍、安床、栽种、牧养、开生坟、合寿木、入殓、安葬、启钻,嫁娶、移徙、入宅
2029-01-01,平,朱雀,否,祭祀、入殓、移柩、馀事勿取,入宅、修造、动土、破土、安门、上梁
2029-01-02,定,金匮,是,塑绘、开光、订盟、纳采、裁衣、冠笄、拆卸、修造、安床、入宅、出火、安葬、谢土、赴任,掘井、伐木、斋醮、作灶
2029-01-03,执,天德,是,祭祀、塑绘、开光、裁衣、冠笄、嫁娶、纳采、拆卸、修造、动土、竖柱、上梁、安床、移徙、入宅、安香、结网、捕捉、畋猎、伐木、进人口、放水,出行、安葬、修坟、开市
2029-01-04,破,白虎,否,祭祀、求医、破屋、坏垣、馀事勿取,诸事不宜
2029-01-05,危,玉堂,是,祭祀、破屋、坏垣、解除、馀事勿取,开市、动土、破土
2029-01-06,成,天牢,是,嫁娶、纳采、订盟、开光、安香、出火、纳财、开市、交易、立券、裁衣、盖屋、起基、修造、动土、安门、移徙、入宅、栽种、牧养、畋猎、掘井、开池、安葬、破土、入殓、除服、成服、立碑,祈福、造庙、祭祀、安床、谢土
2029-01-07,收,玄武,否,祭祀、斋醮、入殓、破土、启钻、安葬、修坟、立碑、除服、成服,嫁娶、入宅、作灶、纳采、订盟
2029-01-08,开,司命,是,祭祀、斋醮、纳财、捕捉、畋猎,嫁娶、开市、入宅、安床、破土、安葬
2029-01-09,闭,勾陈,否,纳采、订盟、祭祀、祈福、求嗣、斋醮、沐浴、进人口、会亲友、入学、治病、安碓磑、掘井、开池、纳畜、牧养、造畜稠,嫁娶、合帐、入宅、行丧、安葬
2029-01-10,建,青龙,否,祭祀、祈福、求嗣、沐浴、问名、交易、纳财、入殓、移柩、安葬、修坟、立碑、谢土、造畜稠、教牛马,入宅、置产、嫁娶、动土、栽种、开市、开光、破土
2029-01-11,除,明堂,是,祭祀、教牛马、造畜稠、会亲友、解除、馀事勿取,嫁娶、入宅、出行、动土、破土、安葬、行丧
2029-01-12,满,天刑,否,嫁娶、开光、解除、出火、拆卸、修造、进人口、入宅、移徙、安床、栽种、入殓、修坟、动土、除服、成服,作灶、安葬、祭祀、开市、纳采、订盟、纳畜、谢土、出行、探病
2029-01-13,平,朱雀,否,出行、起基、安床、纳财、交易、立券、嫁娶、栽种、入殓、移柩、安葬,挂匾、入宅、上梁、祈福、词讼、作梁、作灶、开池、安门、动土、破土、掘井
2029-01-14,定,金匮,是,平治道涂、馀事勿取,开光、嫁娶、开仓、出货财、造船、安葬、探病
2029-01-15,定,金匮,是,嫁娶、订盟、纳采、会亲友、祭祀、安机械、移徙、入宅、盖屋、安床、起基、定磉、安香、出火、挂匾、拆卸、置产,开市、出行、安葬、行丧
2029-01-16,执,天德,是,沐浴、捕捉、畋猎、理发、整手足甲、入殓、除服、成服、破土、安葬、谢土、立碑、修坟、启钻,纳采、订盟、嫁娶、上梁、开市、斋醮、盖屋、安门
2029-01-17,破,白虎,否,祭祀、破屋、坏垣、馀事勿取,斋醮、嫁娶、开市
2029-01-18,危,玉堂,是,沐浴、开仓、出货财、开市、交易、立券、纳财、栽种、纳畜、牧养、畋猎、入殓、破土、安葬,祈福、嫁娶、安床、入宅、造船
2029-01-19,成,天牢,是,祭祀、沐浴、补垣、塞穴、断蚁、解除、馀事勿取,造庙、入宅、修造、安葬、行丧、嫁娶
2029-01-20,收,玄武,否,嫁娶、纳采、订盟、问名、祭祀、冠笄、裁衣、会亲友、进人口、纳财、捕捉、作灶,开市、安床、安葬、修坟
2029-01-21,开,司命,是,订盟、纳采、会亲友、祭祀、斋醮、沐浴、塑绘、出火、开光、竖柱、上梁、开市、交易、立券、作梁、开柱眼、伐木、架马、安门、安床、拆卸、牧养、造畜稠、掘井,造庙、嫁娶、出行、动土、安葬、行丧
2029-01-22,闭,勾陈,否,交易、立券、纳财、安床、裁衣、造畜稠、安葬、谢土、启钻、除服、成服、修坟、立碑、移柩、入殓,开光、嫁娶、开市、动土、破土
2029-01-23,建,青龙,否,祭祀、解除、教牛马、会亲友、馀事勿取,破土、动土、安葬
2029-01-24,除,明堂,是,纳采、订盟、移徙、纳财、开市、交易、立券、入宅、会亲友、解除、求医、治病、入学、安床、安门、安香、出火、拆卸、扫舍、挂匾、开生坟、合寿木、破土、修坟、启钻、入殓,探病、祭祀、出行、上梁、盖屋、谢土、安葬
2029-01-25,满,天刑,否,嫁娶、订盟、纳采、祭祀、祈福、求嗣、会亲友、解除、出行、入学、纳财、开市、交易、立券、习艺、经络、安床、开仓、出货财、纳畜、安葬、启钻、修坟、入殓,入宅、开光、动土
2029-01-26,平,朱雀,否,祭祀、冠笄、嫁娶、会亲友、进人口、裁衣、结网、平治道涂,移徙、入宅、造庙、作灶、治病、安葬
2029-01-27,定,金匮,是,祭祀、安碓磑、结网、馀事勿取,嫁娶、安葬
2029-01-28,执,天德,是,嫁娶、祭祀、沐浴、裁衣、出行、理发、移徙、捕捉、畋猎、放水、入宅、除服、成服、启钻、安葬、移柩、入殓,盖屋、开市、动土、破土
2029-01-29,破,白虎,否,破屋、坏垣、馀事勿取,嫁娶、开市、安葬
2029-01-30,危,玉堂,是,纳采、订盟、祭祀、求嗣、出火、塑绘、裁衣、会亲友、入学、拆卸、扫舍、造仓、挂匾、掘井、开池、结网、栽种、纳畜、破土、修坟、立碑、安葬、入殓,祈福、嫁娶、造庙、安床、谢土
2029-01-31,成,天牢,是,入殓、除服、成服、移柩、启钻、安葬、修坟、立碑,开市、伐木、嫁娶、作梁
2029-02-01,收,玄武,否,祭祀、作灶、入殓、除服、馀事勿取,开市、安床
2029-02-02,开,司命,是,塑绘、开光、沐浴、冠笄、会亲友、作灶、放水、造畜稠,嫁娶、入殓、安葬、出行
2029-02-03,闭,勾陈,否,嫁娶、祭祀、开光、祈福、求嗣、出行、开市、交易、立券、动土、纳财、掘井、会亲友,入宅、安葬、伐木、作梁、纳畜、造畜稠、作灶
2029-02-04,建,青龙,否,祭祀、祈福、求嗣、纳畜、入殓、启钻、谢土、除服、成服,栽种、开光、出行、针灸、嫁娶、入宅、动土、破土
2029-02-05,除,明堂,是,开光、解除、伐木、竖柱、上梁、交易、立券、纳畜、入殓、移柩、安葬,入宅、出行、移徙、祭祀、嫁娶、动土、破土、作灶
2029-02-06,满,天刑,否,祭祀、祈福、求嗣、开光、嫁娶、出行、解除、伐木、拆卸、进人口、安床、动土、起基、上梁、栽种、纳畜、破土、谢土、启钻、安葬,移徙、入宅、出火、作灶、掘井
2029-02-07,平,朱雀,否,会亲友、冠笄、安床、安机械、祭祀、祈福、求嗣、经络,嫁娶、开市、动土、作灶、安葬
2029-02-08,定,金匮,是,作灶、解除、平治道涂、馀事勿取,祭祀、祈福、安葬、安门
2029-02-09,执,天德,是,嫁娶、祭祀、冠笄、修饰垣墙、置产,经络、探病、盖屋、作灶、动土
2029-02-10,破,白虎,否,纳采、嫁娶、祭祀、祈福、出行、修造、动土、移徙、入宅、安葬、破土,开市、斋醮
2029-02-11,危,玉堂,是,祭祀、沐浴、解除、理发、扫舍、破屋、坏垣、馀事勿取,嫁娶、安葬
2029-02-12,成,天牢,是,纳采、订盟、祭祀、祈福、安香、出火、修造、出行、开市、移徙、入宅、动土、安葬、破土,安床、作灶、造船、会亲友
2029-02-13,成,天牢,是,塞穴、结网、取渔、畋猎,嫁娶、安门、移徙、入宅、安葬
2029-02-14,收,玄武,否,纳采、祭祀、祈福、出行、会亲友、修造、动土、移徙、入宅,嫁娶、开市、安葬、破土
2029-02-15,开,司命,是,纳采、嫁娶、祭祀、祈福、出行、开市、会亲友、动土、破土、启钻,移徙、入宅、出火、安门、安葬
2029-02-16,闭,勾陈,否,祭祀、祈福、求嗣、斋醮、入殓、除服、成服、移柩、安葬、启钻,嫁娶、动土、开光、盖屋、破土
2029-02-17,建,青龙,否,纳采、会亲友、竖柱、上梁、立券、入殓、移柩、安葬、启钻,祭祀、移徙、入宅、动土、破土
2029-02-18,除,明堂,是,祭祀、祈福、斋醮、出行、开市、立券、动土、移徙、入宅、破土、安葬,开光、嫁娶、作灶、掘井、纳畜
2029-02-19,满,天刑,否,会亲友、求嗣、理发、冠笄、结网、捕捉、开光,开市、动土、安葬、破土
2029-02-20,平,朱雀,否,祭祀、平治道涂、馀事勿取,嫁娶、祈福、掘井、安葬
2029-02-21,定,金匮,是,祈福、求嗣、斋醮、纳采、嫁娶、伐木、修造、动土、移徙、入宅、造庙、安机械、开市、入殓、除服、成服、移柩、安葬、破土、谢土,置产、盖屋、合脊、开光、探病、安门、作灶
2029-02-22,执,天德,是,入学、习艺、出行、纳采、订盟、嫁娶、会亲友、进人口、牧养、捕捉、入殓、移柩、安葬、启钻,开光、开市、入宅、动土、盖屋
2029-02-23,破,白虎,否,祭祀、沐浴、求医、治病、扫舍、破屋、坏垣、解除、馀事勿取,入宅、开市、安葬
2029-02-24,危,玉堂,是,祭祀、冠笄、嫁娶、拆卸、修造、动土、起基、上梁、盖屋、入宅、开市、开池、塞穴、入殓、除服、成服、移柩、安葬、破土,安床、栽种、治病、作灶
2029-02-25,成,天牢,是,祭祀、结网、入殓、除服、成服、移柩、安葬、破土,馀事勿取
2029-02-26,收,玄武,否,塑绘、开光、祈福、求嗣、订盟、纳采、裁衣、冠笄、拆卸、修造、动土、起基、安门、安床、移徙、造仓、结网、纳畜,伐木、作灶、安葬、取渔、入宅
2029-02-27,开,司命,是,祭祀、沐浴、开光、塑绘、祈福、求嗣、订盟、纳采、冠笄、裁衣、嫁娶、动土、除服、成服、移柩、破土、启钻、出行、安碓磑、放水、开市、立券、交易,安葬、上梁、入宅、作灶
2029-02-28,闭,勾陈,否,祭祀、祈福、求嗣、酬神、裁衣、安床、立券、交易、入殓、除服、成服、移柩、谢土、启钻,出行、嫁娶、入宅、动土
2029-03-01,建,青龙,否,裁衣、合帐、入殓、除服、成服、会亲友、纳财,祭祀、祈福、移徙、嫁娶、入宅
2029-03-02,除,明堂,是,祭祀、斋醮、裁衣、合帐、冠笄、订盟、纳采、嫁娶、入宅、安香、谢土、入殓、移柩、破土、立碑、会亲友、出行、祈福、求嗣、上梁、放水,掘井
2029-03-03,满,天刑,否,安床、合帐、入宅、问名、纳采、求嗣、祭祀、开仓,斋醮、作灶、安葬
2029-03-04,平,朱雀,否,作灶、平治道涂,祭祀、祈福、安葬、安门、馀事勿取
2029-03-05,定,金匮,是,祭祀、祈福、嫁娶、冠笄、修饰垣墙、置产、平治道涂,开仓、出货财、盖屋、作灶、开市、交易、立券、栽种
2029-03-06,执,天德,是,嫁娶、祭祀、开光、祈福、求嗣、出行、出火、进人口、入宅、移徙、安床、拆卸、修造、安门、挂匾、纳财、扫舍,动土、伐木、安葬、行丧
2029-03-07,破,白虎,否,嫁娶、开光、祭祀、祈福、求嗣、出行、出火、入宅、移徙、解除、栽种、伐木、破土、谢土、安葬,开市、交易、作灶、纳财、上梁、安床、盖屋、造船
2029-03-08,危,玉堂,是,破屋、坏垣、求医、治病、馀事勿取,开光、嫁娶
2029-03-09,成,天牢,是,纳采、交易、立券、安床、安机械、安葬、移柩、动土、破土、立碑,嫁娶、开光、作灶
2029-03-10,收,玄武,否,祭祀、祈福、求嗣、斋醮、沐浴、开光、理发、经络、解除、治病、立碑、栽种、牧养、掘井、开池,嫁娶、定磉、合寿木、安葬、行丧
2029-03-11,开,司命,是,纳财、交易、立券、栽种、捕捉、结网、取渔、进人口、教牛马、理发,入宅、盖屋、竖柱、安葬
2029-03-12,闭,勾陈,否,嫁娶、订盟、纳采、祭祀、祈福、出行、修造、动土、移徙、入宅、破土、出火、安门、安床、上梁、立碑、移柩,开市、交易、合帐、安葬
2029-03-13,建,青龙,否,冠笄、立券、交易、修造、动土、安机械、入殓、安葬、破土,嫁娶、祈福、出火、入宅
2029-03-14,除,明堂,是,祭祀、会亲友、出行、立券、交易、冠笄、纳财,嫁娶、动土、掘井、起基、定磉、破土
2029-03-15,除,明堂,是,祭祀、沐浴、解除、扫舍、塞穴、牧养,嫁娶、安葬、行丧、安门
2029-03-16,满,天刑,否,纳财、开市、交易、立券、开光、针灸、会亲友、理发、安床、造仓、结网,移徙、入宅、栽种
2029-03-17,平,朱雀,否,嫁娶、冠笄、会亲友、安机械、纳财、交易、立券、置产,开市、盖屋、治病、作灶
2029-03-18,定,金匮,是,嫁娶、造车器、纳采、订盟、祭祀、祈福、安机械、移徙、入宅、开市、立券、破土、安葬,纳畜、理发、合寿木
2029-03-19,执,天德,是,祈福、斋醮、出行、移徙、入宅、修造、动土、破土、安葬,纳采、开光、安床、嫁娶、开市
2029-03-20,破,白虎,否,破屋、坏垣、馀事勿取,嫁娶、移徙、开市、入宅
2029-03-21,危,玉堂,是,嫁娶、冠笄、祭祀、出行、会亲友、修造、动土、入殓、破土,塑绘、开光、造桥、除服、成服
2029-03-22,成,天牢,是,开光、求嗣、出行、纳采、冠笄、出火、拆卸、起基、修造、动土、上梁、移徙、造船、开市、交易、立券、纳财,祈福、嫁娶、安葬、破土
2029-03-23,收,玄武,否,理发、冠笄、嫁娶、进人口、栽种、捕捉、针灸,纳财、开市、安葬、破土
2029-03-24,开,司命,是,开光、祈福、求嗣、出行、解除、伐木、盖屋、起基、修造、架马、安门、移徙、入宅、造庙、除服、成服、移柩、谢土、纳畜、牧养,纳采、动土、开市、交易
2029-03-25,闭,勾陈,否,裁衣、经络、伐木、开柱眼、拆卸、修造、动土、上梁、合脊、合寿木、入殓、除服、成服、移柩、破土、安葬、启钻、修坟、立碑,祭祀、嫁娶、出行、掘井
2029-03-26,建,青龙,否,祭祀、会亲友、立券、交易、裁衣、合帐、嫁娶、冠笄、进人口,栽种、动土、安葬、掘井、修坟、探病
2029-03-27,除,明堂,是,扫舍、塞穴、馀事勿取,诸事不宜
2029-03-28,满,天刑,否,塑绘、开光、订盟、纳采、裁衣、合帐、冠笄、安机械、会亲友、纳财、开市、立券、交易、安床、竖柱、上梁、结网、栽种、解除、经络,作灶、出行、入宅、安葬
2029-03-29,平,朱雀,否,祭祀、嫁娶、纳婿、除服、成服、入殓、移柩,动土、作灶、入宅、开光、安床
2029-03-30,定,金匮,是,祈福、求嗣、开光、塑绘、斋醮、订盟、纳采、嫁娶、拆卸、安床、入宅、安香、移柩、修坟、安葬、谢土、栽种、解除、冠笄、裁衣、移徙、修造、动土、竖柱、放水、启钻、立碑,赴任
2029-03-31,执,天德,是,祭祀、解除、入殓、除服、成服、移柩、启钻、安葬、修坟、立碑、谢土、沐浴、扫舍、捕捉、取渔、结网、畋猎、理发,安床、嫁娶、作灶、入宅
2029-04-01,破,白虎,否,破屋、坏垣,诸事不宜
2029-04-02,危,玉堂,是,祭祀、出行、订盟、纳采、裁衣、合帐、冠笄、进人口、动土、安床、作灶、入殓、移柩、安葬、破土、结网、取渔、畋猎,作梁、造庙
2029-04-03,成,天牢,是,祭祀、开光、塑绘、订盟、纳采、合帐、冠笄、拆卸、动土、起基、上梁、入宅、安香、开市、立券、纳财、沐浴、求嗣、出火、竖柱、安门,造庙、嫁娶、伐木、安葬
2029-04-04,收,玄武,否,开市、交易、立券、挂匾、祭祀、开光、祈福、求嗣、安床、解除、修造、安葬,纳采、问名、订盟、嫁娶、入宅、开仓、出火、动土、破土、纳畜、伐木
2029-04-05,开,司命,是,祭祀、修门、取渔、纳财、纳畜、馀事勿取,嫁娶、入宅
2029-04-06,闭,勾陈,否,安香、出火、纳采、订盟、嫁娶、开市、立券、交易、挂匾、开光、出行、解除、安床、栽种、置产、拆卸、修造、动土,作灶、安葬、祭祀、入殓
2029-04-07,建,青龙,否,祭祀、出行、修造、动土、合帐、造畜稠、安床、移徙、入殓、移柩、破土、启钻、安葬、开生坟、合寿木、补垣、塞穴,入宅、作灶、理发、开光、安门
2029-04-08,除,明堂,是,祭祀、修饰垣墙、馀事勿取,开光、修造、动土、破土
2029-04-09,满,天刑,否,嫁娶、祭祀、祈福、求嗣、斋醮、开光、出火、移徙、入宅、竖柱、上梁、会亲友、盖屋、起基、治病、安门、造车器、掘井、开池,纳采、出行、修坟、安葬、开市、立券、作灶
2029-04-10,平,朱雀,否,祭祀、塑绘、开光、纳采、嫁娶、开市、出行、会亲友、安床、结网、除服、成服、启钻、安葬、移柩,祈福、入宅、盖屋、动土、破土、探病
2029-04-11,定,金匮,是,祭祀、作灶、平治道涂、馀事勿取,安床、入宅、安碓磑、栽种
2029-04-12,执,天德,是,祭祀、祈福、求嗣、斋醮、沐浴、纳畜、入殓、破土、安葬,移徙、入宅、嫁娶、出行、安床
2029-04-13,破,白虎,否,纳采、祭祀、祈福、求嗣、斋醮、出行、起基、盖屋、定磉、安门、入殓、安葬,嫁娶、开市、纳财、出火
2029-04-14,破,白虎,否,祭祀、沐浴、解除、求医、治病、破屋、坏垣、馀事勿取,祈福、斋醮、开市、安葬
2029-04-15,危,玉堂,是,沐浴、捕捉、畋猎、结网、取渔,祭祀、嫁娶、入宅、作灶、安葬
2029-04-16,成,天牢,是,祭祀、祈福、求嗣、斋醮、纳采、订盟、开光、竖柱、上梁、开仓、出货财、盖屋、起基、定磉、安门、诸事不宜、破土、入殓、启钻、谢土,出火、嫁娶、开市
2029-04-17,收,玄武,否,祭祀、捕捉、解除、馀事勿取,嫁娶、安葬
2029-04-18,开,司命,是,纳采、嫁娶、出行、开市、立券、纳畜、牧养、出火、移徙、入宅,祈福、动土、破土、安葬、入殓
2029-04-19,闭,勾陈,否,祭祀、祈福、求嗣、斋醮、冠笄、作灶、纳财、交易,开光、嫁娶、掘井、安葬、安门、探病
2029-04-20,建,青龙,否,祭祀、解除、教牛马、出行、馀事勿取,动土、破土、行丧、开光、作梁、安葬、探病
2029-04-21,除,明堂,是,沐浴、斋醮、解除、求医、治病、会亲友、造畜稠、栽种、理发、扫舍,开市、嫁娶、移徙、入宅、掘井、安葬
2029-04-22,满,天刑,否,求嗣、出行、解除、订盟、纳采、嫁娶、会亲友、进人口、安床、开市、交易、纳畜、牧养、入殓、除服、成服、移柩、安葬、启钻,祈福、修造、动土、破土、谢土
2029-04-23,平,朱雀,否,祭祀、作灶、平治道涂、馀事勿取,嫁娶、安葬、动土、安床、治病
2029-04-24,定,金匮,是,造车器、祭祀、祈福、求嗣、斋醮、开市、交易、安机械、雕刻、开光、盖屋、合脊、起基、定磉、安门、纳畜、安葬、开生坟、立碑、谢土,入宅、动土、开仓、出货财
2029-04-25,执,天德,是,祭祀、祈福、开光、求嗣、斋醮、纳采、订盟、求医、治病、起基、定磉、造船、取渔、解除、安葬、启钻、谢土、入殓,开市、动土、掘井、开池
2029-04-26,破,白虎,否,祭祀、沐浴、破屋、坏垣、求医、治病、解除、馀事勿取,嫁娶、开市、交易、入宅、安葬
2029-04-27,危,玉堂,是,诸事不宜,无
2029-04-28,成,天牢,是,祭祀、塑绘、开光、订盟、纳采、冠笄、裁衣、安机械、拆卸、修造、动土、安床、经络、开市,出火、入宅、安葬、伐木
2029-04-29,收,玄武,否,祭祀、馀事勿取,造庙、嫁娶、安床
2029-04-30,开,司命,是,订盟、纳采、嫁娶、进人口、会亲友、交易、立券、动土、除服、谢土、移柩、破土、启钻、赴任、出行、开市、纳财、栽种,入殓、安葬、入宅、安床
2029-05-01,闭,勾陈,否,祭祀、祈福、裁衣、合帐、安床、入殓、除服、成服、移柩、破土、启钻、安葬、谢土、立碑、造畜稠,掘井、安门、嫁娶、纳采
2029-05-02,建,青龙,否,祭祀、进人口、嫁娶、安床、解除、冠笄、出行、裁衣、扫舍,掘井、动土、破土、安葬、开光
2029-05-03,除,明堂,是,纳采、开光、求医、治病、动土、上梁、移徙、入宅,嫁娶、开市、安葬
2029-05-04,满,天刑,否,祭祀、会亲友、开市、安床、启钻、安葬,嫁娶、动土、破土
2029-05-05,平,朱雀,否,开光、纳采、裁衣、冠笄、安床、作灶、进人口、造仓、塞穴,嫁娶、栽种、修造、动土、出行、伐木、作梁、安葬、谢土
2029-05-06,定,金匮,是,纳采、嫁娶、裁衣、理发、出行、修造、动土、进人口、开市、交易、立券、挂匾、移徙、上梁、栽种、纳畜,伐木、安葬、安床、祭祀、祈福
2029-05-07,执,天德,是,开市、交易、立券、挂匾、祭祀、祈福、斋醮、出行、盖屋、起基、修造、动土、定磉、安床、安机械、安葬、破土、启钻、除服、成服、立碑,作灶、嫁娶、移徙、入宅、理发
2029-05-08,破,白虎,否,嫁娶、纳采、订盟、祭祀、祈福、求嗣、开光、出火、出行、拆卸、动土、修造、进人口、入宅、移徙、安床、解除、挂匾、栽种、破土、谢土、入殓、移柩、安葬,开市、立券、造船、合寿木
2029-05-09,危,玉堂,是,祭祀、沐浴、解除、破屋、坏垣、馀事勿取,开光、安葬
2029-05-10,成,天牢,是,订盟、纳采、嫁娶、解除、祭祀、祈福、求嗣、开光、出行、出火、拆卸、入宅、移徙、安床、栽种、纳畜、动土、破土、谢土、安葬、修坟,作灶、开市、经络
2029-05-11,收,玄武,否,祭祀、祈福、求嗣、开光、订盟、纳采、解除、动土、起基、进人口、开市、交易、立券、纳财、造仓、开池、栽种、纳畜、破土、安葬,安床、上梁、裁衣、入宅、嫁娶
2029-05-12,开,司命,是,祭祀、结网、捕捉、馀事勿取,探病、嫁娶、开市
2029-05-13,开,司命,是,祭祀、祈福、求嗣、开光、纳采、订盟、嫁娶、出行、动土、破土、会亲友、开市、交易、立券、习艺、拆卸、起基、安碓磑、放水、开池、造仓、开渠、栽种、谢土、启钻、修坟、立碑,入宅、安门、安葬
2029-05-14,闭,勾陈,否,嫁娶、冠笄、祭祀、出行、移徙、入宅、作灶、造车器、补垣、塞穴、开厕、破土、启钻、除服、成服、入殓,盖屋、造桥、安门、安葬、上梁
2029-05-15,建,青龙,否,祭祀、解除、断蚁、会亲友、馀事勿取,嫁娶、安葬
2029-05-16,除,明堂,是,嫁娶、纳采、订盟、祭祀、祈福、治病、造车器、修造、动土、移徙、入宅,开市、出行、安床、作灶、安葬
2029-05-17,满,天刑,否,嫁娶、纳采、订盟、会亲友、安机械、结网、冠笄、祭祀、求嗣、进人口、经络,开市、作灶、动土、行丧、安葬
2029-05-18,平,朱雀,否,祭祀、沐浴、移徙、破土、安葬、扫舍、平治道涂,祈福、嫁娶、入宅、安床、作灶
2029-05-19,定,金匮,是,祭祀、祈福、斋醮、求嗣、安机械、纳畜、移徙、入宅、塑绘、开光、起基、竖柱、上梁、作灶、安门、安香、出火、盖屋、启钻、安葬,动土、破土、嫁娶
2029-05-20,执,天德,是,嫁娶、纳采、订盟、斋醮、开光、祭祀、祈福、求医、治病、会亲友、动土、解除、捕捉、纳畜、牧养、入殓、破土、安葬,移徙、入宅、盖屋、架马
2029-05-21,破,白虎,否,祭祀、沐浴、解除、破屋、坏垣、馀事勿取,行丧、安葬
2029-05-22,危,玉堂,是,沐浴、扫舍、馀事勿取,斋醮、开市、嫁娶、作灶
2029-05-23,成,天牢,是,开市、交易、立券、安机械、会亲友、开光、求医、治病、盖屋、起基、修造、动土、定磉、竖柱、上梁、安门、作灶、放水、开厕、开池、栽种、牧养、造畜稠、破土、安葬、立碑,嫁娶、出火、移徙、入宅
2029-05-24,收,玄武,否,栽种、捕捉、畋猎、馀事勿取,开市、动土、祭祀、斋醮、安葬、探病
2029-05-25,开,司命,是,嫁娶、祭祀、祈福、求嗣、斋醮、订盟、纳采、解除、出行、动土、破土、习艺、针灸、理发、会亲友、起基、修造、竖柱、定磉、安床、拆卸、纳畜、牧养、放水、除服、成服、修坟、立碑,开市、入宅、探病、出火、盖屋
2029-05-26,闭,勾陈,否,馀事勿取,无
2029-05-27,建,青龙,否,塞穴、断蚁、结网、馀事勿取,破土、安葬
2029-05-28,除,明堂,是,开光、出行、纳采、嫁娶、伐木、架马、出火、拆卸、移徙、入宅、造庙、造桥、造船、造畜稠、开市、入殓、除服、成服、移柩、安葬,无
2029-05-29,满,天刑,否,进人口、牧养、置产、塞穴、结网、馀事勿取,诸事不宜
2029-05-30,平,朱雀,否,开光、出行、嫁娶,会亲友、进人口、修造、动土、起基、移徙、开市、纳畜、入殓、除服、成服、移柩、破土、安葬、修坟、立碑
2029-05-31,定,金匮,是,嫁娶、纳采、出行、祭祀、祈福、开市、动土、移徙、入宅、破土、安葬,安门
2029-06-01,执,天德,是,嫁娶、纳采、求医、治病、修造、动土、移徙、入宅、破土、安葬,开市、开光
2029-06-02,破,白虎,否,祭祀、破屋、坏垣、馀事勿取,诸事不宜
2029-06-03,危,玉堂,是,嫁娶、纳采、祭祀、祈福、出行、动土、上梁、移徙、入宅、破土、安葬,斋醮
2029-06-04,成,天牢,是,纳采、祭祀、祈福、开市、求医、治病、动土、纳畜,嫁娶、安葬
2029-06-05,收,玄武,否,开市、交易、立券、挂匾、开光、解除、拆卸、动土、安床、修造、上梁、置产、栽种、破土、安葬,作灶、出火、祭祀、嫁娶、入宅
2029-06-06,开,司命,是,祭祀、结网、馀事勿取,入宅、出行、掘井、安葬
2029-06-07,闭,勾陈,否,嫁娶、纳采、订盟、冠笄、造车器、祭祀、开光、祈福、求嗣、出行、解除、伐木、出火、入宅、拆卸、修造、动土、上梁、安床、栽种、破土,行丧、置产、安葬
2029-06-08,建,青龙,否,嫁娶、合帐、裁衣、冠笄、伐木、上梁、出火、拆卸、移徙、修造、动土、安门、纳财、筑堤、栽种、塞穴,安床、祈福、出行、安葬、行丧、开光
2029-06-09,除,明堂,是,出行、教牛马、割蜜、馀事勿取,斋醮、盖屋、动土、破土
2029-06-10,满,天刑,否,嫁娶、祭祀、祈福、求嗣、开光、出行、解除、出火、拆卸、修造、进人口、入宅、移徙、动土、安床、纳畜、栽种、纳财、交易、立券、挂匾、造畜稠,安葬、开生坟、行丧
2029-06-11,平,朱雀,否,安机械、祭祀、祈福、求嗣、沐浴、解除、纳采、开市、修造、竖柱、上梁、开柱眼、安碓磑、归岫、补垣、塞穴、拆卸、放水、出火、扫舍、开生坟、合寿木、安葬、谢土、启钻、除服、成服,嫁娶、安床、作灶、动土、破土、造船
2029-06-12,平,朱雀,否,祭祀、沐浴、理发、整手足甲、修饰垣墙、平治道涂、馀事勿取,开市、入宅、出行、修造、词讼
2029-06-13,定,金匮,是,嫁娶、纳采、祭祀、祈福、出行、立券、移徙、入宅、动土、破土、安葬,开光、作灶、盖屋、架马、开仓
2029-06-14,执,天德,是,纳采、订盟、冠笄、祭祀、祈福、斋醮、出行、修造、动土、移徙、入宅、安香、出火、拆卸、盖屋、起基、竖柱、上梁、定磉、安门、开池,嫁娶、开市、合寿木、安葬
2029-06-15,破,白虎,否,祭祀、沐浴、破屋、坏垣、馀事勿取,入宅、嫁娶、移徙
2029-06-16,危,玉堂,是,嫁娶、安机械、交易、出行、祭祀、祈福、求嗣、斋醮、塑绘、开光、合帐、裁衣、放水、开池、掘井,作灶、理发、造桥、行丧、安葬
2029-06-17,成,天牢,是,纳采、冠笄、求医、治病、开市、立券、修造、动土、安机械、破土、安葬,斋醮、祭祀、移徙、入宅、上梁、嫁娶
2029-06-18,收,玄武,否,祭祀、作灶、馀事勿取,开市、安葬、破土、修坟、掘井
2029-06-19,开,司命,是,祭祀、祈福、求嗣、斋醮、安香、解除、移徙、入宅、会亲友、求医、治病、动土、破土、开生坟、合寿木,合帐、上梁、经络、安葬、入殓
2029-06-20,闭,勾陈,否,嫁娶、冠笄、修造、动土、作灶、移徙、入宅、补垣、塞穴、纳畜、牧养、架马、起基、定磉、开池、造船,祈福、开光、掘井、开市、安葬
2029-06-21,建,青龙,否,祭祀、交易、纳财,斋醮、开渠、上梁、动土、破土
2029-06-22,除,明堂,是,嫁娶、订盟、纳采、冠笄、会亲友、安机械、造车器、祭祀、出行、纳财、入宅、安香、出火、入学、塑绘、开光、拆卸、起基、修造、动土、牧养、栽种、安门、开厕,行丧、伐木、作梁、作灶
2029-06-23,满,天刑,否,开光、求嗣、出行、冠笄、嫁娶、伐木、架马、开柱眼、修造、移徙、入宅、开市、交易、立券、安香、出火、挂匾、起基、开生坟、合寿木、入殓、除服、成服、移柩、安葬,安床、出货财、作灶、动土、破土
2029-06-24,平,朱雀,否,祭祀、沐浴、理发、嫁娶、作灶、整手足甲、扫舍、修饰垣墙、平治道涂,斋醮、出行、治病、合寿木
2029-06-25,定,金匮,是,安机械、移徙、入宅、出行、祭祀、祈福、斋醮、纳采、订盟、安香、出火、解除、会亲友、修造、动土、拆卸、起基、定磉、盖屋、安床、破土、安葬、入殓、立碑,开市、伐木、作梁、作灶
2029-06-26,执,天德,是,祭祀、沐浴、捕捉、结网、畋猎、取渔、馀事勿取,开市、交易、嫁娶、安葬、行丧
2029-06-27,破,白虎,否,破屋、坏垣、求医、治病、畋猎、馀事勿取,嫁娶、入宅
2029-06-28,危,玉堂,是,嫁娶、出行、安机械、祭祀、塑绘、开光、治病、经络、安床、结网、塞穴、破土、入殓,开市、安门、掘井、作灶
2029-06-29,成,天牢,是,订盟、纳采、会亲友、进人口、雕刻、拆卸、修造、动土、起基、开市、栽种、纳畜、牧养、入殓、除服、成服、移柩、破土、安葬,无
2029-06-30,收,玄武,否,祭祀、捕捉、取渔、修饰垣墙、馀事勿取,诸事不宜
2029-07-01,开,司命,是,嫁娶、纳采、祭祀、祈福、求医、治病、出行、动土、移徙、入宅,开市、安门
2029-07-02,闭,勾陈,否,裁衣、作灶、移徙、入宅、纳畜,嫁娶、安葬
2029-07-03,建,青龙,否,祭祀、入殓、移柩、启钻、安葬,上梁、动土、破土
2029-07-04,除,明堂,是,订盟、纳采、出行、祈福、斋醮、安床、会亲友,移徙、入宅、安葬
2029-07-05,满,天刑,否,嫁娶、纳采、出行、求医、治病、开市、移徙、入宅、启钻、安葬,动土、破土
2029-07-06,平,朱雀,否,嫁娶、祭祀、沐浴、扫舍、修饰垣墙,行丧、安葬
2029-07-07,定,金匮,是,祭祀、嫁娶、畋猎、结网,动土、破土、治病、开渠
2029-07-08,执,天德,是,纳采、订盟、会亲友、入学、祭祀、祈福、求嗣、开光、出行、解除、理发、动土、起基、开市、交易、立券、纳财、造仓、栽种、纳畜、牧养,嫁娶、作灶、出火、置产、入宅、安葬
2029-07-09,破,白虎,否,祭祀、祈福、解除、整手足甲、安床、沐浴、入殓、移柩、破土、启钻、安葬、谢土,嫁娶、斋醮、开市、出火、入宅、移徙、出行、作灶、安门、伐木
2029-07-10,危,玉堂,是,破屋、坏垣、解除、馀事勿取,嫁娶、安葬
2029-07-11,危,玉堂,是,嫁娶、开市、立券、移徙、入宅、安机械、会亲友、经络、安门、安床、挂匾、拆卸、开仓、出货财、开池、栽种、纳畜、牧养、破土、安葬、启钻、移柩、入殓、立碑,祭祀、祈福、探病、谢土、造桥
2029-07-12,成,天牢,是,嫁娶、订盟、纳采、祭祀、祈福、斋醮、开光、会亲友、求医、治病、盖屋、起基、竖柱、上梁、安门、安碓磑、筑堤、开池、破土、安葬、除服、成服,入宅、开市、掘井、词讼、合寿木
2029-07-13,收,玄武,否,纳采、订盟、嫁娶、移徙、入宅、出行、祭祀、祈福、斋醮、塑绘、开光、安香、出火、会亲友、解除、入学、竖柱、上梁、拆卸、盖屋、起基、栽种、牧养、纳畜,安葬、破土、开市、开仓、出货财、启钻
2029-07-14,开,司命,是,纳采、订盟、嫁娶、祭祀、沐浴、塑绘、开光、出火、治病、习艺、伐木、盖屋、竖柱、上梁、安床、作灶、安碓磑、挂匾、掘井、纳畜,出行、安葬、造桥
2029-07-15,闭,勾陈,否,祭祀、入殓、除服、成服、移柩、破土、启钻、安葬、塞穴、断蚁、结网,开市、入宅、嫁娶、开光、盖屋
2029-07-16,建,青龙,否,祭祀、修造、出行、盖屋、竖柱、造车器、教牛马、造畜稠、割蜜,动土、破土、掘井、安葬
2029-07-17,除,明堂,是,祭祀、沐浴、塑绘、开光、入学、解除、扫舍、治病、开池、牧养,嫁娶、出行、纳采、入宅、作灶
2029-07-18,满,天刑,否,纳财、开市、交易、立券、出行、祭祀、祈福、求嗣、开光、解除、扫舍、起基、竖柱、安床、移徙、开仓、出货财、补垣、塞穴、栽种、纳畜、牧养,斋醮、入宅、安门、安葬、破土、行丧
2029-07-19,平,朱雀,否,祭祀、修饰垣墙、平治道涂,开市、动土、破土、嫁娶、修造、安葬
2029-07-20,定,金匮,是,订盟、纳采、祭祀、祈福、开光、安香、出火、立券、安机械、移徙、入宅、竖柱、上梁、会亲友、安床、拆卸、挂匾、牧养、教牛马,嫁娶、安葬、行丧、破土、修坟
2029-07-21,执,天德,是,沐浴、理发、捕捉、入殓、移柩、破土、启钻、安葬,出火、嫁娶、入宅、作灶、上梁、动土
2029-07-22,破,白虎,否,求医、治病、破屋、坏垣、馀事勿取,嫁娶、出行
2029-07-23,危,玉堂,是,纳采、订盟、嫁娶、移徙、入宅、出行、开市、交易、立券、纳财、会亲友、安香、出火、拆卸、盖屋、起基、安床、作灶、挂匾、安葬、破土、启钻、立碑、入殓、移柩,祈福、上梁、开仓、掘井、牧养
2029-07-24,成,天牢,是,祭祀、祈福、斋醮、出行、纳采、订盟、安机械、出火、拆卸、修造、动土、起基、移徙、入宅、造庙、入殓、除服、成服、移柩、破土、安葬、谢土,嫁娶、开市、栽种、合寿木
2029-07-25,收,玄武,否,祭祀、进人口、纳财、纳畜、牧养、捕捉、馀事勿取,开市、入宅、安床、动土、安葬
2029-07-26,开,司命,是,祭祀、塑绘、开光、求医、治病、嫁娶、会亲友、放水、掘井、牧养、纳畜、开渠、安碓磑,盖屋、入宅、作灶、入学、安葬、行丧
2029-07-27,闭,勾陈,否,祭祀、塞穴、结网、畋猎、馀事勿取,移徙、开市、入宅、嫁娶、开光、安门
2029-07-28,建,青龙,否,开市、纳财、祭祀、塑绘、安机械、冠笄、会亲友、裁衣、开仓、经络、纳畜、造畜稠、教牛马、牧养,动土、破土、安葬、治病
2029-07-29,除,明堂,是,移徙、入宅、治病、会亲友、祭祀、祈福、斋醮、安香、嫁娶、盖屋、起基,开市、安床、出行、经络
2029-07-30,满,天刑,否,塑绘、出行、冠笄、嫁娶、进人口、裁衣、纳婿、造畜稠、交易、立券、牧养、开生坟、入殓、除服、成服、移柩、安葬、启钻,无
2029-07-31,平,朱雀,否,祭祀、冠笄、嫁娶、捕捉、结网、畋猎、取渔、馀事勿取,无
2029-08-01,定,金匮,是,沐浴、扫舍、馀事勿取,诸事不宜
2029-08-02,执,天德,是,纳采、祭祀、祈福、解除、动土、破土、安葬,嫁娶、移徙、入宅
2029-08-03,破,白虎,否,祭祀、破屋、坏垣、馀事勿取,诸事不宜
2029-08-04,危,玉堂,是,嫁娶、纳采、开市、出行、动土、上梁、移徙、入宅、破土、安葬,祭祀、祈福
2029-08-05,成,天牢,是,嫁娶、纳采、开市、出行、动土、上梁、移徙、入宅、破土、安葬,赴任
2029-08-06,收,玄武,否,祭祀、作灶、纳财、捕捉,开市、破土
2029-08-07,开,司命,是,嫁娶、祭祀、祈福、求嗣、裁衣、冠笄、经络、修造、进人口、安床、动土、竖柱、上梁、移徙、交易、立券、栽种、会亲友,行丧、安葬、出行、作梁、纳畜、伐木、造桥
2029-08-08,闭,勾陈,否,嫁娶、纳采、订盟、开光、祭祀、出行、理发、动土、安床、放水、开渠、栽种、进人口,入宅、上梁、入殓、盖屋、探病、作灶、安门、安葬、纳畜、伐木
2029-08-09,建,青龙,否,祭祀、出行、作梁、出火、拆卸、修造、动土、起基、安床、补垣、塞穴、入殓、破土、安葬、移柩、造畜稠,嫁娶、入宅、斋醮、开光、针灸、掘井
2029-08-10,建,青龙,否,嫁娶、纳采、订盟、祭祀、祈福、求嗣、出行、解除、竖柱、入宅、移徙、纳财、上梁、纳畜、入殓、安葬、启钻,栽种、掘井、动土、安床、破土、置产
2029-08-11,除,明堂,是,解除、祭祀、祈福、求嗣、修造、动土、竖柱、上梁、安床、纳畜、盖屋、合脊、起基、入殓、破土、安葬,出火、嫁娶、开光、进人口、出行、词讼、开市、入宅、移徙、赴任
2029-08-12,满,天刑,否,沐浴、理发、会亲友、塑绘、开光、栽种、牧养、嫁娶、经络、补垣、塞穴,开市、入宅、动土、破土、安葬、作灶、上梁、安床、开仓、祈福
2029-08-13,平,朱雀,否,祭祀、理发、作灶、沐浴、修饰垣墙、平治道涂,嫁娶、栽种、祈福、造桥、安葬、安门、伐木、作梁
2029-08-14,定,金匮,是,嫁娶、纳采、订盟、祭祀、祈福、斋醮、普渡、移徙、入宅、出行、安机械、开光、修造、动土、竖柱、上梁、盖屋、起基、定磉、安门、安葬、破土,开市、立券、置产、作灶、造桥
2029-08-15,执,天德,是,祭祀、普渡、捕捉、解除、结网、畋猎、入殓、破土、安葬,开市、交易、入宅、嫁娶
2029-08-16,破,白虎,否,沐浴、破屋、坏垣、馀事勿取,斋醮、开市
2029-08-17,危,玉堂,是,订盟、纳采、祭祀、祈福、安香、出火、开市、立券、入宅、挂匾、造桥、启钻、安葬,动土、破土、嫁娶、掘井、安床
2029-08-18,成,天牢,是,嫁娶、祭祀、祈福、斋醮、普渡、移徙、入宅、动土、治病、开市、交易、立券、开光、修造、造车器、安香、安床、捕捉、畋猎、结网,纳采、订盟、经络、行丧、安葬、探病
2029-08-19,收,玄武,否,嫁娶、订盟、纳采、作灶、冠笄、裁衣、会亲友、纳畜、牧养、安机械、开市、立券、纳财、安床,掘井、出行、破土、行丧、安葬
2029-08-20,开,司命,是,嫁娶、订盟、纳采、祭祀、斋醮、普渡、解除、出行、会亲友、开市、纳财、修造、动土、竖柱、上梁、开光、开仓、出货财、纳畜、牧养、开池、破土、启钻,出火、入宅、盖屋、安门、安葬
2029-08-21,闭,勾陈,否,嫁娶、普渡、祭祀、祈福、补垣、塞穴、断蚁、筑堤、入殓、除服、成服、安葬,动土、破土、掘井、开光、上梁、词讼
2029-08-22,建,青龙,否,嫁娶、冠笄、祭祀、沐浴、普渡、出行、纳财、扫舍、纳畜、赴任,开市、动土、破土、安床、开仓、上梁
2029-08-23,除,明堂,是,祭祀、沐浴、理发、整手足甲、冠笄、解除、入殓、移柩、破土、启钻、安葬,嫁娶、出行、入宅、开市、安门
2029-08-24,满,天刑,否,塑绘、冠笄、嫁娶、会亲友、进人口、经络、裁衣、栽种、纳畜、牧养、补垣、塞穴、捕捉,祈福、开市、动土、行丧、安葬
2029-08-25,平,朱雀,否,出行、沐浴、订盟、纳采、裁衣、竖柱、上梁、移徙、纳畜、牧养,嫁娶、安门、动土、安葬
2029-08-26,定,金匮,是,纳采、订盟、嫁娶、祭祀、祈福、普渡、开光、安香、出火、移徙、入宅、竖柱、修造、动土、上梁、起基、盖屋、安门、造庙、造桥、破土、启钻、安葬,开市、立券、纳财、作灶
2029-08-27,执,天德,是,祭祀、捕捉、畋猎、纳畜、牧养、入殓、除服、成服、移柩、破土、安葬、启钻,嫁娶、纳采、订盟、开市、入宅
2029-08-28,破,白虎,否,破屋、坏垣、治病、馀事勿取,行丧、安葬
2029-08-29,危,玉堂,是,祈福、斋醮、出行、冠笄、嫁娶、雕刻、开柱眼、入宅、造桥、开市、交易、立券、纳财、入殓、除服、成服、移柩、破土、安葬、启钻,动土、订盟、安床、开池
2029-08-30,成,天牢,是,祈福、求嗣、解除、订盟、纳采、动土、起基、放水、造仓、开市、纳畜、牧养、开生坟、入殓、除服、成服、移柩、破土、安葬,无
2029-08-31,收,玄武,否,塑绘、开光、解除、订盟、纳采、嫁娶、出火、修造、动土、移徙、入宅、拆卸、起基、安门、分居、开市、交易、立券、纳财、纳畜、牧养,无
2029-09-01,开,司命,是,祈福、出行、订盟、纳采、嫁娶、裁衣、动土、安床、放水、开市、掘井、交易、立券、栽种、开渠、除服、成服、移柩、破土,无
2029-09-02,闭,勾陈,否,嫁娶、祭祀、祈福、斋醮、作灶、移徙、入宅,动土、破土
2029-09-03,建,青龙,否,嫁娶、出行、纳畜、祭祀、入殓、启钻、安葬,作灶、动土、破土
2029-09-04,除,明堂,是,订盟、纳采、祭祀、祈福、修造、动土、上梁、破土、安葬,嫁娶、开市
2029-09-05,满,天刑,否,订盟、纳采、出行、会亲友、修造、上梁、移徙、入宅,开市、安葬
2029-09-06,平,朱雀,否,沐浴、修饰垣墙、平治道涂、馀事勿取,嫁娶、祈福
2029-09-07,定,金匮,是,祭祀、沐浴、修饰垣墙、平治道涂、馀事勿取,嫁娶、入宅、安床、出行
2029-09-08,定,金匮,是,开光、祈福、求嗣、斋醮、修造、动土、纳财、造仓、开厕、栽种、牧养、会亲友,作灶、出火、进人口、开渠、入宅、移徙、祭祀
2029-09-09,执,天德,是,开光、解除、拆卸、修造、动土、竖柱、安门、牧养、安葬、修坟、破土、移柩,出火、入宅、移徙、祈福、祭祀、安床、开市、嫁娶、探病
2029-09-10,破,白虎,否,破屋、坏垣、求医、治病、馀事勿取,移徙、入宅
2029-09-11,危,玉堂,是,嫁娶、纳采、订盟、祭祀、祈福、求嗣、开光、出行、出火、拆卸、修造、动土、进人口、入宅、移徙、安床、上梁、合脊、放水、掘井、破土、移柩、谢土、除服、成服,开市、开仓、安门、安葬
2029-09-12,成,天牢,是,嫁娶、纳采、订盟、祭祀、祈福、求嗣、开光、解除、进人口、入宅、移徙、出火、安床、开市、交易、立券、挂匾,安葬、纳畜、出行、行丧、伐木、栽种、造庙、造桥
2029-09-13,收,玄武,否,祭祀、冠笄、捕捉、馀事勿取,嫁娶、开市、盖屋、作梁、合寿木
2029-09-14,开,司命,是,祭祀、解除、结网、畋猎、取渔、会亲友、入学、移柩、启钻、除服、成服,开市、祈福、动土、破土、入殓、安葬、造船
2029-09-15,闭,勾陈,否,冠笄、沐浴、出行、修造、动土、移徙、入宅、破土、安葬,嫁娶、开市、祭祀、祈福、斋醮、纳采、修坟
2029-09-16,建,青龙,否,祭祀、出行,嫁娶、入宅、修造、动土、会亲友、破土
2029-09-17,除,明堂,是,嫁娶、订盟、纳采、祭祀、祈福、出行、修造、动土、移徙、入宅,针灸、伐木、作梁、造庙、行丧、安葬
2029-09-18,满,天刑,否,出行、开市、交易、立券、安机械、出火、上梁、移徙,嫁娶、安葬、动土、造桥
2029-09-19,平,朱雀,否,祭祀、沐浴、修饰垣墙、平治道涂、馀事勿取,斋醮、嫁娶、移徙、出行、上梁、入宅
2029-09-20,定,金匮,是,嫁娶、造车器、安机械、祭祀、祈福、开光、安香、出火、出行、开市、立券、修造、动土、移徙、入宅、破土、安葬,纳采、订盟、架马、词讼、开渠
2029-09-21,执,天德,是,沐浴、捕捉、入殓、除服、成服、破土、启钻、安葬,祭祀、嫁娶、安床、开市、入宅、探病、上梁
2029-09-22,破,白虎,否,馀事勿取,探病
2029-09-23,危,玉堂,是,订盟、纳采、祭祀、祈福、安香、出火、修造、动土、上梁、安门、起基、竖柱、定磉、开池、移徙、入宅、立券、破土,嫁娶、造庙、造桥、造船、作灶、安葬
2029-09-24,成,天牢,是,开光、求嗣、雕刻、嫁娶、订盟、纳采、出火、拆卸、修造、动土、起基、上梁、放水、移徙、入宅、造仓、造船、开市、开池、纳畜、牧养、挂匾,行丧、安葬、合寿木
2029-09-25,收,玄武,否,祭祀、嫁娶、捕捉,开光、动土、破土、开市、修造、入宅、安门
2029-09-26,开,司命,是,祭祀、普渡、解除、会亲友、捕捉、畋猎、启钻、除服、成服、移柩,嫁娶、开市、动土、掘井、开池、安葬
2029-09-27,闭,勾陈,否,出行、解除、冠笄、嫁娶、伐木、架马、开柱眼、修造、动土、移徙、入宅、开生坟、合寿木、入殓、移柩、破土、安葬、修坟,祭祀、祈福、开光、开市、安床
2029-09-28,建,青龙,否,祭祀、祈福、求嗣、出行、沐浴、交易、扫舍、教牛马,动土、作灶、行丧、安葬、修坟
2029-09-29,除,明堂,是,出行、解除、纳采、冠笄、雕刻、修造、动土、起基、上梁、合脊、安床、移徙、入宅、开市、栽种、开厕,造庙、安门、行丧、安葬
2029-09-30,满,天刑,否,开光、塑绘、出行、解除、冠笄、裁衣、挂匾、作灶、开市、开池、开厕、补垣、塞穴,无
2029-10-01,平,朱雀,否,祭祀、祈福、修饰垣墙、平治道涂、入殓、移柩,嫁娶、入宅、上梁、安门
2029-10-02,定,金匮,是,祭祀、会亲友、纳采、嫁娶、开光、塑绘、斋醮、安香、开市、立券、除服、成服、入殓、移柩、安葬、赴任、进人口、出行、裁衣、修造、动土、上梁、经络、交易,入宅、伐木
2029-10-03,执,天德,是,祭祀、冠笄、会亲友、拆卸、起基、除服、成服、移柩、启钻、安葬、沐浴、捕捉、开光、塑绘,作灶、入宅、嫁娶
2029-10-04,破,白虎,否,祭祀、沐浴、破屋、坏垣、馀事勿取,移徙、入宅、出行、栽种
2029-10-05,危,玉堂,是,祭祀、塑绘、开光、出行、解除、订盟、嫁娶、拆卸、起基、安床、入宅、开市、入殓、除服、成服、移柩、破土、谢土、挂匾、开柱眼、交易,造桥、冠笄、盖屋、掘井
2029-10-06,成,天牢,是,祭祀、会亲友、进人口、动土、上梁、开光、塑绘、冠笄、拆卸、起基、安床、开市、立券、赴任、经络,定磉、安葬
2029-10-07,收,玄武,否,祭祀、裁衣、冠笄、嫁娶、纳婿、会亲友、除服、成服、移柩、捕捉、进人口、入殓,移徙、入宅、作灶
2029-10-08,收,玄武,否,祭祀、冠笄、移徙、会亲友、纳财、理发、捕捉,嫁娶、开市、开池、开厕、破土
2029-10-09,开,司命,是,祭祀、祈福、求嗣、斋醮、开光、出行、嫁娶、求医、治病、动土、破土、入学、起基、扫舍、竖柱、上梁、开仓、出货财、置产、栽种、牧养、开生坟、谢土、立碑,安门、安床、裁衣、入宅、安葬
2029-10-10,闭,勾陈,否,嫁娶、裁衣、冠笄、合帐、祭祀、出行、安床、移徙、塞穴、入殓、破土、移柩、安葬,开市、栽种、置产、词讼、安门、掘井、开光
2029-10-11,建,青龙,否,祭祀、造车器、出行、修造、上梁、盖屋、安门、安床、造畜稠、教牛马,出货财、开仓、动土、破土、安葬、行丧、伐木、开渠、栽种
2029-10-12,除,明堂,是,祭祀、开光、出行、解除、伐木、作梁、出火、拆卸、入宅、移徙、安床、修造、造畜稠、扫舍,造庙、嫁娶、掘井、栽种、造桥、作灶、动土
2029-10-13,满,天刑,否,纳采、订盟、开市、交易、立券、会亲友、纳畜、牧养、问名、移徙、解除、开厕、入学、起基、安床、开仓、出货财、安葬、启钻、入殓、除服、成服,入宅、上梁、斋醮、出火、谢土
2029-10-14,平,朱雀,否,祭祀、平治道涂、馀事勿取,嫁娶、开市
2029-10-15,定,金匮,是,捕捉、畋猎、馀事勿取,开市、交易、祭祀、入宅、安葬
2029-10-16,执,天德,是,嫁娶、纳采、订盟、祭祀、祈福、求嗣、斋醮、开光、安香、出火、造庙、移徙、出行、入宅、起基、竖柱、上梁、安床、纳畜、捕捉、纳婿、安葬,开市、破土、掘井、合寿木
2029-10-17,破,白虎,否,祭祀、沐浴、解除、破屋、坏垣、馀事勿取,开市、嫁娶
2029-10-18,危,玉堂,是,订盟、纳采、会亲友、交易、立券、纳财、栽种、纳畜、牧养,嫁娶、开市、入宅、祈福、安葬
2029-10-19,成,天牢,是,造车器、嫁娶、订盟、纳采、会亲友、祭祀、出行、开市、立券、移徙、入宅、破土、安葬,上梁、开光、盖屋、架马、合寿木
2029-10-20,收,玄武,否,祭祀、作灶、纳财、捕捉、畋猎、馀事勿取,动土、破土、开市、安葬
2029-10-21,开,司命,是,嫁娶、订盟、纳采、祭祀、祈福、出行、求医、治病、出火、移徙、入宅,开市、开仓、出货财、安床、安门、安葬
2029-10-22,闭,勾陈,否,冠笄、祭祀、沐浴、作灶、理发、整手足甲、扫舍、补垣、塞穴、入殓、破土、启钻,开光、嫁娶、会亲友、栽种、针灸、安葬
2029-10-23,建,青龙,否,纳采、订盟、嫁娶、祭祀、祈福、求嗣、置产、求医、治病、开市、交易、立券、会亲友、移徙、竖柱、上梁、盖屋、合脊、安门、放水、捕捉、纳畜,造庙、造船、动土、破土、安葬
2029-10-24,除,明堂,是,出行、造车器、造畜稠、解除、冠笄、裁衣、作梁、雕刻、会亲友、移徙、入宅、安机械、开市、扫舍,嫁娶、动土、破土、修坟
2029-10-25,满,天刑,否,沐浴、理发、冠笄、安床、开市、立券、会亲友、交易、纳财、结网、教牛马,移徙、入宅、出行、祈福、嫁娶
2029-10-26,平,朱雀,否,祭祀、造畜稠、修饰垣墙、平治道涂、馀事勿取,嫁娶、开市、安床、掘井
2029-10-27,定,金匮,是,捕捉、结网、入殓、除服、成服、移柩、破土、安葬、启钻、立碑,嫁娶、祭祀、入宅、盖屋、移徙
2029-10-28,执,天德,是,祭祀、祈福、求嗣、斋醮、造庙、出火、安机械、会亲友、开市、交易、立券、纳财、习艺、经络、求医、治病、开池、开厕、畋猎、结网、栽种、牧养、安葬、破土、启钻,开光、嫁娶、掘井、伐木、作梁
2029-10-29,破,白虎,否,破屋、坏垣、馀事勿取,诸事不宜
2029-10-30,危,玉堂,是,会亲友、嫁娶、订盟、纳采、纳婿、拆卸、修造、动土、起基、竖柱、上梁、安床、纳财,出行、祈福、安葬、作灶
2029-10-31,成,天牢,是,祭祀、塑绘、开光、祈福、斋醮、出行、订盟、纳采、裁衣、嫁娶、拆卸、修造、安床、入宅、安香、入殓、启钻、安葬、谢土、赴任、会亲友、进人口、移徙、上梁、经络、开市、交易、立券、纳财,开仓、冠笄、伐木、作梁
2029-11-01,收,玄武,否,祭祀、作灶、入殓、除服、成服、畋猎,栽种、动土、安葬、开市
2029-11-02,开,司命,是,祭祀、祈福、斋醮、沐浴、竖柱、订盟、纳采、嫁娶、拆卸、入宅、移柩、启钻、谢土、赴任、出火、纳畜,作灶、入殓、安葬、安床
2029-11-03,闭,勾陈,否,嫁娶、祭祀、安机械、入殓、破土、安葬,动土、上梁
2029-11-04,建,青龙,否,作灶、造畜稠,行丧、安葬
2029-11-05,除,明堂,是,沐浴、理发、入学、习艺、进人口,嫁娶、入宅
2029-11-06,除,明堂,是,开光、针灸、会亲友、启钻、安葬,开市、动土、破土
2029-11-07,满,天刑,否,祭祀、塑绘、理发、会亲友、牧养、开池、造畜稠、畋猎、结网,祈福、谢土、安葬、上梁、作灶、开市、嫁娶、出行、入宅、动土
2029-11-08,平,朱雀,否,出行、纳财、开市、交易、立券、动土、移徙、入宅、裁衣、会亲友、拆卸、进人口、安香、经络、出货财、修饰垣墙、平治道涂,造庙、谢土、作灶、作梁、伐木、安葬、行丧、修坟、探病
2029-11-09,定,金匮,是,嫁娶、纳采、订盟、祭祀、斋醮、开光、安香、出火、出行、拆卸、动土、祈福、进人口、纳财、交易、立券、移徙、安床、修造、安葬、除服、成服,置产、掘井、词讼、栽种
2029-11-10,执,天德,是,嫁娶、纳采、订盟、祭祀、开光、出行、解除、伐木、出火、入宅、移徙、拆卸、修造、栽种、安葬、入殓,破土、动土、安门、作灶、开市、交易
2029-11-11,破,白虎,否,祭祀、解除、破屋、坏垣、求医、治病、馀事勿取,嫁娶、安葬
2029-11-12,危,玉堂,是,祭祀、扫舍、破土、安葬、除服、成服、启钻、移柩、入殓、立碑、馀事勿取,嫁娶、入宅、修造、动土
2029-11-13,成,天牢,是,订盟、纳采、会亲友、祭祀、祈福、修造、动土、安机械、破土、安葬,嫁娶、移徙、出火、开市、入宅
2029-11-14,收,玄武,否,祭祀、沐浴、捕捉、畋猎、结网、扫舍,嫁娶、纳采、订盟、安床、动土、破土、安葬
2029-11-15,开,司命,是,开市、纳财、出行、祭祀、祈福、求嗣、斋醮、问名、入学、起基、定磉、置产、开渠、掘井、拆卸、栽种、纳畜、牧养、动土、破土、启钻,移徙、入宅、出火、入殓、安葬
2029-11-16,闭,勾陈,否,祭祀、理发、置产、塞穴、除服、成服、移柩、入殓、破土、安葬,嫁娶、入宅、安床、掘井、开光
2029-11-17,建,青龙,否,祭祀、沐浴、出行、馀事勿取,开市、动土、破土、行丧、安葬
2029-11-18,除,明堂,是,嫁娶、造车器、出行、会亲友、移徙、入宅、修造、动土、雕刻、开光、安香、出火、理发、盖屋、合脊、起基、归岫、安门、拆卸、扫舍、栽种、造畜稠,开市、纳采、造庙、安床、开渠、安葬
2029-11-19,满,天刑,否,塑绘、会亲友、安机械、塞穴、结网、裁衣、经络,嫁娶、开市、祈福、斋醮、安葬
2029-11-20,平,朱雀,否,纳采、移徙、纳财、开市、交易、立券、入宅、修造、动土、竖柱、起基、定磉、造庙、安香、出火、修饰垣墙、平治道涂、会亲友、出行、开池、开厕,开仓、盖屋、造桥、祭祀
2029-11-21,定,金匮,是,订盟、纳采、纳财、开市、立券、祭祀、祈福、移徙、入宅、出行、盖屋、起基、修造、动土、竖柱、上梁、安门、安香、出火、教牛马、会亲友、破土,嫁娶、安葬、掘井、置产、造船
2029-11-22,执,天德,是,嫁娶、订盟、纳采、祭祀、祈福、塑绘、开光、移徙、安床、伐木、作梁、捕捉、畋猎、结网、求医、治病、解除、安葬、除服、成服、移柩、入殓、立碑、谢土,开市、造庙、动土、破土
2029-11-23,破,白虎,否,破屋、坏垣、祭祀、馀事勿取,嫁娶、安葬
2029-11-24,危,玉堂,是,嫁娶、纳采、订盟、祭祀、冠笄、裁衣、伐木、作梁、架马、定磉、开柱眼、作灶、移徙、安床、畋猎、结网、开池、开厕、除服、成服、启钻、入殓、移柩、安葬,盖屋、造船、动土、破土
2029-11-25,成,天牢,是,纳采、订盟、祭祀、祈福、求嗣、斋醮、开光、会亲友、解除、入学、纳财、交易、立券、经络、起基、动土、定磉、开池、栽种、纳畜、牧养、破土、入殓、立碑、安葬,嫁娶、开市、入宅、出火、移徙
2029-11-26,收,玄武,否,捕捉、畋猎、会亲友、解除、入殓、除服、成服、移柩、馀事勿取,安床、安门、破土、修坟、安葬
2029-11-27,开,司命,是,祭祀、祈福、求嗣、斋醮、沐浴、冠笄、出行、理发、拆卸、解除、起基、动土、定磉、安碓磑、开池、掘井、扫舍、除服、成服、移柩、启钻、立碑、谢土,移徙、入宅、安门、作梁、安葬
2029-11-28,闭,勾陈,否,嫁娶、冠笄、安床、纳采、会亲友、塞穴、捕捉、置产、造畜稠,开光、掘井、安葬、谢土、修坟
2029-11-29,建,青龙,否,祭祀、沐浴、馀事勿取,诸事不宜
2029-11-30,除,明堂,是,祭祀、会亲友、嫁娶、沐浴、修造、动土、祈福、开光、塑绘、出行、订盟、纳采、裁衣、入殓、除服、成服、移柩、启钻、赴任、竖柱、上梁、纳财、扫舍、栽种、纳畜、伐木,入宅、作灶、安床、开仓
2029-12-01,满,天刑,否,理发、会亲友、补垣、塞穴、结网,嫁娶、入宅、安门、移徙
2029-12-02,平,朱雀,否,祭祀、祈福、订盟、纳采、裁衣、拆卸、修造、动土、起基、安床、移徙、入宅、安香、除服、成服、入殓、移柩、安葬、谢土、赴任、会亲友、进人口、出行、竖柱、上梁、经络、开市、交易、立券、纳财、开仓,作灶、治病、伐木、作梁
2029-12-03,定,金匮,是,祭祀、祈福、订盟、纳采、裁衣、拆卸、修造、动土、起基、安床、移徙、入宅、安香、入殓、移柩、安葬、谢土、赴任、进人口、会亲友,作灶、治病
2029-12-04,执,天德,是,祭祀、塑绘、开光、订盟、纳采、嫁娶、安床、进人口、入殓、除服、成服、移柩、启钻、安葬、立碑,开市、交易、破土、作灶
2029-12-05,执,天德,是,祭祀、解除、破屋、坏垣、馀事勿取,诸事不宜
2029-12-06,破,白虎,否,祭祀、解除、祈福、开光、塑绘、斋醮、订盟、纳采、裁衣、冠笄、拆卸、修造、动土、入殓、除服、成服、移柩、启钻、安床、赴任、出行、移徙、竖柱、上梁、伐木、栽种、破土、安葬、纳畜,盖屋、治病
2029-12-07,危,玉堂,是,安床、架马、祭祀、塑绘、开光、出行、理发、伐木、作梁、开柱眼、开厕、畋猎、破土、入殓、除服、成服、移柩、启钻、修坟、立碑,作灶、安门、造桥、开市、安葬
2029-12-08,成,天牢,是,嫁娶、祭祀、祈福、求嗣、开光、出行、解除、入宅、移徙、纳畜、入殓、破土、修坟、立碑,伐木、作梁、动土、安床、栽种、造桥
2029-12-09,收,玄武,否,祭祀、沐浴、理发、纳财、进人口、栽种、扫舍、捕捉、畋猎、结网,会亲友、安葬、入宅、移徙、安床、开市、行丧、出火、作灶、安门
2029-12-10,开,司命,是,纳采、订盟、祭祀、祈福、求嗣、塑绘、解除、拆卸、修造、动土、竖柱、上梁、安门、置产、开池、掘井、纳畜、安床、栽种、造畜稠、破土、移柩、立碑,嫁娶、开市、出火、进人口、入殓、赴任、入宅、移徙、出行、安葬
2029-12-11,闭,勾陈,否,入宅、移徙、出行、进人口、修造、动土、起基、上梁、安门、造仓、补垣、塞穴、造畜稠,嫁娶、开市、安床、栽种、安葬、祈福、开光、掘井
2029-12-12,建,青龙,否,造畜稠、教牛马,入宅、移徙、分居、作灶、出火、安香、动土、嫁娶、掘井、扫舍、造桥
2029-12-13,除,明堂,是,订盟、纳采、造车器、祭祀、祈福、出行、安香、修造、动土、上梁、开市、交易、立券、移徙、入宅、会亲友、安机械、栽种、纳畜、盖屋、起基、安床、造畜稠,破土、安葬、行丧、开生坟
2029-12-14,满,天刑,否,订盟、纳采、会亲友、安机械、开光、修造、动土、竖柱、上梁、盖屋、起基、造桥、栽种、纳畜、造畜稠、移柩、入殓、启钻、修坟、立碑、安葬,祈福、出火、嫁娶、入宅、开市、破土
2029-12-15,平,朱雀,否,祭祀、平治道涂、修坟、除服、成服、馀事勿取,移徙、入宅、嫁娶、掘井、安葬
2029-12-16,定,金匮,是,嫁娶、冠笄、祭祀、祈福、求嗣、雕刻、开光、安香、出行、入学、修造、动土、竖柱、上梁、盖屋、起基、安门、出火、移徙、入宅、掘井、造畜稠、安葬、破土、除服、成服,开市、纳采、订盟、作灶、造庙、造船、经络
2029-12-17,执,天德,是,嫁娶、订盟、纳采、祭祀、祈福、求嗣、斋醮、安香、出火、修造、起基、盖屋、合脊、安门、安碓磑、动土、上梁、移徙、入宅,出行、掘井、破土、行丧、安葬
2029-12-18,破,白虎,否,祭祀、沐浴、破屋、坏垣、馀事勿取,嫁娶、移徙、入宅、探病、出行、盖屋
2029-12-19,危,玉堂,是,冠笄、纳财、掘井、开池、出火、安床、交易、立券、畋猎、结网、理发、放水,安门、动土、破土、行丧、安葬、成服
2029-12-20,成,天牢,是,纳采、订盟、移徙、入宅、出行、安机械、会亲友、祭祀、祈福、斋醮、开光、安香、出火、解除、求医、针灸、治病、盖屋、起基、修造、安门、造船、纳畜、牧养、移柩、入殓、启钻、谢土、修坟、立碑,嫁娶、动土、安床、造桥、掘井
2029-12-21,收,玄武,否,祭祀、沐浴、作灶、纳财、捕捉、畋猎、安床、扫舍,开市、斋醮、破土、安葬
2029-12-22,开,司命,是,祈福、斋醮、纳采、订盟、解除、架马、开柱眼、修造、动土、起基、上梁、归岫、盖屋、合脊、掘井、除服、成服、破土、栽种,移徙、开市、入宅、安葬
2029-12-23,闭,勾陈,否,纳采、订盟、祭祀、沐浴、冠笄、合帐、裁衣、修造、动土、拆卸、移徙、入宅、安门、开仓、筑堤、开厕、栽种、纳畜、补垣、塞穴,嫁娶、祈福、开光、掘井、安葬、行丧
2029-12-24,建,青龙,否,合帐、裁衣、教牛马、馀事勿取,入宅、动土、破土、嫁娶、作灶、造船
2029-12-25,除,明堂,是,纳采、订盟、嫁娶、祭祀、祈福、安香、出火、出行、会亲友、经络、求医、治病、解除、拆卸、起基、修造、动土、定磉、扫舍、栽种、牧养、造畜稠,斋醮、作梁、掘井、行丧、安葬
2029-12-26,满,天刑,否,纳财、开市、交易、立券、会亲友、进人口、经络、祭祀、祈福、安香、出火、求医、治病、修造、动土、拆卸、扫舍、安床、栽种、牧养、开生坟、合寿木、入殓、安葬、启钻,嫁娶、移徙、入宅
2029-12-27,平,朱雀,否,祭祀、入殓、移柩、馀事勿取,入宅、修造、动土、破土、安门、上梁
2029-12-28,定,金匮,是,塑绘、开光、订盟、纳采、裁衣、冠笄、拆卸、修造、安床、入宅、出火、安葬、谢土、赴任,掘井、伐木、斋醮、作灶
2029-12-29,执,天德,是,祭祀、塑绘、开光、裁衣、冠笄、嫁娶、纳采、拆卸、修造、动土、竖柱、上梁、安床、移徙、入宅、安香、结网、捕捉、畋猎、伐木、进人口、放水,出行、安葬、修坟、开市
2029-12-30,破,白虎,否,祭祀、求医、破屋、坏垣、馀事勿取,诸事不宜
2029-12-31,危,玉堂,是,祭祀、祈福、斋醮、出行、冠笄、安机械、移徙、入宅、安香、安床、除服、成服、移柩、启钻,开光、栽种、治病、安门、作灶
2030-01-01,成,天牢,是,塑绘、斋醮、出行、拆卸、解除、修造、移徙、造船、入殓、除服、成服、移柩、启钻、修坟、立碑、谢土,无
2030-01-02,收,玄武,否,祭祀、沐浴、安床、纳财、畋猎、捕捉,开市、破土
2030-01-03,开,司命,是,订盟、纳采、祭祀、祈福、修造、动土、上梁、破土,嫁娶、作灶
2030-01-04,开,司命,是,出行、沐浴、理发、补垣、塞穴,入宅、安葬
2030-01-05,闭,勾陈,否,祭祀、祈福、求嗣、沐浴、问名、交易、纳财、入殓、移柩、安葬、修坟、立碑、谢土、造畜稠、教牛马,入宅、置产、嫁娶、动土、栽种、开市、开光、破土
2030-01-06,建,青龙,否,祭祀、教牛马、造畜稠、会亲友、解除、馀事勿取,嫁娶、入宅、出行、动土、破土、安葬、行丧
2030-01-07,除,明堂,是,嫁娶、开光、解除、出火、拆卸、修造、进人口、入宅、移徙、安床、栽种、入殓、修坟、动土、除服、成服,作灶、安葬、祭祀、开市、纳采、订盟、纳畜、谢土、出行、探病
2030-01-08,满,天刑,否,出行、起基、安床、纳财、交易、立券、嫁娶、栽种、入殓、移柩、安葬,挂匾、入宅、上梁、祈福、词讼、作梁、作灶、开池、安门、动土、破土、掘井
2030-01-09,平,朱雀,否,平治道涂、馀事勿取,开光、嫁娶、开仓、出货财、造船、安葬、探病
2030-01-10,定,金匮,是,嫁娶、订盟、纳采、会亲友、祭祀、安机械、移徙、入宅、盖屋、安床、起基、定磉、安香、出火、挂匾、拆卸、置产,开市、出行、安葬、行丧
2030-01-11,执,天德,是,沐浴、捕捉、畋猎、理发、整手足甲、入殓、除服、成服、破土、安葬、谢土、立碑、修坟、启钻,纳采、订盟、嫁娶、上梁、开市、斋醮、盖屋、安门
2030-01-12,破,白虎,否,祭祀、破屋、坏垣、馀事勿取,斋醮、嫁娶、开市
2030-01-13,危,玉堂,是,沐浴、开仓、出货财、开市、交易、立券、纳财、栽种、纳畜、牧养、畋猎、入殓、破土、安葬,祈福、嫁娶、安床、入宅、造船
2030-01-14,成,天牢,是,祭祀、沐浴、补垣、塞穴、断蚁、解除、馀事勿取,造庙、入宅、修造、安葬、行丧、嫁娶
2030-01-15,收,玄武,否,嫁娶、纳采、订盟、问名、祭祀、冠笄、裁衣、会亲友、进人口、纳财、捕捉、作灶,开市、安床、安葬、修坟
2030-01-16,开,司命,是,订盟、纳采、会亲友、祭祀、斋醮、沐浴、塑绘、出火、开光、竖柱、上梁、开市、交易、立券、作梁、开柱眼、伐木、架马、安门、安床、拆卸、牧养、造畜稠、掘井,造庙、嫁娶、出行、动土、安葬、行丧
2030-01-17,闭,勾陈,否,交易、立券、纳财、安床、裁衣、造畜稠、安葬、谢土、启钻、除服、成服、修坟、立碑、移柩、入殓,开光、嫁娶、开市、动土、破土
2030-01-18,建,青龙,否,祭祀、解除、教牛马、会亲友、馀事勿取,破土、动土、安葬
2030-01-19,除,明堂,是,纳采、订盟、移徙、纳财、开市、交易、立券、入宅、会亲友、解除、求医、治病、入学、安床、安门、安香、出火、拆卸、扫舍、挂匾、开生坟、合寿木、破土、修坟、启钻、入殓,探病、祭祀、出行、上梁、盖屋、谢土、安葬
2030-01-20,满,天刑,否,嫁娶、订盟、纳采、祭祀、祈福、求嗣、会亲友、解除、出行、入学、纳财、开市、交易、立券、习艺、经络、安床、开仓、出货财、纳畜、安葬、启钻、修坟、入殓,入宅、开光、动土
2030-01-21,平,朱雀,否,祭祀、冠笄、嫁娶、会亲友、进人口、裁衣、结网、平治道涂,移徙、入宅、造庙、作灶、治病、安葬
2030-01-22,定,金匮,是,祭祀、安碓磑、结网、馀事勿取,嫁娶、安葬
2030-01-23,执,天德,是,嫁娶、祭祀、沐浴、裁衣、出行、理发、移徙、捕捉、畋猎、放水、入宅、除服、成服、启钻、安葬、移柩、入殓,盖屋、开市、动土、破土
2030-01-24,破,白虎,否,破屋、坏垣、馀事勿取,嫁娶、开市、安葬
2030-01-25,危,玉堂,是,纳采、订盟、祭祀、求嗣、出火、塑绘、裁衣、会亲友、入学、拆卸、扫舍、造仓、挂匾、掘井、开池、结网、栽种、纳畜、破土、修坟、立碑、安葬、入殓,祈福、嫁娶、造庙、安床、谢土
2030-01-26,成,天牢,是,入殓、除服、成服、移柩、启钻、安葬、修坟、立碑,开市、伐木、嫁娶、作梁
2030-01-27,收,玄武,否,祭祀、作灶、入殓、除服、馀事勿取,开市、安床
2030-01-28,开,司命,是,塑绘、开光、沐浴、冠笄、会亲友、作灶、放水、造畜稠,嫁娶、入殓、安葬、出行
2030-01-29,闭,勾陈,否,祭祀、沐浴、祈福、斋醮、订盟、纳采、裁衣、拆卸、起基、竖柱、上梁、安床、入殓、除服、成服、移柩、启钻、挂匾、求嗣、出行、合帐、造畜稠,开仓、嫁娶、移徙、入宅
2030-01-30,建,青龙,否,祭祀、解除、馀事勿取,诸事不宜
2030-01-31,除,明堂,是,沐浴、解除、订盟、纳采、裁衣、冠笄、拆卸、修造、动土、移徙、入宅、除服、成服、移柩、破土、启钻、安葬、扫舍、修坟、伐木、纳财、交易、立券,作灶、祭祀、上梁、出行
2030-02-01,满,天刑,否,出行、嫁娶、订盟、纳采、入殓、安床、启钻、安葬、祭祀、裁衣、会亲友、进人口,无
2030-02-02,平,朱雀,否,修饰垣墙、平治道涂、入殓、移柩、馀事勿取,嫁娶、移徙、入宅、开光
2030-02-03,平,朱雀,否,会亲友、纳采、进人口、修造、动土、竖柱、上梁、祭祀、开光、塑绘、祈福、斋醮、嫁娶、安床、移徙、入宅、安香、纳畜,出行、治病、安葬、开市
2030-02-04,定,金匮,是,嫁娶、祭祀、冠笄、修饰垣墙、置产,经络、探病、盖屋、作灶、动土
2030-02-05,执,天德,是,纳采、嫁娶、祭祀、祈福、出行、修造、动土、移徙、入宅、安葬、破土,开市、斋醮
2030-02-06,破,白虎,否,祭祀、沐浴、解除、理发、扫舍、破屋、坏垣、馀事勿取,嫁娶、安葬
2030-02-07,危,玉堂,是,纳采、订盟、祭祀、祈福、安香、出火、修造、出行、开市、移徙、入宅、动土、安葬、破土,安床、作灶、造船、会亲友
2030-02-08,成,天牢,是,塞穴、结网、取渔、畋猎,嫁娶、安门、移徙、入宅、安葬
2030-02-09,收,玄武,否,纳采、祭祀、祈福、出行、会亲友、修造、动土、移徙、入宅,嫁娶、开市、安葬、破土
2030-02-10,开,司命,是,纳采、嫁娶、祭祀、祈福、出行、开市、会亲友、动土、破土、启钻,移徙、入宅、出火、安门、安葬
2030-02-11,闭,勾陈,否,祭祀、祈福、求嗣、斋醮、入殓、除服、成服、移柩、安葬、启钻,嫁娶、动土、开光、盖屋、破土
2030-02-12,建,青龙,否,纳采、会亲友、竖柱、上梁、立券、入殓、移柩、安葬、启钻,祭祀、移徙、入宅、动土、破土
2030-02-13,除,明堂,是,祭祀、祈福、斋醮、出行、开市、立券、动土、移徙、入宅、破土、安葬,开光、嫁娶、作灶、掘井、纳畜
2030-02-14,满,天刑,否,会亲友、求嗣、理发、冠笄、结网、捕捉、开光,开市、动土、安葬、破土
2030-02-15,平,朱雀,否,祭祀、平治道涂、馀事勿取,嫁娶、祈福、掘井、安葬
2030-02-16,定,金匮,是,祈福、求嗣、斋醮、纳采、嫁娶、伐木、修造、动土、移徙、入宅、造庙、安机械、开市、入殓、除服、成服、移柩、安葬、破土、谢土,置产、盖屋、合脊、开光、探病、安门、作灶
2030-02-17,执,天德,是,入学、习艺、出行、纳采、订盟、嫁娶、会亲友、进人口、牧养、捕捉、入殓、移柩、安葬、启钻,开光、开市、入宅、动土、盖屋
2030-02-18,破,白虎,否,祭祀、沐浴、求医、治病、扫舍、破屋、坏垣、解除、馀事勿取,入宅、开市、安葬
2030-02-19,危,玉堂,是,祭祀、冠笄、嫁娶、拆卸、修造、动土、起基、上梁、盖屋、入宅、开市、开池、塞穴、入殓、除服、成服、移柩、安葬、破土,安床、栽种、治病、作灶
2030-02-20,成,天牢,是,祭祀、结网、入殓、除服、成服、移柩、安葬、破土,馀事勿取
2030-02-21,收,玄武,否,塑绘、开光、祈福、求嗣、订盟、纳采、裁衣、冠笄、拆卸、修造、动土、起基、安门、安床、移徙、造仓、结网、纳畜,伐木、作灶、安葬、取渔、入宅
2030-02-22,开,司命,是,祭祀、沐浴、开光、塑绘、祈福、求嗣、订盟、纳采、冠笄、裁衣、嫁娶、动土、除服、成服、移柩、破土、启钻、出行、安碓磑、放水、开市、立券、交易,安葬、上梁、入宅、作灶
2030-02-23,闭,勾陈,否,祭祀、祈福、求嗣、酬神、裁衣、安床、立券、交易、入殓、除服、成服、移柩、谢土、启钻,出行、嫁娶、入宅、动土
2030-02-24,建,青龙,否,裁衣、合帐、入殓、除服、成服、会亲友、纳财,祭祀、祈福、移徙、嫁娶、入宅
2030-02-25,除,明堂,是,祭祀、斋醮、裁衣、合帐、冠笄、订盟、纳采、嫁娶、入宅、安香、谢土、入殓、移柩、破土、立碑、会亲友、出行、祈福、求嗣、上梁、放水,掘井
2030-02-26,满,天刑,否,安床、合帐、入宅、问名、纳采、求嗣、祭祀、开仓,斋醮、作灶、安葬
2030-02-27,平,朱雀,否,作灶、平治道涂,祭祀、祈福、安葬、安门、馀事勿取
2030-02-28,定,金匮,是,塑绘、开光、酬神、斋醮、订盟、纳采、裁衣、合帐、拆卸、动土、上梁、安床、安香、造庙、挂匾、会亲友、进人口、出行、修造、纳财、伐木、放水、出火、纳畜、沐浴、安门,盖屋、栽种、安葬、作灶
2030-03-01,执,天德,是,祭祀、祈福、酬神、订盟、纳采、冠笄、裁衣、合帐、嫁娶、安床、移徙、入宅、安香、入殓、移柩、启钻、安葬、解除、取渔、捕捉、伐木、安门、出火,栽种、动土、开市、作灶
2030-03-02,破,白虎,否,求医、破屋,诸事不宜
2030-03-03,危,玉堂,是,祈福、求嗣、斋醮、塑绘、开光、订盟、纳采、嫁娶、动土、入宅、安香、移柩、安葬、谢土、出行、沐浴、修造、竖柱、上梁、纳财、破土、解除、安门、放水,作灶、安床
2030-03-04,危,玉堂,是,取渔、入殓、除服、成服、移柩、破土、安葬、立碑,嫁娶、上梁、入宅、作灶
2030-03-05,成,天牢,是,祭祀、祈福、求嗣、斋醮、沐浴、开光、理发、经络、解除、治病、立碑、栽种、牧养、掘井、开池,嫁娶、定磉、合寿木、安葬、行丧
2030-03-06,收,玄武,否,纳财、交易、立券、栽种、捕捉、结网、取渔、进人口、教牛马、理发,入宅、盖屋、竖柱、安葬
2030-03-07,开,司命,是,嫁娶、订盟、纳采、祭祀、祈福、出行、修造、动土、移徙、入宅、破土、出火、安门、安床、上梁、立碑、移柩,开市、交易、合帐、安葬
2030-03-08,闭,勾陈,否,冠笄、立券、交易、修造、动土、安机械、入殓、安葬、破土,嫁娶、祈福、出火、入宅
2030-03-09,建,青龙,否,祭祀、会亲友、出行、立券、交易、冠笄、纳财,嫁娶、动土、掘井、起基、定磉、破土
2030-03-10,除,明堂,是,祭祀、沐浴、解除、扫舍、塞穴、牧养,嫁娶、安葬、行丧、安门
2030-03-11,满,天刑,否,纳财、开市、交易、立券、开光、针灸、会亲友、理发、安床、造仓、结网,移徙、入宅、栽种
2030-03-12,平,朱雀,否,嫁娶、冠笄、会亲友、安机械、纳财、交易、立券、置产,开市、盖屋、治病、作灶
2030-03-13,定,金匮,是,嫁娶、造车器、纳采、订盟、祭祀、祈福、安机械、移徙、入宅、开市、立券、破土、安葬,纳畜、理发、合寿木
2030-03-14,执,天德,是,祈福、斋醮、出行、移徙、入宅、修造、动土、破土、安葬,纳采、开光、安床、嫁娶、开市
2030-03-15,破,白虎,否,破屋、坏垣、馀事勿取,嫁娶、移徙、开市、入宅
2030-03-16,危,玉堂,是,嫁娶、冠笄、祭祀、出行、会亲友、修造、动土、入殓、破土,塑绘、开光、造桥、除服、成服
2030-03-17,成,天牢,是,开光、求嗣、出行、纳采、冠笄、出火、拆卸、起基、修造、动土、上梁、移徙、造船、开市、交易、立券、纳财,祈福、嫁娶、安葬、破土
2030-03-18,收,玄武,否,理发、冠笄、嫁娶、进人口、栽种、捕捉、针灸,纳财、开市、安葬、破土
2030-03-19,开,司命,是,开光、祈福、求嗣、出行、解除、伐木、盖屋、起基、修造、架马、安门、移徙、入宅、造庙、除服、成服、移柩、谢土、纳畜、牧养,纳采、动土、开市、交易
2030-03-20,闭,勾陈,否,裁衣、经络、伐木、开柱眼、拆卸、修造、动土、上梁、合脊、合寿木、入殓、除服、成服、移柩、破土、安葬、启钻、修坟、立碑,祭祀、嫁娶、出行、掘井
2030-03-21,建,青龙,否,祭祀、会亲友、立券、交易、裁衣、合帐、嫁娶、冠笄、进人口,栽种、动土、安葬、掘井、修坟、探病
2030-03-22,除,明堂,是,扫舍、塞穴、馀事勿取,诸事不宜
2030-03-23,满,天刑,否,塑绘、开光、订盟、纳采、裁衣、合帐、冠笄、安机械、会亲友、纳财、开市、立券、交易、安床、竖柱、上梁、结网、栽种、解除、经络,作灶、出行、入宅、安葬
2030-03-24,平,朱雀,否,祭祀、嫁娶、纳婿、除服、成服、入殓、移柩,动土、作灶、入宅、开光、安床
2030-03-25,定,金匮,是,祈福、求嗣、开光、塑绘、斋醮、订盟、纳采、嫁娶、拆卸、安床、入宅、安香、移柩、修坟、安葬、谢土、栽种、解除、冠笄、裁衣、移徙、修造、动土、竖柱、放水、启钻、立碑,赴任
2030-03-26,执,天德,是,祭祀、解除、入殓、除服、成服、移柩、启钻、安葬、修坟、立碑、谢土、沐浴、扫舍、捕捉、取渔、结网、畋猎、理发,安床、嫁娶、作灶、入宅
2030-03-27,破,白虎,否,破屋、坏垣,诸事不宜
2030-03-28,危,玉堂,是,祭祀、出行、订盟、纳采、裁衣、合帐、冠笄、进人口、动土、安床、作灶、入殓、移柩、安葬、破土、结网、取渔、畋猎,作梁、造庙
2030-03-29,成,天牢,是,祭祀、开光、塑绘、订盟、纳采、合帐、冠笄、拆卸、动土、起基、上梁、入宅、安香、开市、立券、纳财、沐浴、求嗣、出火、竖柱、安门,造庙、嫁娶、伐木、安葬
2030-03-30,收,玄武,否,祭祀、沐浴、捕捉、栽种,嫁娶、入宅、移徙、作灶、安葬
2030-03-31,开,司命,是,祭祀、开光、塑绘、酬神、斋醮、订盟、纳采、嫁娶、裁衣、动土、起基、出火、拆卸、移徙、入宅、安香、修造、竖柱、上梁、纳畜、牧养、祈福、求嗣、解除、伐木、定磉、盖屋、安门,栽种、安葬
2030-04-01,闭,勾陈,否,订盟、纳采、冠笄、拆卸、修造、动土、安床、入殓、除服、成服、移柩、安葬、破土、启钻、造仓,作灶、开光、嫁娶、开市、入宅
2030-04-02,建,青龙,否,祈福、开光、塑绘、酬神、订盟、纳采、裁衣、安床、开市、立券、入殓、除服、成服、移柩、启钻、安葬、立碑、赴任、会亲友、出行、交易、竖柱,作灶、掘井、动土、栽种
2030-04-03,建,青龙,否,祭祀、扫舍、塞穴,栽种、作灶、安葬、嫁娶
2030-04-04,除,明堂,是,开光、塑绘、裁衣、冠笄、伐木、拆卸、竖柱、上梁、开仓、会亲友、安机械、造仓、盖屋、交易、解除、开市、立券、纳财,出行、嫁娶、入宅、安葬
2030-04-05,满,天刑,否,祭祀、塑绘、开光、纳采、嫁娶、开市、出行、会亲友、安床、结网、除服、成服、启钻、安葬、移柩,祈福、入宅、盖屋、动土、破土、探病
2030-04-06,平,朱雀,否,祭祀、作灶、平治道涂、馀事勿取,安床、入宅、安碓磑、栽种
2030-04-07,定,金匮,是,祭祀、祈福、求嗣、斋醮、沐浴、纳畜、入殓、破土、安葬,移徙、入宅、嫁娶、出行、安床
2030-04-08,执,天德,是,纳采、祭祀、祈福、求嗣、斋醮、出行、起基、盖屋、定磉、安门、入殓、安葬,嫁娶、开市、纳财、出火
2030-04-09,破,白虎,否,祭祀、沐浴、解除、求医、治病、破屋、坏垣、馀事勿取,祈福、斋醮、开市、安葬
2030-04-10,危,玉堂,是,沐浴、捕捉、畋猎、结网、取渔,祭祀、嫁娶、入宅、作灶、安葬
2030-04-11,成,天牢,是,祭祀、祈福、求嗣、斋醮、纳采、订盟、开光、竖柱、上梁、开仓、出货财、盖屋、起基、定磉、安门、诸事不宜、破土、入殓、启钻、谢土,出火、嫁娶、开市
2030-04-12,收,玄武,否,祭祀、捕捉、解除、馀事勿取,嫁娶、安葬
2030-04-13,开,司命,是,纳采、嫁娶、出行、开市、立券、纳畜、牧养、出火、移徙、入宅,祈福、动土、破土、安葬、入殓
2030-04-14,闭,勾陈,否,祭祀、祈福、求嗣、斋醮、冠笄、作灶、纳财、交易,开光、嫁娶、掘井、安葬、安门、探病
2030-04-15,建,青龙,否,祭祀、解除、教牛马、出行、馀事勿取,动土、破土、行丧、开光、作梁、安葬、探病
2030-04-16,除,明堂,是,沐浴、斋醮、解除、求医、治病、会亲友、造畜稠、栽种、理发、扫舍,开市、嫁娶、移徙、入宅、掘井、安葬
2030-04-17,满,天刑,否,求嗣、出行、解除、订盟、纳采、嫁娶、会亲友、进人口、安床、开市、交易、纳畜、牧养、入殓、除服、成服、移柩、安葬、启钻,祈福、修造、动土、破土、谢土
2030-04-18,平,朱雀,否,祭祀、作灶、平治道涂、馀事勿取,嫁娶、安葬、动土、安床、治病
2030-04-19,定,金匮,是,造车器、祭祀、祈福、求嗣、斋醮、开市、交易、安机械、雕刻、开光、盖屋、合脊、起基、定磉、安门、纳畜、安葬、开生坟、立碑、谢土,入宅、动土、开仓、出货财
2030-04-20,执,天德,是,祭祀、祈福、开光、求嗣、斋醮、纳采、订盟、求医、治病、起基、定磉、造船、取渔、解除、安葬、启钻、谢土、入殓,开市、动土、掘井、开池
2030-04-21,破,白虎,否,祭祀、沐浴、破屋、坏垣、求医、治病、解除、馀事勿取,嫁娶、开市、交易、入宅、安葬
2030-04-22,危,玉堂,是,诸事不宜,无
2030-04-23,成,天牢,是,祭祀、塑绘、开光、订盟、纳采、冠笄、裁衣、安机械、拆卸、修造、动土、安床、经络、开市,出火、入宅、安葬、伐木
2030-04-24,收,玄武,否,祭祀、馀事勿取,造庙、嫁娶、安床
2030-04-25,开,司命,是,订盟、纳采、嫁娶、进人口、会亲友、交易、立券、动土、除服、谢土、移柩、破土、启钻、赴任、出行、开市、纳财、栽种,入殓、安葬、入宅、安床
2030-04-26,闭,勾陈,否,祭祀、祈福、裁衣、合帐、安床、入殓、除服、成服、移柩、破土、启钻、安葬、谢土、立碑、造畜稠,掘井、安门、嫁娶、纳采
2030-04-27,建,青龙,否,祭祀、进人口、嫁娶、安床、解除、冠笄、出行、裁衣、扫舍,掘井、动土、破土、安葬、开光
2030-04-28,除,明堂,是,纳采、开光、求医、治病、动土、上梁、移徙、入宅,嫁娶、开市、安葬
2030-04-29,满,天刑,否,祭祀、会亲友、开市、安床、启钻、安葬,嫁娶、动土、破土
2030-04-30,平,朱雀,否,祭祀、作灶、掘井、平治道涂,嫁娶、安葬
2030-05-01,定,金匮,是,祭祀、斋醮、开市、动土、入殓、破土、安葬,嫁娶、移徙、入宅
2030-05-02,定,金匮,是,嫁娶、纳采、祭祀、祈福、出行、移徙、求医,开市、动土、破土
2030-05-03,执,天德,是,祭祀、求医、治病、解除、馀事勿取,诸事不宜
2030-05-04,破,白虎,否,沐浴、结网、取渔,嫁娶、入宅、安葬
2030-05-05,危,玉堂,是,订盟、纳采、嫁娶、解除、祭祀、祈福、求嗣、开光、出行、出火、拆卸、入宅、移徙、安床、栽种、纳畜、动土、破土、谢土、安葬、修坟,作灶、开市、经络
2030-05-06,成,天牢,是,祭祀、祈福、求嗣、开光、订盟、纳采、解除、动土、起基、进人口、开市、交易、立券、纳财、造仓、开池、栽种、纳畜、破土、安葬,安床、上梁、裁衣、入宅、嫁娶
2030-05-07,收,玄武,否,祭祀、结网、捕捉、馀事勿取,探病、嫁娶、开市
2030-05-08,开,司命,是,祭祀、祈福、求嗣、开光、纳采、订盟、嫁娶、出行、动土、破土、会亲友、开市、交易、立券、习艺、拆卸、起基、安碓磑、放水、开池、造仓、开渠、栽种、谢土、启钻、修坟、立碑,入宅、安门、安葬
2030-05-09,闭,勾陈,否,嫁娶、冠笄、祭祀、出行、移徙、入宅、作灶、造车器、补垣、塞穴、开厕、破土、启钻、除服、成服、入殓,盖屋、造桥、安门、安葬、上梁
2030-05-10,建,青龙,否,祭祀、解除、断蚁、会亲友、馀事勿取,嫁娶、安葬
2030-05-11,除,明堂,是,嫁娶、纳采、订盟、祭祀、祈福、治病、造车器、修造、动土、移徙、入宅,开市、出行、安床、作灶、安葬
2030-05-12,满,天刑,否,嫁娶、纳采、订盟、会亲友、安机械、结网、冠笄、祭祀、求嗣、进人口、经络,开市、作灶、动土、行丧、安葬
2030-05-13,平,朱雀,否,祭祀、沐浴、移徙、破土、安葬、扫舍、平治道涂,祈福、嫁娶、入宅、安床、作灶
2030-05-14,定,金匮,是,祭祀、祈福、斋醮、求嗣、安机械、纳畜、移徙、入宅、塑绘、开光、起基、竖柱、上梁、作灶、安门、安香、出火、盖屋、启钻、安葬,动土、破土、嫁娶
2030-05-15,执,天德,是,嫁娶、纳采、订盟、斋醮、开光、祭祀、祈福、求医、治病、会亲友、动土、解除、捕捉、纳畜、牧养、入殓、破土、安葬,移徙、入宅、盖屋、架马
2030-05-16,破,白虎,否,祭祀、沐浴、解除、破屋、坏垣、馀事勿取,行丧、安葬
2030-05-17,危,玉堂,是,沐浴、扫舍、馀事勿取,斋醮、开市、嫁娶、作灶
2030-05-18,成,天牢,是,开市、交易、立券、安机械、会亲友、开光、求医、治病、盖屋、起基、修造、动土、定磉、竖柱、上梁、安门、作灶、放水、开厕、开池、栽种、牧养、造畜稠、破土、安葬、立碑,嫁娶、出火、移徙、入宅
2030-05-19,收,玄武,否,栽种、捕捉、畋猎、馀事勿取,开市、动土、祭祀、斋醮、安葬、探病
2030-05-20,开,司命,是,嫁娶、祭祀、祈福、求嗣、斋醮、订盟、纳采、解除、出行、动土、破土、习艺、针灸、理发、会亲友、起基、修造、竖柱、定磉、安床、拆卸、纳畜、牧养、放水、除服、成服、修坟、立碑,开市、入宅、探病、出火、盖屋
2030-05-21,闭,勾陈,否,馀事勿取,无
2030-05-22,建,青龙,否,塞穴、断蚁、结网、馀事勿取,破土、安葬
2030-05-23,除,明堂,是,开光、出行、纳采、嫁娶、伐木、架马、出火、拆卸、移徙、入宅、造庙、造桥、造船、造畜稠、开市、入殓、除服、成服、移柩、安葬,无
2030-05-24,满,天刑,否,进人口、牧养、置产、塞穴、结网、馀事勿取,诸事不宜
2030-05-25,平,朱雀,否,开光、出行、嫁娶,会亲友、进人口、修造、动土、起基、移徙、开市、纳畜、入殓、除服、成服、移柩、破土、安葬、修坟、立碑
2030-05-26,定,金匮,是,嫁娶、纳采、出行、祭祀、祈福、开市、动土、移徙、入宅、破土、安葬,安门
2030-05-27,执,天德,是,嫁娶、纳采、求医、治病、修造、动土、移徙、入宅、破土、安葬,开市、开光
2030-05-28,破,白虎,否,祭祀、破屋、坏垣、馀事勿取,诸事不宜
2030-05-29,危,玉堂,是,嫁娶、纳采、祭祀、祈福、出行、动土、上梁、移徙、入宅、破土、安葬,斋醮
2030-05-30,成,天牢,是,纳采、祭祀、祈福、开市、求医、治病、动土、纳畜,嫁娶、安葬
2030-05-31,收,玄武,否,嫁娶、纳采、出行、移徙、入宅,动土、破土、安葬
2030-06-01,收,玄武,否,订盟、纳采、祭祀、动土、破土、交易、立券,嫁娶、安葬
2030-06-02,开,司命,是,嫁娶、裁衣、祭祀、出行、安床、作灶、移徙、入宅、破土、安葬,赴任、捕捉
2030-06-03,闭,勾陈,否,塞穴、结网、馀事勿取,诸事不宜
2030-06-04,建,青龙,否,嫁娶、订盟、纳采、出行、祭祀、祈福、斋醮、动土、上梁、破土、安葬,移徙、入宅
2030-06-05,除,明堂,是,嫁娶、祭祀、祈福、求嗣、开光、出行、解除、出火、拆卸、修造、进人口、入宅、移徙、动土、安床、纳畜、栽种、纳财、交易、立券、挂匾、造畜稠,安葬、开生坟、行丧
2030-06-06,满,天刑,否,安机械、祭祀、祈福、求嗣、沐浴、解除、纳采、开市、修造、竖柱、上梁、开柱眼、安碓磑、归岫、补垣、塞穴、拆卸、放水、出火、扫舍、开生坟、合寿木、安葬、谢土、启钻、除服、成服,嫁娶、安床、作灶、动土、破土、造船
2030-06-07,平,朱雀,否,祭祀、沐浴、理发、整手足甲、修饰垣墙、平治道涂、馀事勿取,开市、入宅、出行、修造、词讼
2030-06-08,定,金匮,是,嫁娶、纳采、祭祀、祈福、出行、立券、移徙、入宅、动土、破土、安葬,开光、作灶、盖屋、架马、开仓
2030-06-09,执,天德,是,纳采、订盟、冠笄、祭祀、祈福、斋醮、出行、修造、动土、移徙、入宅、安香、出火、拆卸、盖屋、起基、竖柱、上梁、定磉、安门、开池,嫁娶、开市、合寿木、安葬
2030-06-10,破,白虎,否,祭祀、沐浴、破屋、坏垣、馀事勿取,入宅、嫁娶、移徙
2030-06-11,危,玉堂,是,嫁娶、安机械、交易、出行、祭祀、祈福、求嗣、斋醮、塑绘、开光、合帐、裁衣、放水、开池、掘井,作灶、理发、造桥、行丧、安葬
2030-06-12,成,天牢,是,纳采、冠笄、求医、治病、开市、立券、修造、动土、安机械、破土、安葬,斋醮、祭祀、移徙、入宅、上梁、嫁娶
2030-06-13,收,玄武,否,祭祀、作灶、馀事勿取,开市、安葬、破土、修坟、掘井
2030-06-14,开,司命,是,祭祀、祈福、求嗣、斋醮、安香、解除、移徙、入宅、会亲友、求医、治病、动土、破土、开生坟、合寿木,合帐、上梁、经络、安葬、入殓
2030-06-15,闭,勾陈,否,嫁娶、冠笄、修造、动土、作灶、移徙、入宅、补垣、塞穴、纳畜、牧养、架马、起基、定磉、开池、造船,祈福、开光、掘井、开市、安葬
2030-06-16,建,青龙,否,祭祀、交易、纳财,斋醮、开渠、上梁、动土、破土
2030-06-17,除,明堂,是,嫁娶、订盟、纳采、冠笄、会亲友、安机械、造车器、祭祀、出行、纳财、入宅、安香、出火、入学、塑绘、开光、拆卸、起基、修造、动土、牧养、栽种、安门、开厕,行丧、伐木、作梁、作灶
2030-06-18,满,天刑,否,开光、求嗣、出行、冠笄、嫁娶、伐木、架马、开柱眼、修造、移徙、入宅、开市、交易、立券、安香、出火、挂匾、起基、开生坟、合寿木、入殓、除服、成服、移柩、安葬,安床、出货财、作灶、动土、破土
2030-06-19,平,朱雀,否,祭祀、沐浴、理发、嫁娶、作灶、整手足甲、扫舍、修饰垣墙、平治道涂,斋醮、出行、治病、合寿木
2030-06-20,定,金匮,是,安机械、移徙、入宅、出行、祭祀、祈福、斋醮、纳采、订盟、安香、出火、解除、会亲友、修造、动土、拆卸、起基、定磉、盖屋、安床、破土、安葬、入殓、立碑,开市、伐木、作梁、作灶
2030-06-21,执,天德,是,祭祀、沐浴、捕捉、结网、畋猎、取渔、馀事勿取,开市、交易、嫁娶、安葬、行丧
2030-06-22,破,白虎,否,破屋、坏垣、求医、治病、畋猎、馀事勿取,嫁娶、入宅
2030-06-23,危,玉堂,是,嫁娶、出行、安机械、祭祀、塑绘、开光、治病、经络、安床、结网、塞穴、破土、入殓,开市、安门、掘井、作灶
2030-06-24,成,天牢,是,订盟、纳采、会亲友、进人口、雕刻、拆卸、修造、动土、起基、开市、栽种、纳畜、牧养、入殓、除服、成服、移柩、破土、安葬,无
2030-06-25,收,玄武,否,祭祀、捕捉、取渔、修饰垣墙、馀事勿取,诸事不宜
2030-06-26,开,司命,是,嫁娶、纳采、祭祀、祈福、求医、治病、出行、动土、移徙、入宅,开市、安门
2030-06-27,闭,勾陈,否,裁衣、作灶、移徙、入宅、纳畜,嫁娶、安葬
2030-06-28,建,青龙,否,祭祀、入殓、移柩、启钻、安葬,上梁、动土、破土
2030-06-29,除,明堂,是,订盟、纳采、出行、祈福、斋醮、安床、会亲友,移徙、入宅、安葬
2030-06-30,满,天刑,否,嫁娶、纳采、出行、求医、治病、开市、移徙、入宅、启钻、安葬,动土、破土
2030-07-01,满,天刑,否,嫁娶、祭祀、沐浴、扫舍、修饰垣墙,行丧、安葬
2030-07-02,平,朱雀,否,嫁娶、订盟、纳采、出行、开市、祭祀、祈福、动土、移徙、入宅、破土、安葬,作灶
2030-07-03,定,金匮,是,订盟、纳采、出行、祭祀、祈福、修造、动土、移徙、入宅,开市、安葬
2030-07-04,执,天德,是,诸事不宜,无
2030-07-05,破,白虎,否,嫁娶、订盟、纳采、祭祀、祈福、入殓、破土、安葬,开光、开市
2030-07-06,危,玉堂,是,开光、求医、治病、动土、上梁、入殓、破土、安葬,嫁娶
2030-07-07,成,天牢,是,嫁娶、订盟、纳采、祭祀、祈福、斋醮、开光、会亲友、求医、治病、盖屋、起基、竖柱、上梁、安门、安碓磑、筑堤、开池、破土、安葬、除服、成服,入宅、开市、掘井、词讼、合寿木
2030-07-08,收,玄武,否,纳采、订盟、嫁娶、移徙、入宅、出行、祭祀、祈福、斋醮、塑绘、开光、安香、出火、会亲友、解除、入学、竖柱、上梁、拆卸、盖屋、起基、栽种、牧养、纳畜,安葬、破土、开市、开仓、出货财、启钻
2030-07-09,开,司命,是,纳采、订盟、嫁娶、祭祀、沐浴、塑绘、开光、出火、治病、习艺、伐木、盖屋、竖柱、上梁、安床、作灶、安碓磑、挂匾、掘井、纳畜,出行、安葬、造桥
2030-07-10,闭,勾陈,否,祭祀、入殓、除服、成服、移柩、破土、启钻、安葬、塞穴、断蚁、结网,开市、入宅、嫁娶、开光、盖屋
2030-07-11,建,青龙,否,祭祀、修造、出行、盖屋、竖柱、造车器、教牛马、造畜稠、割蜜,动土、破土、掘井、安葬
2030-07-12,除,明堂,是,祭祀、沐浴、塑绘、开光、入学、解除、扫舍、治病、开池、牧养,嫁娶、出行、纳采、入宅、作灶
2030-07-13,满,天刑,否,纳财、开市、交易、立券、出行、祭祀、祈福、求嗣、开光、解除、扫舍、起基、竖柱、安床、移徙、开仓、出货财、补垣、塞穴、栽种、纳畜、牧养,斋醮、入宅、安门、安葬、破土、行丧
2030-07-14,平,朱雀,否,祭祀、修饰垣墙、平治道涂,开市、动土、破土、嫁娶、修造、安葬
2030-07-15,定,金匮,是,订盟、纳采、祭祀、祈福、开光、安香、出火、立券、安机械、移徙、入宅、竖柱、上梁、会亲友、安床、拆卸、挂匾、牧养、教牛马,嫁娶、安葬、行丧、破土、修坟
2030-07-16,执,天德,是,沐浴、理发、捕捉、入殓、移柩、破土、启钻、安葬,出火、嫁娶、入宅、作灶、上梁、动土
2030-07-17,破,白虎,否,求医、治病、破屋、坏垣、馀事勿取,嫁娶、出行
2030-07-18,危,玉堂,是,纳采、订盟、嫁娶、移徙、入宅、出行、开市、交易、立券、纳财、会亲友、安香、出火、拆卸、盖屋、起基、安床、作灶、挂匾、安葬、破土、启钻、立碑、入殓、移柩,祈福、上梁、开仓、掘井、牧养
2030-07-19,成,天牢,是,祭祀、祈福、斋醮、出行、纳采、订盟、安机械、出火、拆卸、修造、动土、起基、移徙、入宅、造庙、入殓、除服、成服、移柩、破土、安葬、谢土,嫁娶、开市、栽种、合寿木
2030-07-20,收,玄武,否,祭祀、进人口、纳财、纳畜、牧养、捕捉、馀事勿取,开市、入宅、安床、动土、安葬
2030-07-21,开,司命,是,祭祀、塑绘、开光、求医、治病、嫁娶、会亲友、放水、掘井、牧养、纳畜、开渠、安碓磑,盖屋、入宅、作灶、入学、安葬、行丧
2030-07-22,闭,勾陈,否,祭祀、塞穴、结网、畋猎、馀事勿取,移徙、开市、入宅、嫁娶、开光、安门
2030-07-23,建,青龙,否,开市、纳财、祭祀、塑绘、安机械、冠笄、会亲友、裁衣、开仓、经络、纳畜、造畜稠、教牛马、牧养,动土、破土、安葬、治病
2030-07-24,除,明堂,是,移徙、入宅、治病、会亲友、祭祀、祈福、斋醮、安香、嫁娶、盖屋、起基,开市、安床、出行、经络
2030-07-25,满,天刑,否,塑绘、出行、冠笄、嫁娶、进人口、裁衣、纳婿、造畜稠、交易、立券、牧养、开生坟、入殓、除服、成服、移柩、安葬、启钻,无
2030-07-26,平,朱雀,否,祭祀、冠笄、嫁娶、捕捉、结网、畋猎、取渔、馀事勿取,无
2030-07-27,定,金匮,是,沐浴、扫舍、馀事勿取,诸事不宜
2030-07-28,执,天德,是,纳采、祭祀、祈福、解除、动土、破土、安葬,嫁娶、移徙、入宅
2030-07-29,破,白虎,否,祭祀、破屋、坏垣、馀事勿取,诸事不宜
2030-07-30,破,白虎,否,嫁娶、纳采、开市、出行、动土、上梁、移徙、入宅、破土、安葬,祭祀、祈福
2030-07-31,危,玉堂,是,嫁娶、纳采、开市、出行、动土、上梁、移徙、入宅、破土、安葬,赴任
2030-08-01,成,天牢,是,祭祀、作灶、纳财、捕捉,开市、破土
2030-08-02,收,玄武,否,嫁娶、开市、立券、祭祀、祈福、动土、移徙、入宅,造庙、安葬
2030-08-03,开,司命,是,补垣、塞穴、结网、入殓、除服、成服、移柩、安葬、启钻、馀事勿取,诸事不宜
2030-08-04,闭,勾陈,否,嫁娶、纳采、出行、祭祀、祈福、解除、移徙、入宅,动土、安葬
2030-08-05,建,青龙,否,嫁娶、祭祀、祈福、斋醮、治病、破土、安葬,开市、入宅
2030-08-06,除,明堂,是,嫁娶、出行、开市、安床、入殓、启钻、安葬,祈福、动土、破土
2030-08-07,满,天刑,否,沐浴、理发、会亲友、塑绘、开光、栽种、牧养、嫁娶、经络、补垣、塞穴,开市、入宅、动土、破土、安葬、作灶、上梁、安床、开仓、祈福
2030-08-08,平,朱雀,否,祭祀、理发、作灶、沐浴、修饰垣墙、平治道涂,嫁娶、栽种、祈福、造桥、安葬、安门、伐木、作梁
2030-08-09,定,金匮,是,嫁娶、纳采、订盟、祭祀、祈福、斋醮、普渡、移徙、入宅、出行、安机械、开光、修造、动土、竖柱、上梁、盖屋、起基、定磉、安门、安葬、破土,开市、立券、置产、作灶、造桥
2030-08-10,执,天德,是,祭祀、普渡、捕捉、解除、结网、畋猎、入殓、破土、安葬,开市、交易、入宅、嫁娶
2030-08-11,破,白虎,否,沐浴、破屋、坏垣、馀事勿取,斋醮、开市
2030-08-12,危,玉堂,是,订盟、纳采、祭祀、祈福、安香、出火、开市、立券、入宅、挂匾、造桥、启钻、安葬,动土、破土、嫁娶、掘井、安床
2030-08-13,成,天牢,是,嫁娶、祭祀、祈福、斋醮、普渡、移徙、入宅、动土、治病、开市、交易、立券、开光、修造、造车器、安香、安床、捕捉、畋猎、结网,纳采、订盟、经络、行丧、安葬、探病
2030-08-14,收,玄武,否,嫁娶、订盟、纳采、作灶、冠笄、裁衣、会亲友、纳畜、牧养、安机械、开市、立券、纳财、安床,掘井、出行、破土、行丧、安葬
2030-08-15,开,司命,是,嫁娶、订盟、纳采、祭祀、斋醮、普渡、解除、出行、会亲友、开市、纳财、修造、动土、竖柱、上梁、开光、开仓、出货财、纳畜、牧养、开池、破土、启钻,出火、入宅、盖屋、安门、安葬
2030-08-16,闭,勾陈,否,嫁娶、普渡、祭祀、祈福、补垣、塞穴、断蚁、筑堤、入殓、除服、成服、安葬,动土、破土、掘井、开光、上梁、词讼
2030-08-17,建,青龙,否,嫁娶、冠笄、祭祀、沐浴、普渡、出行、纳财、扫舍、纳畜、赴任,开市、动土、破土、安床、开仓、上梁
2030-08-18,除,明堂,是,祭祀、沐浴、理发、整手足甲、冠笄、解除、入殓、移柩、破土、启钻、安葬,嫁娶、出行、入宅、开市、安门
2030-08-19,满,天刑,否,塑绘、冠笄、嫁娶、会亲友、进人口、经络、裁衣、栽种、纳畜、牧养、补垣、塞穴、捕捉,祈福、开市、动土、行丧、安葬
2030-08-20,平,朱雀,否,出行、沐浴、订盟、纳采、裁衣、竖柱、上梁、移徙、纳畜、牧养,嫁娶、安门、动土、安葬
2030-08-21,定,金匮,是,纳采、订盟、嫁娶、祭祀、祈福、普渡、开光、安香、出火、移徙、入宅、竖柱、修造、动土、上梁、起基、盖屋、安门、造庙、造桥、破土、启钻、安葬,开市、立券、纳财、作灶
2030-08-22,执,天德,是,祭祀、捕捉、畋猎、纳畜、牧养、入殓、除服、成服、移柩、破土、安葬、启钻,嫁娶、纳采、订盟、开市、入宅
2030-08-23,破,白虎,否,破屋、坏垣、治病、馀事勿取,行丧、安葬
2030-08-24,危,玉堂,是,祈福、斋醮、出行、冠笄、嫁娶、雕刻、开柱眼、入宅、造桥、开市、交易、立券、纳财、入殓、除服、成服、移柩、破土、安葬、启钻,动土、订盟、安床、开池
2030-08-25,成,天牢,是,祈福、求嗣、解除、订盟、纳采、动土、起基、放水、造仓、开市、纳畜、牧养、开生坟、入殓、除服、成服、移柩、破土、安葬,无
2030-08-26,收,玄武,否,塑绘、开光、解除、订盟、纳采、嫁娶、出火、修造、动土、移徙、入宅、拆卸、起基、安门、分居、开市、交易、立券、纳财、纳畜、牧养,无
2030-08-27,开,司命,是,祈福、出行、订盟、纳采、嫁娶、裁衣、动土、安床、放水、开市、掘井、交易、立券、栽种、开渠、除服、成服、移柩、破土,无
2030-08-28,闭,勾陈,否,嫁娶、祭祀、祈福、斋醮、作灶、移徙、入宅,动土、破土
2030-08-29,闭,勾陈,否,嫁娶、出行、纳畜、祭祀、入殓、启钻、安葬,作灶、动土、破土
2030-08-30,建,青龙,否,订盟、纳采、祭祀、祈福、修造、动土、上梁、破土、安葬,嫁娶、开市
2030-08-31,除,明堂,是,订盟、纳采、出行、会亲友、修造、上梁、移徙、入宅,开市、安葬
2030-09-01,满,天刑,否,沐浴、修饰垣墙、平治道涂、馀事勿取,嫁娶、祈福
2030-09-02,平,朱雀,否,嫁娶、祭祀、祈福、斋醮、动土、移徙、入宅,开市、安葬
2030-09-03,定,金匮,是,捕捉、结网、入殓、破土、安葬,嫁娶、入宅
2030-09-04,执,天德,是,沐浴、治病、破屋、坏垣、馀事勿取,诸事不宜
2030-09-05,破,白虎,否,嫁娶、订盟、纳采、出行、开市、祭祀、祈福、移徙、入宅、启钻、安葬,动土、破土
2030-09-06,危,玉堂,是,嫁娶、订盟、纳采、祭祀、祈福、求医、治病、动土、移徙、入宅、破土、安葬,开光、针灸
2030-09-07,成,天牢,是,嫁娶、纳采、订盟、祭祀、祈福、求嗣、开光、解除、进人口、入宅、移徙、出火、安床、开市、交易、立券、挂匾,安葬、纳畜、出行、行丧、伐木、栽种、造庙、造桥
2030-09-08,收,玄武,否,祭祀、冠笄、捕捉、馀事勿取,嫁娶、开市、盖屋、作梁、合寿木
2030-09-09,开,司命,是,祭祀、解除、结网、畋猎、取渔、会亲友、入学、移柩、启钻、除服、成服,开市、祈福、动土、破土、入殓、安葬、造船
2030-09-10,闭,勾陈,否,冠笄、沐浴、出行、修造、动土、移徙、入宅、破土、安葬,嫁娶、开市、祭祀、祈福、斋醮、纳采、修坟
2030-09-11,建,青龙,否,祭祀、出行,嫁娶、入宅、修造、动土、会亲友、破土
2030-09-12,除,明堂,是,嫁娶、订盟、纳采、祭祀、祈福、出行、修造、动土、移徙、入宅,针灸、伐木、作梁、造庙、行丧、安葬
2030-09-13,满,天刑,否,出行、开市、交易、立券、安机械、出火、上梁、移徙,嫁娶、安葬、动土、造桥
2030-09-14,平,朱雀,否,祭祀、沐浴、修饰垣墙、平治道涂、馀事勿取,斋醮、嫁娶、移徙、出行、上梁、入宅
2030-09-15,定,金匮,是,嫁娶、造车器、安机械、祭祀、祈福、开光、安香、出火、出行、开市、立券、修造、动土、移徙、入宅、破土、安葬,纳采、订盟、架马、词讼、开渠
2030-09-16,执,天德,是,沐浴、捕捉、入殓、除服、成服、破土、启钻、安葬,祭祀、嫁娶、安床、开市、入宅、探病、上梁
2030-09-17,破,白虎,否,馀事勿取,探病
2030-09-18,危,玉堂,是,订盟、纳采、祭祀、祈福、安香、出火、修造、动土、上梁、安门、起基、竖柱、定磉、开池、移徙、入宅、立券、破土,嫁娶、造庙、造桥、造船、作灶、安葬
2030-09-19,成,天牢,是,开光、求嗣、雕刻、嫁娶、订盟、纳采、出火、拆卸、修造、动土、起基、上梁、放水、移徙、入宅、造仓、造船、开市、开池、纳畜、牧养、挂匾,行丧、安葬、合寿木
2030-09-20,收,玄武,否,祭祀、嫁娶、捕捉,开光、动土、破土、开市、修造、入宅、安门
2030-09-21,开,司命,是,祭祀、普渡、解除、会亲友、捕捉、畋猎、启钻、除服、成服、移柩,嫁娶、开市、动土、掘井、开池、安葬
2030-09-22,闭,勾陈,否,出行、解除、冠笄、嫁娶、伐木、架马、开柱眼、修造、动土、移徙、入宅、开生坟、合寿木、入殓、移柩、破土、安葬、修坟,祭祀、祈福、开光、开市、安床
2030-09-23,建,青龙,否,祭祀、祈福、求嗣、出行、沐浴、交易、扫舍、教牛马,动土、作灶、行丧、安葬、修坟
2030-09-24,除,明堂,是,出行、解除、纳采、冠笄、雕刻、修造、动土、起基、上梁、合脊、安床、移徙、入宅、开市、栽种、开厕,造庙、安门、行丧、安葬
2030-09-25,满,天刑,否,开光、塑绘、出行、解除、冠笄、裁衣、挂匾、作灶、开市、开池、开厕、补垣、塞穴,无
2030-09-26,平,朱雀,否,祭祀、祈福、修饰垣墙、平治道涂、入殓、移柩,嫁娶、入宅、上梁、安门
2030-09-27,平,朱雀,否,祭祀、会亲友、纳采、嫁娶、开光、塑绘、斋醮、安香、开市、立券、除服、成服、入殓、移柩、安葬、赴任、进人口、出行、裁衣、修造、动土、上梁、经络、交易,入宅、伐木
2030-09-28,定,金匮,是,祭祀、冠笄、会亲友、拆卸、起基、除服、成服、移柩、启钻、安葬、沐浴、捕捉、开光、塑绘,作灶、入宅、嫁娶
2030-09-29,执,天德,是,祭祀、沐浴、破屋、坏垣、馀事勿取,移徙、入宅、出行、栽种
2030-09-30,破,白虎,否,祭祀、塑绘、开光、出行、解除、订盟、嫁娶、拆卸、起基、安床、入宅、开市、入殓、除服、成服、移柩、破土、谢土、挂匾、开柱眼、交易,造桥、冠笄、盖屋、掘井
2030-10-01,危,玉堂,是,祭祀、会亲友、进人口、动土、上梁、开光、塑绘、冠笄、拆卸、起基、安床、开市、立券、赴任、经络,定磉、安葬
2030-10-02,成,天牢,是,祭祀、裁衣、冠笄、嫁娶、纳婿、会亲友、除服、成服、移柩、捕捉、进人口、入殓,移徙、入宅、作灶
2030-10-03,收,玄武,否,诸事不宜,入殓、安葬、开市、交易
2030-10-04,开,司命,是,祭祀、裁衣、冠笄、嫁娶、安机械、拆卸、动土、起基、移徙、入宅、入殓、启钻、安葬、造仓、经络,安床、开光、开市、交易
2030-10-05,闭,勾陈,否,祭祀、出行、成服、除服、沐浴、入殓,动土、冠笄、移徙、入宅、开市、竖柱、上梁
2030-10-06,建,青龙,否,祭祀、沐浴、赴任、出行、馀事勿取,诸事不宜
2030-10-07,除,明堂,是,诸事不宜,无
2030-10-08,满,天刑,否,纳采、订盟、开市、交易、立券、会亲友、纳畜、牧养、问名、移徙、解除、开厕、入学、起基、安床、开仓、出货财、安葬、启钻、入殓、除服、成服,入宅、上梁、斋醮、出火、谢土
2030-10-09,平,朱雀,否,祭祀、平治道涂、馀事勿取,嫁娶、开市
2030-10-10,定,金匮,是,捕捉、畋猎、馀事勿取,开市、交易、祭祀、入宅、安葬
2030-10-11,执,天德,是,嫁娶、纳采、订盟、祭祀、祈福、求嗣、斋醮、开光、安香、出火、造庙、移徙、出行、入宅、起基、竖柱、上梁、安床、纳畜、捕捉、纳婿、安葬,开市、破土、掘井、合寿木
2030-10-12,破,白虎,否,祭祀、沐浴、解除、破屋、坏垣、馀事勿取,开市、嫁娶
2030-10-13,危,玉堂,是,订盟、纳采、会亲友、交易、立券、纳财、栽种、纳畜、牧养,嫁娶、开市、入宅、祈福、安葬
2030-10-14,成,天牢,是,造车器、嫁娶、订盟、纳采、会亲友、祭祀、出行、开市、立券、移徙、入宅、破土、安葬,上梁、开光、盖屋、架马、合寿木
2030-10-15,收,玄武,否,祭祀、作灶、纳财、捕捉、畋猎、馀事勿取,动土、破土、开市、安葬
2030-10-16,开,司命,是,嫁娶、订盟、纳采、祭祀、祈福、出行、求医、治病、出火、移徙、入宅,开市、开仓、出货财、安床、安门、安葬
2030-10-17,闭,勾陈,否,冠笄、祭祀、沐浴、作灶、理发、整手足甲、扫舍、补垣、塞穴、入殓、破土、启钻,开光、嫁娶、会亲友、栽种、针灸、安葬
2030-10-18,建,青龙,否,纳采、订盟、嫁娶、祭祀、祈福、求嗣、置产、求医、治病、开市、交易、立券、会亲友、移徙、竖柱、上梁、盖屋、合脊、安门、放水、捕捉、纳畜,造庙、造船、动土、破土、安葬
2030-10-19,除,明堂,是,出行、造车器、造畜稠、解除、冠笄、裁衣、作梁、雕刻、会亲友、移徙、入宅、安机械、开市、扫舍,嫁娶、动土、破土、修坟
2030-10-20,满,天刑,否,沐浴、理发、冠笄、安床、开市、立券、会亲友、交易、纳财、结网、教牛马,移徙、入宅、出行、祈福、嫁娶
2030-10-21,平,朱雀,否,祭祀、造畜稠、修饰垣墙、平治道涂、馀事勿取,嫁娶、开市、安床、掘井
2030-10-22,定,金匮,是,捕捉、结网、入殓、除服、成服、移柩、破土、安葬、启钻、立碑,嫁娶、祭祀、入宅、盖屋、移徙
2030-10-23,执,天德,是,祭祀、祈福、求嗣、斋醮、造庙、出火、安机械、会亲友、开市、交易、立券、纳财、习艺、经络、求医、治病、开池、开厕、畋猎、结网、栽种、牧养、安葬、破土、启钻,开光、嫁娶、掘井、伐木、作梁
2030-10-24,破,白虎,否,破屋、坏垣、馀事勿取,诸事不宜
2030-10-25,危,玉堂,是,会亲友、嫁娶、订盟、纳采、纳婿、拆卸、修造、动土、起基、竖柱、上梁、安床、纳财,出行、祈福、安葬、作灶
2030-10-26,成,天牢,是,祭祀、塑绘、开光、祈福、斋醮、出行、订盟、纳采、裁衣、嫁娶、拆卸、修造、安床、入宅、安香、入殓、启钻、安葬、谢土、赴任、会亲友、进人口、移徙、上梁、经络、开市、交易、立券、纳财,开仓、冠笄、伐木、作梁
2030-10-27,成,天牢,是,祭祀、作灶、入殓、除服、成服、畋猎,栽种、动土、安葬、开市
2030-10-28,收,玄武,否,祭祀、祈福、斋醮、沐浴、竖柱、订盟、纳采、嫁娶、拆卸、入宅、移柩、启钻、谢土、赴任、出火、纳畜,作灶、入殓、安葬、安床
2030-10-29,开,司命,是,嫁娶、祭祀、安机械、入殓、破土、安葬,动土、上梁
2030-10-30,闭,勾陈,否,作灶、造畜稠,行丧、安葬
2030-10-31,建,青龙,否,沐浴、理发、入学、习艺、进人口,嫁娶、入宅
2030-11-01,除,明堂,是,开光、针灸、会亲友、启钻、安葬,开市、动土、破土
2030-11-02,满,天刑,否,祭祀、结网、造畜稠、馀事勿取,无
2030-11-03,平,朱雀,否,入殓、除服、成服、移柩、破土、启钻、安葬,移徙、入宅
2030-11-04,定,金匮,是,嫁娶、订盟、纳采、出行、祭祀、祈福、动土、移徙、入宅、破土、安葬,开市、赴任
2030-11-05,执,天德,是,祭祀、解除、破屋、坏垣、馀事勿取,无
2030-11-06,破,白虎,否,订盟、纳采、会亲友、安机械、纳财、牧养,祈福、安葬
2030-11-07,危,玉堂,是,祭祀、扫舍、破土、安葬、除服、成服、启钻、移柩、入殓、立碑、馀事勿取,嫁娶、入宅、修造、动土
2030-11-08,成,天牢,是,订盟、纳采、会亲友、祭祀、祈福、修造、动土、安机械、破土、安葬,嫁娶、移徙、出火、开市、入宅
2030-11-09,收,玄武,否,祭祀、沐浴、捕捉、畋猎、结网、扫舍,嫁娶、纳采、订盟、安床、动土、破土、安葬
2030-11-10,开,司命,是,开市、纳财、出行、祭祀、祈福、求嗣、斋醮、问名、入学、起基、定磉、置产、开渠、掘井、拆卸、栽种、纳畜、牧养、动土、破土、启钻,移徙、入宅、出火、入殓、安葬
2030-11-11,闭,勾陈,否,祭祀、理发、置产、塞穴、除服、成服、移柩、入殓、破土、安葬,嫁娶、入宅、安床、掘井、开光
2030-11-12,建,青龙,否,祭祀、沐浴、出行、馀事勿取,开市、动土、破土、行丧、安葬
2030-11-13,除,明堂,是,嫁娶、造车器、出行、会亲友、移徙、入宅、修造、动土、雕刻、开光、安香、出火、理发、盖屋、合脊、起基、归岫、安门、拆卸、扫舍、栽种、造畜稠,开市、纳采、造庙、安床、开渠、安葬
2030-11-14,满,天刑,否,塑绘、会亲友、安机械、塞穴、结网、裁衣、经络,嫁娶、开市、祈福、斋醮、安葬
2030-11-15,平,朱雀,否,纳采、移徙、纳财、开市、交易、立券、入宅、修造、动土、竖柱、起基、定磉、造庙、安香、出火、修饰垣墙、平治道涂、会亲友、出行、开池、开厕,开仓、盖屋、造桥、祭祀
2030-11-16,定,金匮,是,订盟、纳采、纳财、开市、立券、祭祀、祈福、移徙、入宅、出行、盖屋、起基、修造、动土、竖柱、上梁、安门、安香、出火、教牛马、会亲友、破土,嫁娶、安葬、掘井、置产、造船
2030-11-17,执,天德,是,嫁娶、订盟、纳采、祭祀、祈福、塑绘、开光、移徙、安床、伐木、作梁、捕捉、畋猎、结网、求医、治病、解除、安葬、除服、成服、移柩、入殓、立碑、谢土,开市、造庙、动土、破土
2030-11-18,破,白虎,否,破屋、坏垣、祭祀、馀事勿取,嫁娶、安葬
2030-11-19,危,玉堂,是,嫁娶、纳采、订盟、祭祀、冠笄、裁衣、伐木、作梁、架马、定磉、开柱眼、作灶、移徙、安床、畋猎、结网、开池、开厕、除服、成服、启钻、入殓、移柩、安葬,盖屋、造船、动土、破土
2030-11-20,成,天牢,是,纳采、订盟、祭祀、祈福、求嗣、斋醮、开光、会亲友、解除、入学、纳财、交易、立券、经络、起基、动土、定磉、开池、栽种、纳畜、牧养、破土、入殓、立碑、安葬,嫁娶、开市、入宅、出火、移徙
2030-11-21,收,玄武,否,捕捉、畋猎、会亲友、解除、入殓、除服、成服、移柩、馀事勿取,安床、安门、破土、修坟、安葬
2030-11-22,开,司命,是,祭祀、祈福、求嗣、斋醮、沐浴、冠笄、出行、理发、拆卸、解除、起基、动土、定磉、安碓磑、开池、掘井、扫舍、除服、成服、移柩、启钻、立碑、谢土,移徙、入宅、安门、作梁、安葬
2030-11-23,闭,勾陈,否,嫁娶、冠笄、安床、纳采、会亲友、塞穴、捕捉、置产、造畜稠,开光、掘井、安葬、谢土、修坟
2030-11-24,建,青龙,否,祭祀、沐浴、馀事勿取,诸事不宜
2030-11-25,建,青龙,否,祭祀、会亲友、嫁娶、沐浴、修造、动土、祈福、开光、塑绘、出行、订盟、纳采、裁衣、入殓、除服、成服、移柩、启钻、赴任、竖柱、上梁、纳财、扫舍、栽种、纳畜、伐木,入宅、作灶、安床、开仓
2030-11-26,除,明堂,是,理发、会亲友、补垣、塞穴、结网,嫁娶、入宅、安门、移徙
2030-11-27,满,天刑,否,祭祀、祈福、订盟、纳采、裁衣、拆卸、修造、动土、起基、安床、移徙、入宅、安香、除服、成服、入殓、移柩、安葬、谢土、赴任、会亲友、进人口、出行、竖柱、上梁、经络、开市、交易、立券、纳财、开仓,作灶、治病、伐木、作梁
2030-11-28,平,朱雀,否,祭祀、祈福、订盟、纳采、裁衣、拆卸、修造、动土、起基、安床、移徙、入宅、安香、入殓、移柩、安葬、谢土、赴任、进人口、会亲友,作灶、治病
2030-11-29,定,金匮,是,祭祀、塑绘、开光、订盟、纳采、嫁娶、安床、进人口、入殓、除服、成服、移柩、启钻、安葬、立碑,开市、交易、破土、作灶
2030-11-30,执,天德,是,祭祀、解除、破屋、坏垣、馀事勿取,诸事不宜
2030-12-01,破,白虎,否,祭祀、解除、祈福、开光、塑绘、斋醮、订盟、纳采、裁衣、冠笄、拆卸、修造、动土、入殓、除服、成服、移柩、启钻、安床、赴任、出行、移徙、竖柱、上梁、伐木、栽种、破土、安葬、纳畜,盖屋、治病
2030-12-02,危,玉堂,是,祭祀、祈福、订盟、纳采、裁衣、合帐、冠笄、安机械、安床、造畜稠、入殓、移柩、启钻、安葬、谢土、除服、成服、会亲友、竖柱、上梁、经络、开市、交易、立券、纳财、纳畜、筑堤,嫁娶、入宅、治病、赴任
2030-12-03,成,天牢,是,沐浴、扫舍、馀事勿取,诸事不宜
2030-12-04,收,玄武,否,诸事不宜,无
2030-12-05,开,司命,是,祈福、斋醮、出行、订盟、纳采、入殓、移柩、破土、安葬、立碑、结网,入宅、作灶
2030-12-06,闭,勾陈,否,祭祀、沐浴、出行、冠笄、进人口、馀事勿取,嫁娶、动土、安葬、作灶
2030-12-07,建,青龙,否,造畜稠、教牛马,入宅、移徙、分居、作灶、出火、安香、动土、嫁娶、掘井、扫舍、造桥
2030-12-08,除,明堂,是,订盟、纳采、造车器、祭祀、祈福、出行、安香、修造、动土、上梁、开市、交易、立券、移徙、入宅、会亲友、安机械、栽种、纳畜、盖屋、起基、安床、造畜稠,破土、安葬、行丧、开生坟
2030-12-09,满,天刑,否,订盟、纳采、会亲友、安机械、开光、修造、动土、竖柱、上梁、盖屋、起基、造桥、栽种、纳畜、造畜稠、移柩、入殓、启钻、修坟、立碑、安葬,祈福、出火、嫁娶、入宅、开市、破土
2030-12-10,平,朱雀,否,祭祀、平治道涂、修坟、除服、成服、馀事勿取,移徙、入宅、嫁娶、掘井、安葬
2030-12-11,定,金匮,是,嫁娶、冠笄、祭祀、祈福、求嗣、雕刻、开光、安香、出行、入学、修造、动土、竖柱、上梁、盖屋、起基、安门、出火、移徙、入宅、掘井、造畜稠、安葬、破土、除服、成服,开市、纳采、订盟、作灶、造庙、造船、经络
2030-12-12,执,天德,是,嫁娶、订盟、纳采、祭祀、祈福、求嗣、斋醮、安香、出火、修造、起基、盖屋、合脊、安门、安碓磑、动土、上梁、移徙、入宅,出行、掘井、破土、行丧、安葬
2030-12-13,破,白虎,否,祭祀、沐浴、破屋、坏垣、馀事勿取,嫁娶、移徙、入宅、探病、出行、盖屋
2030-12-14,危,玉堂,是,冠笄、纳财、掘井、开池、出火、安床、交易、立券、畋猎、结网、理发、放水,安门、动土、破土、行丧、安葬、成服
2030-12-15,成,天牢,是,纳采、订盟、移徙、入宅、出行、安机械、会亲友、祭祀、祈福、斋醮、开光、安香、出火、解除、求医、针灸、治病、盖屋、起基、修造、安门、造船、纳畜、牧养、移柩、入殓、启钻、谢土、修坟、立碑,嫁娶、动土、安床、造桥、掘井
2030-12-16,收,玄武,否,祭祀、沐浴、作灶、纳财、捕捉、畋猎、安床、扫舍,开市、斋醮、破土、安葬
2030-12-17,开,司命,是,祈福、斋醮、纳采、订盟、解除、架马、开柱眼、修造、动土、起基、上梁、归岫、盖屋、合脊、掘井、除服、成服、破土、栽种,移徙、开市、入宅、安葬
2030-12-18,闭,勾陈,否,纳采、订盟、祭祀、沐浴、冠笄、合帐、裁衣、修造、动土、拆卸、移徙、入宅、安门、开仓、筑堤、开厕、栽种、纳畜、补垣、塞穴,嫁娶、祈福、开光、掘井、安葬、行丧
2030-12-19,建,青龙,否,合帐、裁衣、教牛马、馀事勿取,入宅、动土、破土、嫁娶、作灶、造船
2030-12-20,除,明堂,是,纳采、订盟、嫁娶、祭祀、祈福、安香、出火、出行、会亲友、经络、求医、治病、解除、拆卸、起基、修造、动土、定磉、扫舍、栽种、牧养、造畜稠,斋醮、作梁、掘井、行丧、安葬
2030-12-21,满,天刑,否,纳财、开市、交易、立券、会亲友、进人口、经络、祭祀、祈福、安香、出火、求医、治病、修造、动土、拆卸、扫舍、安床、栽种、牧养、开生坟、合寿木、入殓、安葬、启钻,嫁娶、移徙、入宅
2030-12-22,平,朱雀,否,祭祀、入殓、移柩、馀事勿取,入宅、修造、动土、破土、安门、上梁
2030-12-23,定,金匮,是,塑绘、开光、订盟、纳采、裁衣、冠笄、拆卸、修造、安床、入宅、出火、安葬、谢土、赴任,掘井、伐木、斋醮、作灶
2030-12-24,执,天德,是,祭祀、塑绘、开光、裁衣、冠笄、嫁娶、纳采、拆卸、修造、动土、竖柱、上梁、安床、移徙、入宅、安香、结网、捕捉、畋猎、伐木、进人口、放水,出行、安葬、修坟、开市
2030-12-25,执,天德,是,祭祀、求医、破屋、坏垣、馀事勿取,诸事不宜
2030-12-26,破,白虎,否,祭祀、祈福、斋醮、出行、冠笄、安机械、移徙、入宅、安香、安床、除服、成服、移柩、启钻,开光、栽种、治病、安门、作灶
2030-12-27,危,玉堂,是,塑绘、斋醮、出行、拆卸、解除、修造、移徙、造船、入殓、除服、成服、移柩、启钻、修坟、立碑、谢土,无
2030-12-28,成,天牢,是,祭祀、沐浴、安床、纳财、畋猎、捕捉,开市、破土
2030-12-29,收,玄武,否,订盟、纳采、祭祀、祈福、修造、动土、上梁、破土,嫁娶、作灶
2030-12-30,开,司命,是,出行、沐浴、理发、补垣、塞穴,入宅、安葬
2030-12-31,闭,勾陈,否,教牛马、馀事勿取,入宅、动土、破土
2031-01-01,建,青龙,否,嫁娶、出行、求医、治病、祭祀、祈福、上梁、纳畜,开市、安葬
2031-01-02,除,明堂,是,开市、立券、开光、解除、安机械、上梁、启钻、安葬,嫁娶、祈福
2031-01-03,满,天刑,否,平治道涂、馀事勿取,诸事不宜
2031-01-04,平,朱雀,否,求嗣、斋醮、塑绘、订盟、纳采、出火、拆卸、修造、动土、造桥、安机械、栽种、纳畜、牧养、入殓、除服、成服、移柩、破土、安葬,开市、嫁娶
2031-01-05,定,金匮,是,嫁娶、订盟、纳采、会亲友、祭祀、安机械、移徙、入宅、盖屋、安床、起基、定磉、安香、出火、挂匾、拆卸、置产,开市、出行、安葬、行丧
2031-01-06,执,天德,是,沐浴、捕捉、畋猎、理发、整手足甲、入殓、除服、成服、破土、安葬、谢土、立碑、修坟、启钻,纳采、订盟、嫁娶、上梁、开市、斋醮、盖屋、安门
2031-01-07,破,白虎,否,祭祀、破屋、坏垣、馀事勿取,斋醮、嫁娶、开市
2031-01-08,危,玉堂,是,沐浴、开仓、出货财、开市、交易、立券、纳财、栽种、纳畜、牧养、畋猎、入殓、破土、安葬,祈福、嫁娶、安床、入宅、造船
2031-01-09,成,天牢,是,祭祀、沐浴、补垣、塞穴、断蚁、解除、馀事勿取,造庙、入宅、修造、安葬、行丧、嫁娶
2031-01-10,收,玄武,否,嫁娶、纳采、订盟、问名、祭祀、冠笄、裁衣、会亲友、进人口、纳财、捕捉、作灶,开市、安床、安葬、修坟
2031-01-11,开,司命,是,订盟、纳采、会亲友、祭祀、斋醮、沐浴、塑绘、出火、开光、竖柱、上梁、开市、交易、立券、作梁、开柱眼、伐木、架马、安门、安床、拆卸、牧养、造畜稠、掘井,造庙、嫁娶、出行、动土、安葬、行丧
2031-01-12,闭,勾陈,否,交易、立券、纳财、安床、裁衣、造畜稠、安葬、谢土、启钻、除服、成服、修坟、立碑、移柩、入殓,开光、嫁娶、开市、动土、破土
2031-01-13,建,青龙,否,祭祀、解除、教牛马、会亲友、馀事勿取,破土、动土、安葬
2031-01-14,除,明堂,是,纳采、订盟、移徙、纳财、开市、交易、立券、入宅、会亲友、解除、求医、治病、入学、安床、安门、安香、出火、拆卸、扫舍、挂匾、开生坟、合寿木、破土、修坟、启钻、入殓,探病、祭祀、出行、上梁、盖屋、谢土、安葬
2031-01-15,满,天刑,否,嫁娶、订盟、纳采、祭祀、祈福、求嗣、会亲友、解除、出行、入学、纳财、开市、交易、立券、习艺、经络、安床、开仓、出货财、纳畜、安葬、启钻、修坟、入殓,入宅、开光、动土
2031-01-16,平,朱雀,否,祭祀、冠笄、嫁娶、会亲友、进人口、裁衣、结网、平治道涂,移徙、入宅、造庙、作灶、治病、安葬
2031-01-17,定,金匮,是,祭祀、安碓磑、结网、馀事勿取,嫁娶、安葬
2031-01-18,执,天德,是,嫁娶、祭祀、沐浴、裁衣、出行、理发、移徙、捕捉、畋猎、放水、入宅、除服、成服、启钻、安葬、移柩、入殓,盖屋、开市、动土、破土
2031-01-19,破,白虎,否,破屋、坏垣、馀事勿取,嫁娶、开市、安葬
2031-01-20,危,玉堂,是,纳采、订盟、祭祀、求嗣、出火、塑绘、裁衣、会亲友、入学、拆卸、扫舍、造仓、挂匾、掘井、开池、结网、栽种、纳畜、破土、修坟、立碑、安葬、入殓,祈福、嫁娶、造庙、安床、谢土
2031-01-21,成,天牢,是,入殓、除服、成服、移柩、启钻、安葬、修坟、立碑,开市、伐木、嫁娶、作梁
2031-01-22,收,玄武,否,祭祀、作灶、入殓、除服、馀事勿取,开市、安床
2031-01-23,收,玄武,否,塑绘、开光、沐浴、冠笄、会亲友、作灶、放水、造畜稠,嫁娶、入殓、安葬、出行
2031-01-24,开,司命,是,祭祀、沐浴、祈福、斋醮、订盟、纳采、裁衣、拆卸、起基、竖柱、上梁、安床、入殓、除服、成服、移柩、启钻、挂匾、求嗣、出行、合帐、造畜稠,开仓、嫁娶、移徙、入宅
2031-01-25,闭,勾陈,否,祭祀、解除、馀事勿取,诸事不宜
2031-01-26,建,青龙,否,沐浴、解除、订盟、纳采、裁衣、冠笄、拆卸、修造、动土、移徙、入宅、除服、成服、移柩、破土、启钻、安葬、扫舍、修坟、伐木、纳财、交易、立券,作灶、祭祀、上梁、出行
2031-01-27,除,明堂,是,出行、嫁娶、订盟、纳采、入殓、安床、启钻、安葬、祭祀、裁衣、会亲友、进人口,无
2031-01-28,满,天刑,否,修饰垣墙、平治道涂、入殓、移柩、馀事勿取,嫁娶、移徙、入宅、开光
2031-01-29,平,朱雀,否,会亲友、纳采、进人口、修造、动土、竖柱、上梁、祭祀、开光、塑绘、祈福、斋醮、嫁娶、安床、移徙、入宅、安香、纳畜,出行、治病、安葬、开市
2031-01-30,定,金匮,是,祭祀、会亲友、出行、订盟、纳采、沐浴、修造、动土、祈福、斋醮、嫁娶、拆卸、安床、入殓、移柩、安葬、谢土、赴任、裁衣、竖柱、上梁、伐木、捕捉、栽种、破土、安门,盖屋、开市、作灶、入宅
2031-01-31,执,天德,是,解除、破屋、坏垣、馀事勿取,诸事不宜
2031-02-01,破,白虎,否,塑绘、开光、出行、订盟、纳采、除服、成服、嫁娶、纳婿、入殓、移柩、启钻、安葬、立碑,入宅、安床
2031-02-02,危,玉堂,是,入殓、除服、成服、移柩、启钻、安葬、立碑、馀事勿取,破土、伐木
2031-02-03,成,天牢,是,祭祀、祈福、斋醮、塑绘、开光、除服、成服、入殓、作灶、嫁娶、捕捉、畋猎、纳财,开仓、盖屋、安葬、安床
2031-02-04,收,玄武,否,纳采、祭祀、祈福、出行、会亲友、修造、动土、移徙、入宅,嫁娶、开市、安葬、破土
2031-02-05,开,司命,是,纳采、嫁娶、祭祀、祈福、出行、开市、会亲友、动土、破土、启钻,移徙、入宅、出火、安门、安葬
2031-02-06,闭,勾陈,否,祭祀、祈福、求嗣、斋醮、入殓、除服、成服、移柩、安葬、启钻,嫁娶、动土、开光、盖屋、破土
2031-02-07,建,青龙,否,纳采、会亲友、竖柱、上梁、立券、入殓、移柩、安葬、启钻,祭祀、移徙、入宅、动土、破土
2031-02-08,除,明堂,是,祭祀、祈福、斋醮、出行、开市、立券、动土、移徙、入宅、破土、安葬,开光、嫁娶、作灶、掘井、纳畜
2031-02-09,满,天刑,否,会亲友、求嗣、理发、冠笄、结网、捕捉、开光,开市、动土、安葬、破土
2031-02-10,平,朱雀,否,祭祀、平治道涂、馀事勿取,嫁娶、祈福、掘井、安葬
2031-02-11,定,金匮,是,祈福、求嗣、斋醮、纳采、嫁娶、伐木、修造、动土、移徙、入宅、造庙、安机械、开市、入殓、除服、成服、移柩、安葬、破土、谢土,置产、盖屋、合脊、开光、探病、安门、作灶
2031-02-12,执,天德,是,入学、习艺、出行、纳采、订盟、嫁娶、会亲友、进人口、牧养、捕捉、入殓、移柩、安葬、启钻,开光、开市、入宅、动土、盖屋
2031-02-13,破,白虎,否,祭祀、沐浴、求医、治病、扫舍、破屋、坏垣、解除、馀事勿取,入宅、开市、安葬
2031-02-14,危,玉堂,是,祭祀、冠笄、嫁娶、拆卸、修造、动土、起基、上梁、盖屋、入宅、开市、开池、塞穴、入殓、除服、成服、移柩、安葬、破土,安床、栽种、治病、作灶
2031-02-15,成,天牢,是,祭祀、结网、入殓、除服、成服、移柩、安葬、破土,馀事勿取
2031-02-16,收,玄武,否,塑绘、开光、祈福、求嗣、订盟、纳采、裁衣、冠笄、拆卸、修造、动土、起基、安门、安床、移徙、造仓、结网、纳畜,伐木、作灶、安葬、取渔、入宅
2031-02-17,开,司命,是,祭祀、沐浴、开光、塑绘、祈福、求嗣、订盟、纳采、冠笄、裁衣、嫁娶、动土、除服、成服、移柩、破土、启钻、出行、安碓磑、放水、开市、立券、交易,安葬、上梁、入宅、作灶
2031-02-18,闭,勾陈,否,祭祀、祈福、求嗣、酬神、裁衣、安床、立券、交易、入殓、除服、成服、移柩、谢土、启钻,出行、嫁娶、入宅、动土
2031-02-19,建,青龙,否,裁衣、合帐、入殓、除服、成服、会亲友、纳财,祭祀、祈福、移徙、嫁娶、入宅
2031-02-20,除,明堂,是,祭祀、斋醮、裁衣、合帐、冠笄、订盟、纳采、嫁娶、入宅、安香、谢土、入殓、移柩、破土、立碑、会亲友、出行、祈福、求嗣、上梁、放水,掘井
2031-02-21,除,明堂,是,安床、合帐、入宅、问名、纳采、求嗣、祭祀、开仓,斋醮、作灶、安葬
2031-02-22,满,天刑,否,作灶、平治道涂,祭祀、祈福、安葬、安门、馀事勿取
2031-02-23,平,朱雀,否,塑绘、开光、酬神、斋醮、订盟、纳采、裁衣、合帐、拆卸、动土、上梁、安床、安香、造庙、挂匾、会亲友、进人口、出行、修造、纳财、伐木、放水、出火、纳畜、沐浴、安门,盖屋、栽种、安葬、作灶
2031-02-24,定,金匮,是,祭祀、祈福、酬神、订盟、纳采、冠笄、裁衣、合帐、嫁娶、安床、移徙、入宅、安香、入殓、移柩、启钻、安葬、解除、取渔、捕捉、伐木、安门、出火,栽种、动土、开市、作灶
2031-02-25,执,天德,是,求医、破屋,诸事不宜
2031-02-26,破,白虎,否,祈福、求嗣、斋醮、塑绘、开光、订盟、纳采、嫁娶、动土、入宅、安香、移柩、安葬、谢土、出行、沐浴、修造、竖柱、上梁、纳财、破土、解除、安门、放水,作灶、安床
2031-02-27,危,玉堂,是,取渔、入殓、除服、成服、移柩、破土、安葬、立碑,嫁娶、上梁、入宅、作灶
2031-02-28,成,天牢,是,祭祀、求嗣、沐浴、酬神、订盟、纳采、裁衣、合帐、冠笄、安机械、安床、造仓、开池、经络、纳财、开市、立券、交易、结网、取渔、纳畜、捕捉,安葬、作灶、伐木、作梁
2031-03-01,收,玄武,否,祭祀、沐浴、祈福、求嗣、斋醮、订盟、纳采、裁衣、冠笄、开市、立券、交易、纳财、除服、谢土、出行、移柩,入殓、安葬、作灶、入宅
2031-03-02,开,司命,是,祭祀、祈福、求嗣、入殓、启钻、安葬、移柩,开光、掘井、针灸、出行、嫁娶、入宅、移徙、作灶、动土
2031-03-03,闭,勾陈,否,安床、解除、裁衣、竖柱、上梁、交易、立券、纳财、纳畜、牧养、入殓、移柩、安葬、启钻,嫁娶、出行、动土、开渠、入宅、祭祀、掘井
2031-03-04,建,青龙,否,嫁娶、安床、开光、出行、祭祀、动土、出火、解除、会亲友、开市、交易、立券、挂匾、入宅、移徙、拆卸、破土、启钻、安葬,掘井、词讼
2031-03-05,除,明堂,是,嫁娶、开光、求嗣、会亲友、安床、牧养、塑绘、针灸,入宅、移徙、出火、分居、安香、作灶、开市、交易、立券、安葬、动土、伐木
2031-03-06,满,天刑,否,纳财、开市、交易、立券、开光、针灸、会亲友、理发、安床、造仓、结网,移徙、入宅、栽种
2031-03-07,平,朱雀,否,嫁娶、冠笄、会亲友、安机械、纳财、交易、立券、置产,开市、盖屋、治病、作灶
2031-03-08,定,金匮,是,嫁娶、造车器、纳采、订盟、祭祀、祈福、安机械、移徙、入宅、开市、立券、破土、安葬,纳畜、理发、合寿木
2031-03-09,执,天德,是,祈福、斋醮、出行、移徙、入宅、修造、动土、破土、安葬,纳采、开光、安床、嫁娶、开市
2031-03-10,破,白虎,否,破屋、坏垣、馀事勿取,嫁娶、移徙、开市、入宅
2031-03-11,危,玉堂,是,嫁娶、冠笄、祭祀、出行、会亲友、修造、动土、入殓、破土,塑绘、开光、造桥、除服、成服
2031-03-12,成,天牢,是,开光、求嗣、出行、纳采、冠笄、出火、拆卸、起基、修造、动土、上梁、移徙、造船、开市、交易、立券、纳财,祈福、嫁娶、安葬、破土
2031-03-13,收,玄武,否,理发、冠笄、嫁娶、进人口、栽种、捕捉、针灸,纳财、开市、安葬、破土
2031-03-14,开,司命,是,开光、祈福、求嗣、出行、解除、伐木、盖屋、起基、修造、架马、安门、移徙、入宅、造庙、除服、成服、移柩、谢土、纳畜、牧养,纳采、动土、开市、交易
2031-03-15,闭,勾陈,否,裁衣、经络、伐木、开柱眼、拆卸、修造、动土、上梁、合脊、合寿木、入殓、除服、成服、移柩、破土、安葬、启钻、修坟、立碑,祭祀、嫁娶、出行、掘井
2031-03-16,建,青龙,否,祭祀、会亲友、立券、交易、裁衣、合帐、嫁娶、冠笄、进人口,栽种、动土、安葬、掘井、修坟、探病
2031-03-17,除,明堂,是,扫舍、塞穴、馀事勿取,诸事不宜
2031-03-18,满,天刑,否,塑绘、开光、订盟、纳采、裁衣、合帐、冠笄、安机械、会亲友、纳财、开市、立券、交易、安床、竖柱、上梁、结网、栽种、解除、经络,作灶、出行、入宅、安葬
2031-03-19,平,朱雀,否,祭祀、嫁娶、纳婿、除服、成服、入殓、移柩,动土、作灶、入宅、开光、安床
2031-03-20,定,金匮,是,祈福、求嗣、开光、塑绘、斋醮、订盟、纳采、嫁娶、拆卸、安床、入宅、安香、移柩、修坟、安葬、谢土、栽种、解除、冠笄、裁衣、移徙、修造、动土、竖柱、放水、启钻、立碑,赴任
2031-03-21,执,天德,是,祭祀、解除、入殓、除服、成服、移柩、启钻、安葬、修坟、立碑、谢土、沐浴、扫舍、捕捉、取渔、结网、畋猎、理发,安床、嫁娶、作灶、入宅
2031-03-22,破,白虎,否,破屋、坏垣,诸事不宜
2031-03-23,破,白虎,否,祭祀、出行、订盟、纳采、裁衣、合帐、冠笄、进人口、动土、安床、作灶、入殓、移柩、安葬、破土、结网、取渔、畋猎,作梁、造庙
2031-03-24,危,玉堂,是,祭祀、开光、塑绘、订盟、纳采、合帐、冠笄、拆卸、动土、起基、上梁、入宅、安香、开市、立券、纳财、沐浴、求嗣、出火、竖柱、安门,造庙、嫁娶、伐木、安葬
2031-03-25,成,天牢,是,祭祀、沐浴、捕捉、栽种,嫁娶、入宅、移徙、作灶、安葬
2031-03-26,收,玄武,否,祭祀、开光、塑绘、酬神、斋醮、订盟、纳采、嫁娶、裁衣、动土、起基、出火、拆卸、移徙、入宅、安香、修造、竖柱、上梁、纳畜、牧养、祈福、求嗣、解除、伐木、定磉、盖屋、安门,栽种、安葬
2031-03-27,开,司命,是,订盟、纳采、冠笄、拆卸、修造、动土、安床、入殓、除服、成服、移柩、安葬、破土、启钻、造仓,作灶、开光、嫁娶、开市、入宅
2031-03-28,闭,勾陈,否,祈福、开光、塑绘、酬神、订盟、纳采、裁衣、安床、开市、立券、入殓、除服、成服、移柩、启钻、安葬、立碑、赴任、会亲友、出行、交易、竖柱,作灶、掘井、动土、栽种
2031-03-29,建,青龙,否,祭祀、扫舍、塞穴,栽种、作灶、安葬、嫁娶
2031-03-30,除,明堂,是,开光、塑绘、裁衣、冠笄、伐木、拆卸、竖柱、上梁、开仓、会亲友、安机械、造仓、盖屋、交易、解除、开市、立券、纳财,出行、嫁娶、入宅、安葬
2031-03-31,满,天刑,否,冠笄、入殓、除服、成服、移柩、平治道涂、修饰垣墙,盖屋、作灶、治病、探病
2031-04-01,平,朱雀,否,祭祀、嫁娶、祈福、纳采、裁衣、合帐、安床、入宅、安香、入殓、移柩、安葬、谢土、修造、安碓磑、求嗣、会亲友、挂匾、交易、立券、纳财、造仓、放水,栽种、伐木
2031-04-02,定,金匮,是,祭祀、祈福、斋醮、订盟、纳采、裁衣、合帐、拆卸、修造、动土、上梁、起基、移柩、安葬、谢土、沐浴、扫舍、开柱眼、伐木、出火,安床、开市、立券、作灶
2031-04-03,执,天德,是,破屋、坏垣、求医、治病,诸事不宜
2031-04-04,破,白虎,否,祭祀、动土、上梁、订盟、纳采、嫁娶、安机械、拆卸、安床、入宅、安香、入殓、移柩、破土、安葬、立碑、谢土、赴任、出行、移徙、祈福、求嗣、解除、造仓、进人口,开光、出货财
2031-04-05,危,玉堂,是,沐浴、捕捉、畋猎、结网、取渔,祭祀、嫁娶、入宅、作灶、安葬
2031-04-06,成,天牢,是,祭祀、祈福、求嗣、斋醮、纳采、订盟、开光、竖柱、上梁、开仓、出货财、盖屋、起基、定磉、安门、诸事不宜、破土、入殓、启钻、谢土,出火、嫁娶、开市
2031-04-07,收,玄武,否,祭祀、捕捉、解除、馀事勿取,嫁娶、安葬
2031-04-08,开,司命,是,纳采、嫁娶、出行、开市、立券、纳畜、牧养、出火、移徙、入宅,祈福、动土、破土、安葬、入殓
2031-04-09,闭,勾陈,否,祭祀、祈福、求嗣、斋醮、冠笄、作灶、纳财、交易,开光、嫁娶、掘井、安葬、安门、探病
2031-04-10,建,青龙,否,祭祀、解除、教牛马、出行、馀事勿取,动土、破土、行丧、开光、作梁、安葬、探病
2031-04-11,除,明堂,是,沐浴、斋醮、解除、求医、治病、会亲友、造畜稠、栽种、理发、扫舍,开市、嫁娶、移徙、入宅、掘井、安葬
2031-04-12,满,天刑,否,求嗣、出行、解除、订盟、纳采、嫁娶、会亲友、进人口、安床、开市、交易、纳畜、牧养、入殓、除服、成服、移柩、安葬、启钻,祈福、修造、动土、破土、谢土
2031-04-13,平,朱雀,否,祭祀、作灶、平治道涂、馀事勿取,嫁娶、安葬、动土、安床、治病
2031-04-14,定,金匮,是,造车器、祭祀、祈福、求嗣、斋醮、开市、交易、安机械、雕刻、开光、盖屋、合脊、起基、定磉、安门、纳畜、安葬、开生坟、立碑、谢土,入宅、动土、开仓、出货财
2031-04-15,执,天德,是,祭祀、祈福、开光、求嗣、斋醮、纳采、订盟、求医、治病、起基、定磉、造船、取渔、解除、安葬、启钻、谢土、入殓,开市、动土、掘井、开池
2031-04-16,破,白虎,否,祭祀、沐浴、破屋、坏垣、求医、治病、解除、馀事勿取,嫁娶、开市、交易、入宅、安葬
2031-04-17,危,玉堂,是,诸事不宜,无
2031-04-18,成,天牢,是,祭祀、塑绘、开光、订盟、纳采、冠笄、裁衣、安机械、拆卸、修造、动土、安床、经络、开市,出火、入宅、安葬、伐木
2031-04-19,收,玄武,否,祭祀、馀事勿取,造庙、嫁娶、安床
2031-04-20,开,司命,是,订盟、纳采、嫁娶、进人口、会亲友、交易、立券、动土、除服、谢土、移柩、破土、启钻、赴任、出行、开市、纳财、栽种,入殓、安葬、入宅、安床
2031-04-21,闭,勾陈,否,祭祀、祈福、裁衣、合帐、安床、入殓、除服、成服、移柩、破土、启钻、安葬、谢土、立碑、造畜稠,掘井、安门、嫁娶、纳采
2031-04-22,建,青龙,否,祭祀、进人口、嫁娶、安床、解除、冠笄、出行、裁衣、扫舍,掘井、动土、破土、安葬、开光
2031-04-23,除,明堂,是,纳采、开光、求医、治病、动土、上梁、移徙、入宅,嫁娶、开市、安葬
2031-04-24,满,天刑,否,祭祀、会亲友、开市、安床、启钻、安葬,嫁娶、动土、破土
2031-04-25,平,朱雀,否,祭祀、作灶、掘井、平治道涂,嫁娶、安葬
2031-04-26,定,金匮,是,祭祀、斋醮、开市、动土、入殓、破土、安葬,嫁娶、移徙、入宅
2031-04-27,执,天德,是,嫁娶、纳采、祭祀、祈福、出行、移徙、求医,开市、动土、破土
2031-04-28,破,白虎,否,祭祀、求医、治病、解除、馀事勿取,诸事不宜
2031-04-29,危,玉堂,是,沐浴、结网、取渔,嫁娶、入宅、安葬
2031-04-30,成,天牢,是,无,诸事不宜
2031-05-01,收,玄武,否,解除、坏垣、馀事勿取,诸事不宜
2031-05-02,开,司命,是,嫁娶、开光、出行、出火、拆卸、进人口、开市、立券、交易、挂匾、入宅、移徙、安床、栽种,祈福、入殓、祭祀、作灶、安葬、探病
2031-05-03,闭,勾陈,否,嫁娶、出行、合帐、冠笄、安床、除服、成服、作灶、交易、立券、入殓、移柩、破土、安葬,词讼、开光、开市
2031-05-04,建,青龙,否,出行、修饰垣墙、造畜稠、教牛马、馀事勿取,诸事不宜
2031-05-05,除,明堂,是,祭祀、祈福、开光、求嗣、解除、伐木、出火、入宅、移徙、安床、拆卸、修造、动土、造畜稠,嫁娶、纳财、安葬、出行、开市、立券、作灶、栽种
2031-05-06,满,天刑,否,嫁娶、纳采、订盟、祭祀、祈福、治病、造车器、修造、动土、移徙、入宅,开市、出行、安床、作灶、安葬
2031-05-07,平,朱雀,否,嫁娶、纳采、订盟、会亲友、安机械、结网、冠笄、祭祀、求嗣、进人口、经络,开市、作灶、动土、行丧、安葬
2031-05-08,定,金匮,是,祭祀、沐浴、移徙、破土、安葬、扫舍、平治道涂,祈福、嫁娶、入宅、安床、作灶
2031-05-09,执,天德,是,祭祀、祈福、斋醮、求嗣、安机械、纳畜、移徙、入宅、塑绘、开光、起基、竖柱、上梁、作灶、安门、安香、出火、盖屋、启钻、安葬,动土、破土、嫁娶
2031-05-10,破,白虎,否,嫁娶、纳采、订盟、斋醮、开光、祭祀、祈福、求医、治病、会亲友、动土、解除、捕捉、纳畜、牧养、入殓、破土、安葬,移徙、入宅、盖屋、架马
2031-05-11,危,玉堂,是,祭祀、沐浴、解除、破屋、坏垣、馀事勿取,行丧、安葬
2031-05-12,成,天牢,是,沐浴、扫舍、馀事勿取,斋醮、开市、嫁娶、作灶
2031-05-13,收,玄武,否,开市、交易、立券、安机械、会亲友、开光、求医、治病、盖屋、起基、修造、动土、定磉、竖柱、上梁、安门、作灶、放水、开厕、开池、栽种、牧养、造畜稠、破土、安葬、立碑,嫁娶、出火、移徙、入宅
2031-05-14,开,司命,是,栽种、捕捉、畋猎、馀事勿取,开市、动土、祭祀、斋醮、安葬、探病
2031-05-15,闭,勾陈,否,嫁娶、祭祀、祈福、求嗣、斋醮、订盟、纳采、解除、出行、动土、破土、习艺、针灸、理发、会亲友、起基、修造、竖柱、定磉、安床、拆卸、纳畜、牧养、放水、除服、成服、修坟、立碑,开市、入宅、探病、出火、盖屋
2031-05-16,建,青龙,否,馀事勿取,无
2031-05-17,除,明堂,是,塞穴、断蚁、结网、馀事勿取,破土、安葬
2031-05-18,满,天刑,否,开光、出行、纳采、嫁娶、伐木、架马、出火、拆卸、移徙、入宅、造庙、造桥、造船、造畜稠、开市、入殓、除服、成服、移柩、安葬,无
2031-05-19,平,朱雀,否,进人口、牧养、置产、塞穴、结网、馀事勿取,诸事不宜
2031-05-20,定,金匮,是,开光、出行、嫁娶,会亲友、进人口、修造、动土、起基、移徙、开市、纳畜、入殓、除服、成服、移柩、破土、安葬、修坟、立碑
2031-05-21,定,金匮,是,嫁娶、纳采、出行、祭祀、祈福、开市、动土、移徙、入宅、破土、安葬,安门
2031-05-22,执,天德,是,嫁娶、纳采、求医、治病、修造、动土、移徙、入宅、破土、安葬,开市、开光
2031-05-23,破,白虎,否,祭祀、破屋、坏垣、馀事勿取,诸事不宜
2031-05-24,危,玉堂,是,嫁娶、纳采、祭祀、祈福、出行、动土、上梁、移徙、入宅、破土、安葬,斋醮
2031-05-25,成,天牢,是,纳采、祭祀、祈福、开市、求医、治病、动土、纳畜,嫁娶、安葬
2031-05-26,收,玄武,否,嫁娶、纳采、出行、移徙、入宅,动土、破土、安葬
2031-05-27,开,司命,是,订盟、纳采、祭祀、动土、破土、交易、立券,嫁娶、安葬
2031-05-28,闭,勾陈,否,嫁娶、裁衣、祭祀、出行、安床、作灶、移徙、入宅、破土、安葬,赴任、捕捉
2031-05-29,建,青龙,否,塞穴、结网、馀事勿取,诸事不宜
2031-05-30,除,明堂,是,嫁娶、订盟、纳采、出行、祭祀、祈福、斋醮、动土、上梁、破土、安葬,移徙、入宅
2031-05-31,满,天刑,否,订盟、纳采、会亲友、安床、作灶、造畜稠,开市、安葬
2031-06-01,平,朱雀,否,沐浴、平治道涂、扫舍、入殓、移柩、破土、启钻、安葬、馀事勿取,诸事不宜
2031-06-02,定,金匮,是,嫁娶、祭祀、祈福、求嗣、开光、出行、出火、拆卸、动土、上梁、进人口、入宅、移徙、安床、安门、开市、交易、立券、挂匾、栽种、破土、安葬,无
2031-06-03,执,天德,是,祭祀、开光、出行、解除、塑绘、裁衣、入殓、移柩、破土、启钻、安葬、除服、成服,嫁娶、上梁、修造、拆卸、架马、入宅、伐木、动土、出火、开柱眼
2031-06-04,破,白虎,否,祭祀、解除、破屋、坏垣、馀事勿取,诸事不宜
2031-06-05,危,玉堂,是,嫁娶、祭祀、祈福、求嗣、开光、出行、拆卸、动土、上梁、出火、进人口、入宅、移徙、安床、栽种、纳畜、牧养、竖柱、安门、修造、解除、会亲友,无
2031-06-06,成,天牢,是,嫁娶、安机械、交易、出行、祭祀、祈福、求嗣、斋醮、塑绘、开光、合帐、裁衣、放水、开池、掘井,作灶、理发、造桥、行丧、安葬
2031-06-07,收,玄武,否,纳采、冠笄、求医、治病、开市、立券、修造、动土、安机械、破土、安葬,斋醮、祭祀、移徙、入宅、上梁、嫁娶
2031-06-08,开,司命,是,祭祀、作灶、馀事勿取,开市、安葬、破土、修坟、掘井
2031-06-09,闭,勾陈,否,祭祀、祈福、求嗣、斋醮、安香、解除、移徙、入宅、会亲友、求医、治病、动土、破土、开生坟、合寿木,合帐、上梁、经络、安葬、入殓
2031-06-10,建,青龙,否,嫁娶、冠笄、修造、动土、作灶、移徙、入宅、补垣、塞穴、纳畜、牧养、架马、起基、定磉、开池、造船,祈福、开光、掘井、开市、安葬
2031-06-11,除,明堂,是,祭祀、交易、纳财,斋醮、开渠、上梁、动土、破土
2031-06-12,满,天刑,否,嫁娶、订盟、纳采、冠笄、会亲友、安机械、造车器、祭祀、出行、纳财、入宅、安香、出火、入学、塑绘、开光、拆卸、起基、修造、动土、牧养、栽种、安门、开厕,行丧、伐木、作梁、作灶
2031-06-13,平,朱雀,否,开光、求嗣、出行、冠笄、嫁娶、伐木、架马、开柱眼、修造、移徙、入宅、开市、交易、立券、安香、出火、挂匾、起基、开生坟、合寿木、入殓、除服、成服、移柩、安葬,安床、出货财、作灶、动土、破土
2031-06-14,定,金匮,是,祭祀、沐浴、理发、嫁娶、作灶、整手足甲、扫舍、修饰垣墙、平治道涂,斋醮、出行、治病、合寿木
2031-06-15,执,天德,是,安机械、移徙、入宅、出行、祭祀、祈福、斋醮、纳采、订盟、安香、出火、解除、会亲友、修造、动土、拆卸、起基、定磉、盖屋、安床、破土、安葬、入殓、立碑,开市、伐木、作梁、作灶
2031-06-16,破,白虎,否,祭祀、沐浴、捕捉、结网、畋猎、取渔、馀事勿取,开市、交易、嫁娶、安葬、行丧
2031-06-17,危,玉堂,是,破屋、坏垣、求医、治病、畋猎、馀事勿取,嫁娶、入宅
2031-06-18,成,天牢,是,嫁娶、出行、安机械、祭祀、塑绘、开光、治病、经络、安床、结网、塞穴、破土、入殓,开市、安门、掘井、作灶
2031-06-19,收,玄武,否,订盟、纳采、会亲友、进人口、雕刻、拆卸、修造、动土、起基、开市、栽种、纳畜、牧养、入殓、除服、成服、移柩、破土、安葬,无
2031-06-20,收,玄武,否,祭祀、捕捉、取渔、修饰垣墙、馀事勿取,诸事不宜
2031-06-21,开,司命,是,嫁娶、纳采、祭祀、祈福、求医、治病、出行、动土、移徙、入宅,开市、安门
2031-06-22,闭,勾陈,否,裁衣、作灶、移徙、入宅、纳畜,嫁娶、安葬
2031-06-23,建,青龙,否,祭祀、入殓、移柩、启钻、安葬,上梁、动土、破土
2031-06-24,除,明堂,是,订盟、纳采、出行、祈福、斋醮、安床、会亲友,移徙、入宅、安葬
2031-06-25,满,天刑,否,嫁娶、纳采、出行、求医、治病、开市、移徙、入宅、启钻、安葬,动土、破土
2031-06-26,平,朱雀,否,嫁娶、祭祀、沐浴、扫舍、修饰垣墙,行丧、安葬
2031-06-27,定,金匮,是,嫁娶、订盟、纳采、出行、开市、祭祀、祈福、动土、移徙、入宅、破土、安葬,作灶
2031-06-28,执,天德,是,订盟、纳采、出行、祭祀、祈福、修造、动土、移徙、入宅,开市、安葬
2031-06-29,破,白虎,否,诸事不宜,无
2031-06-30,危,玉堂,是,嫁娶、订盟、纳采、祭祀、祈福、入殓、破土、安葬,开光、开市
2031-07-01,成,天牢,是,开光、求医、治病、动土、上梁、入殓、破土、安葬,嫁娶
2031-07-02,收,玄武,否,祭祀、栽种、馀事勿取,诸事不宜
2031-07-03,开,司命,是,嫁娶、开光、祭祀、祈福、求嗣、出行、解除、伐木、入宅、移徙、安床、出火、拆卸、修造、上梁、栽种、移柩,安葬、开市、交易、立券
2031-07-04,闭,勾陈,否,求嗣、嫁娶、纳采、合帐、裁衣、冠笄、伐木、作梁、修造、动土、起基、竖柱、上梁、安门、作灶、筑堤、造畜稠,安葬、出行、祈福、栽种
2031-07-05,建,青龙,否,祭祀、解除、馀事勿取,诸事不宜
2031-07-06,除,明堂,是,嫁娶、祭祀、祈福、出火、开光、求嗣、出行、拆卸、开市、交易、立券、挂匾、入宅、移徙、安床、栽种、动土,安葬、行丧、伐木、作梁
2031-07-07,满,天刑,否,祭祀、沐浴、塑绘、开光、入学、解除、扫舍、治病、开池、牧养,嫁娶、出行、纳采、入宅、作灶
2031-07-08,平,朱雀,否,纳财、开市、交易、立券、出行、祭祀、祈福、求嗣、开光、解除、扫舍、起基、竖柱、安床、移徙、开仓、出货财、补垣、塞穴、栽种、纳畜、牧养,斋醮、入宅、安门、安葬、破土、行丧
2031-07-09,定,金匮,是,祭祀、修饰垣墙、平治道涂,开市、动土、破土、嫁娶、修造、安葬
2031-07-10,执,天德,是,订盟、纳采、祭祀、祈福、开光、安香、出火、立券、安机械、移徙、入宅、竖柱、上梁、会亲友、安床、拆卸、挂匾、牧养、教牛马,嫁娶、安葬、行丧、破土、修坟
2031-07-11,破,白虎,否,沐浴、理发、捕捉、入殓、移柩、破土、启钻、安葬,出火、嫁娶、入宅、作灶、上梁、动土
2031-07-12,危,玉堂,是,求医、治病、破屋、坏垣、馀事勿取,嫁娶、出行
2031-07-13,成,天牢,是,纳采、订盟、嫁娶、移徙、入宅、出行、开市、交易、立券、纳财、会亲友、安香、出火、拆卸、盖屋、起基、安床、作灶、挂匾、安葬、破土、启钻、立碑、入殓、移柩,祈福、上梁、开仓、掘井、牧养
2031-07-14,收,玄武,否,祭祀、祈福、斋醮、出行、纳采、订盟、安机械、出火、拆卸、修造、动土、起基、移徙、入宅、造庙、入殓、除服、成服、移柩、破土、安葬、谢土,嫁娶、开市、栽种、合寿木
2031-07-15,开,司命,是,祭祀、进人口、纳财、纳畜、牧养、捕捉、馀事勿取,开市、入宅、安床、动土、安葬
2031-07-16,闭,勾陈,否,祭祀、塑绘、开光、求医、治病、嫁娶、会亲友、放水、掘井、牧养、纳畜、开渠、安碓磑,盖屋、入宅、作灶、入学、安葬、行丧
2031-07-17,建,青龙,否,祭祀、塞穴、结网、畋猎、馀事勿取,移徙、开市、入宅、嫁娶、开光、安门
2031-07-18,除,明堂,是,开市、纳财、祭祀、塑绘、安机械、冠笄、会亲友、裁衣、开仓、经络、纳畜、造畜稠、教牛马、牧养,动土、破土、安葬、治病
2031-07-19,除,明堂,是,移徙、入宅、治病、会亲友、祭祀、祈福、斋醮、安香、嫁娶、盖屋、起基,开市、安床、出行、经络
2031-07-20,满,天刑,否,塑绘、出行、冠笄、嫁娶、进人口、裁衣、纳婿、造畜稠、交易、立券、牧养、开生坟、入殓、除服、成服、移柩、安葬、启钻,无
2031-07-21,平,朱雀,否,祭祀、冠笄、嫁娶、捕捉、结网、畋猎、取渔、馀事勿取,无
2031-07-22,定,金匮,是,沐浴、扫舍、馀事勿取,诸事不宜
2031-07-23,执,天德,是,纳采、祭祀、祈福、解除、动土、破土、安葬,嫁娶、移徙、入宅
2031-07-24,破,白虎,否,祭祀、破屋、坏垣、馀事勿取,诸事不宜
2031-07-25,危,玉堂,是,嫁娶、纳采、开市、出行、动土、上梁、移徙、入宅、破土、安葬,祭祀、祈福
2031-07-26,成,天牢,是,嫁娶、纳采、开市、出行、动土、上梁、移徙、入宅、破土、安葬,赴任
2031-07-27,收,玄武,否,祭祀、作灶、纳财、捕捉,开市、破土
2031-07-28,开,司命,是,嫁娶、开市、立券、祭祀、祈福、动土、移徙、入宅,造庙、安葬
2031-07-29,闭,勾陈,否,补垣、塞穴、结网、入殓、除服、成服、移柩、安葬、启钻、馀事勿取,诸事不宜
2031-07-30,建,青龙,否,嫁娶、纳采、出行、祭祀、祈福、解除、移徙、入宅,动土、安葬
2031-07-31,除,明堂,是,嫁娶、祭祀、祈福、斋醮、治病、破土、安葬,开市、入宅
2031-08-01,满,天刑,否,嫁娶、出行、开市、安床、入殓、启钻、安葬,祈福、动土、破土
2031-08-02,平,朱雀,否,嫁娶、祭祀、裁衣、结网、冠笄、沐浴,开仓、出货财、置产、安葬、动土、破土、掘井、栽种
2031-08-03,定,金匮,是,入宅、移徙、安床、开光、祈福、求嗣、进人口、开市、交易、立券、出火、拆卸、修造、动土,嫁娶、破土、置产、栽种、安葬、修坟、行丧
2031-08-04,执,天德,是,祭祀、解除、沐浴、整手足甲、入殓、移柩、破土、启钻、安葬,嫁娶、入宅、移徙、作灶、开市、交易、安门、栽种
2031-08-05,破,白虎,否,破屋、坏垣、馀事勿取,诸事不宜
2031-08-06,危,玉堂,是,嫁娶、开光、出行、理发、作梁、出火、拆卸、修造、开市、交易、立券、挂匾、动土、入宅、移徙、安床、栽种,伐木、祭祀、纳畜
2031-08-07,成,天牢,是,嫁娶、开光、出行、祈福、求嗣、解除、拆卸、动土、修造、进人口、开市、交易、立券、挂匾、入宅、移徙、安床、栽种、纳畜、入殓、移柩、安葬,无
2031-08-08,收,玄武,否,嫁娶、祭祀、祈福、斋醮、普渡、移徙、入宅、动土、治病、开市、交易、立券、开光、修造、造车器、安香、安床、捕捉、畋猎、结网,纳采、订盟、经络、行丧、安葬、探病
2031-08-09,开,司命,是,嫁娶、订盟、纳采、作灶、冠笄、裁衣、会亲友、纳畜、牧养、安机械、开市、立券、纳财、安床,掘井、出行、破土、行丧、安葬
2031-08-10,闭,勾陈,否,嫁娶、订盟、纳采、祭祀、斋醮、普渡、解除、出行、会亲友、开市、纳财、修造、动土、竖柱、上梁、开光、开仓、出货财、纳畜、牧养、开池、破土、启钻,出火、入宅、盖屋、安门、安葬
2031-08-11,建,青龙,否,嫁娶、普渡、祭祀、祈福、补垣、塞穴、断蚁、筑堤、入殓、除服、成服、安葬,动土、破土、掘井、开光、上梁、词讼
2031-08-12,除,明堂,是,嫁娶、冠笄、祭祀、沐浴、普渡、出行、纳财、扫舍、纳畜、赴任,开市、动土、破土、安床、开仓、上梁
2031-08-13,满,天刑,否,祭祀、沐浴、理发、整手足甲、冠笄、解除、入殓、移柩、破土、启钻、安葬,嫁娶、出行、入宅、开市、安门
2031-08-14,平,朱雀,否,塑绘、冠笄、嫁娶、会亲友、进人口、经络、裁衣、栽种、纳畜、牧养、补垣、塞穴、捕捉,祈福、开市、动土、行丧、安葬
2031-08-15,定,金匮,是,出行、沐浴、订盟、纳采、裁衣、竖柱、上梁、移徙、纳畜、牧养,嫁娶、安门、动土、安葬
2031-08-16,执,天德,是,纳采、订盟、嫁娶、祭祀、祈福、普渡、开光、安香、出火、移徙、入宅、竖柱、修造、动土、上梁、起基、盖屋、安门、造庙、造桥、破土、启钻、安葬,开市、立券、纳财、作灶
2031-08-17,破,白虎,否,祭祀、捕捉、畋猎、纳畜、牧养、入殓、除服、成服、移柩、破土、安葬、启钻,嫁娶、纳采、订盟、开市、入宅
2031-08-18,破,白虎,否,破屋、坏垣、治病、馀事勿取,行丧、安葬
2031-08-19,危,玉堂,是,祈福、斋醮、出行、冠笄、嫁娶、雕刻、开柱眼、入宅、造桥、开市、交易、立券、纳财、入殓、除服、成服、移柩、破土、安葬、启钻,动土、订盟、安床、开池
2031-08-20,成,天牢,是,祈福、求嗣、解除、订盟、纳采、动土、起基、放水、造仓、开市、纳畜、牧养、开生坟、入殓、除服、成服、移柩、破土、安葬,无
2031-08-21,收,玄武,否,塑绘、开光、解除、订盟、纳采、嫁娶、出火、修造、动土、移徙、入宅、拆卸、起基、安门、分居、开市、交易、立券、纳财、纳畜、牧养,无
2031-08-22,开,司命,是,祈福、出行、订盟、纳采、嫁娶、裁衣、动土、安床、放水、开市、掘井、交易、立券、栽种、开渠、除服、成服、移柩、破土,无
2031-08-23,闭,勾陈,否,嫁娶、祭祀、祈福、斋醮、作灶、移徙、入宅,动土、破土
2031-08-24,建,青龙,否,嫁娶、出行、纳畜、祭祀、入殓、启钻、安葬,作灶、动土、破土
2031-08-25,除,明堂,是,订盟、纳采、祭祀、祈福、修造、动土、上梁、破土、安葬,嫁娶、开市
2031-08-26,满,天刑,否,订盟、纳采、出行、会亲友、修造、上梁、移徙、入宅,开市、安葬
2031-08-27,平,朱雀,否,沐浴、修饰垣墙、平治道涂、馀事勿取,嫁娶、祈福
2031-08-28,定,金匮,是,嫁娶、祭祀、祈福、斋醮、动土、移徙、入宅,开市、安葬
2031-08-29,执,天德,是,捕捉、结网、入殓、破土、安葬,嫁娶、入宅
2031-08-30,破,白虎,否,沐浴、治病、破屋、坏垣、馀事勿取,诸事不宜
2031-08-31,危,玉堂,是,嫁娶、订盟、纳采、出行、开市、祭祀、祈福、移徙、入宅、启钻、安葬,动土、破土
2031-09-01,成,天牢,是,嫁娶、订盟、纳采、祭祀、祈福、求医、治病、动土、移徙、入宅、破土、安葬,开光、针灸
2031-09-02,收,玄武,否,订盟、纳采、祭祀、祈福、安机械、作灶、纳畜,动土、安葬
2031-09-03,开,司命,是,嫁娶、祭祀、祈福、求嗣、出行、动土、安床、掘井、破土、启钻,入宅、作梁、安门、伐木、修造、上梁、入殓、盖屋
2031-09-04,闭,勾陈,否,嫁娶、祭祀、祈福、求嗣、出行、出火、拆卸、修造、移徙、动土、安床、入殓、破土、安葬、启钻,盖屋、开光、理发、造船、掘井、作灶
2031-09-05,建,青龙,否,祭祀、祈福、求嗣、开光、出行、解除、上梁、盖屋、移徙、安门、纳财、牧养、纳畜、安葬、启钻、入殓,破土、置产、掘井、动土、安床
2031-09-06,除,明堂,是,祭祀、解除、沐浴、理发、整手足甲、入殓、移柩、破土、安葬、扫舍,嫁娶、会亲友、进人口、出行、入宅、移徙、赴任、作灶
2031-09-07,满,天刑,否,塑绘、开光、进人口、纳畜、补垣、塞穴、栽种、牧养,嫁娶、纳财、祈福、安葬、修造、开市、交易、立券、动土、上梁
2031-09-08,平,朱雀,否,出行、开市、交易、立券、安机械、出火、上梁、移徙,嫁娶、安葬、动土、造桥
2031-09-09,定,金匮,是,祭祀、沐浴、修饰垣墙、平治道涂、馀事勿取,斋醮、嫁娶、移徙、出行、上梁、入宅
2031-09-10,执,天德,是,嫁娶、造车器、安机械、祭祀、祈福、开光、安香、出火、出行、开市、立券、修造、动土、移徙、入宅、破土、安葬,纳采、订盟、架马、词讼、开渠
2031-09-11,破,白虎,否,沐浴、捕捉、入殓、除服、成服、破土、启钻、安葬,祭祀、嫁娶、安床、开市、入宅、探病、上梁
2031-09-12,危,玉堂,是,馀事勿取,探病
2031-09-13,成,天牢,是,订盟、纳采、祭祀、祈福、安香、出火、修造、动土、上梁、安门、起基、竖柱、定磉、开池、移徙、入宅、立券、破土,嫁娶、造庙、造桥、造船、作灶、安葬
2031-09-14,收,玄武,否,开光、求嗣、雕刻、嫁娶、订盟、纳采、出火、拆卸、修造、动土、起基、上梁、放水、移徙、入宅、造仓、造船、开市、开池、纳畜、牧养、挂匾,行丧、安葬、合寿木
2031-09-15,开,司命,是,祭祀、嫁娶、捕捉,开光、动土、破土、开市、修造、入宅、安门
2031-09-16,闭,勾陈,否,祭祀、普渡、解除、会亲友、捕捉、畋猎、启钻、除服、成服、移柩,嫁娶、开市、动土、掘井、开池、安葬
2031-09-17,闭,勾陈,否,出行、解除、冠笄、嫁娶、伐木、架马、开柱眼、修造、动土、移徙、入宅、开生坟、合寿木、入殓、移柩、破土、安葬、修坟,祭祀、祈福、开光、开市、安床
2031-09-18,建,青龙,否,祭祀、祈福、求嗣、出行、沐浴、交易、扫舍、教牛马,动土、作灶、行丧、安葬、修坟
2031-09-19,除,明堂,是,出行、解除、纳采、冠笄、雕刻、修造、动土、起基、上梁、合脊、安床、移徙、入宅、开市、栽种、开厕,造庙、安门、行丧、安葬
2031-09-20,满,天刑,否,开光、塑绘、出行、解除、冠笄、裁衣、挂匾、作灶、开市、开池、开厕、补垣、塞穴,无
2031-09-21,平,朱雀,否,祭祀、祈福、修饰垣墙、平治道涂、入殓、移柩,嫁娶、入宅、上梁、安门
2031-09-22,定,金匮,是,祭祀、会亲友、纳采、嫁娶、开光、塑绘、斋醮、安香、开市、立券、除服、成服、入殓、移柩、安葬、赴任、进人口、出行、裁衣、修造、动土、上梁、经络、交易,入宅、伐木
2031-09-23,执,天德,是,祭祀、冠笄、会亲友、拆卸、起基、除服、成服、移柩、启钻、安葬、沐浴、捕捉、开光、塑绘,作灶、入宅、嫁娶
2031-09-24,破,白虎,否,祭祀、沐浴、破屋、坏垣、馀事勿取,移徙、入宅、出行、栽种
2031-09-25,危,玉堂,是,祭祀、塑绘、开光、出行、解除、订盟、嫁娶、拆卸、起基、安床、入宅、开市、入殓、除服、成服、移柩、破土、谢土、挂匾、开柱眼、交易,造桥、冠笄、盖屋、掘井
2031-09-26,成,天牢,是,祭祀、会亲友、进人口、动土、上梁、开光、塑绘、冠笄、拆卸、起基、安床、开市、立券、赴任、经络,定磉、安葬
2031-09-27,收,玄武,否,祭祀、裁衣、冠笄、嫁娶、纳婿、会亲友、除服、成服、移柩、捕捉、进人口、入殓,移徙、入宅、作灶
2031-09-28,开,司命,是,诸事不宜,入殓、安葬、开市、交易
2031-09-29,闭,勾陈,否,祭祀、裁衣、冠笄、嫁娶、安机械、拆卸、动土、起基、移徙、入宅、入殓、启钻、安葬、造仓、经络,安床、开光、开市、交易
2031-09-30,建,青龙,否,祭祀、出行、成服、除服、沐浴、入殓,动土、冠笄、移徙、入宅、开市、竖柱、上梁
2031-10-01,除,明堂,是,祭祀、沐浴、赴任、出行、馀事勿取,诸事不宜
2031-10-02,满,天刑,否,诸事不宜,无
2031-10-03,平,朱雀,否,沐浴、入殓、移柩、除服、成服、破土、平治道涂,嫁娶、移徙、入宅、开市
2031-10-04,定,金匮,是,嫁娶、祭祀、祈福、求嗣、沐浴、出火、出行、拆卸、修造、动土、进人口、开市、交易、立券、入宅、移徙、安床、栽种、纳畜、入殓、安葬、启钻、除服、成服,无
2031-10-05,执,天德,是,开光、解除、起基、动土、拆卸、上梁、立碑、修坟、安葬、破土、启钻、移柩,嫁娶、出行、安床、作灶、祭祀、入宅、移徙、出火、进人口、置产
2031-10-06,破,白虎,否,破屋、坏垣、馀事勿取,诸事不宜
2031-10-07,危,玉堂,是,嫁娶、祈福、求嗣、出行、出火、拆卸、修造、动土、上梁、开光、进人口、开市、交易、立券、挂匾、安床、入宅、移徙、栽种、伐木、入殓、破土、除服、成服,无
2031-10-08,成,天牢,是,订盟、纳采、会亲友、交易、立券、纳财、栽种、纳畜、牧养,嫁娶、开市、入宅、祈福、安葬
2031-10-09,收,玄武,否,造车器、嫁娶、订盟、纳采、会亲友、祭祀、出行、开市、立券、移徙、入宅、破土、安葬,上梁、开光、盖屋、架马、合寿木
2031-10-10,开,司命,是,祭祀、作灶、纳财、捕捉、畋猎、馀事勿取,动土、破土、开市、安葬
2031-10-11,闭,勾陈,否,嫁娶、订盟、纳采、祭祀、祈福、出行、求医、治病、出火、移徙、入宅,开市、开仓、出货财、安床、安门、安葬
2031-10-12,建,青龙,否,冠笄、祭祀、沐浴、作灶、理发、整手足甲、扫舍、补垣、塞穴、入殓、破土、启钻,开光、嫁娶、会亲友、栽种、针灸、安葬
2031-10-13,除,明堂,是,纳采、订盟、嫁娶、祭祀、祈福、求嗣、置产、求医、治病、开市、交易、立券、会亲友、移徙、竖柱、上梁、盖屋、合脊、安门、放水、捕捉、纳畜,造庙、造船、动土、破土、安葬
2031-10-14,满,天刑,否,出行、造车器、造畜稠、解除、冠笄、裁衣、作梁、雕刻、会亲友、移徙、入宅、安机械、开市、扫舍,嫁娶、动土、破土、修坟
2031-10-15,平,朱雀,否,沐浴、理发、冠笄、安床、开市、立券、会亲友、交易、纳财、结网、教牛马,移徙、入宅、出行、祈福、嫁娶
2031-10-16,平,朱雀,否,祭祀、造畜稠、修饰垣墙、平治道涂、馀事勿取,嫁娶、开市、安床、掘井
2031-10-17,定,金匮,是,捕捉、结网、入殓、除服、成服、移柩、破土、安葬、启钻、立碑,嫁娶、祭祀、入宅、盖屋、移徙
2031-10-18,执,天德,是,祭祀、祈福、求嗣、斋醮、造庙、出火、安机械、会亲友、开市、交易、立券、纳财、习艺、经络、求医、治病、开池、开厕、畋猎、结网、栽种、牧养、安葬、破土、启钻,开光、嫁娶、掘井、伐木、作梁
2031-10-19,破,白虎,否,破屋、坏垣、馀事勿取,诸事不宜
2031-10-20,危,玉堂,是,会亲友、嫁娶、订盟、纳采、纳婿、拆卸、修造、动土、起基、竖柱、上梁、安床、纳财,出行、祈福、安葬、作灶
2031-10-21,成,天牢,是,祭祀、塑绘、开光、祈福、斋醮、出行、订盟、纳采、裁衣、嫁娶、拆卸、修造、安床、入宅、安香、入殓、启钻、安葬、谢土、赴任、会亲友、进人口、移徙、上梁、经络、开市、交易、立券、纳财,开仓、冠笄、伐木、作梁
2031-10-22,收,玄武,否,祭祀、作灶、入殓、除服、成服、畋猎,栽种、动土、安葬、开市
2031-10-23,开,司命,是,祭祀、祈福、斋醮、沐浴、竖柱、订盟、纳采、嫁娶、拆卸、入宅、移柩、启钻、谢土、赴任、出火、纳畜,作灶、入殓、安葬、安床
2031-10-24,闭,勾陈,否,嫁娶、祭祀、安机械、入殓、破土、安葬,动土、上梁
2031-10-25,建,青龙,否,作灶、造畜稠,行丧、安葬
2031-10-26,除,明堂,是,沐浴、理发、入学、习艺、进人口,嫁娶、入宅
2031-10-27,满,天刑,否,开光、针灸、会亲友、启钻、安葬,开市、动土、破土
2031-10-28,平,朱雀,否,祭祀、结网、造畜稠、馀事勿取,无
2031-10-29,定,金匮,是,入殓、除服、成服、移柩、破土、启钻、安葬,移徙、入宅
2031-10-30,执,天德,是,嫁娶、订盟、纳采、出行、祭祀、祈福、动土、移徙、入宅、破土、安葬,开市、赴任
2031-10-31,破,白虎,否,祭祀、解除、破屋、坏垣、馀事勿取,无
2031-11-01,危,玉堂,是,订盟、纳采、会亲友、安机械、纳财、牧养,祈福、安葬
2031-11-02,成,天牢,是,嫁娶、订盟、纳采、出行、开市、祭祀、祈福、动土、移徙、入宅、破土、安葬,斋醮、安门
2031-11-03,收,玄武,否,祭祀、塞穴、馀事勿取,诸事不宜
2031-11-04,开,司命,是,祭祀、祈福、求嗣、开光、开市、出行、解除、动土、起基、置产、栽种,嫁娶、作灶、修坟、安门、入宅、立碑、安葬、安床
2031-11-05,闭,勾陈,否,祭祀、解除、裁衣、理发、安床、作灶、造畜稠、放水、筑堤、补垣、塞穴、整手足甲、扫舍,嫁娶、开光、会亲友、掘井、安门、栽种
2031-11-06,建,青龙,否,祭祀、出行、裁衣、冠笄、会亲友、造畜稠、嫁娶、竖柱、上梁、移徙、纳财、纳畜,动土、伐木、作梁、行丧、安葬、开生坟
2031-11-07,除,明堂,是,祭祀、沐浴、出行、馀事勿取,开市、动土、破土、行丧、安葬
2031-11-08,满,天刑,否,嫁娶、造车器、出行、会亲友、移徙、入宅、修造、动土、雕刻、开光、安香、出火、理发、盖屋、合脊、起基、归岫、安门、拆卸、扫舍、栽种、造畜稠,开市、纳采、造庙、安床、开渠、安葬
2031-11-09,平,朱雀,否,塑绘、会亲友、安机械、塞穴、结网、裁衣、经络,嫁娶、开市、祈福、斋醮、安葬
2031-11-10,定,金匮,是,纳采、移徙、纳财、开市、交易、立券、入宅、修造、动土、竖柱、起基、定磉、造庙、安香、出火、修饰垣墙、平治道涂、会亲友、出行、开池、开厕,开仓、盖屋、造桥、祭祀
2031-11-11,执,天德,是,订盟、纳采、纳财、开市、立券、祭祀、祈福、移徙、入宅、出行、盖屋、起基、修造、动土、竖柱、上梁、安门、安香、出火、教牛马、会亲友、破土,嫁娶、安葬、掘井、置产、造船
2031-11-12,破,白虎,否,嫁娶、订盟、纳采、祭祀、祈福、塑绘、开光、移徙、安床、伐木、作梁、捕捉、畋猎、结网、求医、治病、解除、安葬、除服、成服、移柩、入殓、立碑、谢土,开市、造庙、动土、破土
2031-11-13,危,玉堂,是,破屋、坏垣、祭祀、馀事勿取,嫁娶、安葬
2031-11-14,成,天牢,是,嫁娶、纳采、订盟、祭祀、冠笄、裁衣、伐木、作梁、架马、定磉、开柱眼、作灶、移徙、安床、畋猎、结网、开池、开厕、除服、成服、启钻、入殓、移柩、安葬,盖屋、造船、动土、破土
2031-11-15,成,天牢,是,纳采、订盟、祭祀、祈福、求嗣、斋醮、开光、会亲友、解除、入学、纳财、交易、立券、经络、起基、动土、定磉、开池、栽种、纳畜、牧养、破土、入殓、立碑、安葬,嫁娶、开市、入宅、出火、移徙
2031-11-16,收,玄武,否,捕捉、畋猎、会亲友、解除、入殓、除服、成服、移柩、馀事勿取,安床、安门、破土、修坟、安葬
2031-11-17,开,司命,是,祭祀、祈福、求嗣、斋醮、沐浴、冠笄、出行、理发、拆卸、解除、起基、动土、定磉、安碓磑、开池、掘井、扫舍、除服、成服、移柩、启钻、立碑、谢土,移徙、入宅、安门、作梁、安葬
2031-11-18,闭,勾陈,否,嫁娶、冠笄、安床、纳采、会亲友、塞穴、捕捉、置产、造畜稠,开光、掘井、安葬、谢土、修坟
2031-11-19,建,青龙,否,祭祀、沐浴、馀事勿取,诸事不宜
2031-11-20,除,明堂,是,祭祀、会亲友、嫁娶、沐浴、修造、动土、祈福、开光、塑绘、出行、订盟、纳采、裁衣、入殓、除服、成服、移柩、启钻、赴任、竖柱、上梁、纳财、扫舍、栽种、纳畜、伐木,入宅、作灶、安床、开仓
2031-11-21,满,天刑,否,理发、会亲友、补垣、塞穴、结网,嫁娶、入宅、安门、移徙
2031-11-22,平,朱雀,否,祭祀、祈福、订盟、纳采、裁衣、拆卸、修造、动土、起基、安床、移徙、入宅、安香、除服、成服、入殓、移柩、安葬、谢土、赴任、会亲友、进人口、出行、竖柱、上梁、经络、开市、交易、立券、纳财、开仓,作灶、治病、伐木、作梁
2031-11-23,定,金匮,是,祭祀、祈福、订盟、纳采、裁衣、拆卸、修造、动土、起基、安床、移徙、入宅、安香、入殓、移柩、安葬、谢土、赴任、进人口、会亲友,作灶、治病
2031-11-24,执,天德,是,祭祀、塑绘、开光、订盟、纳采、嫁娶、安床、进人口、入殓、除服、成服、移柩、启钻、安葬、立碑,开市、交易、破土、作灶
2031-11-25,破,白虎,否,祭祀、解除、破屋、坏垣、馀事勿取,诸事不宜
2031-11-26,危,玉堂,是,祭祀、解除、祈福、开光、塑绘、斋醮、订盟、纳采、裁衣、冠笄、拆卸、修造、动土、入殓、除服、成服、移柩、启钻、安床、赴任、出行、移徙、竖柱、上梁、伐木、栽种、破土、安葬、纳畜,盖屋、治病
2031-11-27,成,天牢,是,祭祀、祈福、订盟、纳采、裁衣、合帐、冠笄、安机械、安床、造畜稠、入殓、移柩、启钻、安葬、谢土、除服、成服、会亲友、竖柱、上梁、经络、开市、交易、立券、纳财、纳畜、筑堤,嫁娶、入宅、治病、赴任
2031-11-28,收,玄武,否,沐浴、扫舍、馀事勿取,诸事不宜
2031-11-29,开,司命,是,诸事不宜,无
2031-11-30,闭,勾陈,否,祈福、斋醮、出行、订盟、纳采、入殓、移柩、破土、安葬、立碑、结网,入宅、作灶
2031-12-01,建,青龙,否,祭祀、沐浴、出行、冠笄、进人口、馀事勿取,嫁娶、动土、安葬、作灶
2031-12-02,除,明堂,是,祭祀、祈福、斋醮、塑绘、开光、订盟、纳采、裁衣、冠笄、嫁娶、拆卸、入宅、安香、入殓、移柩、理发、安葬、修坟、谢土、赴任、移徙、沐浴、治病、破土、启钻、整手足甲、入学、作梁,开市
2031-12-03,满,天刑,否,诸事不宜,无
2031-12-04,平,朱雀,否,开市、交易、立券、挂匾、纳财、开光、出行、入宅、移徙、安床、纳畜、入殓、移柩、安葬,栽种、破土、置产、祭祀、嫁娶、动土、作灶、祈福
2031-12-05,定,金匮,是,嫁娶、祭祀、祈福、求嗣、开光、出行、解除、出火、拆卸、进人口、入宅、移徙、安床、栽种、动土、修造、纳畜、入殓、安葬、立碑、除服、成服,无
2031-12-06,执,天德,是,开光、解除、拆卸、修造、动土、安床、纳畜、安葬、启钻、入殓,嫁娶、开市、出火、栽种、破土、入宅、移徙、安香、分居、掘井、作灶
2031-12-07,破,白虎,否,嫁娶、订盟、纳采、祭祀、祈福、求嗣、斋醮、安香、出火、修造、起基、盖屋、合脊、安门、安碓磑、动土、上梁、移徙、入宅,出行、掘井、破土、行丧、安葬
2031-12-08,危,玉堂,是,祭祀、沐浴、破屋、坏垣、馀事勿取,嫁娶、移徙、入宅、探病、出行、盖屋
2031-12-09,成,天牢,是,冠笄、纳财、掘井、开池、出火、安床、交易、立券、畋猎、结网、理发、放水,安门、动土、破土、行丧、安葬、成服
2031-12-10,收,玄武,否,纳采、订盟、移徙、入宅、出行、安机械、会亲友、祭祀、祈福、斋醮、开光、安香、出火、解除、求医、针灸、治病、盖屋、起基、修造、安门、造船、纳畜、牧养、移柩、入殓、启钻、谢土、修坟、立碑,嫁娶、动土、安床、造桥、掘井
2031-12-11,开,司命,是,祭祀、沐浴、作灶、纳财、捕捉、畋猎、安床、扫舍,开市、斋醮、破土、安葬
2031-12-12,闭,勾陈,否,祈福、斋醮、纳采、订盟、解除、架马、开柱眼、修造、动土、起基、上梁、归岫、盖屋、合脊、掘井、除服、成服、破土、栽种,移徙、开市、入宅、安葬
2031-12-13,建,青龙,否,纳采、订盟、祭祀、沐浴、冠笄、合帐、裁衣、修造、动土、拆卸、移徙、入宅、安门、开仓、筑堤、开厕、栽种、纳畜、补垣、塞穴,嫁娶、祈福、开光、掘井、安葬、行丧
2031-12-14,建,青龙,否,合帐、裁衣、教牛马、馀事勿取,入宅、动土、破土、嫁娶、作灶、造船
2031-12-15,除,明堂,是,纳采、订盟、嫁娶、祭祀、祈福、安香、出火、出行、会亲友、经络、求医、治病、解除、拆卸、起基、修造、动土、定磉、扫舍、栽种、牧养、造畜稠,斋醮、作梁、掘井、行丧、安葬
2031-12-16,满,天刑,否,纳财、开市、交易、立券、会亲友、进人口、经络、祭祀、祈福、安香、出火、求医、治病、修造、动土、拆卸、扫舍、安床、栽种、牧养、开生坟、合寿木、入殓、安葬、启钻,嫁娶、移徙、入宅
2031-12-17,平,朱雀,否,祭祀、入殓、移柩、馀事勿取,入宅、修造、动土、破土、安门、上梁
2031-12-18,定,金匮,是,塑绘、开光、订盟、纳采、裁衣、冠笄、拆卸、修造、安床、入宅、出火、安葬、谢土、赴任,掘井、伐木、斋醮、作灶
2031-12-19,执,天德,是,祭祀、塑绘、开光、裁衣、冠笄、嫁娶、纳采、拆卸、修造、动土、竖柱、上梁、安床、移徙、入宅、安香、结网、捕捉、畋猎、伐木、进人口、放水,出行、安葬、修坟、开市
2031-12-20,破,白虎,否,祭祀、求医、破屋、坏垣、馀事勿取,诸事不宜
2031-12-21,危,玉堂,是,祭祀、祈福、斋醮、出行、冠笄、安机械、移徙、入宅、安香、安床、除服、成服、移柩、启钻,开光、栽种、治病、安门、作灶
2031-12-22,成,天牢,是,塑绘、斋醮、出行、拆卸、解除、修造、移徙、造船、入殓、除服、成服、移柩、启钻、修坟、立碑、谢土,无
2031-12-23,收,玄武,否,祭祀、沐浴、安床、纳财、畋猎、捕捉,开市、破土
2031-12-24,开,司命,是,订盟、纳采、祭祀、祈福、修造、动土、上梁、破土,嫁娶、作灶
2031-12-25,闭,勾陈,否,出行、沐浴、理发、补垣、塞穴,入宅、安葬
2031-12-26,建,青龙,否,教牛马、馀事勿取,入宅、动土、破土
2031-12-27,除,明堂,是,嫁娶、出行、求医、治病、祭祀、祈福、上梁、纳畜,开市、安葬
2031-12-28,满,天刑,否,开市、立券、开光、解除、安机械、上梁、启钻、安葬,嫁娶、祈福
2031-12-29,平,朱雀,否,平治道涂、馀事勿取,诸事不宜
2031-12-30,定,金匮,是,求嗣、斋醮、塑绘、订盟、纳采、出火、拆卸、修造、动土、造桥、安机械、栽种、纳畜、牧养、入殓、除服、成服、移柩、破土、安葬,开市、嫁娶
2031-12-31,执,天德,是,嫁娶、订盟、纳采、祭祀、祈福、修造、动土、移徙、入宅,开市、安葬
2032-01-01,破,白虎,否,治病、破屋、坏垣、馀事勿取,诸事不宜
2032-01-02,危,玉堂,是,祭祀、祈福、求嗣、斋醮、开光、入学、订盟、冠笄、伐木、修造、动土、起基、放水、交易、开池,造桥、安门、理发、造庙、栽种、作灶
2032-01-03,成,天牢,是,解除、坏垣、馀事勿取,诸事不宜
2032-01-04,收,玄武,否,沐浴、理发、扫舍,伐木、纳畜、上梁、入宅、作灶、造畜稠、嫁娶、安葬、作梁、造船、安门
2032-01-05,开,司命,是,祭祀、开光、祈福、解除、作梁、动土、安床、掘井、栽种、纳畜、破土、移柩,嫁娶、出行、赴任、盖屋、入殓、入宅、移徙、出火、进人口、安葬
2032-01-06,闭,勾陈,否,订盟、纳采、会亲友、祭祀、斋醮、沐浴、塑绘、出火、开光、竖柱、上梁、开市、交易、立券、作梁、开柱眼、伐木、架马、安门、安床、拆卸、牧养、造畜稠、掘井,造庙、嫁娶、出行、动土、安葬、行丧
2032-01-07,建,青龙,否,交易、立券、纳财、安床、裁衣、造畜稠、安葬、谢土、启钻、除服、成服、修坟、立碑、移柩、入殓,开光、嫁娶、开市、动土、破土
2032-01-08,除,明堂,是,祭祀、解除、教牛马、会亲友、馀事勿取,破土、动土、安葬
2032-01-09,满,天刑,否,纳采、订盟、移徙、纳财、开市、交易、立券、入宅、会亲友、解除、求医、治病、入学、安床、安门、安香、出火、拆卸、扫舍、挂匾、开生坟、合寿木、破土、修坟、启钻、入殓,探病、祭祀、出行、上梁、盖屋、谢土、安葬
2032-01-10,平,朱雀,否,嫁娶、订盟、纳采、祭祀、祈福、求嗣、会亲友、解除、出行、入学、纳财、开市、交易、立券、习艺、经络、安床、开仓、出货财、纳畜、安葬、启钻、修坟、入殓,入宅、开光、动土
2032-01-11,定,金匮,是,祭祀、冠笄、嫁娶、会亲友、进人口、裁衣、结网、平治道涂,移徙、入宅、造庙、作灶、治病、安葬
2032-01-12,执,天德,是,祭祀、安碓磑、结网、馀事勿取,嫁娶、安葬
2032-01-13,执,天德,是,嫁娶、祭祀、沐浴、裁衣、出行、理发、移徙、捕捉、畋猎、放水、入宅、除服、成服、启钻、安葬、移柩、入殓,盖屋、开市、动土、破土
2032-01-14,破,白虎,否,破屋、坏垣、馀事勿取,嫁娶、开市、安葬
2032-01-15,危,玉堂,是,纳采、订盟、祭祀、求嗣、出火、塑绘、裁衣、会亲友、入学、拆卸、扫舍、造仓、挂匾、掘井、开池、结网、栽种、纳畜、破土、修坟、立碑、安葬、入殓,祈福、嫁娶、造庙、安床、谢土
2032-01-16,成,天牢,是,入殓、除服、成服、移柩、启钻、安葬、修坟、立碑,开市、伐木、嫁娶、作梁
2032-01-17,收,玄武,否,祭祀、作灶、入殓、除服、馀事勿取,开市、安床
2032-01-18,开,司命,是,塑绘、开光、沐浴、冠笄、会亲友、作灶、放水、造畜稠,嫁娶、入殓、安葬、出行
2032-01-19,闭,勾陈,否,祭祀、沐浴、祈福、斋醮、订盟、纳采、裁衣、拆卸、起基、竖柱、上梁、安床、入殓、除服、成服、移柩、启钻、挂匾、求嗣、出行、合帐、造畜稠,开仓、嫁娶、移徙、入宅
2032-01-20,建,青龙,否,祭祀、解除、馀事勿取,诸事不宜
2032-01-21,除,明堂,是,沐浴、解除、订盟、纳采、裁衣、冠笄、拆卸、修造、动土、移徙、入宅、除服、成服、移柩、破土、启钻、安葬、扫舍、修坟、伐木、纳财、交易、立券,作灶、祭祀、上梁、出行
2032-01-22,满,天刑,否,出行、嫁娶、订盟、纳采、入殓、安床、启钻、安葬、祭祀、裁衣、会亲友、进人口,无
2032-01-23,平,朱雀,否,修饰垣墙、平治道涂、入殓、移柩、馀事勿取,嫁娶、移徙、入宅、开光
2032-01-24,定,金匮,是,会亲友、纳采、进人口、修造、动土、竖柱、上梁、祭祀、开光、塑绘、祈福、斋醮、嫁娶、安床、移徙、入宅、安香、纳畜,出行、治病、安葬、开市
2032-01-25,执,天德,是,祭祀、会亲友、出行、订盟、纳采、沐浴、修造、动土、祈福、斋醮、嫁娶、拆卸、安床、入殓、移柩、安葬、谢土、赴任、裁衣、竖柱、上梁、伐木、捕捉、栽种、破土、安门,盖屋、开市、作灶、入宅
2032-01-26,破,白虎,否,解除、破屋、坏垣、馀事勿取,诸事不宜
2032-01-27,危,玉堂,是,塑绘、开光、出行、订盟、纳采、除服、成服、嫁娶、纳婿、入殓、移柩、启钻、安葬、立碑,入宅、安床
2032-01-28,成,天牢,是,入殓、除服、成服、移柩、启钻、安葬、立碑、馀事勿取,破土、伐木
2032-01-29,收,玄武,否,祭祀、祈福、斋醮、塑绘、开光、除服、成服、入殓、作灶、嫁娶、捕捉、畋猎、纳财,开仓、盖屋、安葬、安床
2032-01-30,开,司命,是,祭祀、出行、沐浴、裁衣、祈福、斋醮、订盟、纳采、嫁娶、安机械、开市、立券、安碓磑、纳畜,栽种、入殓、安葬
2032-01-31,闭,勾陈,否,祭祀、祈福、斋醮、沐浴、安床、安机械、造车器、入殓、移柩、启钻、安葬、立碑、合帐、经络、交易,作灶、掘井、嫁娶、入宅
2032-02-01,建,青龙,否,解除、扫舍、祭祀、教牛马、馀事勿取,无
2032-02-02,除,明堂,是,开市、交易、立券、挂匾、开光、解除、伐木、作梁、出火、入宅、移徙、安床、拆卸、动土、上梁、栽种、纳畜、安葬,嫁娶、祭祀、出行、置产
2032-02-03,满,天刑,否,开市、交易、立券、纳财、开池、补垣、嫁娶、纳采、纳畜、取渔、安床,修造、上梁、入宅、祈福、探病、掘井、动土、安门、安葬、作灶
2032-02-04,平,朱雀,否,会亲友、求嗣、理发、冠笄、结网、捕捉、开光,开市、动土、安葬、破土
2032-02-05,定,金匮,是,祭祀、平治道涂、馀事勿取,嫁娶、祈福、掘井、安葬
2032-02-06,执,天德,是,祈福、求嗣、斋醮、纳采、嫁娶、伐木、修造、动土、移徙、入宅、造庙、安机械、开市、入殓、除服、成服、移柩、安葬、破土、谢土,置产、盖屋、合脊、开光、探病、安门、作灶
2032-02-07,破,白虎,否,入学、习艺、出行、纳采、订盟、嫁娶、会亲友、进人口、牧养、捕捉、入殓、移柩、安葬、启钻,开光、开市、入宅、动土、盖屋
2032-02-08,危,玉堂,是,祭祀、沐浴、求医、治病、扫舍、破屋、坏垣、解除、馀事勿取,入宅、开市、安葬
2032-02-09,成,天牢,是,祭祀、冠笄、嫁娶、拆卸、修造、动土、起基、上梁、盖屋、入宅、开市、开池、塞穴、入殓、除服、成服、移柩、安葬、破土,安床、栽种、治病、作灶
2032-02-10,收,玄武,否,祭祀、结网、入殓、除服、成服、移柩、安葬、破土,馀事勿取
2032-02-11,收,玄武,否,塑绘、开光、祈福、求嗣、订盟、纳采、裁衣、冠笄、拆卸、修造、动土、起基、安门、安床、移徙、造仓、结网、纳畜,伐木、作灶、安葬、取渔、入宅
2032-02-12,开,司命,是,祭祀、沐浴、开光、塑绘、祈福、求嗣、订盟、纳采、冠笄、裁衣、嫁娶、动土、除服、成服、移柩、破土、启钻、出行、安碓磑、放水、开市、立券、交易,安葬、上梁、入宅、作灶
2032-02-13,闭,勾陈,否,祭祀、祈福、求嗣、酬神、裁衣、安床、立券、交易、入殓、除服、成服、移柩、谢土、启钻,出行、嫁娶、入宅、动土
2032-02-14,建,青龙,否,裁衣、合帐、入殓、除服、成服、会亲友、纳财,祭祀、祈福、移徙、嫁娶、入宅
2032-02-15,除,明堂,是,祭祀、斋醮、裁衣、合帐、冠笄、订盟、纳采、嫁娶、入宅、安香、谢土、入殓、移柩、破土、立碑、会亲友、出行、祈福、求嗣、上梁、放水,掘井
2032-02-16,满,天刑,否,安床、合帐、入宅、问名、纳采、求嗣、祭祀、开仓,斋醮、作灶、安葬
2032-02-17,平,朱雀,否,作灶、平治道涂,祭祀、祈福、安葬、安门、馀事勿取
2032-02-18,定,金匮,是,塑绘、开光、酬神、斋醮、订盟、纳采、裁衣、合帐、拆卸、动土、上梁、安床、安香、造庙、挂匾、会亲友、进人口、出行、修造、纳财、伐木、放水、出火、纳畜、沐浴、安门,盖屋、栽种、安葬、作灶
2032-02-19,执,天德,是,祭祀、祈福、酬神、订盟、纳采、冠笄、裁衣、合帐、嫁娶、安床、移徙、入宅、安香、入殓、移柩、启钻、安葬、解除、取渔、捕捉、伐木、安门、出火,栽种、动土、开市、作灶
2032-02-20,破,白虎,否,求医、破屋,诸事不宜
2032-02-21,危,玉堂,是,祈福、求嗣、斋醮、塑绘、开光、订盟、纳采、嫁娶、动土、入宅、安香、移柩、安葬、谢土、出行、沐浴、修造、竖柱、上梁、纳财、破土、解除、安门、放水,作灶、安床
2032-02-22,成,天牢,是,取渔、入殓、除服、成服、移柩、破土、安葬、立碑,嫁娶、上梁、入宅、作灶
2032-02-23,收,玄武,否,祭祀、求嗣、沐浴、酬神、订盟、纳采、裁衣、合帐、冠笄、安机械、安床、造仓、开池、经络、纳财、开市、立券、交易、结网、取渔、纳畜、捕捉,安葬、作灶、伐木、作梁
2032-02-24,开,司命,是,祭祀、沐浴、祈福、求嗣、斋醮、订盟、纳采、裁衣、冠笄、开市、立券、交易、纳财、除服、谢土、出行、移柩,入殓、安葬、作灶、入宅
2032-02-25,闭,勾陈,否,祭祀、祈福、求嗣、入殓、启钻、安葬、移柩,开光、掘井、针灸、出行、嫁娶、入宅、移徙、作灶、动土
2032-02-26,建,青龙,否,安床、解除、裁衣、竖柱、上梁、交易、立券、纳财、纳畜、牧养、入殓、移柩、安葬、启钻,嫁娶、出行、动土、开渠、入宅、祭祀、掘井
2032-02-27,除,明堂,是,嫁娶、安床、开光、出行、祭祀、动土、出火、解除、会亲友、开市、交易、立券、挂匾、入宅、移徙、拆卸、破土、启钻、安葬,掘井、词讼
2032-02-28,满,天刑,否,嫁娶、开光、求嗣、会亲友、安床、牧养、塑绘、针灸,入宅、移徙、出火、分居、安香、作灶、开市、交易、立券、安葬、动土、伐木
2032-02-29,平,朱雀,否,作灶、解除、平治道涂,栽种、出行、祈福、行丧、纳畜、安葬、安门、伐木、作梁、牧养
2032-03-01,定,金匮,是,解除、沐浴,诸事不宜
2032-03-02,执,天德,是,嫁娶、祭祀、祈福、出行、解除、出火、拆卸、动土、入宅、移徙、安床、上梁、栽种、纳畜、破土、启钻、安葬,开市、立券、理发、作灶
2032-03-03,破,白虎,否,祭祀、解除、治病、破屋、坏垣、扫舍,馀事勿取
2032-03-04,危,玉堂,是,祭祀、祈福、求嗣、开光、出火、出行、拆卸、修造、动土、入宅、移徙、上梁、挂匾、开池、入殓、安葬、破土、启钻,嫁娶、作灶、安床
2032-03-05,成,天牢,是,嫁娶、冠笄、祭祀、出行、会亲友、修造、动土、入殓、破土,塑绘、开光、造桥、除服、成服
2032-03-06,收,玄武,否,开光、求嗣、出行、纳采、冠笄、出火、拆卸、起基、修造、动土、上梁、移徙、造船、开市、交易、立券、纳财,祈福、嫁娶、安葬、破土
2032-03-07,开,司命,是,理发、冠笄、嫁娶、进人口、栽种、捕捉、针灸,纳财、开市、安葬、破土
2032-03-08,闭,勾陈,否,开光、祈福、求嗣、出行、解除、伐木、盖屋、起基、修造、架马、安门、移徙、入宅、造庙、除服、成服、移柩、谢土、纳畜、牧养,纳采、动土、开市、交易
2032-03-09,建,青龙,否,裁衣、经络、伐木、开柱眼、拆卸、修造、动土、上梁、合脊、合寿木、入殓、除服、成服、移柩、破土、安葬、启钻、修坟、立碑,祭祀、嫁娶、出行、掘井
2032-03-10,除,明堂,是,祭祀、会亲友、立券、交易、裁衣、合帐、嫁娶、冠笄、进人口,栽种、动土、安葬、掘井、修坟、探病
2032-03-11,满,天刑,否,扫舍、塞穴、馀事勿取,诸事不宜
2032-03-12,满,天刑,否,塑绘、开光、订盟、纳采、裁衣、合帐、冠笄、安机械、会亲友、纳财、开市、立券、交易、安床、竖柱、上梁、结网、栽种、解除、经络,作灶、出行、入宅、安葬
2032-03-13,平,朱雀,否,祭祀、嫁娶、纳婿、除服、成服、入殓、移柩,动土、作灶、入宅、开光、安床
2032-03-14,定,金匮,是,祈福、求嗣、开光、塑绘、斋醮、订盟、纳采、嫁娶、拆卸、安床、入宅、安香、移柩、修坟、安葬、谢土、栽种、解除、冠笄、裁衣、移徙、修造、动土、竖柱、放水、启钻、立碑,赴任
2032-03-15,执,天德,是,祭祀、解除、入殓、除服、成服、移柩、启钻、安葬、修坟、立碑、谢土、沐浴、扫舍、捕捉、取渔、结网、畋猎、理发,安床、嫁娶、作灶、入宅
2032-03-16,破,白虎,否,破屋、坏垣,诸事不宜
2032-03-17,危,玉堂,是,祭祀、出行、订盟、纳采、裁衣、合帐、冠笄、进人口、动土、安床、作灶、入殓、移柩、安葬、破土、结网、取渔、畋猎,作梁、造庙
2032-03-18,成,天牢,是,祭祀、开光、塑绘、订盟、纳采、合帐、冠笄、拆卸、动土、起基、上梁、入宅、安香、开市、立券、纳财、沐浴、求嗣、出火、竖柱、安门,造庙、嫁娶、伐木、安葬
2032-03-19,收,玄武,否,祭祀、沐浴、捕捉、栽种,嫁娶、入宅、移徙、作灶、安葬
2032-03-20,开,司命,是,祭祀、开光、塑绘、酬神、斋醮、订盟、纳采、嫁娶、裁衣、动土、起基、出火、拆卸、移徙、入宅、安香、修造、竖柱、上梁、纳畜、牧养、祈福、求嗣、解除、伐木、定磉、盖屋、安门,栽种、安葬
2032-03-21,闭,勾陈,否,订盟、纳采、冠笄、拆卸、修造、动土、安床、入殓、除服、成服、移柩、安葬、破土、启钻、造仓,作灶、开光、嫁娶、开市、入宅
2032-03-22,建,青龙,否,祈福、开光、塑绘、酬神、订盟、纳采、裁衣、安床、开市、立券、入殓、除服、成服、移柩、启钻、安葬、立碑、赴任、会亲友、出行、交易、竖柱,作灶、掘井、动土、栽种
2032-03-23,除,明堂,是,祭祀、扫舍、塞穴,栽种、作灶、安葬、嫁娶
2032-03-24,满,天刑,否,开光、塑绘、裁衣、冠笄、伐木、拆卸、竖柱、上梁、开仓、会亲友、安机械、造仓、盖屋、交易、解除、开市、立券、纳财,出行、嫁娶、入宅、安葬
2032-03-25,平,朱雀,否,冠笄、入殓、除服、成服、移柩、平治道涂、修饰垣墙,盖屋、作灶、治病、探病
2032-03-26,定,金匮,是,祭祀、嫁娶、祈福、纳采、裁衣、合帐、安床、入宅、安香、入殓、移柩、安葬、谢土、修造、安碓磑、求嗣、会亲友、挂匾、交易、立券、纳财、造仓、放水,栽种、伐木
2032-03-27,执,天德,是,祭祀、祈福、斋醮、订盟、纳采、裁衣、合帐、拆卸、修造、动土、上梁、起基、移柩、安葬、谢土、沐浴、扫舍、开柱眼、伐木、出火,安床、开市、立券、作灶
2032-03-28,破,白虎,否,破屋、坏垣、求医、治病,诸事不宜
2032-03-29,危,玉堂,是,祭祀、动土、上梁、订盟、纳采、嫁娶、安机械、拆卸、安床、入宅、安香、入殓、移柩、破土、安葬、立碑、谢土、赴任、出行、移徙、祈福、求嗣、解除、造仓、进人口,开光、出货财
2032-03-30,成,天牢,是,祭祀、开光、塑绘、纳采、裁衣、拆卸、安床、起基、动土、竖柱、上梁、移徙、入宅、安香、开市、立券、挂匾、沐浴、出行、求嗣、安门,嫁娶、栽种、伐木、安葬
2032-03-31,收,玄武,否,裁衣、合帐、冠笄、嫁娶、纳婿、安床、入殓、纳财,作灶、开市、安葬、作梁
2032-04-01,开,司命,是,祭祀、订盟、纳采、修造、动土、祈福、塑绘、斋醮、沐浴、拆卸、起基、入宅、安香、造庙、移柩、谢土、除服、成服、入学、习艺、出行、竖柱、上梁、掘井、求嗣、解除、伐木,作灶、安葬、开市、盖屋
2032-04-02,闭,勾陈,否,订盟、纳采、裁衣、合帐、冠笄、安机械、拆卸、安床、入殓、除服、成服、移柩、破土、启钻、安葬、修坟、立碑、经络、交易、立券、纳财、筑堤、造仓、补垣、塞穴、纳畜、伐木、架马,祭祀、开光、嫁娶、入宅
2032-04-03,建,青龙,否,祭祀、出行、嫁娶、冠笄、安床、入殓、移柩、安葬,掘井、动土、作灶、栽种
2032-04-04,除,明堂,是,祭祀、解除、教牛马、出行、馀事勿取,动土、破土、行丧、开光、作梁、安葬、探病
2032-04-05,满,天刑,否,沐浴、斋醮、解除、求医、治病、会亲友、造畜稠、栽种、理发、扫舍,开市、嫁娶、移徙、入宅、掘井、安葬
2032-04-06,平,朱雀,否,求嗣、出行、解除、订盟、纳采、嫁娶、会亲友、进人口、安床、开市、交易、纳畜、牧养、入殓、除服、成服、移柩、安葬、启钻,祈福、修造、动土、破土、谢土
2032-04-07,定,金匮,是,祭祀、作灶、平治道涂、馀事勿取,嫁娶、安葬、动土、安床、治病
2032-04-08,执,天德,是,造车器、祭祀、祈福、求嗣、斋醮、开市、交易、安机械、雕刻、开光、盖屋、合脊、起基、定磉、安门、纳畜、安葬、开生坟、立碑、谢土,入宅、动土、开仓、出货财
2032-04-09,破,白虎,否,祭祀、祈福、开光、求嗣、斋醮、纳采、订盟、求医、治病、起基、定磉、造船、取渔、解除、安葬、启钻、谢土、入殓,开市、动土、掘井、开池
2032-04-10,破,白虎,否,祭祀、沐浴、破屋、坏垣、求医、治病、解除、馀事勿取,嫁娶、开市、交易、入宅、安葬
2032-04-11,危,玉堂,是,诸事不宜,无
2032-04-12,成,天牢,是,祭祀、塑绘、开光、订盟、纳采、冠笄、裁衣、安机械、拆卸、修造、动土、安床、经络、开市,出火、入宅、安葬、伐木
2032-04-13,收,玄武,否,祭祀、馀事勿取,造庙、嫁娶、安床
2032-04-14,开,司命,是,订盟、纳采、嫁娶、进人口、会亲友、交易、立券、动土、除服、谢土、移柩、破土、启钻、赴任、出行、开市、纳财、栽种,入殓、安葬、入宅、安床
2032-04-15,闭,勾陈,否,祭祀、祈福、裁衣、合帐、安床、入殓、除服、成服、移柩、破土、启钻、安葬、谢土、立碑、造畜稠,掘井、安门、嫁娶、纳采
2032-04-16,建,青龙,否,祭祀、进人口、嫁娶、安床、解除、冠笄、出行、裁衣、扫舍,掘井、动土、破土、安葬、开光
2032-04-17,除,明堂,是,纳采、开光、求医、治病、动土、上梁、移徙、入宅,嫁娶、开市、安葬
2032-04-18,满,天刑,否,祭祀、会亲友、开市、安床、启钻、安葬,嫁娶、动土、破土
2032-04-19,平,朱雀,否,祭祀、作灶、掘井、平治道涂,嫁娶、安葬
2032-04-20,定,金匮,是,祭祀、斋醮、开市、动土、入殓、破土、安葬,嫁娶、移徙、入宅
2032-04-21,执,天德,是,嫁娶、纳采、祭祀、祈福、出行、移徙、求医,开市、动土、破土
2032-04-22,破,白虎,否,祭祀、求医、治病、解除、馀事勿取,诸事不宜
2032-04-23,危,玉堂,是,沐浴、结网、取渔,嫁娶、入宅、安葬
2032-04-24,成,天牢,是,无,诸事不宜
2032-04-25,收,玄武,否,解除、坏垣、馀事勿取,诸事不宜
2032-04-26,开,司命,是,嫁娶、开光、出行、出火、拆卸、进人口、开市、立券、交易、挂匾、入宅、移徙、安床、栽种,祈福、入殓、祭祀、作灶、安葬、探病
2032-04-27,闭,勾陈,否,嫁娶、出行、合帐、冠笄、安床、除服、成服、作灶、交易、立券、入殓、移柩、破土、安葬,词讼、开光、开市
2032-04-28,建,青龙,否,出行、修饰垣墙、造畜稠、教牛马、馀事勿取,诸事不宜
2032-04-29,除,明堂,是,祭祀、祈福、开光、求嗣、解除、伐木、出火、入宅、移徙、安床、拆卸、修造、动土、造畜稠,嫁娶、纳财、安葬、出行、开市、立券、作灶、栽种
2032-04-30,满,天刑,否,纳采、嫁娶、开光、出行、理发、会亲友、开市、安床、栽种、牧养、入殓、移柩、启钻,谢土、祈福、上梁、作灶、斋醮、修造、入宅、安门
2032-05-01,平,朱雀,否,祭祀、平治道涂、解除、修饰垣墙、馀事勿取,诸事不宜
2032-05-02,定,金匮,是,祭祀、祈福、开光、解除、动土、纳财、交易、纳畜、扫舍,进人口、出行、嫁娶、置产、安床、赴任、安葬、作灶
2032-05-03,执,天德,是,祭祀、祈福、求嗣、开光、解除、出火、拆卸、入宅、安床、修造、安门、纳畜、启钻、安葬,动土、破土、纳财、掘井、挂匾、开市、伐木、交易
2032-05-04,破,白虎,否,祭祀、解除、破屋、坏垣、馀事勿取,诸事不宜
2032-05-05,危,玉堂,是,祭祀、沐浴、解除、破屋、坏垣、馀事勿取,行丧、安葬
2032-05-06,成,天牢,是,沐浴、扫舍、馀事勿取,斋醮、开市、嫁娶、作灶
2032-05-07,收,玄武,否,开市、交易、立券、安机械、会亲友、开光、求医、治病、盖屋、起基、修造、动土、定磉、竖柱、上梁、安门、作灶、放水、开厕、开池、栽种、牧养、造畜稠、破土、安葬、立碑,嫁娶、出火、移徙、入宅
2032-05-08,开,司命,是,栽种、捕捉、畋猎、馀事勿取,开市、动土、祭祀、斋醮、安葬、探病
2032-05-09,开,司命,是,嫁娶、祭祀、祈福、求嗣、斋醮、订盟、纳采、解除、出行、动土、破土、习艺、针灸、理发、会亲友、起基、修造、竖柱、定磉、安床、拆卸、纳畜、牧养、放水、除服、成服、修坟、立碑,开市、入宅、探病、出火、盖屋
2032-05-10,闭,勾陈,否,馀事勿取,无
2032-05-11,建,青龙,否,塞穴、断蚁、结网、馀事勿取,破土、安葬
2032-05-12,除,明堂,是,开光、出行、纳采、嫁娶、伐木、架马、出火、拆卸、移徙、入宅、造庙、造桥、造船、造畜稠、开市、入殓、除服、成服、移柩、安葬,无
2032-05-13,满,天刑,否,进人口、牧养、置产、塞穴、结网、馀事勿取,诸事不宜
2032-05-14,平,朱雀,否,开光、出行、嫁娶,会亲友、进人口、修造、动土、起基、移徙、开市、纳畜、入殓、除服、成服、移柩、破土、安葬、修坟、立碑
2032-05-15,定,金匮,是,嫁娶、纳采、出行、祭祀、祈福、开市、动土、移徙、入宅、破土、安葬,安门
2032-05-16,执,天德,是,嫁娶、纳采、求医、治病、修造、动土、移徙、入宅、破土、安葬,开市、开光
2032-05-17,破,白虎,否,祭祀、破屋、坏垣、馀事勿取,诸事不宜
2032-05-18,危,玉堂,是,嫁娶、纳采、祭祀、祈福、出行、动土、上梁、移徙、入宅、破土、安葬,斋醮
2032-05-19,成,天牢,是,纳采、祭祀、祈福、开市、求医、治病、动土、纳畜,嫁娶、安葬
2032-05-20,收,玄武,否,嫁娶、纳采、出行、移徙、入宅,动土、破土、安葬
2032-05-21,开,司命,是,订盟、纳采、祭祀、动土、破土、交易、立券,嫁娶、安葬
2032-05-22,闭,勾陈,否,嫁娶、裁衣、祭祀、出行、安床、作灶、移徙、入宅、破土、安葬,赴任、捕捉
2032-05-23,建,青龙,否,塞穴、结网、馀事勿取,诸事不宜
2032-05-24,除,明堂,是,嫁娶、订盟、纳采、出行、祭祀、祈福、斋醮、动土、上梁、破土、安葬,移徙、入宅
2032-05-25,满,天刑,否,订盟、纳采、会亲友、安床、作灶、造畜稠,开市、安葬
2032-05-26,平,朱雀,否,沐浴、平治道涂、扫舍、入殓、移柩、破土、启钻、安葬、馀事勿取,诸事不宜
2032-05-27,定,金匮,是,嫁娶、祭祀、祈福、求嗣、开光、出行、出火、拆卸、动土、上梁、进人口、入宅、移徙、安床、安门、开市、交易、立券、挂匾、栽种、破土、安葬,无
2032-05-28,执,天德,是,祭祀、开光、出行、解除、塑绘、裁衣、入殓、移柩、破土、启钻、安葬、除服、成服,嫁娶、上梁、修造、拆卸、架马、入宅、伐木、动土、出火、开柱眼
2032-05-29,破,白虎,否,祭祀、解除、破屋、坏垣、馀事勿取,诸事不宜
2032-05-30,危,玉堂,是,嫁娶、祭祀、祈福、求嗣、开光、出行、拆卸、动土、上梁、出火、进人口、入宅、移徙、安床、栽种、纳畜、牧养、竖柱、安门、修造、解除、会亲友,无
2032-05-31,成,天牢,是,开市、交易、立券、祭祀、祈福、开光、伐木、进人口、安床、拆卸、修造、动土、栽种、破土、移柩、安葬,入宅、移徙、理发、出火、嫁娶、出行
2032-06-01,收,玄武,否,结网、解除、馀事勿取,诸事不宜
2032-06-02,开,司命,是,嫁娶、祭祀、祈福、求嗣、开光、开市、交易、立券、安床、出行、拆卸,纳畜、入宅、移徙、安葬、探病、伐木、上梁、安门、入殓、动土
2032-06-03,闭,勾陈,否,嫁娶、祭祀、祈福、求嗣、出行、出火、拆卸、修造、动土、入宅、移徙、安床、作灶、塞穴、栽种、破土、安葬,开光、掘井、开仓
2032-06-04,建,青龙,否,解除、扫舍、馀事勿取,诸事不宜
2032-06-05,除,明堂,是,祭祀、交易、纳财,斋醮、开渠、上梁、动土、破土
2032-06-06,满,天刑,否,嫁娶、订盟、纳采、冠笄、会亲友、安机械、造车器、祭祀、出行、纳财、入宅、安香、出火、入学、塑绘、开光、拆卸、起基、修造、动土、牧养、栽种、安门、开厕,行丧、伐木、作梁、作灶
2032-06-07,平,朱雀,否,开光、求嗣、出行、冠笄、嫁娶、伐木、架马、开柱眼、修造、移徙、入宅、开市、交易、立券、安香、出火、挂匾、起基、开生坟、合寿木、入殓、除服、成服、移柩、安葬,安床、出货财、作灶、动土、破土
2032-06-08,平,朱雀,否,祭祀、沐浴、理发、嫁娶、作灶、整手足甲、扫舍、修饰垣墙、平治道涂,斋醮、出行、治病、合寿木
2032-06-09,定,金匮,是,安机械、移徙、入宅、出行、祭祀、祈福、斋醮、纳采、订盟、安香、出火、解除、会亲友、修造、动土、拆卸、起基、定磉、盖屋、安床、破土、安葬、入殓、立碑,开市、伐木、作梁、作灶
2032-06-10,执,天德,是,祭祀、沐浴、捕捉、结网、畋猎、取渔、馀事勿取,开市、交易、嫁娶、安葬、行丧
2032-06-11,破,白虎,否,破屋、坏垣、求医、治病、畋猎、馀事勿取,嫁娶、入宅
2032-06-12,危,玉堂,是,嫁娶、出行、安机械、祭祀、塑绘、开光、治病、经络、安床、结网、塞穴、破土、入殓,开市、安门、掘井、作灶
2032-06-13,成,天牢,是,订盟、纳采、会亲友、进人口、雕刻、拆卸、修造、动土、起基、开市、栽种、纳畜、牧养、入殓、除服、成服、移柩、破土、安葬,无
2032-06-14,收,玄武,否,祭祀、捕捉、取渔、修饰垣墙、馀事勿取,诸事不宜
2032-06-15,开,司命,是,嫁娶、纳采、祭祀、祈福、求医、治病、出行、动土、移徙、入宅,开市、安门
2032-06-16,闭,勾陈,否,裁衣、作灶、移徙、入宅、纳畜,嫁娶、安葬
2032-06-17,建,青龙,否,祭祀、入殓、移柩、启钻、安葬,上梁、动土、破土
2032-06-18,除,明堂,是,订盟、纳采、出行、祈福、斋醮、安床、会亲友,移徙、入宅、安葬
2032-06-19,满,天刑,否,嫁娶、纳采、出行、求医、治病、开市、移徙、入宅、启钻、安葬,动土、破土
2032-06-20,平,朱雀,否,嫁娶、祭祀、沐浴、扫舍、修饰垣墙,行丧、安葬
2032-06-21,定,金匮,是,嫁娶、订盟、纳采、出行、开市、祭祀、祈福、动土、移徙、入宅、破土、安葬,作灶
2032-06-22,执,天德,是,订盟、纳采、出行、祭祀、祈福、修造、动土、移徙、入宅,开市、安葬
2032-06-23,破,白虎,否,诸事不宜,无
2032-06-24,危,玉堂,是,嫁娶、订盟、纳采、祭祀、祈福、入殓、破土、安葬,开光、开市
2032-06-25,成,天牢,是,开光、求医、治病、动土、上梁、入殓、破土、安葬,嫁娶
2032-06-26,收,玄武,否,祭祀、栽种、馀事勿取,诸事不宜
2032-06-27,开,司命,是,嫁娶、开光、祭祀、祈福、求嗣、出行、解除、伐木、入宅、移徙、安床、出火、拆卸、修造、上梁、栽种、移柩,安葬、开市、交易、立券
2032-06-28,闭,勾陈,否,求嗣、嫁娶、纳采、合帐、裁衣、冠笄、伐木、作梁、修造、动土、起基、竖柱、上梁、安门、作灶、筑堤、造畜稠,安葬、出行、祈福、栽种
2032-06-29,建,青龙,否,祭祀、解除、馀事勿取,诸事不宜
2032-06-30,除,明堂,是,嫁娶、祭祀、祈福、出火、开光、求嗣、出行、拆卸、开市、交易、立券、挂匾、入宅、移徙、安床、栽种、动土,安葬、行丧、伐木、作梁
2032-07-01,满,天刑,否,开光、求嗣、出行、解除、伐木、出火、拆卸、修造、上梁、起基、入宅、移徙、开市、交易、立券、栽种、牧养、入殓、安葬、除服、成服,置产、安床
2032-07-02,平,朱雀,否,祭祀、理发、修饰垣墙、平治道涂、沐浴、整手足甲、扫舍,出行、安门、修造、嫁娶、上梁、入宅
2032-07-03,定,金匮,是,嫁娶、祭祀、开光、祈福、求嗣、出行、出火、拆卸、动土、修造、进人口、入宅、移徙、安床、挂匾、交易、立券、栽种、纳畜、入殓、破土、启钻、安葬,无
2032-07-04,执,天德,是,祭祀、祈福、求嗣、开光、出行、伐木、出火、拆卸、修造、动土、起基、安床、入宅、移徙,嫁娶、开市、交易、行丧、安葬、修坟
2032-07-05,破,白虎,否,破屋、坏垣、馀事勿取,诸事不宜
2032-07-06,危,玉堂,是,求医、治病、破屋、坏垣、馀事勿取,嫁娶、出行
2032-07-07,危,玉堂,是,纳采、订盟、嫁娶、移徙、入宅、出行、开市、交易、立券、纳财、会亲友、安香、出火、拆卸、盖屋、起基、安床、作灶、挂匾、安葬、破土、启钻、立碑、入殓、移柩,祈福、上梁、开仓、掘井、牧养
2032-07-08,成,天牢,是,祭祀、祈福、斋醮、出行、纳采、订盟、安机械、出火、拆卸、修造、动土、起基、移徙、入宅、造庙、入殓、除服、成服、移柩、破土、安葬、谢土,嫁娶、开市、栽种、合寿木
2032-07-09,收,玄武,否,祭祀、进人口、纳财、纳畜、牧养、捕捉、馀事勿取,开市、入宅、安床、动土、安葬
2032-07-10,开,司命,是,祭祀、塑绘、开光、求医、治病、嫁娶、会亲友、放水、掘井、牧养、纳畜、开渠、安碓磑,盖屋、入宅、作灶、入学、安葬、行丧
2032-07-11,闭,勾陈,否,祭祀、塞穴、结网、畋猎、馀事勿取,移徙、开市、入宅、嫁娶、开光、安门
2032-07-12,建,青龙,否,开市、纳财、祭祀、塑绘、安机械、冠笄、会亲友、裁衣、开仓、经络、纳畜、造畜稠、教牛马、牧养,动土、破土、安葬、治病
2032-07-13,除,明堂,是,移徙、入宅、治病、会亲友、祭祀、祈福、斋醮、安香、嫁娶、盖屋、起基,开市、安床、出行、经络
2032-07-14,满,天刑,否,塑绘、出行、冠笄、嫁娶、进人口、裁衣、纳婿、造畜稠、交易、立券、牧养、开生坟、入殓、除服、成服、移柩、安葬、启钻,无
2032-07-15,平,朱雀,否,祭祀、冠笄、嫁娶、捕捉、结网、畋猎、取渔、馀事勿取,无
2032-07-16,定,金匮,是,沐浴、扫舍、馀事勿取,诸事不宜
2032-07-17,执,天德,是,纳采、祭祀、祈福、解除、动土、破土、安葬,嫁娶、移徙、入宅
2032-07-18,破,白虎,否,祭祀、破屋、坏垣、馀事勿取,诸事不宜
2032-07-19,危,玉堂,是,嫁娶、纳采、开市、出行、动土、上梁、移徙、入宅、破土、安葬,祭祀、祈福
2032-07-20,成,天牢,是,嫁娶、纳采、开市、出行、动土、上梁、移徙、入宅、破土、安葬,赴任
2032-07-21,收,玄武,否,祭祀、作灶、纳财、捕捉,开市、破土
2032-07-22,开,司命,是,嫁娶、开市、立券、祭祀、祈福、动土、移徙、入宅,造庙、安葬
2032-07-23,闭,勾陈,否,补垣、塞穴、结网、入殓、除服、成服、移柩、安葬、启钻、馀事勿取,诸事不宜
2032-07-24,建,青龙,否,嫁娶、纳采、出行、祭祀、祈福、解除、移徙、入宅,动土、安葬
2032-07-25,除,明堂,是,嫁娶、祭祀、祈福、斋醮、治病、破土、安葬,开市、入宅
2032-07-26,满,天刑,否,嫁娶、出行、开市、安床、入殓、启钻、安葬,祈福、动土、破土
2032-07-27,平,朱雀,否,嫁娶、祭祀、裁衣、结网、冠笄、沐浴,开仓、出货财、置产、安葬、动土、破土、掘井、栽种
2032-07-28,定,金匮,是,入宅、移徙、安床、开光、祈福、求嗣、进人口、开市、交易、立券、出火、拆卸、修造、动土,嫁娶、破土、置产、栽种、安葬、修坟、行丧
2032-07-29,执,天德,是,祭祀、解除、沐浴、整手足甲、入殓、移柩、破土、启钻、安葬,嫁娶、入宅、移徙、作灶、开市、交易、安门、栽种
2032-07-30,破,白虎,否,破屋、坏垣、馀事勿取,诸事不宜
2032-07-31,危,玉堂,是,嫁娶、开光、出行、理发、作梁、出火、拆卸、修造、开市、交易、立券、挂匾、动土、入宅、移徙、安床、栽种,伐木、祭祀、纳畜
2032-08-01,成,天牢,是,嫁娶、开光、出行、祈福、求嗣、解除、拆卸、动土、修造、进人口、开市、交易、立券、挂匾、入宅、移徙、安床、栽种、纳畜、入殓、移柩、安葬,无
2032-08-02,收,玄武,否,祭祀、作灶、纳财、栽种、纳畜、进人口,安葬、经络、修坟、破土、开市、安床、启钻、立碑
2032-08-03,开,司命,是,祭祀、祈福、求嗣、开光、开市、牧养、理发,嫁娶、出行、安葬、入殓、入宅、作灶、冠笄、上梁
2032-08-04,闭,勾陈,否,祭祀、入殓、破土、除服、成服、移柩、启钻、安葬、谢土、馀事勿取,无
2032-08-05,建,青龙,否,祭祀、出行、交易、割蜜、造畜稠,嫁娶、作灶、安葬、动土、词讼、作梁、伐木、掘井、破土、移徙
2032-08-06,建,青龙,否,嫁娶、祭祀、祈福、求嗣、开光、出火、拆卸、修造、动土、进人口、开市、交易、立券、挂匾、入宅、移徙、栽种、纳畜、入殓、启钻、除服、成服,无
2032-08-07,除,明堂,是,祭祀、沐浴、理发、整手足甲、冠笄、解除、入殓、移柩、破土、启钻、安葬,嫁娶、出行、入宅、开市、安门
2032-08-08,满,天刑,否,塑绘、冠笄、嫁娶、会亲友、进人口、经络、裁衣、栽种、纳畜、牧养、补垣、塞穴、捕捉,祈福、开市、动土、行丧、安葬
2032-08-09,平,朱雀,否,出行、沐浴、订盟、纳采、裁衣、竖柱、上梁、移徙、纳畜、牧养,嫁娶、安门、动土、安葬
2032-08-10,定,金匮,是,纳采、订盟、嫁娶、祭祀、祈福、普渡、开光、安香、出火、移徙、入宅、竖柱、修造、动土、上梁、起基、盖屋、安门、造庙、造桥、破土、启钻、安葬,开市、立券、纳财、作灶
2032-08-11,执,天德,是,祭祀、捕捉、畋猎、纳畜、牧养、入殓、除服、成服、移柩、破土、安葬、启钻,嫁娶、纳采、订盟、开市、入宅
2032-08-12,破,白虎,否,破屋、坏垣、治病、馀事勿取,行丧、安葬
2032-08-13,危,玉堂,是,祈福、斋醮、出行、冠笄、嫁娶、雕刻、开柱眼、入宅、造桥、开市、交易、立券、纳财、入殓、除服、成服、移柩、破土、安葬、启钻,动土、订盟、安床、开池
2032-08-14,成,天牢,是,祈福、求嗣、解除、订盟、纳采、动土、起基、放水、造仓、开市、纳畜、牧养、开生坟、入殓、除服、成服、移柩、破土、安葬,无
2032-08-15,收,玄武,否,塑绘、开光、解除、订盟、纳采、嫁娶、出火、修造、动土、移徙、入宅、拆卸、起基、安门、分居、开市、交易、立券、纳财、纳畜、牧养,无
2032-08-16,开,司命,是,祈福、出行、订盟、纳采、嫁娶、裁衣、动土、安床、放水、开市、掘井、交易、立券、栽种、开渠、除服、成服、移柩、破土,无
2032-08-17,闭,勾陈,否,嫁娶、祭祀、祈福、斋醮、作灶、移徙、入宅,动土、破土
2032-08-18,建,青龙,否,嫁娶、出行、纳畜、祭祀、入殓、启钻、安葬,作灶、动土、破土
2032-08-19,除,明堂,是,订盟、纳采、祭祀、祈福、修造、动土、上梁、破土、安葬,嫁娶、开市
2032-08-20,满,天刑,否,订盟、纳采、出行、会亲友、修造、上梁、移徙、入宅,开市、安葬
2032-08-21,平,朱雀,否,沐浴、修饰垣墙、平治道涂、馀事勿取,嫁娶、祈福
2032-08-22,定,金匮,是,嫁娶、祭祀、祈福、斋醮、动土、移徙、入宅,开市、安葬
2032-08-23,执,天德,是,捕捉、结网、入殓、破土、安葬,嫁娶、入宅
2032-08-24,破,白虎,否,沐浴、治病、破屋、坏垣、馀事勿取,诸事不宜
2032-08-25,危,玉堂,是,嫁娶、订盟、纳采、出行、开市、祭祀、祈福、移徙、入宅、启钻、安葬,动土、破土
2032-08-26,成,天牢,是,嫁娶、订盟、纳采、祭祀、祈福、求医、治病、动土、移徙、入宅、破土、安葬,开光、针灸
2032-08-27,收,玄武,否,订盟、纳采、祭祀、祈福、安机械、作灶、纳畜,动土、安葬
2032-08-28,开,司命,是,嫁娶、祭祀、祈福、求嗣、出行、动土、安床、掘井、破土、启钻,入宅、作梁、安门、伐木、修造、上梁、入殓、盖屋
2032-08-29,闭,勾陈,否,嫁娶、祭祀、祈福、求嗣、出行、出火、拆卸、修造、移徙、动土、安床、入殓、破土、安葬、启钻,盖屋、开光、理发、造船、掘井、作灶
2032-08-30,建,青龙,否,祭祀、祈福、求嗣、开光、出行、解除、上梁、盖屋、移徙、安门、纳财、牧养、纳畜、安葬、启钻、入殓,破土、置产、掘井、动土、安床
2032-08-31,除,明堂,是,祭祀、解除、沐浴、理发、整手足甲、入殓、移柩、破土、安葬、扫舍,嫁娶、会亲友、进人口、出行、入宅、移徙、赴任、作灶
2032-09-01,满,天刑,否,塑绘、开光、进人口、纳畜、补垣、塞穴、栽种、牧养,嫁娶、纳财、祈福、安葬、修造、开市、交易、立券、动土、上梁
2032-09-02,平,朱雀,否,作灶、沐浴、修饰垣墙、平治道涂、馀事勿取,诸事不宜
2032-09-03,定,金匮,是,祭祀、求嗣、开光、出行、伐木、作梁、出火、解除、拆卸、进人口、修造、动土、起基、安床、栽种、纳畜、入殓、破土、安葬、除服、成服,嫁娶、移徙
2032-09-04,执,天德,是,祭祀、塞穴、入殓、破土、安葬、移柩、馀事勿取,诸事不宜
2032-09-05,执,天德,是,破屋、坏垣、馀事勿取,诸事不宜
2032-09-06,破,白虎,否,祭祀、入殓、移柩、结网、启钻、安葬、除服、成服、馀事勿取,诸事不宜
2032-09-07,危,玉堂,是,订盟、纳采、祭祀、祈福、安香、出火、修造、动土、上梁、安门、起基、竖柱、定磉、开池、移徙、入宅、立券、破土,嫁娶、造庙、造桥、造船、作灶、安葬
2032-09-08,成,天牢,是,开光、求嗣、雕刻、嫁娶、订盟、纳采、出火、拆卸、修造、动土、起基、上梁、放水、移徙、入宅、造仓、造船、开市、开池、纳畜、牧养、挂匾,行丧、安葬、合寿木
2032-09-09,收,玄武,否,祭祀、嫁娶、捕捉,开光、动土、破土、开市、修造、入宅、安门
2032-09-10,开,司命,是,祭祀、普渡、解除、会亲友、捕捉、畋猎、启钻、除服、成服、移柩,嫁娶、开市、动土、掘井、开池、安葬
2032-09-11,闭,勾陈,否,出行、解除、冠笄、嫁娶、伐木、架马、开柱眼、修造、动土、移徙、入宅、开生坟、合寿木、入殓、移柩、破土、安葬、修坟,祭祀、祈福、开光、开市、安床
2032-09-12,建,青龙,否,祭祀、祈福、求嗣、出行、沐浴、交易、扫舍、教牛马,动土、作灶、行丧、安葬、修坟
2032-09-13,除,明堂,是,出行、解除、纳采、冠笄、雕刻、修造、动土、起基、上梁、合脊、安床、移徙、入宅、开市、栽种、开厕,造庙、安门、行丧、安葬
2032-09-14,满,天刑,否,开光、塑绘、出行、解除、冠笄、裁衣、挂匾、作灶、开市、开池、开厕、补垣、塞穴,无
2032-09-15,平,朱雀,否,祭祀、祈福、修饰垣墙、平治道涂、入殓、移柩,嫁娶、入宅、上梁、安门
2032-09-16,定,金匮,是,祭祀、会亲友、纳采、嫁娶、开光、塑绘、斋醮、安香、开市、立券、除服、成服、入殓、移柩、安葬、赴任、进人口、出行、裁衣、修造、动土、上梁、经络、交易,入宅、伐木
2032-09-17,执,天德,是,祭祀、冠笄、会亲友、拆卸、起基、除服、成服、移柩、启钻、安葬、沐浴、捕捉、开光、塑绘,作灶、入宅、嫁娶
2032-09-18,破,白虎,否,祭祀、沐浴、破屋、坏垣、馀事勿取,移徙、入宅、出行、栽种
2032-09-19,危,玉堂,是,祭祀、塑绘、开光、出行、解除、订盟、嫁娶、拆卸、起基、安床、入宅、开市、入殓、除服、成服、移柩、破土、谢土、挂匾、开柱眼、交易,造桥、冠笄、盖屋、掘井
2032-09-20,成,天牢,是,祭祀、会亲友、进人口、动土、上梁、开光、塑绘、冠笄、拆卸、起基、安床、开市、立券、赴任、经络,定磉、安葬
2032-09-21,收,玄武,否,祭祀、裁衣、冠笄、嫁娶、纳婿、会亲友、除服、成服、移柩、捕捉、进人口、入殓,移徙、入宅、作灶
2032-09-22,开,司命,是,诸事不宜,入殓、安葬、开市、交易
2032-09-23,闭,勾陈,否,祭祀、裁衣、冠笄、嫁娶、安机械、拆卸、动土、起基、移徙、入宅、入殓、启钻、安葬、造仓、经络,安床、开光、开市、交易
2032-09-24,建,青龙,否,祭祀、出行、成服、除服、沐浴、入殓,动土、冠笄、移徙、入宅、开市、竖柱、上梁
2032-09-25,除,明堂,是,祭祀、沐浴、赴任、出行、馀事勿取,诸事不宜
2032-09-26,满,天刑,否,诸事不宜,无
2032-09-27,平,朱雀,否,沐浴、入殓、移柩、除服、成服、破土、平治道涂,嫁娶、移徙、入宅、开市
2032-09-28,定,金匮,是,嫁娶、祭祀、祈福、求嗣、沐浴、出火、出行、拆卸、修造、动土、进人口、开市、交易、立券、入宅、移徙、安床、栽种、纳畜、入殓、安葬、启钻、除服、成服,无
2032-09-29,执,天德,是,开光、解除、起基、动土、拆卸、上梁、立碑、修坟、安葬、破土、启钻、移柩,嫁娶、出行、安床、作灶、祭祀、入宅、移徙、出火、进人口、置产
2032-09-30,破,白虎,否,破屋、坏垣、馀事勿取,诸事不宜
2032-10-01,危,玉堂,是,嫁娶、祈福、求嗣、出行、出火、拆卸、修造、动土、上梁、开光、进人口、开市、交易、立券、挂匾、安床、入宅、移徙、栽种、伐木、入殓、破土、除服、成服,无
2032-10-02,成,天牢,是,开市、交易、立券、挂匾、祭祀、开光、进人口、入宅、安床、出火、拆卸、修造、动土、栽种,嫁娶、立碑、出行、伐木、安葬、行丧、移徙、纳畜
2032-10-03,收,玄武,否,祭祀、理发、会亲友、进人口、嫁娶、针灸、入殓、移柩,探病、开渠、安葬、伐木、作灶、入宅
2032-10-04,收,玄武,否,祭祀、立碑、修坟、启钻、除服、成服、馀事勿取,无
2032-10-05,开,司命,是,嫁娶、出行、伐木、拆卸、修造、动土、移徙、安葬、破土、修坟、立碑,掘井、祈福、安床、开市、入宅、挂匾、开光
2032-10-06,闭,勾陈,否,祭祀、出行、扫舍、馀事勿取,诸事不宜
2032-10-07,建,青龙,否,嫁娶、祭祀、塑绘、开光、出行、解除、理发、整手足甲、动土、安床、开池、放水、扫舍,伐木、行丧、作灶、作梁、安葬
2032-10-08,除,明堂,是,出行、造车器、造畜稠、解除、冠笄、裁衣、作梁、雕刻、会亲友、移徙、入宅、安机械、开市、扫舍,嫁娶、动土、破土、修坟
2032-10-09,满,天刑,否,沐浴、理发、冠笄、安床、开市、立券、会亲友、交易、纳财、结网、教牛马,移徙、入宅、出行、祈福、嫁娶
2032-10-10,平,朱雀,否,祭祀、造畜稠、修饰垣墙、平治道涂、馀事勿取,嫁娶、开市、安床、掘井
2032-10-11,定,金匮,是,捕捉、结网、入殓、除服、成服、移柩、破土、安葬、启钻、立碑,嫁娶、祭祀、入宅、盖屋、移徙
2032-10-12,执,天德,是,祭祀、祈福、求嗣、斋醮、造庙、出火、安机械、会亲友、开市、交易、立券、纳财、习艺、经络、求医、治病、开池、开厕、畋猎、结网、栽种、牧养、安葬、破土、启钻,开光、嫁娶、掘井、伐木、作梁
2032-10-13,破,白虎,否,破屋、坏垣、馀事勿取,诸事不宜
2032-10-14,危,玉堂,是,会亲友、嫁娶、订盟、纳采、纳婿、拆卸、修造、动土、起基、竖柱、上梁、安床、纳财,出行、祈福、安葬、作灶
2032-10-15,成,天牢,是,祭祀、塑绘、开光、祈福、斋醮、出行、订盟、纳采、裁衣、嫁娶、拆卸、修造、安床、入宅、安香、入殓、启钻、安葬、谢土、赴任、会亲友、进人口、移徙、上梁、经络、开市、交易、立券、纳财,开仓、冠笄、伐木、作梁
2032-10-16,收,玄武,否,祭祀、作灶、入殓、除服、成服、畋猎,栽种、动土、安葬、开市
2032-10-17,开,司命,是,祭祀、祈福、斋醮、沐浴、竖柱、订盟、纳采、嫁娶、拆卸、入宅、移柩、启钻、谢土、赴任、出火、纳畜,作灶、入殓、安葬、安床
2032-10-18,闭,勾陈,否,嫁娶、祭祀、安机械、入殓、破土、安葬,动土、上梁
2032-10-19,建,青龙,否,作灶、造畜稠,行丧、安葬
2032-10-20,除,明堂,是,沐浴、理发、入学、习艺、进人口,嫁娶、入宅
2032-10-21,满,天刑,否,开光、针灸、会亲友、启钻、安葬,开市、动土、破土
2032-10-22,平,朱雀,否,祭祀、结网、造畜稠、馀事勿取,无
2032-10-23,定,金匮,是,入殓、除服、成服、移柩、破土、启钻、安葬,移徙、入宅
2032-10-24,执,天德,是,嫁娶、订盟、纳采、出行、祭祀、祈福、动土、移徙、入宅、破土、安葬,开市、赴任
2032-10-25,破,白虎,否,祭祀、解除、破屋、坏垣、馀事勿取,无
2032-10-26,危,玉堂,是,订盟、纳采、会亲友、安机械、纳财、牧养,祈福、安葬
2032-10-27,成,天牢,是,嫁娶、订盟、纳采、出行、开市、祭祀、祈福、动土、移徙、入宅、破土、安葬,斋醮、安门
2032-10-28,收,玄武,否,祭祀、塞穴、馀事勿取,诸事不宜
2032-10-29,开,司命,是,祭祀、祈福、求嗣、开光、开市、出行、解除、动土、起基、置产、栽种,嫁娶、作灶、修坟、安门、入宅、立碑、安葬、安床
2032-10-30,闭,勾陈,否,祭祀、解除、裁衣、理发、安床、作灶、造畜稠、放水、筑堤、补垣、塞穴、整手足甲、扫舍,嫁娶、开光、会亲友、掘井、安门、栽种
2032-10-31,建,青龙,否,祭祀、出行、裁衣、冠笄、会亲友、造畜稠、嫁娶、竖柱、上梁、移徙、纳财、纳畜,动土、伐木、作梁、行丧、安葬、开生坟
2032-11-01,除,明堂,是,祭祀、祈福、求嗣、开光、出行、解除、移徙、伐木、安床、纳畜、出火、拆卸,安葬、修坟、作灶、破土、造庙、动土、嫁娶、纳采
2032-11-02,满,天刑,否,开市、交易、立券、纳财、会亲友、开光、理发、入殓、移柩、安葬、启钻,嫁娶、作灶、出火、出行、入宅、移徙、安床、祈福、上梁
2032-11-03,满,天刑,否,造畜稠、平治道涂、馀事勿取,诸事不宜
2032-11-04,平,朱雀,否,入殓、破土、安葬、启钻、除服、成服、馀事勿取,无
2032-11-05,定,金匮,是,祭祀、入殓、移柩、开生坟、破土、启钻、安葬、除服、成服、馀事勿取,无
2032-11-06,执,天德,是,祭祀、解除、破屋、坏垣、馀事勿取,诸事不宜
2032-11-07,破,白虎,否,破屋、坏垣、祭祀、馀事勿取,嫁娶、安葬
2032-11-08,危,玉堂,是,嫁娶、纳采、订盟、祭祀、冠笄、裁衣、伐木、作梁、架马、定磉、开柱眼、作灶、移徙、安床、畋猎、结网、开池、开厕、除服、成服、启钻、入殓、移柩、安葬,盖屋、造船、动土、破土
2032-11-09,成,天牢,是,纳采、订盟、祭祀、祈福、求嗣、斋醮、开光、会亲友、解除、入学、纳财、交易、立券、经络、起基、动土、定磉、开池、栽种、纳畜、牧养、破土、入殓、立碑、安葬,嫁娶、开市、入宅、出火、移徙
2032-11-10,收,玄武,否,捕捉、畋猎、会亲友、解除、入殓、除服、成服、移柩、馀事勿取,安床、安门、破土、修坟、安葬
2032-11-11,开,司命,是,祭祀、祈福、求嗣、斋醮、沐浴、冠笄、出行、理发、拆卸、解除、起基、动土、定磉、安碓磑、开池、掘井、扫舍、除服、成服、移柩、启钻、立碑、谢土,移徙、入宅、安门、作梁、安葬
2032-11-12,闭,勾陈,否,嫁娶、冠笄、安床、纳采、会亲友、塞穴、捕捉、置产、造畜稠,开光、掘井、安葬、谢土、修坟
2032-11-13,建,青龙,否,祭祀、沐浴、馀事勿取,诸事不宜
2032-11-14,除,明堂,是,祭祀、会亲友、嫁娶、沐浴、修造、动土、祈福、开光、塑绘、出行、订盟、纳采、裁衣、入殓、除服、成服、移柩、启钻、赴任、竖柱、上梁、纳财、扫舍、栽种、纳畜、伐木,入宅、作灶、安床、开仓
2032-11-15,满,天刑,否,理发、会亲友、补垣、塞穴、结网,嫁娶、入宅、安门、移徙
2032-11-16,平,朱雀,否,祭祀、祈福、订盟、纳采、裁衣、拆卸、修造、动土、起基、安床、移徙、入宅、安香、除服、成服、入殓、移柩、安葬、谢土、赴任、会亲友、进人口、出行、竖柱、上梁、经络、开市、交易、立券、纳财、开仓,作灶、治病、伐木、作梁
2032-11-17,定,金匮,是,祭祀、祈福、订盟、纳采、裁衣、拆卸、修造、动土、起基、安床、移徙、入宅、安香、入殓、移柩、安葬、谢土、赴任、进人口、会亲友,作灶、治病
2032-11-18,执,天德,是,祭祀、塑绘、开光、订盟、纳采、嫁娶、安床、进人口、入殓、除服、成服、移柩、启钻、安葬、立碑,开市、交易、破土、作灶
2032-11-19,破,白虎,否,祭祀、解除、破屋、坏垣、馀事勿取,诸事不宜
2032-11-20,危,玉堂,是,祭祀、解除、祈福、开光、塑绘、斋醮、订盟、纳采、裁衣、冠笄、拆卸、修造、动土、入殓、除服、成服、移柩、启钻、安床、赴任、出行、移徙、竖柱、上梁、伐木、栽种、破土、安葬、纳畜,盖屋、治病
2032-11-21,成,天牢,是,祭祀、祈福、订盟、纳采、裁衣、合帐、冠笄、安机械、安床、造畜稠、入殓、移柩、启钻、安葬、谢土、除服、成服、会亲友、竖柱、上梁、经络、开市、交易、立券、纳财、纳畜、筑堤,嫁娶、入宅、治病、赴任
2032-11-22,收,玄武,否,沐浴、扫舍、馀事勿取,诸事不宜
2032-11-23,开,司命,是,诸事不宜,无
2032-11-24,闭,勾陈,否,祈福、斋醮、出行、订盟、纳采、入殓、移柩、破土、安葬、立碑、结网,入宅、作灶
2032-11-25,建,青龙,否,祭祀、沐浴、出行、冠笄、进人口、馀事勿取,嫁娶、动土、安葬、作灶
2032-11-26,除,明堂,是,祭祀、祈福、斋醮、塑绘、开光、订盟、纳采、裁衣、冠笄、嫁娶、拆卸、入宅、安香、入殓、移柩、理发、安葬、修坟、谢土、赴任、移徙、沐浴、治病、破土、启钻、整手足甲、入学、作梁,开市
2032-11-27,满,天刑,否,诸事不宜,无
2032-11-28,平,朱雀,否,开市、交易、立券、挂匾、纳财、开光、出行、入宅、移徙、安床、纳畜、入殓、移柩、安葬,栽种、破土、置产、祭祀、嫁娶、动土、作灶、祈福
2032-11-29,定,金匮,是,嫁娶、祭祀、祈福、求嗣、开光、出行、解除、出火、拆卸、进人口、入宅、移徙、安床、栽种、动土、修造、纳畜、入殓、安葬、立碑、除服、成服,无
2032-11-30,执,天德,是,开光、解除、拆卸、修造、动土、安床、纳畜、安葬、启钻、入殓,嫁娶、开市、出火、栽种、破土、入宅、移徙、安香、分居、掘井、作灶
2032-12-01,破,白虎,否,破屋、坏垣、馀事勿取,诸事不宜
2032-12-02,危,玉堂,是,嫁娶、祭祀、开光、出火、出行、拆卸、修造、动土、解除、开市、交易、立券、挂匾、纳财、入宅、移徙、安床、栽种、纳畜,探病、安葬
2032-12-03,危,玉堂,是,祭祀、祈福、求嗣、开光、解除、理发、会亲友、栽种、纳畜、牧养、安葬、修坟、立碑、启钻,入宅、作灶、词讼、移徙、出行、赴任
2032-12-04,成,天牢,是,祭祀、沐浴、结网、移柩、入殓、除服、成服,安床、开市、交易、出货财、安葬、修坟、嫁娶、作灶
2032-12-05,收,玄武,否,解除、馀事勿取,无
2032-12-06,开,司命,是,祈福、斋醮、纳采、订盟、解除、架马、开柱眼、修造、动土、起基、上梁、归岫、盖屋、合脊、掘井、除服、成服、破土、栽种,移徙、开市、入宅、安葬
2032-12-07,闭,勾陈,否,纳采、订盟、祭祀、沐浴、冠笄、合帐、裁衣、修造、动土、拆卸、移徙、入宅、安门、开仓、筑堤、开厕、栽种、纳畜、补垣、塞穴,嫁娶、祈福、开光、掘井、安葬、行丧
2032-12-08,建,青龙,否,合帐、裁衣、教牛马、馀事勿取,入宅、动土、破土、嫁娶、作灶、造船
2032-12-09,除,明堂,是,纳采、订盟、嫁娶、祭祀、祈福、安香、出火、出行、会亲友、经络、求医、治病、解除、拆卸、起基、修造、动土、定磉、扫舍、栽种、牧养、造畜稠,斋醮、作梁、掘井、行丧、安葬
2032-12-10,满,天刑,否,纳财、开市、交易、立券、会亲友、进人口、经络、祭祀、祈福、安香、出火、求医、治病、修造、动土、拆卸、扫舍、安床、栽种、牧养、开生坟、合寿木、入殓、安葬、启钻,嫁娶、移徙、入宅
2032-12-11,平,朱雀,否,祭祀、入殓、移柩、馀事勿取,入宅、修造、动土、破土、安门、上梁
2032-12-12,定,金匮,是,塑绘、开光、订盟、纳采、裁衣、冠笄、拆卸、修造、安床、入宅、出火、安葬、谢土、赴任,掘井、伐木、斋醮、作灶
2032-12-13,执,天德,是,祭祀、塑绘、开光、裁衣、冠笄、嫁娶、纳采、拆卸、修造、动土、竖柱、上梁、安床、移徙、入宅、安香、结网、捕捉、畋猎、伐木、进人口、放水,出行、安葬、修坟、开市
2032-12-14,破,白虎,否,祭祀、求医、破屋、坏垣、馀事勿取,诸事不宜
2032-12-15,危,玉堂,是,祭祀、祈福、斋醮、出行、冠笄、安机械、移徙、入宅、安香、安床、除服、成服、移柩、启钻,开光、栽种、治病、安门、作灶
2032-12-16,成,天牢,是,塑绘、斋醮、出行、拆卸、解除、修造、移徙、造船、入殓、除服、成服、移柩、启钻、修坟、立碑、谢土,无
2032-12-17,收,玄武,否,祭祀、沐浴、安床、纳财、畋猎、捕捉,开市、破土
2032-12-18,开,司命,是,订盟、纳采、祭祀、祈福、修造、动土、上梁、破土,嫁娶、作灶
2032-12-19,闭,勾陈,否,出行、沐浴、理发、补垣、塞穴,入宅、安葬
2032-12-20,建,青龙,否,教牛马、馀事勿取,入宅、动土、破土
2032-12-21,除,明堂,是,嫁娶、出行、求医、治病、祭祀、祈福、上梁、纳畜,开市、安葬
2032-12-22,满,天刑,否,开市、立券、开光、解除、安机械、上梁、启钻、安葬,嫁娶、祈福
2032-12-23,平,朱雀,否,平治道涂、馀事勿取,诸事不宜
2032-12-24,定,金匮,是,求嗣、斋醮、塑绘、订盟、纳采、出火、拆卸、修造、动土、造桥、安机械、栽种、纳畜、牧养、入殓、除服、成服、移柩、破土、安葬,开市、嫁娶
2032-12-25,执,天德,是,嫁娶、订盟、纳采、祭祀、祈福、修造、动土、移徙、入宅,开市、安葬
2032-12-26,破,白虎,否,治病、破屋、坏垣、馀事勿取,诸事不宜
2032-12-27,危,玉堂,是,祭祀、祈福、求嗣、斋醮、开光、入学、订盟、冠笄、伐木、修造、动土、起基、放水、交易、开池,造桥、安门、理发、造庙、栽种、作灶
2032-12-28,成,天牢,是,解除、坏垣、馀事勿取,诸事不宜
2032-12-29,收,玄武,否,沐浴、理发、扫舍,伐木、纳畜、上梁、入宅、作灶、造畜稠、嫁娶、安葬、作梁、造船、安门
2032-12-30,开,司命,是,祭祀、开光、祈福、解除、作梁、动土、安床、掘井、栽种、纳畜、破土、移柩,嫁娶、出行、赴任、盖屋、入殓、入宅、移徙、出火、进人口、安葬
2032-12-31,闭,勾陈,否,作梁、修造、动土、安门、作灶、塞穴、开池、开厕、筑堤、补垣、栽种,嫁娶、祈福、掘井、行丧、安葬、安床
2033-01-01,闭,勾陈,否,安葬、启钻、移柩、入殓、除服、成服,馀事勿取
2033-01-02,建,青龙,否,嫁娶、祭祀、祈福、求嗣、出行、出火、拆卸、开市、交易、立券、挂匾、入宅、移徙、安床、栽种,作灶、塑绘、行丧、词讼、伐木、安葬
2033-01-03,除,明堂,是,理发、开光、解除、拆卸、修造、安葬、开市、交易、立券、挂匾、安床、栽种,入宅、移徙、作灶、祈福、祭祀、嫁娶、谢土、掘井、盖屋、探病
2033-01-04,满,天刑,否,祭祀、修饰垣墙、馀事勿取,诸事不宜
2033-01-05,平,朱雀,否,祭祀、冠笄、嫁娶、会亲友、进人口、裁衣、结网、平治道涂,移徙、入宅、造庙、作灶、治病、安葬
2033-01-06,定,金匮,是,祭祀、安碓磑、结网、馀事勿取,嫁娶、安葬
2033-01-07,执,天德,是,嫁娶、祭祀、沐浴、裁衣、出行、理发、移徙、捕捉、畋猎、放水、入宅、除服、成服、启钻、安葬、移柩、入殓,盖屋、开市、动土、破土
2033-01-08,破,白虎,否,破屋、坏垣、馀事勿取,嫁娶、开市、安葬
2033-01-09,危,玉堂,是,纳采、订盟、祭祀、求嗣、出火、塑绘、裁衣、会亲友、入学、拆卸、扫舍、造仓、挂匾、掘井、开池、结网、栽种、纳畜、破土、修坟、立碑、安葬、入殓,祈福、嫁娶、造庙、安床、谢土
2033-01-10,成,天牢,是,入殓、除服、成服、移柩、启钻、安葬、修坟、立碑,开市、伐木、嫁娶、作梁
2033-01-11,收,玄武,否,祭祀、作灶、入殓、除服、馀事勿取,开市、安床
2033-01-12,开,司命,是,塑绘、开光、沐浴、冠笄、会亲友、作灶、放水、造畜稠,嫁娶、入殓、安葬、出行
2033-01-13,闭,勾陈,否,祭祀、沐浴、祈福、斋醮、订盟、纳采、裁衣、拆卸、起基、竖柱、上梁、安床、入殓、除服、成服、移柩、启钻、挂匾、求嗣、出行、合帐、造畜稠,开仓、嫁娶、移徙、入宅
2033-01-14,建,青龙,否,祭祀、解除、馀事勿取,诸事不宜
2033-01-15,除,明堂,是,沐浴、解除、订盟、纳采、裁衣、冠笄、拆卸、修造、动土、移徙、入宅、除服、成服、移柩、破土、启钻、安葬、扫舍、修坟、伐木、纳财、交易、立券,作灶、祭祀、上梁、出行
2033-01-16,满,天刑,否,出行、嫁娶、订盟、纳采、入殓、安床、启钻、安葬、祭祀、裁衣、会亲友、进人口,无
2033-01-17,平,朱雀,否,修饰垣墙、平治道涂、入殓、移柩、馀事勿取,嫁娶、移徙、入宅、开光
2033-01-18,定,金匮,是,会亲友、纳采、进人口、修造、动土、竖柱、上梁、祭祀、开光、塑绘、祈福、斋醮、嫁娶、安床、移徙、入宅、安香、纳畜,出行、治病、安葬、开市
2033-01-19,执,天德,是,祭祀、会亲友、出行、订盟、纳采、沐浴、修造、动土、祈福、斋醮、嫁娶、拆卸、安床、入殓、移柩、安葬、谢土、赴任、裁衣、竖柱、上梁、伐木、捕捉、栽种、破土、安门,盖屋、开市、作灶、入宅
2033-01-20,破,白虎,否,解除、破屋、坏垣、馀事勿取,诸事不宜
2033-01-21,危,玉堂,是,塑绘、开光、出行、订盟、纳采、除服、成服、嫁娶、纳婿、入殓、移柩、启钻、安葬、立碑,入宅、安床
2033-01-22,成,天牢,是,入殓、除服、成服、移柩、启钻、安葬、立碑、馀事勿取,破土、伐木
2033-01-23,收,玄武,否,祭祀、祈福、斋醮、塑绘、开光、除服、成服、入殓、作灶、嫁娶、捕捉、畋猎、纳财,开仓、盖屋、安葬、安床
2033-01-24,开,司命,是,祭祀、出行、沐浴、裁衣、祈福、斋醮、订盟、纳采、嫁娶、安机械、开市、立券、安碓磑、纳畜,栽种、入殓、安葬
2033-01-25,闭,勾陈,否,祭祀、祈福、斋醮、沐浴、安床、安机械、造车器、入殓、移柩、启钻、安葬、立碑、合帐、经络、交易,作灶、掘井、嫁娶、入宅
2033-01-26,建,青龙,否,解除、扫舍、祭祀、教牛马、馀事勿取,无
2033-01-27,除,明堂,是,开市、交易、立券、挂匾、开光、解除、伐木、作梁、出火、入宅、移徙、安床、拆卸、动土、上梁、栽种、纳畜、安葬,嫁娶、祭祀、出行、置产
2033-01-28,满,天刑,否,开市、交易、立券、纳财、开池、补垣、嫁娶、纳采、纳畜、取渔、安床,修造、上梁、入宅、祈福、探病、掘井、动土、安门、安葬、作灶
2033-01-29,平,朱雀,否,祭祀、解除、修饰垣墙、平治道涂、馀事勿取,无
2033-01-30,定,金匮,是,嫁娶、祭祀、祈福、求嗣、动土、会亲友、起基、造仓、纳畜、牧养、开厕、进人口,掘井、安葬、栽种、出行、作灶、开市、入宅、安门
2033-01-31,定,金匮,是,嫁娶、祭祀、祈福、求嗣、开光、入宅、移徙、安床、修造、动土、进人口,掘井、安葬、栽种、出行、作灶、开市、安门
2033-02-01,执,天德,是,破屋、坏垣、馀事勿取,诸事不宜
2033-02-02,破,白虎,否,嫁娶、开市、交易、立券、开光、出行、出火、拆卸、修造、入宅、移徙、动土、破土、移柩、安葬、启钻、除服、成服,安床、伐木、祈福、纳畜
2033-02-03,危,玉堂,是,祭祀、冠笄、嫁娶、拆卸、修造、动土、起基、上梁、盖屋、入宅、开市、开池、塞穴、入殓、除服、成服、移柩、安葬、破土,安床、栽种、治病、作灶
2033-02-04,成,天牢,是,祭祀、结网、入殓、除服、成服、移柩、安葬、破土,馀事勿取
2033-02-05,收,玄武,否,塑绘、开光、祈福、求嗣、订盟、纳采、裁衣、冠笄、拆卸、修造、动土、起基、安门、安床、移徙、造仓、结网、纳畜,伐木、作灶、安葬、取渔、入宅
2033-02-06,开,司命,是,祭祀、沐浴、开光、塑绘、祈福、求嗣、订盟、纳采、冠笄、裁衣、嫁娶、动土、除服、成服、移柩、破土、启钻、出行、安碓磑、放水、开市、立券、交易,安葬、上梁、入宅、作灶
2033-02-07,闭,勾陈,否,祭祀、祈福、求嗣、酬神、裁衣、安床、立券、交易、入殓、除服、成服、移柩、谢土、启钻,出行、嫁娶、入宅、动土
2033-02-08,建,青龙,否,裁衣、合帐、入殓、除服、成服、会亲友、纳财,祭祀、祈福、移徙、嫁娶、入宅
2033-02-09,除,明堂,是,祭祀、斋醮、裁衣、合帐、冠笄、订盟、纳采、嫁娶、入宅、安香、谢土、入殓、移柩、破土、立碑、会亲友、出行、祈福、求嗣、上梁、放水,掘井
2033-02-10,满,天刑,否,安床、合帐、入宅、问名、纳采、求嗣、祭祀、开仓,斋醮、作灶、安葬
2033-02-11,平,朱雀,否,作灶、平治道涂,祭祀、祈福、安葬、安门、馀事勿取
2033-02-12,定,金匮,是,塑绘、开光、酬神、斋醮、订盟、纳采、裁衣、合帐、拆卸、动土、上梁、安床、安香、造庙、挂匾、会亲友、进人口、出行、修造、纳财、伐木、放水、出火、纳畜、沐浴、安门,盖屋、栽种、安葬、作灶
2033-02-13,执,天德,是,祭祀、祈福、酬神、订盟、纳采、冠笄、裁衣、合帐、嫁娶、安床、移徙、入宅、安香、入殓、移柩、启钻、安葬、解除、取渔、捕捉、伐木、安门、出火,栽种、动土、开市、作灶
2033-02-14,破,白虎,否,求医、破屋,诸事不宜
2033-02-15,危,玉堂,是,祈福、求嗣、斋醮、塑绘、开光、订盟、纳采、嫁娶、动土、入宅、安香、移柩、安葬、谢土、出行、沐浴、修造、竖柱、上梁、纳财、破土、解除、安门、放水,作灶、安床
2033-02-16,成,天牢,是,取渔、入殓、除服、成服、移柩、破土、安葬、立碑,嫁娶、上梁、入宅、作灶
2033-02-17,收,玄武,否,祭祀、求嗣、沐浴、酬神、订盟、纳采、裁衣、合帐、冠笄、安机械、安床、造仓、开池、经络、纳财、开市、立券、交易、结网、取渔、纳畜、捕捉,安葬、作灶、伐木、作梁
2033-02-18,开,司命,是,祭祀、沐浴、祈福、求嗣、斋醮、订盟、纳采、裁衣、冠笄、开市、立券、交易、纳财、除服、谢土、出行、移柩,入殓、安葬、作灶、入宅
2033-02-19,闭,勾陈,否,祭祀、祈福、求嗣、入殓、启钻、安葬、移柩,开光、掘井、针灸、出行、嫁娶、入宅、移徙、作灶、动土
2033-02-20,建,青龙,否,安床、解除、裁衣、竖柱、上梁、交易、立券、纳财、纳畜、牧养、入殓、移柩、安葬、启钻,嫁娶、出行、动土、开渠、入宅、祭祀、掘井
2033-02-21,除,明堂,是,嫁娶、安床、开光、出行、祭祀、动土、出火、解除、会亲友、开市、交易、立券、挂匾、入宅、移徙、拆卸、破土、启钻、安葬,掘井、词讼
2033-02-22,满,天刑,否,嫁娶、开光、求嗣、会亲友、安床、牧养、塑绘、针灸,入宅、移徙、出火、分居、安香、作灶、开市、交易、立券、安葬、动土、伐木
2033-02-23,平,朱雀,否,作灶、解除、平治道涂,栽种、出行、祈福、行丧、纳畜、安葬、安门、伐木、作梁、牧养
2033-02-24,定,金匮,是,解除、沐浴,诸事不宜
2033-02-25,执,天德,是,嫁娶、祭祀、祈福、出行、解除、出火、拆卸、动土、入宅、移徙、安床、上梁、栽种、纳畜、破土、启钻、安葬,开市、立券、理发、作灶
2033-02-26,破,白虎,否,祭祀、解除、治病、破屋、坏垣、扫舍,馀事勿取
2033-02-27,危,玉堂,是,祭祀、祈福、求嗣、开光、出火、出行、拆卸、修造、动土、入宅、移徙、上梁、挂匾、开池、入殓、安葬、破土、启钻,嫁娶、作灶、安床
2033-02-28,成,天牢,是,结网、入殓、除服、成服、移柩、安葬、破土,诸事不宜
2033-03-01,成,天牢,是,移徙、祭祀、开光、祈福、出行、解除、进人口、雇佣、安床、动土、起基、上梁、安门,嫁娶、安葬、破土、作梁、纳畜、牧养、行丧、作灶
2033-03-02,收,玄武,否,嫁娶、开光、祈福、求嗣、解除、动土、安床、栽种、开池、掘井、祭祀、破土、启钻,入宅、作灶、伐木、安葬、出火、出行、纳畜
2033-03-03,开,司命,是,祭祀、合帐、裁衣、经络、伐木、作梁、安床、作灶、入殓、安葬、启钻、移柩,词讼、出火、入宅
2033-03-04,闭,勾陈,否,裁衣、伐木、作梁、纳财、交易、立券,诸事不宜
2033-03-05,建,青龙,否,祭祀、会亲友、立券、交易、裁衣、合帐、嫁娶、冠笄、进人口,栽种、动土、安葬、掘井、修坟、探病
2033-03-06,除,明堂,是,扫舍、塞穴、馀事勿取,诸事不宜
2033-03-07,满,天刑,否,塑绘、开光、订盟、纳采、裁衣、合帐、冠笄、安机械、会亲友、纳财、开市、立券、交易、安床、竖柱、上梁、结网、栽种、解除、经络,作灶、出行、入宅、安葬
2033-03-08,平,朱雀,否,祭祀、嫁娶、纳婿、除服、成服、入殓、移柩,动土、作灶、入宅、开光、安床
2033-03-09,定,金匮,是,祈福、求嗣、开光、塑绘、斋醮、订盟、纳采、嫁娶、拆卸、安床、入宅、安香、移柩、修坟、安葬、谢土、栽种、解除、冠笄、裁衣、移徙、修造、动土、竖柱、放水、启钻、立碑,赴任
2033-03-10,执,天德,是,祭祀、解除、入殓、除服、成服、移柩、启钻、安葬、修坟、立碑、谢土、沐浴、扫舍、捕捉、取渔、结网、畋猎、理发,安床、嫁娶、作灶、入宅
2033-03-11,破,白虎,否,破屋、坏垣,诸事不宜
2033-03-12,危,玉堂,是,祭祀、出行、订盟、纳采、裁衣、合帐、冠笄、进人口、动土、安床、作灶、入殓、移柩、安葬、破土、结网、取渔、畋猎,作梁、造庙
2033-03-13,成,天牢,是,祭祀、开光、塑绘、订盟、纳采、合帐、冠笄、拆卸、动土、起基、上梁、入宅、安香、开市、立券、纳财、沐浴、求嗣、出火、竖柱、安门,造庙、嫁娶、伐木、安葬
2033-03-14,收,玄武,否,祭祀、沐浴、捕捉、栽种,嫁娶、入宅、移徙、作灶、安葬
2033-03-15,开,司命,是,祭祀、开光、塑绘、酬神、斋醮、订盟、纳采、嫁娶、裁衣、动土、起基、出火、拆卸、移徙、入宅、安香、修造、竖柱、上梁、纳畜、牧养、祈福、求嗣、解除、伐木、定磉、盖屋、安门,栽种、安葬
2033-03-16,闭,勾陈,否,订盟、纳采、冠笄、拆卸、修造、动土、安床、入殓、除服、成服、移柩、安葬、破土、启钻、造仓,作灶、开光、嫁娶、开市、入宅
2033-03-17,建,青龙,否,祈福、开光、塑绘、酬神、订盟、纳采、裁衣、安床、开市、立券、入殓、除服、成服、移柩、启钻、安葬、立碑、赴任、会亲友、出行、交易、竖柱,作灶、掘井、动土、栽种
2033-03-18,除,明堂,是,祭祀、扫舍、塞穴,栽种、作灶、安葬、嫁娶
2033-03-19,满,天刑,否,开光、塑绘、裁衣、冠笄、伐木、拆卸、竖柱、上梁、开仓、会亲友、安机械、造仓、盖屋、交易、解除、开市、立券、纳财,出行、嫁娶、入宅、安葬
2033-03-20,平,朱雀,否,冠笄、入殓、除服、成服、移柩、平治道涂、修饰垣墙,盖屋、作灶、治病、探病
2033-03-21,定,金匮,是,祭祀、嫁娶、祈福、纳采、裁衣、合帐、安床、入宅、安香、入殓、移柩、安葬、谢土、修造、安碓磑、求嗣、会亲友、挂匾、交易、立券、纳财、造仓、放水,栽种、伐木
2033-03-22,执,天德,是,祭祀、祈福、斋醮、订盟、纳采、裁衣、合帐、拆卸、修造、动土、上梁、起基、移柩、安葬、谢土、沐浴、扫舍、开柱眼、伐木、出火,安床、开市、立券、作灶
2033-03-23,破,白虎,否,破屋、坏垣、求医、治病,诸事不宜
2033-03-24,危,玉堂,是,祭祀、动土、上梁、订盟、纳采、嫁娶、安机械、拆卸、安床、入宅、安香、入殓、移柩、破土、安葬、立碑、谢土、赴任、出行、移徙、祈福、求嗣、解除、造仓、进人口,开光、出货财
2033-03-25,成,天牢,是,祭祀、开光、塑绘、纳采、裁衣、拆卸、安床、起基、动土、竖柱、上梁、移徙、入宅、安香、开市、立券、挂匾、沐浴、出行、求嗣、安门,嫁娶、栽种、伐木、安葬
2033-03-26,收,玄武,否,裁衣、合帐、冠笄、嫁娶、纳婿、安床、入殓、纳财,作灶、开市、安葬、作梁
2033-03-27,开,司命,是,祭祀、订盟、纳采、修造、动土、祈福、塑绘、斋醮、沐浴、拆卸、起基、入宅、安香、造庙、移柩、谢土、除服、成服、入学、习艺、出行、竖柱、上梁、掘井、求嗣、解除、伐木,作灶、安葬、开市、盖屋
2033-03-28,闭,勾陈,否,订盟、纳采、裁衣、合帐、冠笄、安机械、拆卸、安床、入殓、除服、成服、移柩、破土、启钻、安葬、修坟、立碑、经络、交易、立券、纳财、筑堤、造仓、补垣、塞穴、纳畜、伐木、架马,祭祀、开光、嫁娶、入宅
2033-03-29,建,青龙,否,祭祀、出行、嫁娶、冠笄、安床、入殓、移柩、安葬,掘井、动土、作灶、栽种
2033-03-30,除,明堂,是,塞穴、诸事不宜,安门、作灶、安葬、嫁娶
2033-03-31,除,明堂,是,开光、塑绘、求嗣、纳采、裁衣、合帐、冠笄、安机械、作梁、开柱眼、安门、安床、造仓、祭祀、会亲友、祈福、经络、纳财、开市、立券、交易、入学、理发、架马,出行、斋醮、安葬、嫁娶
2033-04-01,满,天刑,否,祭祀、嫁娶、纳婿、安葬,栽种、盖屋、作灶、入宅
2033-04-02,平,朱雀,否,祭祀、会亲友、订盟、裁衣、合帐、安机械、拆卸、上梁、安门、入殓、除服、成服、移柩、启钻、安葬、立碑、开光、塑绘、入学、出行、起基、定磉、放水、移徙、入宅、竖柱、立券、经络,伐木、作梁
2033-04-03,定,金匮,是,祭祀、开光、塑绘、祈福、斋醮、裁衣、合帐、冠笄、嫁娶、拆卸、动土、移徙、入宅、入殓、移柩、安葬、谢土、求嗣、入学、理发、伐木、架马、作梁、出火、修造、起基、定磉、放水、赴任,安门
2033-04-04,执,天德,是,祭祀、祈福、开光、求嗣、斋醮、纳采、订盟、求医、治病、起基、定磉、造船、取渔、解除、安葬、启钻、谢土、入殓,开市、动土、掘井、开池
2033-04-05,破,白虎,否,祭祀、沐浴、破屋、坏垣、求医、治病、解除、馀事勿取,嫁娶、开市、交易、入宅、安葬
2033-04-06,危,玉堂,是,诸事不宜,无
2033-04-07,成,天牢,是,祭祀、塑绘、开光、订盟、纳采、冠笄、裁衣、安机械、拆卸、修造、动土、安床、经络、开市,出火、入宅、安葬、伐木
2033-04-08,收,玄武,否,祭祀、馀事勿取,造庙、嫁娶、安床
2033-04-09,开,司命,是,订盟、纳采、嫁娶、进人口、会亲友、交易、立券、动土、除服、谢土、移柩、破土、启钻、赴任、出行、开市、纳财、栽种,入殓、安葬、入宅、安床
2033-04-10,闭,勾陈,否,祭祀、祈福、裁衣、合帐、安床、入殓、除服、成服、移柩、破土、启钻、安葬、谢土、立碑、造畜稠,掘井、安门、嫁娶、纳采
2033-04-11,建,青龙,否,祭祀、进人口、嫁娶、安床、解除、冠笄、出行、裁衣、扫舍,掘井、动土、破土、安葬、开光
2033-04-12,除,明堂,是,纳采、开光、求医、治病、动土、上梁、移徙、入宅,嫁娶、开市、安葬
2033-04-13,满,天刑,否,祭祀、会亲友、开市、安床、启钻、安葬,嫁娶、动土、破土
2033-04-14,平,朱雀,否,祭祀、作灶、掘井、平治道涂,嫁娶、安葬
2033-04-15,定,金匮,是,祭祀、斋醮、开市、动土、入殓、破土、安葬,嫁娶、移徙、入宅
2033-04-16,执,天德,是,嫁娶、纳采、祭祀、祈福、出行、移徙、求医,开市、动土、破土
2033-04-17,破,白虎,否,祭祀、求医、治病、解除、馀事勿取,诸事不宜
2033-04-18,危,玉堂,是,沐浴、结网、取渔,嫁娶、入宅、安葬
2033-04-19,成,天牢,是,无,诸事不宜
2033-04-20,收,玄武,否,解除、坏垣、馀事勿取,诸事不宜
2033-04-21,开,司命,是,嫁娶、开光、出行、出火、拆卸、进人口、开市、立券、交易、挂匾、入宅、移徙、安床、栽种,祈福、入殓、祭祀、作灶、安葬、探病
2033-04-22,闭,勾陈,否,嫁娶、出行、合帐、冠笄、安床、除服、成服、作灶、交易、立券、入殓、移柩、破土、安葬,词讼、开光、开市
2033-04-23,建,青龙,否,出行、修饰垣墙、造畜稠、教牛马、馀事勿取,诸事不宜
2033-04-24,除,明堂,是,祭祀、祈福、开光、求嗣、解除、伐木、出火、入宅、移徙、安床、拆卸、修造、动土、造畜稠,嫁娶、纳财、安葬、出行、开市、立券、作灶、栽种
2033-04-25,满,天刑,否,纳采、嫁娶、开光、出行、理发、会亲友、开市、安床、栽种、牧养、入殓、移柩、启钻,谢土、祈福、上梁、作灶、斋醮、修造、入宅、安门
2033-04-26,平,朱雀,否,祭祀、平治道涂、解除、修饰垣墙、馀事勿取,诸事不宜
2033-04-27,定,金匮,是,祭祀、祈福、开光、解除、动土、纳财、交易、纳畜、扫舍,进人口、出行、嫁娶、置产、安床、赴任、安葬、作灶
2033-04-28,执,天德,是,祭祀、祈福、求嗣、开光、解除、出火、拆卸、入宅、安床、修造、安门、纳畜、启钻、安葬,动土、破土、纳财、掘井、挂匾、开市、伐木、交易
2033-04-29,执,天德,是,祭祀、解除、破屋、坏垣、馀事勿取,诸事不宜
2033-04-30,破,白虎,否,塞穴、扫舍、馀事勿取,诸事不宜
2033-05-01,危,玉堂,是,祭祀、祈福、求嗣、开光、解除、纳采、冠笄、出火、拆卸、进人口、安床、动土、上梁、造庙、掘井、开池、入殓、移柩、安葬、破土,无
2033-05-02,成,天牢,是,解除、破屋、馀事勿取,诸事不宜
2033-05-03,收,玄武,否,嫁娶、祈福、求嗣、开光、出行、解除、拆卸、出火、开市、立券、交易、入宅、移徙、安床、动土、破土、谢土,祭祀、入殓、安葬、探病
2033-05-04,开,司命,是,祭祀、裁衣、冠笄、安床、交易、立券、开池、补垣、塞穴、入殓、破土、启钻、安葬、谢土、除服、成服,嫁娶、掘井、探病、开市、开光、栽种
2033-05-05,闭,勾陈,否,馀事勿取,无
2033-05-06,建,青龙,否,塞穴、断蚁、结网、馀事勿取,破土、安葬
2033-05-07,除,明堂,是,开光、出行、纳采、嫁娶、伐木、架马、出火、拆卸、移徙、入宅、造庙、造桥、造船、造畜稠、开市、入殓、除服、成服、移柩、安葬,无
2033-05-08,满,天刑,否,进人口、牧养、置产、塞穴、结网、馀事勿取,诸事不宜
2033-05-09,平,朱雀,否,开光、出行、嫁娶,会亲友、进人口、修造、动土、起基、移徙、开市、纳畜、入殓、除服、成服、移柩、破土、安葬、修坟、立碑
2033-05-10,定,金匮,是,嫁娶、纳采、出行、祭祀、祈福、开市、动土、移徙、入宅、破土、安葬,安门
2033-05-11,执,天德,是,嫁娶、纳采、求医、治病、修造、动土、移徙、入宅、破土、安葬,开市、开光
2033-05-12,破,白虎,否,祭祀、破屋、坏垣、馀事勿取,诸事不宜
2033-05-13,危,玉堂,是,嫁娶、纳采、祭祀、祈福、出行、动土、上梁、移徙、入宅、破土、安葬,斋醮
2033-05-14,成,天牢,是,纳采、祭祀、祈福、开市、求医、治病、动土、纳畜,嫁娶、安葬
2033-05-15,收,玄武,否,嫁娶、纳采、出行、移徙、入宅,动土、破土、安葬
2033-05-16,开,司命,是,订盟、纳采、祭祀、动土、破土、交易、立券,嫁娶、安葬
2033-05-17,闭,勾陈,否,嫁娶、裁衣、祭祀、出行、安床、作灶、移徙、入宅、破土、安葬,赴任、捕捉
2033-05-18,建,青龙,否,塞穴、结网、馀事勿取,诸事不宜
2033-05-19,除,明堂,是,嫁娶、订盟、纳采、出行、祭祀、祈福、斋醮、动土、上梁、破土、安葬,移徙、入宅
2033-05-20,满,天刑,否,订盟、纳采、会亲友、安床、作灶、造畜稠,开市、安葬
2033-05-21,平,朱雀,否,沐浴、平治道涂、扫舍、入殓、移柩、破土、启钻、安葬、馀事勿取,诸事不宜
2033-05-22,定,金匮,是,嫁娶、祭祀、祈福、求嗣、开光、出行、出火、拆卸、动土、上梁、进人口、入宅、移徙、安床、安门、开市、交易、立券、挂匾、栽种、破土、安葬,无
2033-05-23,执,天德,是,祭祀、开光、出行、解除、塑绘、裁衣、入殓、移柩、破土、启钻、安葬、除服、成服,嫁娶、上梁、修造、拆卸、架马、入宅、伐木、动土、出火、开柱眼
2033-05-24,破,白虎,否,祭祀、解除、破屋、坏垣、馀事勿取,诸事不宜
2033-05-25,危,玉堂,是,嫁娶、祭祀、祈福、求嗣、开光、出行、拆卸、动土、上梁、出火、进人口、入宅、移徙、安床、栽种、纳畜、牧养、竖柱、安门、修造、解除、会亲友,无
2033-05-26,成,天牢,是,开市、交易、立券、祭祀、祈福、开光、伐木、进人口、安床、拆卸、修造、动土、栽种、破土、移柩、安葬,入宅、移徙、理发、出火、嫁娶、出行
2033-05-27,收,玄武,否,结网、解除、馀事勿取,诸事不宜
2033-05-28,收,玄武,否,嫁娶、祭祀、祈福、求嗣、开光、开市、交易、立券、安床、出行、拆卸,纳畜、入宅、移徙、安葬、探病、伐木、上梁、安门、入殓、动土
2033-05-29,开,司命,是,嫁娶、祭祀、祈福、求嗣、出行、出火、拆卸、修造、动土、入宅、移徙、安床、作灶、塞穴、栽种、破土、安葬,开光、掘井、开仓
2033-05-30,闭,勾陈,否,解除、扫舍、馀事勿取,诸事不宜
2033-05-31,建,青龙,否,开市、交易、立券、挂匾、开光、出行、拆卸、进人口、入宅、移柩、动土、安门、上梁、栽种、破土、修坟、安葬,嫁娶、安床、探病、作灶
2033-06-01,除,明堂,是,进人口、会亲友,塞穴、上梁、动土、伐木、安葬、词讼
2033-06-02,满,天刑,否,沐浴、平治道涂、扫舍、入殓、破土、安葬、除服、成服,嫁娶、移徙、伐木、作梁、安床、祭祀、祈福、盖屋
2033-06-03,平,朱雀,否,嫁娶、祭祀、祈福、求嗣、开光、出火、出行、拆卸、动土、解除、进人口、开市、交易、立券、挂匾、入宅、移徙、安床、安门、上梁、安葬、破土、谢土,无
2033-06-04,定,金匮,是,祭祀、祈福、求嗣、开光、解除、合帐、冠笄、伐木、架马、作梁、修造、进人口、嫁娶、裁衣、安床、动土、起基、上梁、竖柱、放水、会亲友,无
2033-06-05,执,天德,是,祭祀、沐浴、捕捉、结网、畋猎、取渔、馀事勿取,开市、交易、嫁娶、安葬、行丧
2033-06-06,破,白虎,否,破屋、坏垣、求医、治病、畋猎、馀事勿取,嫁娶、入宅
2033-06-07,危,玉堂,是,嫁娶、出行、安机械、祭祀、塑绘、开光、治病、经络、安床、结网、塞穴、破土、入殓,开市、安门、掘井、作灶
2033-06-08,成,天牢,是,订盟、纳采、会亲友、进人口、雕刻、拆卸、修造、动土、起基、开市、栽种、纳畜、牧养、入殓、除服、成服、移柩、破土、安葬,无
2033-06-09,收,玄武,否,祭祀、捕捉、取渔、修饰垣墙、馀事勿取,诸事不宜
2033-06-10,开,司命,是,嫁娶、纳采、祭祀、祈福、求医、治病、出行、动土、移徙、入宅,开市、安门
2033-06-11,闭,勾陈,否,裁衣、作灶、移徙、入宅、纳畜,嫁娶、安葬
2033-06-12,建,青龙,否,祭祀、入殓、移柩、启钻、安葬,上梁、动土、破土
2033-06-13,除,明堂,是,订盟、纳采、出行、祈福、斋醮、安床、会亲友,移徙、入宅、安葬
2033-06-14,满,天刑,否,嫁娶、纳采、出行、求医、治病、开市、移徙、入宅、启钻、安葬,动土、破土
2033-06-15,平,朱雀,否,嫁娶、祭祀、沐浴、扫舍、修饰垣墙,行丧、安葬
2033-06-16,定,金匮,是,嫁娶、订盟、纳采、出行、开市、祭祀、祈福、动土、移徙、入宅、破土、安葬,作灶
2033-06-17,执,天德,是,订盟、纳采、出行、祭祀、祈福、修造、动土、移徙、入宅,开市、安葬
2033-06-18,破,白虎,否,诸事不宜,无
2033-06-19,危,玉堂,是,嫁娶、订盟、纳采、祭祀、祈福、入殓、破土、安葬,开光、开市
2033-06-20,成,天牢,是,开光、求医、治病、动土、上梁、入殓、破土、安葬,嫁娶
2033-06-21,收,玄武,否,祭祀、栽种、馀事勿取,诸事不宜
2033-06-22,开,司命,是,嫁娶、开光、祭祀、祈福、求嗣、出行、解除、伐木、入宅、移徙、安床、出火、拆卸、修造、上梁、栽种、移柩,安葬、开市、交易、立券
2033-06-23,闭,勾陈,否,求嗣、嫁娶、纳采、合帐、裁衣、冠笄、伐木、作梁、修造、动土、起基、竖柱、上梁、安门、作灶、筑堤、造畜稠,安葬、出行、祈福、栽种
2033-06-24,建,青龙,否,祭祀、解除、馀事勿取,诸事不宜
2033-06-25,除,明堂,是,嫁娶、祭祀、祈福、出火、开光、求嗣、出行、拆卸、开市、交易、立券、挂匾、入宅、移徙、安床、栽种、动土,安葬、行丧、伐木、作梁
2033-06-26,满,天刑,否,开光、求嗣、出行、解除、伐木、出火、拆卸、修造、上梁、起基、入宅、移徙、开市、交易、立券、栽种、牧养、入殓、安葬、除服、成服,置产、安床
2033-06-27,满,天刑,否,祭祀、理发、修饰垣墙、平治道涂、沐浴、整手足甲、扫舍,出行、安门、修造、嫁娶、上梁、入宅
2033-06-28,平,朱雀,否,嫁娶、祭祀、开光、祈福、求嗣、出行、出火、拆卸、动土、修造、进人口、入宅、移徙、安床、挂匾、交易、立券、栽种、纳畜、入殓、破土、启钻、安葬,无
2033-06-29,定,金匮,是,祭祀、祈福、求嗣、开光、出行、伐木、出火、拆卸、修造、动土、起基、安床、入宅、移徙,嫁娶、开市、交易、行丧、安葬、修坟
2033-06-30,执,天德,是,破屋、坏垣、馀事勿取,诸事不宜
2033-07-01,破,白虎,否,开市、交易、立券、纳财、开池、开厕、结网、祭祀、修造、动土、安床、放水、经络、破土,嫁娶、造桥、词讼、移徙、安门、作灶、栽种
2033-07-02,危,玉堂,是,开市、交易、立券、纳财、栽种、安床、拆卸、修造、动土、上梁、入殓、安葬、破土、除服、成服,嫁娶、出火、伐木、祭祀、入宅、移徙、纳畜、探病
2033-07-03,成,天牢,是,祭祀、作灶、馀事勿取,诸事不宜
2033-07-04,收,玄武,否,解除、坏垣、馀事勿取,诸事不宜
2033-07-05,开,司命,是,修造、动土、起基、安门、安床、栽种、筑堤、补垣、造畜稠,嫁娶、掘井、入宅、移徙、出火、出行、行丧、安葬、开光、理发、进人口
2033-07-06,闭,勾陈,否,祭祀、教牛马、断蚁、馀事勿取,斋醮、移徙、入宅、动土
2033-07-07,建,青龙,否,开市、纳财、祭祀、塑绘、安机械、冠笄、会亲友、裁衣、开仓、经络、纳畜、造畜稠、教牛马、牧养,动土、破土、安葬、治病
2033-07-08,除,明堂,是,移徙、入宅、治病、会亲友、祭祀、祈福、斋醮、安香、嫁娶、盖屋、起基,开市、安床、出行、经络
2033-07-09,满,天刑,否,塑绘、出行、冠笄、嫁娶、进人口、裁衣、纳婿、造畜稠、交易、立券、牧养、开生坟、入殓、除服、成服、移柩、安葬、启钻,无
2033-07-10,平,朱雀,否,祭祀、冠笄、嫁娶、捕捉、结网、畋猎、取渔、馀事勿取,无
2033-07-11,定,金匮,是,沐浴、扫舍、馀事勿取,诸事不宜
2033-07-12,执,天德,是,纳采、祭祀、祈福、解除、动土、破土、安葬,嫁娶、移徙、入宅
2033-07-13,破,白虎,否,祭祀、破屋、坏垣、馀事勿取,诸事不宜
2033-07-14,危,玉堂,是,嫁娶、纳采、开市、出行、动土、上梁、移徙、入宅、破土、安葬,祭祀、祈福
2033-07-15,成,天牢,是,嫁娶、纳采、开市、出行、动土、上梁、移徙、入宅、破土、安葬,赴任
2033-07-16,收,玄武,否,祭祀、作灶、纳财、捕捉,开市、破土
2033-07-17,开,司命,是,嫁娶、开市、立券、祭祀、祈福、动土、移徙、入宅,造庙、安葬
2033-07-18,闭,勾陈,否,补垣、塞穴、结网、入殓、除服、成服、移柩、安葬、启钻、馀事勿取,诸事不宜
2033-07-19,建,青龙,否,嫁娶、纳采、出行、祭祀、祈福、解除、移徙、入宅,动土、安葬
2033-07-20,除,明堂,是,嫁娶、祭祀、祈福、斋醮、治病、破土、安葬,开市、入宅
2033-07-21,满,天刑,否,嫁娶、出行、开市、安床、入殓、启钻、安葬,祈福、动土、破土
2033-07-22,平,朱雀,否,嫁娶、祭祀、裁衣、结网、冠笄、沐浴,开仓、出货财、置产、安葬、动土、破土、掘井、栽种
2033-07-23,定,金匮,是,入宅、移徙、安床、开光、祈福、求嗣、进人口、开市、交易、立券、出火、拆卸、修造、动土,嫁娶、破土、置产、栽种、安葬、修坟、行丧
2033-07-24,执,天德,是,祭祀、解除、沐浴、整手足甲、入殓、移柩、破土、启钻、安葬,嫁娶、入宅、移徙、作灶、开市、交易、安门、栽种
2033-07-25,破,白虎,否,破屋、坏垣、馀事勿取,诸事不宜
2033-07-26,破,白虎,否,嫁娶、开光、出行、理发、作梁、出火、拆卸、修造、开市、交易、立券、挂匾、动土、入宅、移徙、安床、栽种,伐木、祭祀、纳畜
2033-07-27,危,玉堂,是,嫁娶、开光、出行、祈福、求嗣、解除、拆卸、动土、修造、进人口、开市、交易、立券、挂匾、入宅、移徙、安床、栽种、纳畜、入殓、移柩、安葬,无
2033-07-28,成,天牢,是,祭祀、作灶、纳财、栽种、纳畜、进人口,安葬、经络、修坟、破土、开市、安床、启钻、立碑
2033-07-29,收,玄武,否,祭祀、祈福、求嗣、开光、开市、牧养、理发,嫁娶、出行、安葬、入殓、入宅、作灶、冠笄、上梁
2033-07-30,开,司命,是,祭祀、入殓、破土、除服、成服、移柩、启钻、安葬、谢土、馀事勿取,无
2033-07-31,闭,勾陈,否,祭祀、出行、交易、割蜜、造畜稠,嫁娶、作灶、安葬、动土、词讼、作梁、伐木、掘井、破土、移徙
2033-08-01,建,青龙,否,嫁娶、祭祀、祈福、求嗣、开光、出火、拆卸、修造、动土、进人口、开市、交易、立券、挂匾、入宅、移徙、栽种、纳畜、入殓、启钻、除服、成服,无
2033-08-02,除,明堂,是,嫁娶、开光、解除、安床、牧养、理发、开市、入殓、启钻、移柩、安葬、扫舍,作灶、动土、上梁、栽种、入宅、移徙、修造、祈福
2033-08-03,满,天刑,否,祭祀、解除、馀事勿取,诸事不宜
2033-08-04,平,朱雀,否,祭祀、祈福、求嗣、开光、伐木、出火、拆卸、入宅、安床、修造、动土、上梁、挂匾、纳畜,嫁娶、栽种、行丧、理发、修坟、作灶
2033-08-05,定,金匮,是,解除、祭祀、理发、入殓、安葬、破土,嫁娶、开市、出火、作灶、置产、斋醮、入宅、移徙、安门
2033-08-06,执,天德,是,破屋、坏垣、馀事勿取,诸事不宜
2033-08-07,破,白虎,否,破屋、坏垣、治病、馀事勿取,行丧、安葬
2033-08-08,危,玉堂,是,祈福、斋醮、出行、冠笄、嫁娶、雕刻、开柱眼、入宅、造桥、开市、交易、立券、纳财、入殓、除服、成服、移柩、破土、安葬、启钻,动土、订盟、安床、开池
2033-08-09,成,天牢,是,祈福、求嗣、解除、订盟、纳采、动土、起基、放水、造仓、开市、纳畜、牧养、开生坟、入殓、除服、成服、移柩、破土、安葬,无
2033-08-10,收,玄武,否,塑绘、开光、解除、订盟、纳采、嫁娶、出火、修造、动土、移徙、入宅、拆卸、起基、安门、分居、开市、交易、立券、纳财、纳畜、牧养,无
2033-08-11,开,司命,是,祈福、出行、订盟、纳采、嫁娶、裁衣、动土、安床、放水、开市、掘井、交易、立券、栽种、开渠、除服、成服、移柩、破土,无
2033-08-12,闭,勾陈,否,嫁娶、祭祀、祈福、斋醮、作灶、移徙、入宅,动土、破土
2033-08-13,建,青龙,否,嫁娶、出行、纳畜、祭祀、入殓、启钻、安葬,作灶、动土、破土
2033-08-14,除,明堂,是,订盟、纳采、祭祀、祈福、修造、动土、上梁、破土、安葬,嫁娶、开市
2033-08-15,满,天刑,否,订盟、纳采、出行、会亲友、修造、上梁、移徙、入宅,开市、安葬
2033-08-16,平,朱雀,否,沐浴、修饰垣墙、平治道涂、馀事勿取,嫁娶、祈福
2033-08-17,定,金匮,是,嫁娶、祭祀、祈福、斋醮、动土、移徙、入宅,开市、安葬
2033-08-18,执,天德,是,捕捉、结网、入殓、破土、安葬,嫁娶、入宅
2033-08-19,破,白虎,否,沐浴、治病、破屋、坏垣、馀事勿取,诸事不宜
2033-08-20,危,玉堂,是,嫁娶、订盟、纳采、出行、开市、祭祀、祈福、移徙、入宅、启钻、安葬,动土、破土
2033-08-21,成,天牢,是,嫁娶、订盟、纳采、祭祀、祈福、求医、治病、动土、移徙、入宅、破土、安葬,开光、针灸
2033-08-22,收,玄武,否,订盟、纳采、祭祀、祈福、安机械、作灶、纳畜,动土、安葬
2033-08-23,开,司命,是,嫁娶、祭祀、祈福、求嗣、出行、动土、安床、掘井、破土、启钻,入宅、作梁、安门、伐木、修造、上梁、入殓、盖屋
2033-08-24,闭,勾陈,否,嫁娶、祭祀、祈福、求嗣、出行、出火、拆卸、修造、移徙、动土、安床、入殓、破土、安葬、启钻,盖屋、开光、理发、造船、掘井、作灶
2033-08-25,闭,勾陈,否,祭祀、祈福、求嗣、开光、出行、解除、上梁、盖屋、移徙、安门、纳财、牧养、纳畜、安葬、启钻、入殓,破土、置产、掘井、动土、安床
2033-08-26,建,青龙,否,祭祀、解除、沐浴、理发、整手足甲、入殓、移柩、破土、安葬、扫舍,嫁娶、会亲友、进人口、出行、入宅、移徙、赴任、作灶
2033-08-27,除,明堂,是,塑绘、开光、进人口、纳畜、补垣、塞穴、栽种、牧养,嫁娶、纳财、祈福、安葬、修造、开市、交易、立券、动土、上梁
2033-08-28,满,天刑,否,作灶、沐浴、修饰垣墙、平治道涂、馀事勿取,诸事不宜
2033-08-29,平,朱雀,否,祭祀、求嗣、开光、出行、伐木、作梁、出火、解除、拆卸、进人口、修造、动土、起基、安床、栽种、纳畜、入殓、破土、安葬、除服、成服,嫁娶、移徙
2033-08-30,定,金匮,是,祭祀、塞穴、入殓、破土、安葬、移柩、馀事勿取,诸事不宜
2033-08-31,执,天德,是,破屋、坏垣、馀事勿取,诸事不宜
2033-09-01,破,白虎,否,祭祀、入殓、移柩、结网、启钻、安葬、除服、成服、馀事勿取,诸事不宜
2033-09-02,危,玉堂,是,嫁娶、出火、拆卸、祭祀、祈福、开光、伐木、动土、开市、交易、立券、入宅、移徙、安床、纳畜、入殓、安葬,栽种、作灶、针灸、出行
2033-09-03,成,天牢,是,祭祀、开光、解除、进人口、交易、立券、纳财、纳畜,动土、破土、嫁娶、理发、出行、入宅、移徙、分居、安香、出火
2033-09-04,收,玄武,否,嫁娶、祭祀、祈福、求嗣、开光、出行、解除、安床、栽种、移柩、进人口、会亲友、除服、成服,盖屋、入殓、安葬、伐木、入宅、移徙、置产、纳畜
2033-09-05,开,司命,是,祭祀、动土、筑堤、开池、会亲友、塞穴、入殓、移柩、破土、安葬,开光、出行、修造、上梁、入宅、安门、作灶、裁衣
2033-09-06,闭,勾陈,否,祭祀、裁衣、安门、纳财、扫舍、出行、进人口、作灶、纳畜、造畜稠,安床、动土、安葬、开生坟、合寿木
2033-09-07,建,青龙,否,祭祀、祈福、求嗣、出行、沐浴、交易、扫舍、教牛马,动土、作灶、行丧、安葬、修坟
2033-09-08,除,明堂,是,出行、解除、纳采、冠笄、雕刻、修造、动土、起基、上梁、合脊、安床、移徙、入宅、开市、栽种、开厕,造庙、安门、行丧、安葬
2033-09-09,满,天刑,否,开光、塑绘、出行、解除、冠笄、裁衣、挂匾、作灶、开市、开池、开厕、补垣、塞穴,无
2033-09-10,平,朱雀,否,祭祀、祈福、修饰垣墙、平治道涂、入殓、移柩,嫁娶、入宅、上梁、安门
2033-09-11,定,金匮,是,祭祀、会亲友、纳采、嫁娶、开光、塑绘、斋醮、安香、开市、立券、除服、成服、入殓、移柩、安葬、赴任、进人口、出行、裁衣、修造、动土、上梁、经络、交易,入宅、伐木
2033-09-12,执,天德,是,祭祀、冠笄、会亲友、拆卸、起基、除服、成服、移柩、启钻、安葬、沐浴、捕捉、开光、塑绘,作灶、入宅、嫁娶
2033-09-13,破,白虎,否,祭祀、沐浴、破屋、坏垣、馀事勿取,移徙、入宅、出行、栽种
2033-09-14,危,玉堂,是,祭祀、塑绘、开光、出行、解除、订盟、嫁娶、拆卸、起基、安床、入宅、开市、入殓、除服、成服、移柩、破土、谢土、挂匾、开柱眼、交易,造桥、冠笄、盖屋、掘井
2033-09-15,成,天牢,是,祭祀、会亲友、进人口、动土、上梁、开光、塑绘、冠笄、拆卸、起基、安床、开市、立券、赴任、经络,定磉、安葬
2033-09-16,收,玄武,否,祭祀、裁衣、冠笄、嫁娶、纳婿、会亲友、除服、成服、移柩、捕捉、进人口、入殓,移徙、入宅、作灶
2033-09-17,开,司命,是,诸事不宜,入殓、安葬、开市、交易
2033-09-18,闭,勾陈,否,祭祀、裁衣、冠笄、嫁娶、安机械、拆卸、动土、起基、移徙、入宅、入殓、启钻、安葬、造仓、经络,安床、开光、开市、交易
2033-09-19,建,青龙,否,祭祀、出行、成服、除服、沐浴、入殓,动土、冠笄、移徙、入宅、开市、竖柱、上梁
2033-09-20,除,明堂,是,祭祀、沐浴、赴任、出行、馀事勿取,诸事不宜
2033-09-21,满,天刑,否,诸事不宜,无
2033-09-22,平,朱雀,否,沐浴、入殓、移柩、除服、成服、破土、平治道涂,嫁娶、移徙、入宅、开市
2033-09-23,平,朱雀,否,嫁娶、祭祀、祈福、求嗣、沐浴、出火、出行、拆卸、修造、动土、进人口、开市、交易、立券、入宅、移徙、安床、栽种、纳畜、入殓、安葬、启钻、除服、成服,无
2033-09-24,定,金匮,是,开光、解除、起基、动土、拆卸、上梁、立碑、修坟、安葬、破土、启钻、移柩,嫁娶、出行、安床、作灶、祭祀、入宅、移徙、出火、进人口、置产
2033-09-25,执,天德,是,破屋、坏垣、馀事勿取,诸事不宜
2033-09-26,破,白虎,否,嫁娶、祈福、求嗣、出行、出火、拆卸、修造、动土、上梁、开光、进人口、开市、交易、立券、挂匾、安床、入宅、移徙、栽种、伐木、入殓、破土、除服、成服,无
2033-09-27,危,玉堂,是,开市、交易、立券、挂匾、祭祀、开光、进人口、入宅、安床、出火、拆卸、修造、动土、栽种,嫁娶、立碑、出行、伐木、安葬、行丧、移徙、纳畜
2033-09-28,成,天牢,是,祭祀、理发、会亲友、进人口、嫁娶、针灸、入殓、移柩,探病、开渠、安葬、伐木、作灶、入宅
2033-09-29,收,玄武,否,祭祀、立碑、修坟、启钻、除服、成服、馀事勿取,无
2033-09-30,开,司命,是,嫁娶、出行、伐木、拆卸、修造、动土、移徙、安葬、破土、修坟、立碑,掘井、祈福、安床、开市、入宅、挂匾、开光
2033-10-01,闭,勾陈,否,祭祀、出行、扫舍、馀事勿取,诸事不宜
2033-10-02,建,青龙,否,嫁娶、祭祀、塑绘、开光、出行、解除、理发、整手足甲、动土、安床、开池、放水、扫舍,伐木、行丧、作灶、作梁、安葬
2033-10-03,除,明堂,是,开市、交易、立券、挂匾、开光、出行、入宅、移徙、安床、出火、上梁,作灶、行丧、理发、乘船、嫁娶、安葬
2033-10-04,满,天刑,否,祭祀、沐浴、修饰垣墙、平治道涂、馀事勿取,诸事不宜
2033-10-05,平,朱雀,否,嫁娶、祭祀、祈福、求嗣、开光、出行、出火、拆卸、修造、动土、进人口、入宅、移徙、安床、开市、交易、立券、挂匾、栽种、纳畜、入殓、安葬、除服、成服,无
2033-10-06,定,金匮,是,解除、坏垣、馀事勿取,诸事不宜
2033-10-07,执,天德,是,祭祀、治病、破屋、坏垣、馀事勿取,诸事不宜
2033-10-08,破,白虎,否,破屋、坏垣、馀事勿取,诸事不宜
2033-10-09,危,玉堂,是,会亲友、嫁娶、订盟、纳采、纳婿、拆卸、修造、动土、起基、竖柱、上梁、安床、纳财,出行、祈福、安葬、作灶
2033-10-10,成,天牢,是,祭祀、塑绘、开光、祈福、斋醮、出行、订盟、纳采、裁衣、嫁娶、拆卸、修造、安床、入宅、安香、入殓、启钻、安葬、谢土、赴任、会亲友、进人口、移徙、上梁、经络、开市、交易、立券、纳财,开仓、冠笄、伐木、作梁
2033-10-11,收,玄武,否,祭祀、作灶、入殓、除服、成服、畋猎,栽种、动土、安葬、开市
2033-10-12,开,司命,是,祭祀、祈福、斋醮、沐浴、竖柱、订盟、纳采、嫁娶、拆卸、入宅、移柩、启钻、谢土、赴任、出火、纳畜,作灶、入殓、安葬、安床
2033-10-13,闭,勾陈,否,嫁娶、祭祀、安机械、入殓、破土、安葬,动土、上梁
2033-10-14,建,青龙,否,作灶、造畜稠,行丧、安葬
2033-10-15,除,明堂,是,沐浴、理发、入学、习艺、进人口,嫁娶、入宅
2033-10-16,满,天刑,否,开光、针灸、会亲友、启钻、安葬,开市、动土、破土
2033-10-17,平,朱雀,否,祭祀、结网、造畜稠、馀事勿取,无
2033-10-18,定,金匮,是,入殓、除服、成服、移柩、破土、启钻、安葬,移徙、入宅
2033-10-19,执,天德,是,嫁娶、订盟、纳采、出行、祭祀、祈福、动土、移徙、入宅、破土、安葬,开市、赴任
2033-10-20,破,白虎,否,祭祀、解除、破屋、坏垣、馀事勿取,无
2033-10-21,危,玉堂,是,订盟、纳采、会亲友、安机械、纳财、牧养,祈福、安葬
2033-10-22,成,天牢,是,嫁娶、订盟、纳采、出行、开市、祭祀、祈福、动土、移徙、入宅、破土、安葬,斋醮、安门
2033-10-23,成,天牢,是,祭祀、塞穴、馀事勿取,诸事不宜
2033-10-24,收,玄武,否,祭祀、祈福、求嗣、开光、开市、出行、解除、动土、起基、置产、栽种,嫁娶、作灶、修坟、安门、入宅、立碑、安葬、安床
2033-10-25,开,司命,是,祭祀、解除、裁衣、理发、安床、作灶、造畜稠、放水、筑堤、补垣、塞穴、整手足甲、扫舍,嫁娶、开光、会亲友、掘井、安门、栽种
2033-10-26,闭,勾陈,否,祭祀、出行、裁衣、冠笄、会亲友、造畜稠、嫁娶、竖柱、上梁、移徙、纳财、纳畜,动土、伐木、作梁、行丧、安葬、开生坟
2033-10-27,建,青龙,否,祭祀、祈福、求嗣、开光、出行、解除、移徙、伐木、安床、纳畜、出火、拆卸,安葬、修坟、作灶、破土、造庙、动土、嫁娶、纳采
2033-10-28,除,明堂,是,开市、交易、立券、纳财、会亲友、开光、理发、入殓、移柩、安葬、启钻,嫁娶、作灶、出火、出行、入宅、移徙、安床、祈福、上梁
2033-10-29,满,天刑,否,造畜稠、平治道涂、馀事勿取,诸事不宜
2033-10-30,平,朱雀,否,入殓、破土、安葬、启钻、除服、成服、馀事勿取,无
2033-10-31,定,金匮,是,祭祀、入殓、移柩、开生坟、破土、启钻、安葬、除服、成服、馀事勿取,无
2033-11-01,执,天德,是,祭祀、解除、破屋、坏垣、馀事勿取,诸事不宜
2033-11-02,破,白虎,否,嫁娶、求嗣、纳采、进人口、纳财、结网、纳畜、牧养、会亲友,上梁、作灶、伐木、出行、安葬、安门、理发
2033-11-03,危,玉堂,是,嫁娶、祭祀、开市、开光、出行、入宅、移徙、出火、拆卸、修造、安床,纳畜、伐木、置产、作梁、行丧、安葬、修坟、立碑
2033-11-04,成,天牢,是,嫁娶、祭祀、作灶、纳财,安葬、开市、修坟、立碑
2033-11-05,收,玄武,否,嫁娶、祭祀、祈福、求嗣、开光、出行、解除、出火、进人口、开市、交易、立券、挂匾、纳财、入宅、移徙、栽种、破土、谢土,安床、安葬
2033-11-06,开,司命,是,嫁娶、祭祀、祈福、求嗣、动土、安床、扫舍、入殓、移柩、破土、启钻、安葬、作灶、整手足甲、补垣、除服、成服,开光、栽种
2033-11-07,闭,勾陈,否,嫁娶、冠笄、安床、纳采、会亲友、塞穴、捕捉、置产、造畜稠,开光、掘井、安葬、谢土、修坟
2033-11-08,建,青龙,否,祭祀、沐浴、馀事勿取,诸事不宜
2033-11-09,除,明堂,是,祭祀、会亲友、嫁娶、沐浴、修造、动土、祈福、开光、塑绘、出行、订盟、纳采、裁衣、入殓、除服、成服、移柩、启钻、赴任、竖柱、上梁、纳财、扫舍、栽种、纳畜、伐木,入宅、作灶、安床、开仓
2033-11-10,满,天刑,否,理发、会亲友、补垣、塞穴、结网,嫁娶、入宅、安门、移徙
2033-11-11,平,朱雀,否,祭祀、祈福、订盟、纳采、裁衣、拆卸、修造、动土、起基、安床、移徙、入宅、安香、除服、成服、入殓、移柩、安葬、谢土、赴任、会亲友、进人口、出行、竖柱、上梁、经络、开市、交易、立券、纳财、开仓,作灶、治病、伐木、作梁
2033-11-12,定,金匮,是,祭祀、祈福、订盟、纳采、裁衣、拆卸、修造、动土、起基、安床、移徙、入宅、安香、入殓、移柩、安葬、谢土、赴任、进人口、会亲友,作灶、治病
2033-11-13,执,天德,是,祭祀、塑绘、开光、订盟、纳采、嫁娶、安床、进人口、入殓、除服、成服、移柩、启钻、安葬、立碑,开市、交易、破土、作灶
2033-11-14,破,白虎,否,祭祀、解除、破屋、坏垣、馀事勿取,诸事不宜
2033-11-15,危,玉堂,是,祭祀、解除、祈福、开光、塑绘、斋醮、订盟、纳采、裁衣、冠笄、拆卸、修造、动土、入殓、除服、成服、移柩、启钻、安床、赴任、出行、移徙、竖柱、上梁、伐木、栽种、破土、安葬、纳畜,盖屋、治病
2033-11-16,成,天牢,是,祭祀、祈福、订盟、纳采、裁衣、合帐、冠笄、安机械、安床、造畜稠、入殓、移柩、启钻、安葬、谢土、除服、成服、会亲友、竖柱、上梁、经络、开市、交易、立券、纳财、纳畜、筑堤,嫁娶、入宅、治病、赴任
2033-11-17,收,玄武,否,沐浴、扫舍、馀事勿取,诸事不宜
2033-11-18,开,司命,是,诸事不宜,无
2033-11-19,闭,勾陈,否,祈福、斋醮、出行、订盟、纳采、入殓、移柩、破土、安葬、立碑、结网,入宅、作灶
2033-11-20,建,青龙,否,祭祀、沐浴、出行、冠笄、进人口、馀事勿取,嫁娶、动土、安葬、作灶
2033-11-21,除,明堂,是,祭祀、祈福、斋醮、塑绘、开光、订盟、纳采、裁衣、冠笄、嫁娶、拆卸、入宅、安香、入殓、移柩、理发、安葬、修坟、谢土、赴任、移徙、沐浴、治病、破土、启钻、整手足甲、入学、作梁,开市
2033-11-22,除,明堂,是,诸事不宜,无
2033-11-23,满,天刑,否,开市、交易、立券、挂匾、纳财、开光、出行、入宅、移徙、安床、纳畜、入殓、移柩、安葬,栽种、破土、置产、祭祀、嫁娶、动土、作灶、祈福
2033-11-24,平,朱雀,否,嫁娶、祭祀、祈福、求嗣、开光、出行、解除、出火、拆卸、进人口、入宅、移徙、安床、栽种、动土、修造、纳畜、入殓、安葬、立碑、除服、成服,无
2033-11-25,定,金匮,是,开光、解除、拆卸、修造、动土、安床、纳畜、安葬、启钻、入殓,嫁娶、开市、出火、栽种、破土、入宅、移徙、安香、分居、掘井、作灶
2033-11-26,执,天德,是,破屋、坏垣、馀事勿取,诸事不宜
2033-11-27,破,白虎,否,嫁娶、祭祀、开光、出火、出行、拆卸、修造、动土、解除、开市、交易、立券、挂匾、纳财、入宅、移徙、安床、栽种、纳畜,探病、安葬
2033-11-28,危,玉堂,是,祭祀、祈福、求嗣、开光、解除、理发、会亲友、栽种、纳畜、牧养、安葬、修坟、立碑、启钻,入宅、作灶、词讼、移徙、出行、赴任
2033-11-29,成,天牢,是,祭祀、沐浴、结网、移柩、入殓、除服、成服,安床、开市、交易、出货财、安葬、修坟、嫁娶、作灶
2033-11-30,收,玄武,否,解除、馀事勿取,无
2033-12-01,开,司命,是,安床、祭祀、开池、补垣、入殓、移柩、破土、启钻,入宅、移徙、嫁娶、掘井、作灶、出火、进人口、开市、开光
2033-12-02,闭,勾陈,否,祭祀、沐浴、馀事勿取,无
2033-12-03,建,青龙,否,嫁娶、开光、出行、解除、出火、拆卸、修造、进人口、动土、入宅、移徙、栽种、纳畜、掘井、安葬、除服、成服,置产、安床
2033-12-04,除,明堂,是,开光、裁衣、安门、会亲友、安床、结网、理发,嫁娶、冠笄、出行、祈福、安葬、伐木、入宅、移徙、出火、栽种、动土、上梁
2033-12-05,满,天刑,否,嫁娶、开光、出行、出火、拆卸、修造、动土、入宅、移徙、安床、上梁、开市、交易、立券、栽种,祈福、祭祀、伐木、掘井、作灶、谢土
2033-12-06,平,朱雀,否,嫁娶、祭祀、祈福、求嗣、开光、出火、出行、拆卸、开市、交易、立券、挂匾、伐木、入宅、移徙、安床、安葬,栽种、掘井、置产
2033-12-07,定,金匮,是,塑绘、开光、订盟、纳采、裁衣、冠笄、拆卸、修造、安床、入宅、出火、安葬、谢土、赴任,掘井、伐木、斋醮、作灶
2033-12-08,执,天德,是,祭祀、塑绘、开光、裁衣、冠笄、嫁娶、纳采、拆卸、修造、动土、竖柱、上梁、安床、移徙、入宅、安香、结网、捕捉、畋猎、伐木、进人口、放水,出行、安葬、修坟、开市
2033-12-09,破,白虎,否,祭祀、求医、破屋、坏垣、馀事勿取,诸事不宜
2033-12-10,危,玉堂,是,祭祀、祈福、斋醮、出行、冠笄、安机械、移徙、入宅、安香、安床、除服、成服、移柩、启钻,开光、栽种、治病、安门、作灶
2033-12-11,成,天牢,是,塑绘、斋醮、出行、拆卸、解除、修造、移徙、造船、入殓、除服、成服、移柩、启钻、修坟、立碑、谢土,无
2033-12-12,收,玄武,否,祭祀、沐浴、安床、纳财、畋猎、捕捉,开市、破土
2033-12-13,开,司命,是,订盟、纳采、祭祀、祈福、修造、动土、上梁、破土,嫁娶、作灶
2033-12-14,闭,勾陈,否,出行、沐浴、理发、补垣、塞穴,入宅、安葬
2033-12-15,建,青龙,否,教牛马、馀事勿取,入宅、动土、破土
2033-12-16,除,明堂,是,嫁娶、出行、求医、治病、祭祀、祈福、上梁、纳畜,开市、安葬
2033-12-17,满,天刑,否,开市、立券、开光、解除、安机械、上梁、启钻、安葬,嫁娶、祈福
2033-12-18,平,朱雀,否,平治道涂、馀事勿取,诸事不宜
2033-12-19,定,金匮,是,求嗣、斋醮、塑绘、订盟、纳采、出火、拆卸、修造、动土、造桥、安机械、栽种、纳畜、牧养、入殓、除服、成服、移柩、破土、安葬,开市、嫁娶
2033-12-20,执,天德,是,嫁娶、订盟、纳采、祭祀、祈福、修造、动土、移徙、入宅,开市、安葬
2033-12-21,破,白虎,否,治病、破屋、坏垣、馀事勿取,诸事不宜
2033-12-22,危,玉堂,是,祭祀、祈福、求嗣、斋醮、开光、入学、订盟、冠笄、伐木、修造、动土、起基、放水、交易、开池,造桥、安门、理发、造庙、栽种、作灶
2033-12-23,成,天牢,是,解除、坏垣、馀事勿取,诸事不宜
2033-12-24,收,玄武,否,沐浴、理发、扫舍,伐木、纳畜、上梁、入宅、作灶、造畜稠、嫁娶、安葬、作梁、造船、安门
2033-12-25,开,司命,是,祭祀、开光、祈福、解除、作梁、动土、安床、掘井、栽种、纳畜、破土、移柩,嫁娶、出行、赴任、盖屋、入殓、入宅、移徙、出火、进人口、安葬
2033-12-26,闭,勾陈,否,作梁、修造、动土、安门、作灶、塞穴、开池、开厕、筑堤、补垣、栽种,嫁娶、祈福、掘井、行丧、安葬、安床
2033-12-27,建,青龙,否,安葬、启钻、移柩、入殓、除服、成服,馀事勿取
2033-12-28,除,明堂,是,嫁娶、祭祀、祈福、求嗣、出行、出火、拆卸、开市、交易、立券、挂匾、入宅、移徙、安床、栽种,作灶、塑绘、行丧、词讼、伐木、安葬
2033-12-29,满,天刑,否,理发、开光、解除、拆卸、修造、安葬、开市、交易、立券、挂匾、安床、栽种,入宅、移徙、作灶、祈福、祭祀、嫁娶、谢土、掘井、盖屋、探病
2033-12-30,平,朱雀,否,祭祀、修饰垣墙、馀事勿取,诸事不宜
2033-12-31,定,金匮,是,入宅、安床、开光、祭祀、出火、拆卸、动土、挂匾、入殓、破土、安葬、纳畜,嫁娶、开市、作灶、置产、作梁、伐木
2034-01-01,执,天德,是,祭祀、解除、馀事勿取,诸事不宜
2034-01-02,破,白虎,否,破屋、坏垣、祭祀、沐浴、馀事勿取,诸事不宜
2034-01-03,危,玉堂,是,安床、祭祀、祈福、求嗣、冠笄、伐木、架马、动土、开池、开厕、结网、入殓、除服、成服,安门、栽种、作灶、治病
2034-01-04,成,天牢,是,解除、扫舍、馀事勿取,诸事不宜
2034-01-05,收,玄武,否,入殓、除服、成服、移柩、启钻、安葬、修坟、立碑,开市、伐木、嫁娶、作梁
2034-01-06,开,司命,是,祭祀、作灶、入殓、除服、馀事勿取,开市、安床
2034-01-07,闭,勾陈,否,塑绘、开光、沐浴、冠笄、会亲友、作灶、放水、造畜稠,嫁娶、入殓、安葬、出行
2034-01-08,建,青龙,否,祭祀、沐浴、祈福、斋醮、订盟、纳采、裁衣、拆卸、起基、竖柱、上梁、安床、入殓、除服、成服、移柩、启钻、挂匾、求嗣、出行、合帐、造畜稠,开仓、嫁娶、移徙、入宅
2034-01-09,除,明堂,是,祭祀、解除、馀事勿取,诸事不宜
2034-01-10,满,天刑,否,沐浴、解除、订盟、纳采、裁衣、冠笄、拆卸、修造、动土、移徙、入宅、除服、成服、移柩、破土、启钻、安葬、扫舍、修坟、伐木、纳财、交易、立券,作灶、祭祀、上梁、出行
2034-01-11,平,朱雀,否,出行、嫁娶、订盟、纳采、入殓、安床、启钻、安葬、祭祀、裁衣、会亲友、进人口,无
2034-01-12,定,金匮,是,修饰垣墙、平治道涂、入殓、移柩、馀事勿取,嫁娶、移徙、入宅、开光
2034-01-13,执,天德,是,会亲友、纳采、进人口、修造、动土、竖柱、上梁、祭祀、开光、塑绘、祈福、斋醮、嫁娶、安床、移徙、入宅、安香、纳畜,出行、治病、安葬、开市
2034-01-14,破,白虎,否,祭祀、会亲友、出行、订盟、纳采、沐浴、修造、动土、祈福、斋醮、嫁娶、拆卸、安床、入殓、移柩、安葬、谢土、赴任、裁衣、竖柱、上梁、伐木、捕捉、栽种、破土、安门,盖屋、开市、作灶、入宅
2034-01-15,危,玉堂,是,解除、破屋、坏垣、馀事勿取,诸事不宜
2034-01-16,成,天牢,是,塑绘、开光、出行、订盟、纳采、除服、成服、嫁娶、纳婿、入殓、移柩、启钻、安葬、立碑,入宅、安床
2034-01-17,收,玄武,否,入殓、除服、成服、移柩、启钻、安葬、立碑、馀事勿取,破土、伐木
2034-01-18,开,司命,是,祭祀、祈福、斋醮、塑绘、开光、除服、成服、入殓、作灶、嫁娶、捕捉、畋猎、纳财,开仓、盖屋、安葬、安床
2034-01-19,闭,勾陈,否,祭祀、出行、沐浴、裁衣、祈福、斋醮、订盟、纳采、嫁娶、安机械、开市、立券、安碓磑、纳畜,栽种、入殓、安葬
2034-01-20,闭,勾陈,否,祭祀、祈福、斋醮、沐浴、安床、安机械、造车器、入殓、移柩、启钻、安葬、立碑、合帐、经络、交易,作灶、掘井、嫁娶、入宅
2034-01-21,建,青龙,否,解除、扫舍、祭祀、教牛马、馀事勿取,无
2034-01-22,除,明堂,是,开市、交易、立券、挂匾、开光、解除、伐木、作梁、出火、入宅、移徙、安床、拆卸、动土、上梁、栽种、纳畜、安葬,嫁娶、祭祀、出行、置产
2034-01-23,满,天刑,否,开市、交易、立券、纳财、开池、补垣、嫁娶、纳采、纳畜、取渔、安床,修造、上梁、入宅、祈福、探病、掘井、动土、安门、安葬、作灶
2034-01-24,平,朱雀,否,祭祀、解除、修饰垣墙、平治道涂、馀事勿取,无
2034-01-25,定,金匮,是,嫁娶、祭祀、祈福、求嗣、动土、会亲友、起基、造仓、纳畜、牧养、开厕、进人口,掘井、安葬、栽种、出行、作灶、开市、入宅、安门
2034-01-26,执,天德,是,嫁娶、祭祀、祈福、求嗣、开光、入宅、移徙、安床、修造、动土、进人口,掘井、安葬、栽种、出行、作灶、开市、安门
2034-01-27,破,白虎,否,破屋、坏垣、馀事勿取,诸事不宜
2034-01-28,危,玉堂,是,嫁娶、开市、交易、立券、开光、出行、出火、拆卸、修造、入宅、移徙、动土、破土、移柩、安葬、启钻、除服、成服,安床、伐木、祈福、纳畜
2034-01-29,成,天牢,是,祭祀、入殓、破土、除服、成服、启钻、安葬、修坟、立碑、馀事勿取,无
2034-01-30,收,玄武,否,祭祀、解除、馀事勿取,诸事不宜
2034-01-31,开,司命,是,开市、交易、立券、纳财、纳畜、造畜稠、入宅、移徙、安床、开光、祈福、求嗣、动土,嫁娶、栽种、安葬、理发、造庙、作灶、入殓、行丧、造桥
2034-02-01,闭,勾陈,否,安床、裁衣、交易、立券、入殓、移柩、安葬、除服、成服,置产、嫁娶、出行、开光、栽种、动土、破土、入宅、治病
2034-02-02,建,青龙,否,祭祀、解除、造畜稠、教牛马、针灸、馀事勿取,嫁娶、动土、开池、安葬
2034-02-03,除,明堂,是,沐浴、塑绘、开光、纳采、订盟、开市、交易、立券、纳财、起基、动土、定磉、放水、安葬、破土、启钻、修坟、立碑、移柩,入宅、安门、祭祀、谢土
2034-02-04,满,天刑,否,祭祀、斋醮、裁衣、合帐、冠笄、订盟、纳采、嫁娶、入宅、安香、谢土、入殓、移柩、破土、立碑、会亲友、出行、祈福、求嗣、上梁、放水,掘井
2034-02-05,平,朱雀,否,安床、合帐、入宅、问名、纳采、求嗣、祭祀、开仓,斋醮、作灶、安葬
2034-02-06,定,金匮,是,作灶、平治道涂,祭祀、祈福、安葬、安门、馀事勿取
2034-02-07,执,天德,是,塑绘、开光、酬神、斋醮、订盟、纳采、裁衣、合帐、拆卸、动土、上梁、安床、安香、造庙、挂匾、会亲友、进人口、出行、修造、纳财、伐木、放水、出火、纳畜、沐浴、安门,盖屋、栽种、安葬、作灶
2034-02-08,破,白虎,否,祭祀、祈福、酬神、订盟、纳采、冠笄、裁衣、合帐、嫁娶、安床、移徙、入宅、安香、入殓、移柩、启钻、安葬、解除、取渔、捕捉、伐木、安门、出火,栽种、动土、开市、作灶
2034-02-09,危,玉堂,是,求医、破屋,诸事不宜
2034-02-10,成,天牢,是,祈福、求嗣、斋醮、塑绘、开光、订盟、纳采、嫁娶、动土、入宅、安香、移柩、安葬、谢土、出行、沐浴、修造、竖柱、上梁、纳财、破土、解除、安门、放水,作灶、安床
2034-02-11,收,玄武,否,取渔、入殓、除服、成服、移柩、破土、安葬、立碑,嫁娶、上梁、入宅、作灶
2034-02-12,开,司命,是,祭祀、求嗣、沐浴、酬神、订盟、纳采、裁衣、合帐、冠笄、安机械、安床、造仓、开池、经络、纳财、开市、立券、交易、结网、取渔、纳畜、捕捉,安葬、作灶、伐木、作梁
2034-02-13,闭,勾陈,否,祭祀、沐浴、祈福、求嗣、斋醮、订盟、纳采、裁衣、冠笄、开市、立券、交易、纳财、除服、谢土、出行、移柩,入殓、安葬、作灶、入宅
2034-02-14,建,青龙,否,祭祀、祈福、求嗣、入殓、启钻、安葬、移柩,开光、掘井、针灸、出行、嫁娶、入宅、移徙、作灶、动土
2034-02-15,除,明堂,是,安床、解除、裁衣、竖柱、上梁、交易、立券、纳财、纳畜、牧养、入殓、移柩、安葬、启钻,嫁娶、出行、动土、开渠、入宅、祭祀、掘井
2034-02-16,满,天刑,否,嫁娶、安床、开光、出行、祭祀、动土、出火、解除、会亲友、开市、交易、立券、挂匾、入宅、移徙、拆卸、破土、启钻、安葬,掘井、词讼
2034-02-17,平,朱雀,否,嫁娶、开光、求嗣、会亲友、安床、牧养、塑绘、针灸,入宅、移徙、出火、分居、安香、作灶、开市、交易、立券、安葬、动土、伐木
2034-02-18,定,金匮,是,作灶、解除、平治道涂,栽种、出行、祈福、行丧、纳畜、安葬、安门、伐木、作梁、牧养
2034-02-19,定,金匮,是,解除、沐浴,诸事不宜
2034-02-20,执,天德,是,嫁娶、祭祀、祈福、出行、解除、出火、拆卸、动土、入宅、移徙、安床、上梁、栽种、纳畜、破土、启钻、安葬,开市、立券、理发、作灶
2034-02-21,破,白虎,否,祭祀、解除、治病、破屋、坏垣、扫舍,馀事勿取
2034-02-22,危,玉堂,是,祭祀、祈福、求嗣、开光、出火、出行、拆卸、修造、动土、入宅、移徙、上梁、挂匾、开池、入殓、安葬、破土、启钻,嫁娶、作灶、安床
2034-02-23,成,天牢,是,结网、入殓、除服、成服、移柩、安葬、破土,诸事不宜
2034-02-24,收,玄武,否,移徙、祭祀、开光、祈福、出行、解除、进人口、雇佣、安床、动土、起基、上梁、安门,嫁娶、安葬、破土、作梁、纳畜、牧养、行丧、作灶
2034-02-25,开,司命,是,嫁娶、开光、祈福、求嗣、解除、动土、安床、栽种、开池、掘井、祭祀、破土、启钻,入宅、作灶、伐木、安葬、出火、出行、纳畜
2034-02-26,闭,勾陈,否,祭祀、合帐、裁衣、经络、伐木、作梁、安床、作灶、入殓、安葬、启钻、移柩,词讼、出火、入宅
2034-02-27,建,青龙,否,裁衣、伐木、作梁、纳财、交易、立券,诸事不宜
2034-02-28,除,明堂,是,嫁娶、祭祀、祈福、求嗣、开光、出行、出火、拆卸、动土、上梁、进人口、入宅、移徙、安床、开市、交易、立券、挂匾、入殓、破土、安葬、启钻、除服、成服,无
2034-03-01,满,天刑,否,嫁娶、冠笄、纳采、出行、会亲友、上梁、安机械、安床、牧养、畋猎、祭祀、祈福、开光、修造、安门、盖屋、起基,入宅、作灶、治病、安葬、移徙
2034-03-02,平,朱雀,否,修饰垣墙、平治道涂、祭祀、馀事勿取,诸事不宜
2034-03-03,定,金匮,是,造车器、纳采、订盟、祭祀、祈福、求嗣、移徙、出行、开市、出火、入宅、立券、交易、安门、安床、安葬、谢土,开光、盖屋、动土、作灶、栽种
2034-03-04,执,天德,是,动土、入殓、嫁娶、移柩、安葬、破土,开市、作灶、安床、入宅、上梁、裁衣
2034-03-05,破,白虎,否,祭祀、解除、入殓、除服、成服、移柩、启钻、安葬、修坟、立碑、谢土、沐浴、扫舍、捕捉、取渔、结网、畋猎、理发,安床、嫁娶、作灶、入宅
2034-03-06,危,玉堂,是,破屋、坏垣,诸事不宜
2034-03-07,成,天牢,是,祭祀、出行、订盟、纳采、裁衣、合帐、冠笄、进人口、动土、安床、作灶、入殓、移柩、安葬、破土、结网、取渔、畋猎,作梁、造庙
2034-03-08,收,玄武,否,祭祀、开光、塑绘、订盟、纳采、合帐、冠笄、拆卸、动土、起基、上梁、入宅、安香、开市、立券、纳财、沐浴、求嗣、出火、竖柱、安门,造庙、嫁娶、伐木、安葬
2034-03-09,开,司命,是,祭祀、沐浴、捕捉、栽种,嫁娶、入宅、移徙、作灶、安葬
2034-03-10,闭,勾陈,否,祭祀、开光、塑绘、酬神、斋醮、订盟、纳采、嫁娶、裁衣、动土、起基、出火、拆卸、移徙、入宅、安香、修造、竖柱、上梁、纳畜、牧养、祈福、求嗣、解除、伐木、定磉、盖屋、安门,栽种、安葬
2034-03-11,建,青龙,否,订盟、纳采、冠笄、拆卸、修造、动土、安床、入殓、除服、成服、移柩、安葬、破土、启钻、造仓,作灶、开光、嫁娶、开市、入宅
2034-03-12,除,明堂,是,祈福、开光、塑绘、酬神、订盟、纳采、裁衣、安床、开市、立券、入殓、除服、成服、移柩、启钻、安葬、立碑、赴任、会亲友、出行、交易、竖柱,作灶、掘井、动土、栽种
2034-03-13,满,天刑,否,祭祀、扫舍、塞穴,栽种、作灶、安葬、嫁娶
2034-03-14,平,朱雀,否,开光、塑绘、裁衣、冠笄、伐木、拆卸、竖柱、上梁、开仓、会亲友、安机械、造仓、盖屋、交易、解除、开市、立券、纳财,出行、嫁娶、入宅、安葬
2034-03-15,定,金匮,是,冠笄、入殓、除服、成服、移柩、平治道涂、修饰垣墙,盖屋、作灶、治病、探病
2034-03-16,执,天德,是,祭祀、嫁娶、祈福、纳采、裁衣、合帐、安床、入宅、安香、入殓、移柩、安葬、谢土、修造、安碓磑、求嗣、会亲友、挂匾、交易、立券、纳财、造仓、放水,栽种、伐木
2034-03-17,破,白虎,否,祭祀、祈福、斋醮、订盟、纳采、裁衣、合帐、拆卸、修造、动土、上梁、起基、移柩、安葬、谢土、沐浴、扫舍、开柱眼、伐木、出火,安床、开市、立券、作灶
2034-03-18,危,玉堂,是,破屋、坏垣、求医、治病,诸事不宜
2034-03-19,成,天牢,是,祭祀、动土、上梁、订盟、纳采、嫁娶、安机械、拆卸、安床、入宅、安香、入殓、移柩、破土、安葬、立碑、谢土、赴任、出行、移徙、祈福、求嗣、解除、造仓、进人口,开光、出货财
2034-03-20,成,天牢,是,祭祀、开光、塑绘、纳采、裁衣、拆卸、安床、起基、动土、竖柱、上梁、移徙、入宅、安香、开市、立券、挂匾、沐浴、出行、求嗣、安门,嫁娶、栽种、伐木、安葬
2034-03-21,收,玄武,否,裁衣、合帐、冠笄、嫁娶、纳婿、安床、入殓、纳财,作灶、开市、安葬、作梁
2034-03-22,开,司命,是,祭祀、订盟、纳采、修造、动土、祈福、塑绘、斋醮、沐浴、拆卸、起基、入宅、安香、造庙、移柩、谢土、除服、成服、入学、习艺、出行、竖柱、上梁、掘井、求嗣、解除、伐木,作灶、安葬、开市、盖屋
2034-03-23,闭,勾陈,否,订盟、纳采、裁衣、合帐、冠笄、安机械、拆卸、安床、入殓、除服、成服、移柩、破土、启钻、安葬、修坟、立碑、经络、交易、立券、纳财、筑堤、造仓、补垣、塞穴、纳畜、伐木、架马,祭祀、开光、嫁娶、入宅
2034-03-24,建,青龙,否,祭祀、出行、嫁娶、冠笄、安床、入殓、移柩、安葬,掘井、动土、作灶、栽种
2034-03-25,除,明堂,是,塞穴、诸事不宜,安门、作灶、安葬、嫁娶
2034-03-26,满,天刑,否,开光、塑绘、求嗣、纳采、裁衣、合帐、冠笄、安机械、作梁、开柱眼、安门、安床、造仓、祭祀、会亲友、祈福、经络、纳财、开市、立券、交易、入学、理发、架马,出行、斋醮、安葬、嫁娶
2034-03-27,平,朱雀,否,祭祀、嫁娶、纳婿、安葬,栽种、盖屋、作灶、入宅
2034-03-28,定,金匮,是,祭祀、会亲友、订盟、裁衣、合帐、安机械、拆卸、上梁、安门、入殓、除服、成服、移柩、启钻、安葬、立碑、开光、塑绘、入学、出行、起基、定磉、放水、移徙、入宅、竖柱、立券、经络,伐木、作梁
2034-03-29,执,天德,是,祭祀、开光、塑绘、祈福、斋醮、裁衣、合帐、冠笄、嫁娶、拆卸、动土、移徙、入宅、入殓、移柩、安葬、谢土、求嗣、入学、理发、伐木、架马、作梁、出火、修造、起基、定磉、放水、赴任,安门
2034-03-30,破,白虎,否,祭祀、治病、破屋、坏垣、馀事勿取,诸事不宜
2034-03-31,危,玉堂,是,嫁娶、祭祀、出行、冠笄、立券、交易、进人口、开市、移徙、修造、动土、安床、入殓、移柩、破土,开光、作灶、斋醮、安葬
2034-04-01,成,天牢,是,开市、立券、交易、挂匾、祭祀、祈福、开光、入宅、移徙、安床、拆卸、动土、上梁、进人口,嫁娶、行丧、架马、作梁、理发、牧养、安葬、纳畜、伐木
2034-04-02,收,玄武,否,理发、冠笄、嫁娶、进人口,置产、伐木、纳畜、造畜稠、安葬、破土、作梁、作灶、开生坟
2034-04-03,开,司命,是,嫁娶、祭祀、开光、祈福、求嗣、出火、入宅、移徙、安床、拆卸、动土、破土、谢土,合帐、开市、安葬、入殓
2034-04-04,闭,勾陈,否,安床、伐木、拆卸、修造、动土、上梁、立券、交易、栽种、纳畜、牧养、入殓、安葬,嫁娶、祭祀、开光、出行、出火、移徙、入宅、安门
2034-04-05,建,青龙,否,祭祀、祈福、裁衣、合帐、安床、入殓、除服、成服、移柩、破土、启钻、安葬、谢土、立碑、造畜稠,掘井、安门、嫁娶、纳采
2034-04-06,除,明堂,是,祭祀、进人口、嫁娶、安床、解除、冠笄、出行、裁衣、扫舍,掘井、动土、破土、安葬、开光
2034-04-07,满,天刑,否,纳采、开光、求医、治病、动土、上梁、移徙、入宅,嫁娶、开市、安葬
2034-04-08,平,朱雀,否,祭祀、会亲友、开市、安床、启钻、安葬,嫁娶、动土、破土
2034-04-09,定,金匮,是,祭祀、作灶、掘井、平治道涂,嫁娶、安葬
2034-04-10,执,天德,是,祭祀、斋醮、开市、动土、入殓、破土、安葬,嫁娶、移徙、入宅
2034-04-11,破,白虎,否,嫁娶、纳采、祭祀、祈福、出行、移徙、求医,开市、动土、破土
2034-04-12,危,玉堂,是,祭祀、求医、治病、解除、馀事勿取,诸事不宜
2034-04-13,成,天牢,是,沐浴、结网、取渔,嫁娶、入宅、安葬
2034-04-14,收,玄武,否,无,诸事不宜
2034-04-15,开,司命,是,解除、坏垣、馀事勿取,诸事不宜
2034-04-16,闭,勾陈,否,嫁娶、开光、出行、出火、拆卸、进人口、开市、立券、交易、挂匾、入宅、移徙、安床、栽种,祈福、入殓、祭祀、作灶、安葬、探病
2034-04-17,建,青龙,否,嫁娶、出行、合帐、冠笄、安床、除服、成服、作灶、交易、立券、入殓、移柩、破土、安葬,词讼、开光、开市
2034-04-18,除,明堂,是,出行、修饰垣墙、造畜稠、教牛马、馀事勿取,诸事不宜
2034-04-19,除,明堂,是,祭祀、祈福、开光、求嗣、解除、伐木、出火、入宅、移徙、安床、拆卸、修造、动土、造畜稠,嫁娶、纳财、安葬、出行、开市、立券、作灶、栽种
2034-04-20,满,天刑,否,纳采、嫁娶、开光、出行、理发、会亲友、开市、安床、栽种、牧养、入殓、移柩、启钻,谢土、祈福、上梁、作灶、斋醮、修造、入宅、安门
2034-04-21,平,朱雀,否,祭祀、平治道涂、解除、修饰垣墙、馀事勿取,诸事不宜
2034-04-22,定,金匮,是,祭祀、祈福、开光、解除、动土、纳财、交易、纳畜、扫舍,进人口、出行、嫁娶、置产、安床、赴任、安葬、作灶
2034-04-23,执,天德,是,祭祀、祈福、求嗣、开光、解除、出火、拆卸、入宅、安床、修造、安门、纳畜、启钻、安葬,动土、破土、纳财、掘井、挂匾、开市、伐木、交易
2034-04-24,破,白虎,否,祭祀、解除、破屋、坏垣、馀事勿取,诸事不宜
2034-04-25,危,玉堂,是,塞穴、扫舍、馀事勿取,诸事不宜
2034-04-26,成,天牢,是,祭祀、祈福、求嗣、开光、解除、纳采、冠笄、出火、拆卸、进人口、安床、动土、上梁、造庙、掘井、开池、入殓、移柩、安葬、破土,无
2034-04-27,收,玄武,否,解除、破屋、馀事勿取,诸事不宜
2034-04-28,开,司命,是,嫁娶、祈福、求嗣、开光、出行、解除、拆卸、出火、开市、立券、交易、入宅、移徙、安床、动土、破土、谢土,祭祀、入殓、安葬、探病
2034-04-29,闭,勾陈,否,祭祀、裁衣、冠笄、安床、交易、立券、开池、补垣、塞穴、入殓、破土、启钻、安葬、谢土、除服、成服,嫁娶、掘井、探病、开市、开光、栽种
2034-04-30,建,青龙,否,祭祀、出行、教牛马、扫舍、馀事勿取,开光、伐木、安葬、破土
2034-05-01,除,明堂,是,祭祀、祈福、求嗣、开光、纳采、订盟、解除、栽种、纳畜、牧养、扫舍、进人口,修坟、造桥、作灶、出行、安葬、盖屋、入宅
2034-05-02,满,天刑,否,开光、出行、交易、塞穴、嫁娶、理发、开市、安床,祈福、出火、置产、动土、破土、安葬、修造、上梁、入宅
2034-05-03,平,朱雀,否,祭祀、作灶、畋猎、结网、修饰垣墙、平治道涂、馀事勿取,嫁娶、安床、治病
2034-05-04,定,金匮,是,沐浴、祭祀、解除、安葬、破土、谢土、移柩、馀事勿取,斋醮、开光、嫁娶、入宅、上梁
2034-05-05,执,天德,是,嫁娶、纳采、出行、祭祀、祈福、开市、动土、移徙、入宅、破土、安葬,安门
2034-05-06,破,白虎,否,嫁娶、纳采、求医、治病、修造、动土、移徙、入宅、破土、安葬,开市、开光
2034-05-07,危,玉堂,是,祭祀、破屋、坏垣、馀事勿取,诸事不宜
2034-05-08,成,天牢,是,嫁娶、纳采、祭祀、祈福、出行、动土、上梁、移徙、入宅、破土、安葬,斋醮
2034-05-09,收,玄武,否,纳采、祭祀、祈福、开市、求医、治病、动土、纳畜,嫁娶、安葬
2034-05-10,开,司命,是,嫁娶、纳采、出行、移徙、入宅,动土、破土、安葬
2034-05-11,闭,勾陈,否,订盟、纳采、祭祀、动土、破土、交易、立券,嫁娶、安葬
2034-05-12,建,青龙,否,嫁娶、裁衣、祭祀、出行、安床、作灶、移徙、入宅、破土、安葬,赴任、捕捉
2034-05-13,除,明堂,是,塞穴、结网、馀事勿取,诸事不宜
2034-05-14,满,天刑,否,嫁娶、订盟、纳采、出行、祭祀、祈福、斋醮、动土、上梁、破土、安葬,移徙、入宅
2034-05-15,平,朱雀,否,订盟、纳采、会亲友、安床、作灶、造畜稠,开市、安葬
2034-05-16,定,金匮,是,沐浴、平治道涂、扫舍、入殓、移柩、破土、启钻、安葬、馀事勿取,诸事不宜
2034-05-17,执,天德,是,嫁娶、祭祀、祈福、求嗣、开光、出行、出火、拆卸、动土、上梁、进人口、入宅、移徙、安床、安门、开市、交易、立券、挂匾、栽种、破土、安葬,无
2034-05-18,执,天德,是,祭祀、开光、出行、解除、塑绘、裁衣、入殓、移柩、破土、启钻、安葬、除服、成服,嫁娶、上梁、修造、拆卸、架马、入宅、伐木、动土、出火、开柱眼
2034-05-19,破,白虎,否,祭祀、解除、破屋、坏垣、馀事勿取,诸事不宜
2034-05-20,危,玉堂,是,嫁娶、祭祀、祈福、求嗣、开光、出行、拆卸、动土、上梁、出火、进人口、入宅、移徙、安床、栽种、纳畜、牧养、竖柱、安门、修造、解除、会亲友,无
2034-05-21,成,天牢,是,开市、交易、立券、祭祀、祈福、开光、伐木、进人口、安床、拆卸、修造、动土、栽种、破土、移柩、安葬,入宅、移徙、理发、出火、嫁娶、出行
2034-05-22,收,玄武,否,结网、解除、馀事勿取,诸事不宜
2034-05-23,开,司命,是,嫁娶、祭祀、祈福、求嗣、开光、开市、交易、立券、安床、出行、拆卸,纳畜、入宅、移徙、安葬、探病、伐木、上梁、安门、入殓、动土
2034-05-24,闭,勾陈,否,嫁娶、祭祀、祈福、求嗣、出行、出火、拆卸、修造、动土、入宅、移徙、安床、作灶、塞穴、栽种、破土、安葬,开光、掘井、开仓
2034-05-25,建,青龙,否,解除、扫舍、馀事勿取,诸事不宜
2034-05-26,除,明堂,是,开市、交易、立券、挂匾、开光、出行、拆卸、进人口、入宅、移柩、动土、安门、上梁、栽种、破土、修坟、安葬,嫁娶、安床、探病、作灶
2034-05-27,满,天刑,否,进人口、会亲友,塞穴、上梁、动土、伐木、安葬、词讼
2034-05-28,平,朱雀,否,沐浴、平治道涂、扫舍、入殓、破土、安葬、除服、成服,嫁娶、移徙、伐木、作梁、安床、祭祀、祈福、盖屋
2034-05-29,定,金匮,是,嫁娶、祭祀、祈福、求嗣、开光、出火、出行、拆卸、动土、解除、进人口、开市、交易、立券、挂匾、入宅、移徙、安床、安门、上梁、安葬、破土、谢土,无
2034-05-30,执,天德,是,祭祀、祈福、求嗣、开光、解除、合帐、冠笄、伐木、架马、作梁、修造、进人口、嫁娶、裁衣、安床、动土、起基、上梁、竖柱、放水、会亲友,无
2034-05-31,破,白虎,否,破屋、坏垣、沐浴、解除、馀事勿取,诸事不宜
2034-06-01,危,玉堂,是,纳采、订盟、嫁娶、造车器、祭祀、祈福、求嗣、开光、出火、拆卸、修造、动土、进人口、挂匾、入宅、移徙、安床、栽种、入殓、破土、安葬、除服、成服,开市、立券
2034-06-02,成,天牢,是,开市、交易、立券、祭祀、祈福、开光、动土、安床、出行、栽种、纳畜、牧养、竖柱、上梁、解除、破土,嫁娶、掘井、入宅、移徙、安葬
2034-06-03,收,玄武,否,解除、出行、纳采、冠笄、竖柱、上梁、移徙、作灶、进人口、入宅、纳畜、牧养,祭祀、伐木、架马、安床、修造、动土、安葬、修坟、破土
2034-06-04,开,司命,是,祭祀、祈福、求嗣、开光、出行、开市、交易、立券、栽种、安床、纳畜、移徙、起基、动土、定磉、造仓、置产、破土、启钻、修坟,入宅、修造、安门、伐木、入殓、安葬、盖屋
2034-06-05,闭,勾陈,否,嫁娶、纳采、祭祀、祈福、求医、治病、出行、动土、移徙、入宅,开市、安门
2034-06-06,建,青龙,否,裁衣、作灶、移徙、入宅、纳畜,嫁娶、安葬
2034-06-07,除,明堂,是,祭祀、入殓、移柩、启钻、安葬,上梁、动土、破土
2034-06-08,满,天刑,否,订盟、纳采、出行、祈福、斋醮、安床、会亲友,移徙、入宅、安葬
2034-06-09,平,朱雀,否,嫁娶、纳采、出行、求医、治病、开市、移徙、入宅、启钻、安葬,动土、破土
2034-06-10,定,金匮,是,嫁娶、祭祀、沐浴、扫舍、修饰垣墙,行丧、安葬
2034-06-11,执,天德,是,嫁娶、订盟、纳采、出行、开市、祭祀、祈福、动土、移徙、入宅、破土、安葬,作灶
2034-06-12,破,白虎,否,订盟、纳采、出行、祭祀、祈福、修造、动土、移徙、入宅,开市、安葬
2034-06-13,危,玉堂,是,诸事不宜,无
2034-06-14,成,天牢,是,嫁娶、订盟、纳采、祭祀、祈福、入殓、破土、安葬,开光、开市
2034-06-15,收,玄武,否,开光、求医、治病、动土、上梁、入殓、破土、安葬,嫁娶
2034-06-16,收,玄武,否,祭祀、栽种、馀事勿取,诸事不宜
2034-06-17,开,司命,是,嫁娶、开光、祭祀、祈福、求嗣、出行、解除、伐木、入宅、移徙、安床、出火、拆卸、修造、上梁、栽种、移柩,安葬、开市、交易、立券
2034-06-18,闭,勾陈,否,求嗣、嫁娶、纳采、合帐、裁衣、冠笄、伐木、作梁、修造、动土、起基、竖柱、上梁、安门、作灶、筑堤、造畜稠,安葬、出行、祈福、栽种
2034-06-19,建,青龙,否,祭祀、解除、馀事勿取,诸事不宜
2034-06-20,除,明堂,是,嫁娶、祭祀、祈福、出火、开光、求嗣、出行、拆卸、开市、交易、立券、挂匾、入宅、移徙、安床、栽种、动土,安葬、行丧、伐木、作梁
2034-06-21,满,天刑,否,开光、求嗣、出行、解除、伐木、出火、拆卸、修造、上梁、起基、入宅、移徙、开市、交易、立券、栽种、牧养、入殓、安葬、除服、成服,置产、安床
2034-06-22,平,朱雀,否,祭祀、理发、修饰垣墙、平治道涂、沐浴、整手足甲、扫舍,出行、安门、修造、嫁娶、上梁、入宅
2034-06-23,定,金匮,是,嫁娶、祭祀、开光、祈福、求嗣、出行、出火、拆卸、动土、修造、进人口、入宅、移徙、安床、挂匾、交易、立券、栽种、纳畜、入殓、破土、启钻、安葬,无
2034-06-24,执,天德,是,祭祀、祈福、求嗣、开光、出行、伐木、出火、拆卸、修造、动土、起基、安床、入宅、移徙,嫁娶、开市、交易、行丧、安葬、修坟
2034-06-25,破,白虎,否,破屋、坏垣、馀事勿取,诸事不宜
2034-06-26,危,玉堂,是,开市、交易、立券、纳财、开池、开厕、结网、祭祀、修造、动土、安床、放水、经络、破土,嫁娶、造桥、词讼、移徙、安门、作灶、栽种
2034-06-27,成,天牢,是,开市、交易、立券、纳财、栽种、安床、拆卸、修造、动土、上梁、入殓、安葬、破土、除服、成服,嫁娶、出火、伐木、祭祀、入宅、移徙、纳畜、探病
2034-06-28,收,玄武,否,祭祀、作灶、馀事勿取,诸事不宜
2034-06-29,开,司命,是,解除、坏垣、馀事勿取,诸事不宜
2034-06-30,闭,勾陈,否,修造、动土、起基、安门、安床、栽种、筑堤、补垣、造畜稠,嫁娶、掘井、入宅、移徙、出火、出行、行丧、安葬、开光、理发、进人口
2034-07-01,建,青龙,否,祭祀、教牛马、断蚁、馀事勿取,斋醮、移徙、入宅、动土
2034-07-02,除,明堂,是,纳采、订盟、嫁娶、祭祀、祈福、开市、纳财、立券、移徙、出行、修造、动土、起基、定磉、竖柱、拆卸、扫舍、放水、安香、安床、造船、开池、掘井、造畜稠、栽种,行丧、安葬、破土、作灶、伐木、斋醮
2034-07-03,满,天刑,否,嫁娶、开光、祭祀、祈福、出行、解除、移徙、入宅、开市、纳财、起基、修造、竖柱、上梁、盖屋、作灶、出火、安香、补垣、塞穴、拆卸、放水、扫舍、造仓、造船、栽种、安葬,纳采、订盟、安床、谢土、破土、动土
2034-07-04,平,朱雀,否,嫁娶、祭祀、理发、作灶、修饰垣墙、平治道涂、整手足甲、沐浴、冠笄,破土、出行、栽种
2034-07-05,定,金匮,是,嫁娶、纳采、订盟、祭祀、祈福、求嗣、开光、出火、出行、拆卸、修造、动土、进人口、入宅、移徙、安床、交易、立券、挂匾、纳财、入殓、安葬、启钻、除服、成服,掘井、破土
2034-07-06,执,天德,是,畋猎、捕捉、结网、取渔、祭祀、沐浴、馀事勿取,嫁娶、开市、安葬、启钻、行丧
2034-07-07,破,白虎,否,纳采、祭祀、祈福、解除、动土、破土、安葬,嫁娶、移徙、入宅
2034-07-08,危,玉堂,是,祭祀、破屋、坏垣、馀事勿取,诸事不宜
2034-07-09,成,天牢,是,嫁娶、纳采、开市、出行、动土、上梁、移徙、入宅、破土、安葬,祭祀、祈福
2034-07-10,收,玄武,否,嫁娶、纳采、开市、出行、动土、上梁、移徙、入宅、破土、安葬,赴任
2034-07-11,开,司命,是,祭祀、作灶、纳财、捕捉,开市、破土
2034-07-12,闭,勾陈,否,嫁娶、开市、立券、祭祀、祈福、动土、移徙、入宅,造庙、安葬
2034-07-13,建,青龙,否,补垣、塞穴、结网、入殓、除服、成服、移柩、安葬、启钻、馀事勿取,诸事不宜
2034-07-14,除,明堂,是,嫁娶、纳采、出行、祭祀、祈福、解除、移徙、入宅,动土、安葬
2034-07-15,满,天刑,否,嫁娶、祭祀、祈福、斋醮、治病、破土、安葬,开市、入宅
2034-07-16,满,天刑,否,嫁娶、出行、开市、安床、入殓、启钻、安葬,祈福、动土、破土
2034-07-17,平,朱雀,否,嫁娶、祭祀、裁衣、结网、冠笄、沐浴,开仓、出货财、置产、安葬、动土、破土、掘井、栽种
2034-07-18,定,金匮,是,入宅、移徙、安床、开光、祈福、求嗣、进人口、开市、交易、立券、出火、拆卸、修造、动土,嫁娶、破土、置产、栽种、安葬、修坟、行丧
2034-07-19,执,天德,是,祭祀、解除、沐浴、整手足甲、入殓、移柩、破土、启钻、安葬,嫁娶、入宅、移徙、作灶、开市、交易、安门、栽种
2034-07-20,破,白虎,否,破屋、坏垣、馀事勿取,诸事不宜
2034-07-21,危,玉堂,是,嫁娶、开光、出行、理发、作梁、出火、拆卸、修造、开市、交易、立券、挂匾、动土、入宅、移徙、安床、栽种,伐木、祭祀、纳畜
2034-07-22,成,天牢,是,嫁娶、开光、出行、祈福、求嗣、解除、拆卸、动土、修造、进人口、开市、交易、立券、挂匾、入宅、移徙、安床、栽种、纳畜、入殓、移柩、安葬,无
2034-07-23,收,玄武,否,祭祀、作灶、纳财、栽种、纳畜、进人口,安葬、经络、修坟、破土、开市、安床、启钻、立碑
2034-07-24,开,司命,是,祭祀、祈福、求嗣、开光、开市、牧养、理发,嫁娶、出行、安葬、入殓、入宅、作灶、冠笄、上梁
2034-07-25,闭,勾陈,否,祭祀、入殓、破土、除服、成服、移柩、启钻、安葬、谢土、馀事勿取,无
2034-07-26,建,青龙,否,祭祀、出行、交易、割蜜、造畜稠,嫁娶、作灶、安葬、动土、词讼、作梁、伐木、掘井、破土、移徙
2034-07-27,除,明堂,是,嫁娶、祭祀、祈福、求嗣、开光、出火、拆卸、修造、动土、进人口、开市、交易、立券、挂匾、入宅、移徙、栽种、纳畜、入殓、启钻、除服、成服,无
2034-07-28,满,天刑,否,嫁娶、开光、解除、安床、牧养、理发、开市、入殓、启钻、移柩、安葬、扫舍,作灶、动土、上梁、栽种、入宅、移徙、修造、祈福
2034-07-29,平,朱雀,否,祭祀、解除、馀事勿取,诸事不宜
2034-07-30,定,金匮,是,祭祀、祈福、求嗣、开光、伐木、出火、拆卸、入宅、安床、修造、动土、上梁、挂匾、纳畜,嫁娶、栽种、行丧、理发、修坟、作灶
2034-07-31,执,天德,是,解除、祭祀、理发、入殓、安葬、破土,嫁娶、开市、出火、作灶、置产、斋醮、入宅、移徙、安门
2034-08-01,破,白虎,否,破屋、坏垣、馀事勿取,诸事不宜
2034-08-02,危,玉堂,是,开市、交易、立券、纳财、动土、开光、出行、嫁娶、纳采、订盟、入学、开仓、出货财、纳畜、牧养、栽种、破土、启钻、安葬、立碑,入宅、移徙、作灶、祭祀、谢土
2034-08-03,成,天牢,是,嫁娶、纳采、订盟、祭祀、祈福、求嗣、开光、出火、出行、拆卸、修造、动土、进人口、开市、交易、立券、挂匾、入宅、移徙、安床、栽种、入殓、破土、谢土、安葬,掘井、伐木、纳畜、合寿木
2034-08-04,收,玄武,否,祭祀、冠笄、作灶、交易、纳财、栽种、结网、纳畜、牧养、进人口,开渠、造船、安床、安葬、破土、出行、修坟、掘井、开市、开生坟
2034-08-05,开,司命,是,嫁娶、订盟、祭祀、祈福、求嗣、纳采、裁衣、冠笄、开光、安床、作梁、修造、动土、作灶、起基、上梁、盖屋、纳畜、牧养,移徙、栽种、出行、行丧、破土、安葬、词讼
2034-08-06,闭,勾陈,否,经络、祭祀、沐浴、补垣、塞穴、除服、成服、移柩、入殓、启钻、立碑,开光、治病、嫁娶、掘井、破土、安葬
2034-08-07,建,青龙,否,嫁娶、祭祀、祈福、斋醮、作灶、移徙、入宅,动土、破土
2034-08-08,除,明堂,是,嫁娶、出行、纳畜、祭祀、入殓、启钻、安葬,作灶、动土、破土
2034-08-09,满,天刑,否,订盟、纳采、祭祀、祈福、修造、动土、上梁、破土、安葬,嫁娶、开市
2034-08-10,平,朱雀,否,订盟、纳采、出行、会亲友、修造、上梁、移徙、入宅,开市、安葬
2034-08-11,定,金匮,是,沐浴、修饰垣墙、平治道涂、馀事勿取,嫁娶、祈福
2034-08-12,执,天德,是,嫁娶、祭祀、祈福、斋醮、动土、移徙、入宅,开市、安葬
2034-08-13,破,白虎,否,捕捉、结网、入殓、破土、安葬,嫁娶、入宅
2034-08-14,破,白虎,否,沐浴、治病、破屋、坏垣、馀事勿取,诸事不宜
2034-08-15,危,玉堂,是,嫁娶、订盟、纳采、出行、开市、祭祀、祈福、移徙、入宅、启钻、安葬,动土、破土
2034-08-16,成,天牢,是,嫁娶、订盟、纳采、祭祀、祈福、求医、治病、动土、移徙、入宅、破土、安葬,开光、针灸
2034-08-17,收,玄武,否,订盟、纳采、祭祀、祈福、安机械、作灶、纳畜,动土、安葬
2034-08-18,开,司命,是,嫁娶、祭祀、祈福、求嗣、出行、动土、安床、掘井、破土、启钻,入宅、作梁、安门、伐木、修造、上梁、入殓、盖屋
2034-08-19,闭,勾陈,否,嫁娶、祭祀、祈福、求嗣、出行、出火、拆卸、修造、移徙、动土、安床、入殓、破土、安葬、启钻,盖屋、开光、理发、造船、掘井、作灶
2034-08-20,建,青龙,否,祭祀、祈福、求嗣、开光、出行、解除、上梁、盖屋、移徙、安门、纳财、牧养、纳畜、安葬、启钻、入殓,破土、置产、掘井、动土、安床
2034-08-21,除,明堂,是,祭祀、解除、沐浴、理发、整手足甲、入殓、移柩、破土、安葬、扫舍,嫁娶、会亲友、进人口、出行、入宅、移徙、赴任、作灶
2034-08-22,满,天刑,否,塑绘、开光、进人口、纳畜、补垣、塞穴、栽种、牧养,嫁娶、纳财、祈福、安葬、修造、开市、交易、立券、动土、上梁
2034-08-23,平,朱雀,否,作灶、沐浴、修饰垣墙、平治道涂、馀事勿取,诸事不宜
2034-08-24,定,金匮,是,祭祀、求嗣、开光、出行、伐木、作梁、出火、解除、拆卸、进人口、修造、动土、起基、安床、栽种、纳畜、入殓、破土、安葬、除服、成服,嫁娶、移徙
2034-08-25,执,天德,是,祭祀、塞穴、入殓、破土、安葬、移柩、馀事勿取,诸事不宜
2034-08-26,破,白虎,否,破屋、坏垣、馀事勿取,诸事不宜
2034-08-27,危,玉堂,是,祭祀、入殓、移柩、结网、启钻、安葬、除服、成服、馀事勿取,诸事不宜
2034-08-28,成,天牢,是,嫁娶、出火、拆卸、祭祀、祈福、开光、伐木、动土、开市、交易、立券、入宅、移徙、安床、纳畜、入殓、安葬,栽种、作灶、针灸、出行
2034-08-29,收,玄武,否,祭祀、开光、解除、进人口、交易、立券、纳财、纳畜,动土、破土、嫁娶、理发、出行、入宅、移徙、分居、安香、出火
2034-08-30,开,司命,是,嫁娶、祭祀、祈福、求嗣、开光、出行、解除、安床、栽种、移柩、进人口、会亲友、除服、成服,盖屋、入殓、安葬、伐木、入宅、移徙、置产、纳畜
2034-08-31,闭,勾陈,否,祭祀、动土、筑堤、开池、会亲友、塞穴、入殓、移柩、破土、安葬,开光、出行、修造、上梁、入宅、安门、作灶、裁衣
2034-09-01,建,青龙,否,祭祀、裁衣、安门、纳财、扫舍、出行、进人口、作灶、纳畜、造畜稠,安床、动土、安葬、开生坟、合寿木
2034-09-02,除,明堂,是,祭祀、解除、拆卸、修造、动土、起基、上梁、安床、安门、开渠、开池、入殓、破土、启钻,嫁娶、出行、进人口、作灶、入宅、移徙、栽种、赴任
2034-09-03,满,天刑,否,纳采、订盟、开光、出行、解除、安香、出火、拆卸、入宅、移徙、修造、上梁、安床、栽种、纳畜、会亲友、安机械、经络,伐木、谢土、行丧、祭祀、作灶、动土、破土、安葬、祈福
2034-09-04,平,朱雀,否,修饰垣墙、平治道涂、祭祀、沐浴、作灶,嫁娶、词讼、治病、置产、作梁、祈福、安葬、栽种、伐木、安门
2034-09-05,定,金匮,是,嫁娶、祭祀、祈福、求嗣、出火、出行、开光、解除、拆卸、修造、进人口、安香、交易、立券、入宅、移徙、安床、动土、破土、谢土、安葬、入殓、除服、成服,斋醮、开市、开仓、作灶、造船
2034-09-06,执,天德,是,破土、安葬、移柩、入殓、祭祀、捕捉、除服、成服、馀事勿取,嫁娶、入宅、开市、交易
2034-09-07,破,白虎,否,祭祀、冠笄、会亲友、拆卸、起基、除服、成服、移柩、启钻、安葬、沐浴、捕捉、开光、塑绘,作灶、入宅、嫁娶
2034-09-08,危,玉堂,是,祭祀、沐浴、破屋、坏垣、馀事勿取,移徙、入宅、出行、栽种
2034-09-09,成,天牢,是,祭祀、塑绘、开光、出行、解除、订盟、嫁娶、拆卸、起基、安床、入宅、开市、入殓、除服、成服、移柩、破土、谢土、挂匾、开柱眼、交易,造桥、冠笄、盖屋、掘井
2034-09-10,收,玄武,否,祭祀、会亲友、进人口、动土、上梁、开光、塑绘、冠笄、拆卸、起基、安床、开市、立券、赴任、经络,定磉、安葬
2034-09-11,开,司命,是,祭祀、裁衣、冠笄、嫁娶、纳婿、会亲友、除服、成服、移柩、捕捉、进人口、入殓,移徙、入宅、作灶
2034-09-12,闭,勾陈,否,诸事不宜,入殓、安葬、开市、交易
2034-09-13,闭,勾陈,否,祭祀、裁衣、冠笄、嫁娶、安机械、拆卸、动土、起基、移徙、入宅、入殓、启钻、安葬、造仓、经络,安床、开光、开市、交易
2034-09-14,建,青龙,否,祭祀、出行、成服、除服、沐浴、入殓,动土、冠笄、移徙、入宅、开市、竖柱、上梁
2034-09-15,除,明堂,是,祭祀、沐浴、赴任、出行、馀事勿取,诸事不宜
2034-09-16,满,天刑,否,诸事不宜,无
2034-09-17,平,朱雀,否,沐浴、入殓、移柩、除服、成服、破土、平治道涂,嫁娶、移徙、入宅、开市
2034-09-18,定,金匮,是,嫁娶、祭祀、祈福、求嗣、沐浴、出火、出行、拆卸、修造、动土、进人口、开市、交易、立券、入宅、移徙、安床、栽种、纳畜、入殓、安葬、启钻、除服、成服,无
2034-09-19,执,天德,是,开光、解除、起基、动土、拆卸、上梁、立碑、修坟、安葬、破土、启钻、移柩,嫁娶、出行、安床、作灶、祭祀、入宅、移徙、出火、进人口、置产
2034-09-20,破,白虎,否,破屋、坏垣、馀事勿取,诸事不宜
2034-09-21,危,玉堂,是,嫁娶、祈福、求嗣、出行、出火、拆卸、修造、动土、上梁、开光、进人口、开市、交易、立券、挂匾、安床、入宅、移徙、栽种、伐木、入殓、破土、除服、成服,无
2034-09-22,成,天牢,是,开市、交易、立券、挂匾、祭祀、开光、进人口、入宅、安床、出火、拆卸、修造、动土、栽种,嫁娶、立碑、出行、伐木、安葬、行丧、移徙、纳畜
2034-09-23,收,玄武,否,祭祀、理发、会亲友、进人口、嫁娶、针灸、入殓、移柩,探病、开渠、安葬、伐木、作灶、入宅
2034-09-24,开,司命,是,祭祀、立碑、修坟、启钻、除服、成服、馀事勿取,无
2034-09-25,闭,勾陈,否,嫁娶、出行、伐木、拆卸、修造、动土、移徙、安葬、破土、修坟、立碑,掘井、祈福、安床、开市、入宅、挂匾、开光
2034-09-26,建,青龙,否,祭祀、出行、扫舍、馀事勿取,诸事不宜
2034-09-27,除,明堂,是,嫁娶、祭祀、塑绘、开光、出行、解除、理发、整手足甲、动土、安床、开池、放水、扫舍,伐木、行丧、作灶、作梁、安葬
2034-09-28,满,天刑,否,开市、交易、立券、挂匾、开光、出行、入宅、移徙、安床、出火、上梁,作灶、行丧、理发、乘船、嫁娶、安葬
2034-09-29,平,朱雀,否,祭祀、沐浴、修饰垣墙、平治道涂、馀事勿取,诸事不宜
2034-09-30,定,金匮,是,嫁娶、祭祀、祈福、求嗣、开光、出行、出火、拆卸、修造、动土、进人口、入宅、移徙、安床、开市、交易、立券、挂匾、栽种、纳畜、入殓、安葬、除服、成服,无
2034-10-01,执,天德,是,解除、坏垣、馀事勿取,诸事不宜
2034-10-02,破,白虎,否,祭祀、治病、破屋、坏垣、馀事勿取,诸事不宜
2034-10-03,危,玉堂,是,嫁娶、纳采、订盟、祭祀、开光、出行、理发、作梁、出火、拆卸、修造、动土、进人口、入宅、移徙、安床、挂匾、栽种、纳畜、破土、安葬、入殓、除服、成服,开市、掘井、开渠、造桥、造船
2034-10-04,成,天牢,是,开市、交易、立券、纳财、挂匾、栽种、祭祀、祈福、开光、拆卸、动土、安床,嫁娶、破土、进人口、出行、入宅、移徙、出火、纳畜、词讼、安葬
2034-10-05,收,玄武,否,嫁娶、祭祀、理发、进人口、作灶、移柩、冠笄、会亲友,开仓、出货财、伐木、纳畜、开市、上梁、盖屋、破土、启钻、栽种
2034-10-06,开,司命,是,祭祀、修坟、除服、成服、启钻、移柩、馀事勿取,开市、入宅、嫁娶、动土、破土、安葬
2034-10-07,闭,勾陈,否,嫁娶、冠笄、安机械、解除、纳畜、牧养、沐浴、伐木、架马、作梁、安门、扫舍、合寿木、安葬、启钻、立碑、修坟,祈福、开光、开市、入宅、动土
2034-10-08,建,青龙,否,嫁娶、祭祀、安机械、入殓、破土、安葬,动土、上梁
2034-10-09,除,明堂,是,作灶、造畜稠,行丧、安葬
2034-10-10,满,天刑,否,沐浴、理发、入学、习艺、进人口,嫁娶、入宅
2034-10-11,平,朱雀,否,开光、针灸、会亲友、启钻、安葬,开市、动土、破土
2034-10-12,平,朱雀,否,祭祀、结网、造畜稠、馀事勿取,无
2034-10-13,定,金匮,是,入殓、除服、成服、移柩、破土、启钻、安葬,移徙、入宅
2034-10-14,执,天德,是,嫁娶、订盟、纳采、出行、祭祀、祈福、动土、移徙、入宅、破土、安葬,开市、赴任
2034-10-15,破,白虎,否,祭祀、解除、破屋、坏垣、馀事勿取,无
2034-10-16,危,玉堂,是,订盟、纳采、会亲友、安机械、纳财、牧养,祈福、安葬
2034-10-17,成,天牢,是,嫁娶、订盟、纳采、出行、开市、祭祀、祈福、动土、移徙、入宅、破土、安葬,斋醮、安门
2034-10-18,收,玄武,否,祭祀、塞穴、馀事勿取,诸事不宜
2034-10-19,开,司命,是,祭祀、祈福、求嗣、开光、开市、出行、解除、动土、起基、置产、栽种,嫁娶、作灶、修坟、安门、入宅、立碑、安葬、安床
2034-10-20,闭,勾陈,否,祭祀、解除、裁衣、理发、安床、作灶、造畜稠、放水、筑堤、补垣、塞穴、整手足甲、扫舍,嫁娶、开光、会亲友、掘井、安门、栽种
2034-10-21,建,青龙,否,祭祀、出行、裁衣、冠笄、会亲友、造畜稠、嫁娶、竖柱、上梁、移徙、纳财、纳畜,动土、伐木、作梁、行丧、安葬、开生坟
2034-10-22,除,明堂,是,祭祀、祈福、求嗣、开光、出行、解除、移徙、伐木、安床、纳畜、出火、拆卸,安葬、修坟、作灶、破土、造庙、动土、嫁娶、纳采
2034-10-23,满,天刑,否,开市、交易、立券、纳财、会亲友、开光、理发、入殓、移柩、安葬、启钻,嫁娶、作灶、出火、出行、入宅、移徙、安床、祈福、上梁
2034-10-24,平,朱雀,否,造畜稠、平治道涂、馀事勿取,诸事不宜
2034-10-25,定,金匮,是,入殓、破土、安葬、启钻、除服、成服、馀事勿取,无
2034-10-26,执,天德,是,祭祀、入殓、移柩、开生坟、破土、启钻、安葬、除服、成服、馀事勿取,无
2034-10-27,破,白虎,否,祭祀、解除、破屋、坏垣、馀事勿取,诸事不宜
2034-10-28,危,玉堂,是,嫁娶、求嗣、纳采、进人口、纳财、结网、纳畜、牧养、会亲友,上梁、作灶、伐木、出行、安葬、安门、理发
2034-10-29,成,天牢,是,嫁娶、祭祀、开市、开光、出行、入宅、移徙、出火、拆卸、修造、安床,纳畜、伐木、置产、作梁、行丧、安葬、修坟、立碑
2034-10-30,收,玄武,否,嫁娶、祭祀、作灶、纳财,安葬、开市、修坟、立碑
2034-10-31,开,司命,是,嫁娶、祭祀、祈福、求嗣、开光、出行、解除、出火、进人口、开市、交易、立券、挂匾、纳财、入宅、移徙、栽种、破土、谢土,安床、安葬
2034-11-01,闭,勾陈,否,嫁娶、祭祀、祈福、求嗣、动土、安床、扫舍、入殓、移柩、破土、启钻、安葬、作灶、整手足甲、补垣、除服、成服,开光、栽种
2034-11-02,建,青龙,否,祭祀、祈福、求嗣、开光、出行、解除、上梁、入宅、移徙、安床、安门、纳财、纳畜、造畜稠,伐木、行丧、破土、嫁娶、安葬、开渠
2034-11-03,除,明堂,是,祭祀、开光、出行、解除、理发、伐木、出火、拆卸、上梁、合脊、安床、造畜稠,嫁娶、安葬、行丧、词讼、造桥、作灶、破土、动土
2034-11-04,满,天刑,否,纳采、订盟、会亲友、沐浴、理发、裁衣、冠笄、安床、除服、成服、启钻、移柩、安葬、开生坟,开市、入宅、出行、嫁娶、修坟、祈福、动土、安门、谢土、上梁
2034-11-05,平,朱雀,否,解除、祭祀、修饰垣墙、平治道涂、造畜稠、馀事勿取,嫁娶、开市、交易、入宅、入学、安葬
2034-11-06,定,金匮,是,入殓、破土、启钻、安葬、除服、成服、馀事勿取,开市、入宅、祭祀、置产、补垣、塞穴
2034-11-07,执,天德,是,祭祀、祈福、订盟、纳采、裁衣、拆卸、修造、动土、起基、安床、移徙、入宅、安香、入殓、移柩、安葬、谢土、赴任、进人口、会亲友,作灶、治病
2034-11-08,破,白虎,否,祭祀、塑绘、开光、订盟、纳采、嫁娶、安床、进人口、入殓、除服、成服、移柩、启钻、安葬、立碑,开市、交易、破土、作灶
2034-11-09,危,玉堂,是,祭祀、解除、破屋、坏垣、馀事勿取,诸事不宜
2034-11-10,成,天牢,是,祭祀、解除、祈福、开光、塑绘、斋醮、订盟、纳采、裁衣、冠笄、拆卸、修造、动土、入殓、除服、成服、移柩、启钻、安床、赴任、出行、移徙、竖柱、上梁、伐木、栽种、破土、安葬、纳畜,盖屋、治病
2034-11-11,成,天牢,是,祭祀、祈福、订盟、纳采、裁衣、合帐、冠笄、安机械、安床、造畜稠、入殓、移柩、启钻、安葬、谢土、除服、成服、会亲友、竖柱、上梁、经络、开市、交易、立券、纳财、纳畜、筑堤,嫁娶、入宅、治病、赴任
2034-11-12,收,玄武,否,沐浴、扫舍、馀事勿取,诸事不宜
2034-11-13,开,司命,是,诸事不宜,无
2034-11-14,闭,勾陈,否,祈福、斋醮、出行、订盟、纳采、入殓、移柩、破土、安葬、立碑、结网,入宅、作灶
2034-11-15,建,青龙,否,祭祀、沐浴、出行、冠笄、进人口、馀事勿取,嫁娶、动土、安葬、作灶
2034-11-16,除,明堂,是,祭祀、祈福、斋醮、塑绘、开光、订盟、纳采、裁衣、冠笄、嫁娶、拆卸、入宅、安香、入殓、移柩、理发、安葬、修坟、谢土、赴任、移徙、沐浴、治病、破土、启钻、整手足甲、入学、作梁,开市
2034-11-17,满,天刑,否,诸事不宜,无
2034-11-18,平,朱雀,否,开市、交易、立券、挂匾、纳财、开光、出行、入宅、移徙、安床、纳畜、入殓、移柩、安葬,栽种、破土、置产、祭祀、嫁娶、动土、作灶、祈福
2034-11-19,定,金匮,是,嫁娶、祭祀、祈福、求嗣、开光、出行、解除、出火、拆卸、进人口、入宅、移徙、安床、栽种、动土、修造、纳畜、入殓、安葬、立碑、除服、成服,无
2034-11-20,执,天德,是,开光、解除、拆卸、修造、动土、安床、纳畜、安葬、启钻、入殓,嫁娶、开市、出火、栽种、破土、入宅、移徙、安香、分居、掘井、作灶
2034-11-21,破,白虎,否,破屋、坏垣、馀事勿取,诸事不宜
2034-11-22,危,玉堂,是,嫁娶、祭祀、开光、出火、出行、拆卸、修造、动土、解除、开市、交易、立券、挂匾、纳财、入宅、移徙、安床、栽种、纳畜,探病、安葬
2034-11-23,成,天牢,是,祭祀、祈福、求嗣、开光、解除、理发、会亲友、栽种、纳畜、牧养、安葬、修坟、立碑、启钻,入宅、作灶、词讼、移徙、出行、赴任
2034-11-24,收,玄武,否,祭祀、沐浴、结网、移柩、入殓、除服、成服,安床、开市、交易、出货财、安葬、修坟、嫁娶、作灶
2034-11-25,开,司命,是,解除、馀事勿取,无
2034-11-26,闭,勾陈,否,安床、祭祀、开池、补垣、入殓、移柩、破土、启钻,入宅、移徙、嫁娶、掘井、作灶、出火、进人口、开市、开光
2034-11-27,建,青龙,否,祭祀、沐浴、馀事勿取,无
2034-11-28,除,明堂,是,嫁娶、开光、出行、解除、出火、拆卸、修造、进人口、动土、入宅、移徙、栽种、纳畜、掘井、安葬、除服、成服,置产、安床
2034-11-29,满,天刑,否,开光、裁衣、安门、会亲友、安床、结网、理发,嫁娶、冠笄、出行、祈福、安葬、伐木、入宅、移徙、出火、栽种、动土、上梁
2034-11-30,平,朱雀,否,嫁娶、开光、出行、出火、拆卸、修造、动土、入宅、移徙、安床、上梁、开市、交易、立券、栽种,祈福、祭祀、伐木、掘井、作灶、谢土
2034-12-01,定,金匮,是,嫁娶、祭祀、祈福、求嗣、开光、出火、出行、拆卸、开市、交易、立券、挂匾、伐木、入宅、移徙、安床、安葬,栽种、掘井、置产
2034-12-02,执,天德,是,祭祀、理发、针灸、解除、进人口、整手足甲,嫁娶、动土、造船、开池、掘井、出行、修造、入宅、上梁、移徙、安葬、破土、作灶、开市
2034-12-03,破,白虎,否,破屋、坏垣、求医、治病、馀事勿取,嫁娶、安葬
2034-12-04,危,玉堂,是,纳采、订盟、嫁娶、祭祀、祈福、雕刻、移徙、开市、入宅、出行、动土、会亲友、入学、修造、起基、安门、安床、造庙、解除、纳财、开池、造畜稠、牧养,上梁、开仓、出货财、盖屋、造船
2034-12-05,成,天牢,是,祭祀、祈福、求嗣、开光、解除、伐木、拆卸、修造、栽种、纳畜、安葬、修坟、立碑,嫁娶、进人口、入宅、移徙、出火、出行
2034-12-06,收,玄武,否,沐浴、扫舍、捕捉、畋猎、解除、塞穴、馀事勿取,嫁娶、入宅、开市、安床、破土、修坟
2034-12-07,开,司命,是,祭祀、沐浴、安床、纳财、畋猎、捕捉,开市、破土
2034-12-08,闭,勾陈,否,订盟、纳采、祭祀、祈福、修造、动土、上梁、破土,嫁娶、作灶
2034-12-09,建,青龙,否,出行、沐浴、理发、补垣、塞穴,入宅、安葬
2034-12-10,除,明堂,是,教牛马、馀事勿取,入宅、动土、破土
2034-12-11,除,明堂,是,嫁娶、出行、求医、治病、祭祀、祈福、上梁、纳畜,开市、安葬
2034-12-12,满,天刑,否,开市、立券、开光、解除、安机械、上梁、启钻、安葬,嫁娶、祈福
2034-12-13,平,朱雀,否,平治道涂、馀事勿取,诸事不宜
2034-12-14,定,金匮,是,求嗣、斋醮、塑绘、订盟、纳采、出火、拆卸、修造、动土、造桥、安机械、栽种、纳畜、牧养、入殓、除服、成服、移柩、破土、安葬,开市、嫁娶
2034-12-15,执,天德,是,嫁娶、订盟、纳采、祭祀、祈福、修造、动土、移徙、入宅,开市、安葬
2034-12-16,破,白虎,否,治病、破屋、坏垣、馀事勿取,诸事不宜
2034-12-17,危,玉堂,是,祭祀、祈福、求嗣、斋醮、开光、入学、订盟、冠笄、伐木、修造、动土、起基、放水、交易、开池,造桥、安门、理发、造庙、栽种、作灶
2034-12-18,成,天牢,是,解除、坏垣、馀事勿取,诸事不宜
2034-12-19,收,玄武,否,沐浴、理发、扫舍,伐木、纳畜、上梁、入宅、作灶、造畜稠、嫁娶、安葬、作梁、造船、安门
2034-12-20,开,司命,是,祭祀、开光、祈福、解除、作梁、动土、安床、掘井、栽种、纳畜、破土、移柩,嫁娶、出行、赴任、盖屋、入殓、入宅、移徙、出火、进人口、安葬
2034-12-21,闭,勾陈,否,作梁、修造、动土、安门、作灶、塞穴、开池、开厕、筑堤、补垣、栽种,嫁娶、祈福、掘井、行丧、安葬、安床
2034-12-22,建,青龙,否,安葬、启钻、移柩、入殓、除服、成服,馀事勿取
2034-12-23,除,明堂,是,嫁娶、祭祀、祈福、求嗣、出行、出火、拆卸、开市、交易、立券、挂匾、入宅、移徙、安床、栽种,作灶、塑绘、行丧、词讼、伐木、安葬
2034-12-24,满,天刑,否,理发、开光、解除、拆卸、修造、安葬、开市、交易、立券、挂匾、安床、栽种,入宅、移徙、作灶、祈福、祭祀、嫁娶、谢土、掘井、盖屋、探病
2034-12-25,平,朱雀,否,祭祀、修饰垣墙、馀事勿取,诸事不宜
2034-12-26,定,金匮,是,入宅、安床、开光、祭祀、出火、拆卸、动土、挂匾、入殓、破土、安葬、纳畜,嫁娶、开市、作灶、置产、作梁、伐木
2034-12-27,执,天德,是,祭祀、解除、馀事勿取,诸事不宜
2034-12-28,破,白虎,否,破屋、坏垣、祭祀、沐浴、馀事勿取,诸事不宜
2034-12-29,危,玉堂,是,安床、祭祀、祈福、求嗣、冠笄、伐木、架马、动土、开池、开厕、结网、入殓、除服、成服,安门、栽种、作灶、治病
2034-12-30,成,天牢,是,解除、扫舍、馀事勿取,诸事不宜
2034-12-31,收,玄武,否,祭祀、开光、理发、整手足甲、安床、作灶、扫舍、教牛马,伐木、纳畜、破土、安葬、开生坟、嫁娶、开市、动土、交易、作梁
2035-01-01,开,司命,是,祭祀、祈福、求嗣、开光、拆卸、修造、动土、上梁、安床、置产、栽种、破土,嫁娶、进人口、安葬、出行、赴任、入宅、移徙、入殓、开渠
2035-01-02,闭,勾陈,否,沐浴、冠笄、补垣、塞穴、裁衣、修造、作梁、开柱眼、安碓磑、筑堤、开厕、断蚁,移徙、入宅、嫁娶、祈福、开光、掘井
2035-01-03,建,青龙,否,交易、进人口、祭祀、沐浴、捕捉、入殓、除服、成服、安葬、谢土、启钻、修坟,斋醮、入宅、修造、动土、破土
2035-01-04,除,明堂,是,嫁娶、纳采、订盟、造车器、祭祀、祈福、造庙、安香、出火、出行、归宁、入学、入宅、交易、立券、求医、治病、修造、动土、竖柱、上梁、盖屋、起基、安门,斋醮、伐木、作梁、安葬、行丧
2035-01-05,满,天刑,否,沐浴、解除、订盟、纳采、裁衣、冠笄、拆卸、修造、动土、移徙、入宅、除服、成服、移柩、破土、启钻、安葬、扫舍、修坟、伐木、纳财、交易、立券,作灶、祭祀、上梁、出行
2035-01-06,平,朱雀,否,出行、嫁娶、订盟、纳采、入殓、安床、启钻、安葬、祭祀、裁衣、会亲友、进人口,无
2035-01-07,定,金匮,是,修饰垣墙、平治道涂、入殓、移柩、馀事勿取,嫁娶、移徙、入宅、开光
2035-01-08,执,天德,是,会亲友、纳采、进人口、修造、动土、竖柱、上梁、祭祀、开光、塑绘、祈福、斋醮、嫁娶、安床、移徙、入宅、安香、纳畜,出行、治病、安葬、开市
2035-01-09,执,天德,是,祭祀、会亲友、出行、订盟、纳采、沐浴、修造、动土、祈福、斋醮、嫁娶、拆卸、安床、入殓、移柩、安葬、谢土、赴任、裁衣、竖柱、上梁、伐木、捕捉、栽种、破土、安门,盖屋、开市、作灶、入宅
2035-01-10,破,白虎,否,解除、破屋、坏垣、馀事勿取,诸事不宜
2035-01-11,危,玉堂,是,塑绘、开光、出行、订盟、纳采、除服、成服、嫁娶、纳婿、入殓、移柩、启钻、安葬、立碑,入宅、安床
2035-01-12,成,天牢,是,入殓、除服、成服、移柩、启钻、安葬、立碑、馀事勿取,破土、伐木
2035-01-13,收,玄武,否,祭祀、祈福、斋醮、塑绘、开光、除服、成服、入殓、作灶、嫁娶、捕捉、畋猎、纳财,开仓、盖屋、安葬、安床
2035-01-14,开,司命,是,祭祀、出行、沐浴、裁衣、祈福、斋醮、订盟、纳采、嫁娶、安机械、开市、立券、安碓磑、纳畜,栽种、入殓、安葬
2035-01-15,闭,勾陈,否,祭祀、祈福、斋醮、沐浴、安床、安机械、造车器、入殓、移柩、启钻、安葬、立碑、合帐、经络、交易,作灶、掘井、嫁娶、入宅
2035-01-16,建,青龙,否,解除、扫舍、祭祀、教牛马、馀事勿取,无
2035-01-17,除,明堂,是,开市、交易、立券、挂匾、开光、解除、伐木、作梁、出火、入宅、移徙、安床、拆卸、动土、上梁、栽种、纳畜、安葬,嫁娶、祭祀、出行、置产
2035-01-18,满,天刑,否,开市、交易、立券、纳财、开池、补垣、嫁娶、纳采、纳畜、取渔、安床,修造、上梁、入宅、祈福、探病、掘井、动土、安门、安葬、作灶
2035-01-19,平,朱雀,否,祭祀、解除、修饰垣墙、平治道涂、馀事勿取,无
2035-01-20,定,金匮,是,嫁娶、祭祀、祈福、求嗣、动土、会亲友、起基、造仓、纳畜、牧养、开厕、进人口,掘井、安葬、栽种、出行、作灶、开市、入宅、安门
2035-01-21,执,天德,是,嫁娶、祭祀、祈福、求嗣、开光、入宅、移徙、安床、修造、动土、进人口,掘井、安葬、栽种、出行、作灶、开市、安门
2035-01-22,破,白虎,否,破屋、坏垣、馀事勿取,诸事不宜
2035-01-23,危,玉堂,是,嫁娶、开市、交易、立券、开光、出行、出火、拆卸、修造、入宅、移徙、动土、破土、移柩、安葬、启钻、除服、成服,安床、伐木、祈福、纳畜
2035-01-24,成,天牢,是,祭祀、入殓、破土、除服、成服、启钻、安葬、修坟、立碑、馀事勿取,无
2035-01-25,收,玄武,否,祭祀、解除、馀事勿取,诸事不宜
2035-01-26,开,司命,是,开市、交易、立券、纳财、纳畜、造畜稠、入宅、移徙、安床、开光、祈福、求嗣、动土,嫁娶、栽种、安葬、理发、造庙、作灶、入殓、行丧、造桥
2035-01-27,闭,勾陈,否,安床、裁衣、交易、立券、入殓、移柩、安葬、除服、成服,置产、嫁娶、出行、开光、栽种、动土、破土、入宅、治病
2035-01-28,建,青龙,否,祭祀、解除、造畜稠、教牛马、针灸、馀事勿取,嫁娶、动土、开池、安葬
2035-01-29,除,明堂,是,沐浴、塑绘、开光、纳采、订盟、开市、交易、立券、纳财、起基、动土、定磉、放水、安葬、破土、启钻、修坟、立碑、移柩,入宅、安门、祭祀、谢土
2035-01-30,满,天刑,否,嫁娶、出行、理发、安床、启钻、安葬、修坟、开市、交易、立券、纳财、开池、牧养,掘井、祈福、谢土、动土、入宅、上梁、修造、作灶
2035-01-31,平,朱雀,否,解除、平治道涂、馀事勿取,移徙、入宅、掘井、造庙、栽种、针灸、治病、开池
2035-02-01,定,金匮,是,嫁娶、祭祀、开光、伐木、出火、拆卸、入宅、移徙、修造、动土、上梁、安床、纳畜,开市、行丧、栽种、出行、出货财、安葬、置产、词讼、治病
2035-02-02,执,天德,是,嫁娶、纳采、订盟、入宅、移徙、安床、祭祀、祈福、开光、出行、解除、出火、拆卸、动土、纳畜、谢土、安葬、破土,伐木、开市、交易、上梁、作灶、安门、盖屋
2035-02-03,破,白虎,否,祭祀、破屋、坏垣、解除、馀事勿取,开市、动土、破土
2035-02-04,危,玉堂,是,求医、破屋,诸事不宜
2035-02-05,成,天牢,是,祈福、求嗣、斋醮、塑绘、开光、订盟、纳采、嫁娶、动土、入宅、安香、移柩、安葬、谢土、出行、沐浴、修造、竖柱、上梁、纳财、破土、解除、安门、放水,作灶、安床
2035-02-06,收,玄武,否,取渔、入殓、除服、成服、移柩、破土、安葬、立碑,嫁娶、上梁、入宅、作灶
2035-02-07,开,司命,是,祭祀、求嗣、沐浴、酬神、订盟、纳采、裁衣、合帐、冠笄、安机械、安床、造仓、开池、经络、纳财、开市、立券、交易、结网、取渔、纳畜、捕捉,安葬、作灶、伐木、作梁
2035-02-08,开,司命,是,祭祀、沐浴、祈福、求嗣、斋醮、订盟、纳采、裁衣、冠笄、开市、立券、交易、纳财、除服、谢土、出行、移柩,入殓、安葬、作灶、入宅
2035-02-09,闭,勾陈,否,祭祀、祈福、求嗣、入殓、启钻、安葬、移柩,开光、掘井、针灸、出行、嫁娶、入宅、移徙、作灶、动土
2035-02-10,建,青龙,否,安床、解除、裁衣、竖柱、上梁、交易、立券、纳财、纳畜、牧养、入殓、移柩、安葬、启钻,嫁娶、出行、动土、开渠、入宅、祭祀、掘井
2035-02-11,除,明堂,是,嫁娶、安床、开光、出行、祭祀、动土、出火、解除、会亲友、开市、交易、立券、挂匾、入宅、移徙、拆卸、破土、启钻、安葬,掘井、词讼
2035-02-12,满,天刑,否,嫁娶、开光、求嗣、会亲友、安床、牧养、塑绘、针灸,入宅、移徙、出火、分居、安香、作灶、开市、交易、立券、安葬、动土、伐木
2035-02-13,平,朱雀,否,作灶、解除、平治道涂,栽种、出行、祈福、行丧、纳畜、安葬、安门、伐木、作梁、牧养
2035-02-14,定,金匮,是,解除、沐浴,诸事不宜
2035-02-15,执,天德,是,嫁娶、祭祀、祈福、出行、解除、出火、拆卸、动土、入宅、移徙、安床、上梁、栽种、纳畜、破土、启钻、安葬,开市、立券、理发、作灶
2035-02-16,破,白虎,否,祭祀、解除、治病、破屋、坏垣、扫舍,馀事勿取
2035-02-17,危,玉堂,是,祭祀、祈福、求嗣、开光、出火、出行、拆卸、修造、动土、入宅、移徙、上梁、挂匾、开池、入殓、安葬、破土、启钻,嫁娶、作灶、安床
2035-02-18,成,天牢,是,结网、入殓、除服、成服、移柩、安葬、破土,诸事不宜
2035-02-19,收,玄武,否,移徙、祭祀、开光、祈福、出行、解除、进人口、雇佣、安床、动土、起基、上梁、安门,嫁娶、安葬、破土、作梁、纳畜、牧养、行丧、作灶
2035-02-20,开,司命,是,嫁娶、开光、祈福、求嗣、解除、动土、安床、栽种、开池、掘井、祭祀、破土、启钻,入宅、作灶、伐木、安葬、出火、出行、纳畜
2035-02-21,闭,勾陈,否,祭祀、合帐、裁衣、经络、伐木、作梁、安床、作灶、入殓、安葬、启钻、移柩,词讼、出火、入宅
2035-02-22,建,青龙,否,裁衣、伐木、作梁、纳财、交易、立券,诸事不宜
2035-02-23,除,明堂,是,嫁娶、祭祀、祈福、求嗣、开光、出行、出火、拆卸、动土、上梁、进人口、入宅、移徙、安床、开市、交易、立券、挂匾、入殓、破土、安葬、启钻、除服、成服,无
2035-02-24,满,天刑,否,嫁娶、冠笄、纳采、出行、会亲友、上梁、安机械、安床、牧养、畋猎、祭祀、祈福、开光、修造、安门、盖屋、起基,入宅、作灶、治病、安葬、移徙
2035-02-25,平,朱雀,否,修饰垣墙、平治道涂、祭祀、馀事勿取,诸事不宜
2035-02-26,定,金匮,是,造车器、纳采、订盟、祭祀、祈福、求嗣、移徙、出行、开市、出火、入宅、立券、交易、安门、安床、安葬、谢土,开光、盖屋、动土、作灶、栽种
2035-02-27,执,天德,是,动土、入殓、嫁娶、移柩、安葬、破土,开市、作灶、安床、入宅、上梁、裁衣
2035-02-28,破,白虎,否,求医、治病、破屋、坏垣、馀事勿取,开市、嫁娶
2035-03-01,危,玉堂,是,祭祀、斋醮、沐浴、开生坟、除服、成服、移柩、入殓、破土、安葬、合寿木,开市、嫁娶、安床、会亲友、入宅、作灶、上梁
2035-03-02,成,天牢,是,祭祀、塞穴、结网、破土、谢土、安葬、移柩、除服、成服、馀事勿取,嫁娶、入宅
2035-03-03,收,玄武,否,祭祀、沐浴、理发、作灶、结网、栽种,嫁娶、词讼、行丧、安葬、牧养、伐木、作梁、开市、纳畜、造畜稠
2035-03-04,开,司命,是,嫁娶、祭祀、开光、祈福、求嗣、出行、开市、交易、立券、动土、纳财、掘井、会亲友,入宅、安葬、伐木、作梁、纳畜、造畜稠、作灶
2035-03-05,闭,勾陈,否,祭祀、祈福、求嗣、纳畜、入殓、启钻、谢土、除服、成服,栽种、开光、出行、针灸、嫁娶、入宅、动土、破土
2035-03-06,建,青龙,否,订盟、纳采、冠笄、拆卸、修造、动土、安床、入殓、除服、成服、移柩、安葬、破土、启钻、造仓,作灶、开光、嫁娶、开市、入宅
2035-03-07,除,明堂,是,祈福、开光、塑绘、酬神、订盟、纳采、裁衣、安床、开市、立券、入殓、除服、成服、移柩、启钻、安葬、立碑、赴任、会亲友、出行、交易、竖柱,作灶、掘井、动土、栽种
2035-03-08,满,天刑,否,祭祀、扫舍、塞穴,栽种、作灶、安葬、嫁娶
2035-03-09,平,朱雀,否,开光、塑绘、裁衣、冠笄、伐木、拆卸、竖柱、上梁、开仓、会亲友、安机械、造仓、盖屋、交易、解除、开市、立券、纳财,出行、嫁娶、入宅、安葬
2035-03-10,平,朱雀,否,冠笄、入殓、除服、成服、移柩、平治道涂、修饰垣墙,盖屋、作灶、治病、探病
2035-03-11,定,金匮,是,祭祀、嫁娶、祈福、纳采、裁衣、合帐、安床、入宅、安香、入殓、移柩、安葬、谢土、修造、安碓磑、求嗣、会亲友、挂匾、交易、立券、纳财、造仓、放水,栽种、伐木
2035-03-12,执,天德,是,祭祀、祈福、斋醮、订盟、纳采、裁衣、合帐、拆卸、修造、动土、上梁、起基、移柩、安葬、谢土、沐浴、扫舍、开柱眼、伐木、出火,安床、开市、立券、作灶
2035-03-13,破,白虎,否,破屋、坏垣、求医、治病,诸事不宜
2035-03-14,危,玉堂,是,祭祀、动土、上梁、订盟、纳采、嫁娶、安机械、拆卸、安床、入宅、安香、入殓、移柩、破土、安葬、立碑、谢土、赴任、出行、移徙、祈福、求嗣、解除、造仓、进人口,开光、出货财
2035-03-15,成,天牢,是,祭祀、开光、塑绘、纳采、裁衣、拆卸、安床、起基、动土、竖柱、上梁、移徙、入宅、安香、开市、立券、挂匾、沐浴、出行、求嗣、安门,嫁娶、栽种、伐木、安葬
2035-03-16,收,玄武,否,裁衣、合帐、冠笄、嫁娶、纳婿、安床、入殓、纳财,作灶、开市、安葬、作梁
2035-03-17,开,司命,是,祭祀、订盟、纳采、修造、动土、祈福、塑绘、斋醮、沐浴、拆卸、起基、入宅、安香、造庙、移柩、谢土、除服、成服、入学、习艺、出行、竖柱、上梁、掘井、求嗣、解除、伐木,作灶、安葬、开市、盖屋
2035-03-18,闭,勾陈,否,订盟、纳采、裁衣、合帐、冠笄、安机械、拆卸、安床、入殓、除服、成服、移柩、破土、启钻、安葬、修坟、立碑、经络、交易、立券、纳财、筑堤、造仓、补垣、塞穴、纳畜、伐木、架马,祭祀、开光、嫁娶、入宅
2035-03-19,建,青龙,否,祭祀、出行、嫁娶、冠笄、安床、入殓、移柩、安葬,掘井、动土、作灶、栽种
2035-03-20,除,明堂,是,塞穴、诸事不宜,安门、作灶、安葬、嫁娶
2035-03-21,满,天刑,否,开光、塑绘、求嗣、纳采、裁衣、合帐、冠笄、安机械、作梁、开柱眼、安门、安床、造仓、祭祀、会亲友、祈福、经络、纳财、开市、立券、交易、入学、理发、架马,出行、斋醮、安葬、嫁娶
2035-03-22,平,朱雀,否,祭祀、嫁娶、纳婿、安葬,栽种、盖屋、作灶、入宅
2035-03-23,定,金匮,是,祭祀、会亲友、订盟、裁衣、合帐、安机械、拆卸、上梁、安门、入殓、除服、成服、移柩、启钻、安葬、立碑、开光、塑绘、入学、出行、起基、定磉、放水、移徙、入宅、竖柱、立券、经络,伐木、作梁
2035-03-24,执,天德,是,祭祀、开光、塑绘、祈福、斋醮、裁衣、合帐、冠笄、嫁娶、拆卸、动土、移徙、入宅、入殓、移柩、安葬、谢土、求嗣、入学、理发、伐木、架马、作梁、出火、修造、起基、定磉、放水、赴任,安门
2035-03-25,破,白虎,否,祭祀、治病、破屋、坏垣、馀事勿取,诸事不宜
2035-03-26,危,玉堂,是,嫁娶、祭祀、出行、冠笄、立券、交易、进人口、开市、移徙、修造、动土、安床、入殓、移柩、破土,开光、作灶、斋醮、安葬
2035-03-27,成,天牢,是,开市、立券、交易、挂匾、祭祀、祈福、开光、入宅、移徙、安床、拆卸、动土、上梁、进人口,嫁娶、行丧、架马、作梁、理发、牧养、安葬、纳畜、伐木
2035-03-28,收,玄武,否,理发、冠笄、嫁娶、进人口,置产、伐木、纳畜、造畜稠、安葬、破土、作梁、作灶、开生坟
2035-03-29,开,司命,是,嫁娶、祭祀、开光、祈福、求嗣、出火、入宅、移徙、安床、拆卸、动土、破土、谢土,合帐、开市、安葬、入殓
2035-03-30,闭,勾陈,否,安床、伐木、拆卸、修造、动土、上梁、立券、交易、栽种、纳畜、牧养、入殓、安葬,嫁娶、祭祀、开光、出行、出火、移徙、入宅、安门
2035-03-31,建,青龙,否,祭祀、祈福、求嗣、斋醮、嫁娶、冠笄、出行、开市、交易、会亲友、教牛马、除服、成服、启钻、安葬、移柩,动土、移徙、入宅
2035-04-01,除,明堂,是,塞穴、整手足甲、解除、捕捉、畋猎、结网、馀事勿取、诸事不宜,嫁娶、作灶、掘井、安葬
2035-04-02,满,天刑,否,纳财、开市、立券、交易、开光、安床、上梁、盖屋、修造、起基,动土、破土、安葬、行丧、赴任、出行、嫁娶、入宅、移徙、谢土、词讼
2035-04-03,平,朱雀,否,祭祀、祈福、嫁娶、冠笄、修饰垣墙、置产、平治道涂,开仓、出货财、盖屋、作灶、开市、交易、立券、栽种
2035-04-04,定,金匮,是,嫁娶、祭祀、开光、祈福、求嗣、出行、出火、进人口、入宅、移徙、安床、拆卸、修造、安门、挂匾、纳财、扫舍,动土、伐木、安葬、行丧
2035-04-05,执,天德,是,祭祀、斋醮、开市、动土、入殓、破土、安葬,嫁娶、移徙、入宅
2035-04-06,破,白虎,否,嫁娶、纳采、祭祀、祈福、出行、移徙、求医,开市、动土、破土
2035-04-07,危,玉堂,是,祭祀、求医、治病、解除、馀事勿取,诸事不宜
2035-04-08,危,玉堂,是,沐浴、结网、取渔,嫁娶、入宅、安葬
2035-04-09,成,天牢,是,无,诸事不宜
2035-04-10,收,玄武,否,解除、坏垣、馀事勿取,诸事不宜
2035-04-11,开,司命,是,嫁娶、开光、出行、出火、拆卸、进人口、开市、立券、交易、挂匾、入宅、移徙、安床、栽种,祈福、入殓、祭祀、作灶、安葬、探病
2035-04-12,闭,勾陈,否,嫁娶、出行、合帐、冠笄、安床、除服、成服、作灶、交易、立券、入殓、移柩、破土、安葬,词讼、开光、开市
2035-04-13,建,青龙,否,出行、修饰垣墙、造畜稠、教牛马、馀事勿取,诸事不宜
2035-04-14,除,明堂,是,祭祀、祈福、开光、求嗣、解除、伐木、出火、入宅、移徙、安床、拆卸、修造、动土、造畜稠,嫁娶、纳财、安葬、出行、开市、立券、作灶、栽种
2035-04-15,满,天刑,否,纳采、嫁娶、开光、出行、理发、会亲友、开市、安床、栽种、牧养、入殓、移柩、启钻,谢土、祈福、上梁、作灶、斋醮、修造、入宅、安门
2035-04-16,平,朱雀,否,祭祀、平治道涂、解除、修饰垣墙、馀事勿取,诸事不宜
2035-04-17,定,金匮,是,祭祀、祈福、开光、解除、动土、纳财、交易、纳畜、扫舍,进人口、出行、嫁娶、置产、安床、赴任、安葬、作灶
2035-04-18,执,天德,是,祭祀、祈福、求嗣、开光、解除、出火、拆卸、入宅、安床、修造、安门、纳畜、启钻、安葬,动土、破土、纳财、掘井、挂匾、开市、伐木、交易
2035-04-19,破,白虎,否,祭祀、解除、破屋、坏垣、馀事勿取,诸事不宜
2035-04-20,危,玉堂,是,塞穴、扫舍、馀事勿取,诸事不宜
2035-04-21,成,天牢,是,祭祀、祈福、求嗣、开光、解除、纳采、冠笄、出火、拆卸、进人口、安床、动土、上梁、造庙、掘井、开池、入殓、移柩、安葬、破土,无
2035-04-22,收,玄武,否,解除、破屋、馀事勿取,诸事不宜
2035-04-23,开,司命,是,嫁娶、祈福、求嗣、开光、出行、解除、拆卸、出火、开市、立券、交易、入宅、移徙、安床、动土、破土、谢土,祭祀、入殓、安葬、探病
2035-04-24,闭,勾陈,否,祭祀、裁衣、冠笄、安床、交易、立券、开池、补垣、塞穴、入殓、破土、启钻、安葬、谢土、除服、成服,嫁娶、掘井、探病、开市、开光、栽种
2035-04-25,建,青龙,否,祭祀、出行、教牛马、扫舍、馀事勿取,开光、伐木、安葬、破土
2035-04-26,除,明堂,是,祭祀、祈福、求嗣、开光、纳采、订盟、解除、栽种、纳畜、牧养、扫舍、进人口,修坟、造桥、作灶、出行、安葬、盖屋、入宅
2035-04-27,满,天刑,否,开光、出行、交易、塞穴、嫁娶、理发、开市、安床,祈福、出火、置产、动土、破土、安葬、修造、上梁、入宅
2035-04-28,平,朱雀,否,祭祀、作灶、畋猎、结网、修饰垣墙、平治道涂、馀事勿取,嫁娶、安床、治病
2035-04-29,定,金匮,是,沐浴、祭祀、解除、安葬、破土、谢土、移柩、馀事勿取,斋醮、开光、嫁娶、入宅、上梁
2035-04-30,执,天德,是,祭祀、解除、入殓、移柩、启钻、安葬、整手足甲、捕捉、畋猎、取渔、除服、成服、扫舍、谢土、斋醮,动土、破土
2035-05-01,破,白虎,否,祭祀、沐浴、解除、破屋、坏垣、求医、治病、馀事勿取,嫁娶、开市
2035-05-02,危,玉堂,是,沐浴、塞穴、畋猎、结网、取渔、扫舍、馀事勿取,祈福、安葬
2035-05-03,成,天牢,是,开市、交易、立券、挂匾、祭祀、开光、祈福、求嗣、安床、解除、修造、安葬,纳采、问名、订盟、嫁娶、入宅、开仓、出火、动土、破土、纳畜、伐木
2035-05-04,收,玄武,否,祭祀、修门、取渔、纳财、纳畜、馀事勿取,嫁娶、入宅
2035-05-05,开,司命,是,嫁娶、纳采、出行、移徙、入宅,动土、破土、安葬
2035-05-06,闭,勾陈,否,订盟、纳采、祭祀、动土、破土、交易、立券,嫁娶、安葬
2035-05-07,建,青龙,否,嫁娶、裁衣、祭祀、出行、安床、作灶、移徙、入宅、破土、安葬,赴任、捕捉
2035-05-08,建,青龙,否,塞穴、结网、馀事勿取,诸事不宜
2035-05-09,除,明堂,是,嫁娶、订盟、纳采、出行、祭祀、祈福、斋醮、动土、上梁、破土、安葬,移徙、入宅
2035-05-10,满,天刑,否,订盟、纳采、会亲友、安床、作灶、造畜稠,开市、安葬
2035-05-11,平,朱雀,否,沐浴、平治道涂、扫舍、入殓、移柩、破土、启钻、安葬、馀事勿取,诸事不宜
2035-05-12,定,金匮,是,嫁娶、祭祀、祈福、求嗣、开光、出行、出火、拆卸、动土、上梁、进人口、入宅、移徙、安床、安门、开市、交易、立券、挂匾、栽种、破土、安葬,无
2035-05-13,执,天德,是,祭祀、开光、出行、解除、塑绘、裁衣、入殓、移柩、破土、启钻、安葬、除服、成服,嫁娶、上梁、修造、拆卸、架马、入宅、伐木、动土、出火、开柱眼
2035-05-14,破,白虎,否,祭祀、解除、破屋、坏垣、馀事勿取,诸事不宜
2035-05-15,危,玉堂,是,嫁娶、祭祀、祈福、求嗣、开光、出行、拆卸、动土、上梁、出火、进人口、入宅、移徙、安床、栽种、纳畜、牧养、竖柱、安门、修造、解除、会亲友,无
2035-05-16,成,天牢,是,开市、交易、立券、祭祀、祈福、开光、伐木、进人口、安床、拆卸、修造、动土、栽种、破土、移柩、安葬,入宅、移徙、理发、出火、嫁娶、出行
2035-05-17,收,玄武,否,结网、解除、馀事勿取,诸事不宜
2035-05-18,开,司命,是,嫁娶、祭祀、祈福、求嗣、开光、开市、交易、立券、安床、出行、拆卸,纳畜、入宅、移徙、安葬、探病、伐木、上梁、安门、入殓、动土
2035-05-19,闭,勾陈,否,嫁娶、祭祀、祈福、求嗣、出行、出火、拆卸、修造、动土、入宅、移徙、安床、作灶、塞穴、栽种、破土、安葬,开光、掘井、开仓
2035-05-20,建,青龙,否,解除、扫舍、馀事勿取,诸事不宜
2035-05-21,除,明堂,是,开市、交易、立券、挂匾、开光、出行、拆卸、进人口、入宅、移柩、动土、安门、上梁、栽种、破土、修坟、安葬,嫁娶、安床、探病、作灶
2035-05-22,满,天刑,否,进人口、会亲友,塞穴、上梁、动土、伐木、安葬、词讼
2035-05-23,平,朱雀,否,沐浴、平治道涂、扫舍、入殓、破土、安葬、除服、成服,嫁娶、移徙、伐木、作梁、安床、祭祀、祈福、盖屋
2035-05-24,定,金匮,是,嫁娶、祭祀、祈福、求嗣、开光、出火、出行、拆卸、动土、解除、进人口、开市、交易、立券、挂匾、入宅、移徙、安床、安门、上梁、安葬、破土、谢土,无
2035-05-25,执,天德,是,祭祀、祈福、求嗣、开光、解除、合帐、冠笄、伐木、架马、作梁、修造、进人口、嫁娶、裁衣、安床、动土、起基、上梁、竖柱、放水、会亲友,无
2035-05-26,破,白虎,否,破屋、坏垣、沐浴、解除、馀事勿取,诸事不宜
2035-05-27,危,玉堂,是,纳采、订盟、嫁娶、造车器、祭祀、祈福、求嗣、开光、出火、拆卸、修造、动土、进人口、挂匾、入宅、移徙、安床、栽种、入殓、破土、安葬、除服、成服,开市、立券
2035-05-28,成,天牢,是,开市、交易、立券、祭祀、祈福、开光、动土、安床、出行、栽种、纳畜、牧养、竖柱、上梁、解除、破土,嫁娶、掘井、入宅、移徙、安葬
2035-05-29,收,玄武,否,解除、出行、纳采、冠笄、竖柱、上梁、移徙、作灶、进人口、入宅、纳畜、牧养,祭祀、伐木、架马、安床、修造、动土、安葬、修坟、破土
2035-05-30,开,司命,是,祭祀、祈福、求嗣、开光、出行、开市、交易、立券、栽种、安床、纳畜、移徙、起基、动土、定磉、造仓、置产、破土、启钻、修坟,入宅、修造、安门、伐木、入殓、安葬、盖屋
2035-05-31,闭,勾陈,否,嫁娶、交易、立券、开厕、补垣、塞穴、畋猎、取渔、开生坟,安床、开渠、上梁、修造、开市、开光、入宅、移徙
2035-06-01,建,青龙,否,塞穴、断蚁、结网、畋猎、馀事勿取,嫁娶、安葬、入宅、出行、动土、词讼
2035-06-02,除,明堂,是,纳采、订盟、嫁娶、祭祀、祈福、求嗣、开光、解除、出行、出火、入宅、移徙、栽种、纳畜、牧养、动土、破土、入殓、安葬,作灶、安床、开仓、盖屋
2035-06-03,满,天刑,否,开光、纳采、裁衣、冠笄、安床、作灶、进人口、造仓、塞穴,嫁娶、栽种、修造、动土、出行、伐木、作梁、安葬、谢土
2035-06-04,平,朱雀,否,纳采、嫁娶、裁衣、理发、出行、修造、动土、进人口、开市、交易、立券、挂匾、移徙、上梁、栽种、纳畜,伐木、安葬、安床、祭祀、祈福
2035-06-05,定,金匮,是,开市、交易、立券、挂匾、祭祀、祈福、斋醮、出行、盖屋、起基、修造、动土、定磉、安床、安机械、安葬、破土、启钻、除服、成服、立碑,作灶、嫁娶、移徙、入宅、理发
2035-06-06,定,金匮,是,嫁娶、订盟、纳采、出行、开市、祭祀、祈福、动土、移徙、入宅、破土、安葬,作灶
2035-06-07,执,天德,是,订盟、纳采、出行、祭祀、祈福、修造、动土、移徙、入宅,开市、安葬
2035-06-08,破,白虎,否,诸事不宜,无
2035-06-09,危,玉堂,是,嫁娶、订盟、纳采、祭祀、祈福、入殓、破土、安葬,开光、开市
2035-06-10,成,天牢,是,开光、求医、治病、动土、上梁、入殓、破土、安葬,嫁娶
2035-06-11,收,玄武,否,祭祀、栽种、馀事勿取,诸事不宜
2035-06-12,开,司命,是,嫁娶、开光、祭祀、祈福、求嗣、出行、解除、伐木、入宅、移徙、安床、出火、拆卸、修造、上梁、栽种、移柩,安葬、开市、交易、立券
2035-06-13,闭,勾陈,否,求嗣、嫁娶、纳采、合帐、裁衣、冠笄、伐木、作梁、修造、动土、起基、竖柱、上梁、安门、作灶、筑堤、造畜稠,安葬、出行、祈福、栽种
2035-06-14,建,青龙,否,祭祀、解除、馀事勿取,诸事不宜
2035-06-15,除,明堂,是,嫁娶、祭祀、祈福、出火、开光、求嗣、出行、拆卸、开市、交易、立券、挂匾、入宅、移徙、安床、栽种、动土,安葬、行丧、伐木、作梁
2035-06-16,满,天刑,否,开光、求嗣、出行、解除、伐木、出火、拆卸、修造、上梁、起基、入宅、移徙、开市、交易、立券、栽种、牧养、入殓、安葬、除服、成服,置产、安床
2035-06-17,平,朱雀,否,祭祀、理发、修饰垣墙、平治道涂、沐浴、整手足甲、扫舍,出行、安门、修造、嫁娶、上梁、入宅
2035-06-18,定,金匮,是,嫁娶、祭祀、开光、祈福、求嗣、出行、出火、拆卸、动土、修造、进人口、入宅、移徙、安床、挂匾、交易、立券、栽种、纳畜、入殓、破土、启钻、安葬,无
2035-06-19,执,天德,是,祭祀、祈福、求嗣、开光、出行、伐木、出火、拆卸、修造、动土、起基、安床、入宅、移徙,嫁娶、开市、交易、行丧、安葬、修坟
2035-06-20,破,白虎,否,破屋、坏垣、馀事勿取,诸事不宜
2035-06-21,危,玉堂,是,开市、交易、立券、纳财、开池、开厕、结网、祭祀、修造、动土、安床、放水、经络、破土,嫁娶、造桥、词讼、移徙、安门、作灶、栽种
2035-06-22,成,天牢,是,开市、交易、立券、纳财、栽种、安床、拆卸、修造、动土、上梁、入殓、安葬、破土、除服、成服,嫁娶、出火、伐木、祭祀、入宅、移徙、纳畜、探病
2035-06-23,收,玄武,否,祭祀、作灶、馀事勿取,诸事不宜
2035-06-24,开,司命,是,解除、坏垣、馀事勿取,诸事不宜
2035-06-25,闭,勾陈,否,修造、动土、起基、安门、安床、栽种、筑堤、补垣、造畜稠,嫁娶、掘井、入宅、移徙、出火、出行、行丧、安葬、开光、理发、进人口
2035-06-26,建,青龙,否,祭祀、教牛马、断蚁、馀事勿取,斋醮、移徙、入宅、动土
2035-06-27,除,明堂,是,纳采、订盟、嫁娶、祭祀、祈福、开市、纳财、立券、移徙、出行、修造、动土、起基、定磉、竖柱、拆卸、扫舍、放水、安香、安床、造船、开池、掘井、造畜稠、栽种,行丧、安葬、破土、作灶、伐木、斋醮
2035-06-28,满,天刑,否,嫁娶、开光、祭祀、祈福、出行、解除、移徙、入宅、开市、纳财、起基、修造、竖柱、上梁、盖屋、作灶、出火、安香、补垣、塞穴、拆卸、放水、扫舍、造仓、造船、栽种、安葬,纳采、订盟、安床、谢土、破土、动土
2035-06-29,平,朱雀,否,嫁娶、祭祀、理发、作灶、修饰垣墙、平治道涂、整手足甲、沐浴、冠笄,破土、出行、栽种
2035-06-30,定,金匮,是,嫁娶、纳采、订盟、祭祀、祈福、求嗣、开光、出火、出行、拆卸、修造、动土、进人口、入宅、移徙、安床、交易、立券、挂匾、纳财、入殓、安葬、启钻、除服、成服,掘井、破土
2035-07-01,执,天德,是,畋猎、捕捉、结网、取渔、祭祀、沐浴、馀事勿取,嫁娶、开市、安葬、启钻、行丧
2035-07-02,破,白虎,否,祭祀、破屋、坏垣、馀事勿取,移徙、入宅、开仓、出货财
2035-07-03,危,玉堂,是,祭祀、斋醮、塑绘、开光、出行、修造、动土、造畜稠、安床、放水、掘井、开池、开厕、结网、破土,出火、入宅
2035-07-04,成,天牢,是,开市、交易、立券、挂匾、开光、解除、拆卸、动土、安床、修造、上梁、置产、栽种、破土、安葬,作灶、出火、祭祀、嫁娶、入宅
2035-07-05,成,天牢,是,祭祀、结网、馀事勿取,入宅、出行、掘井、安葬
2035-07-06,收,玄武,否,嫁娶、纳采、订盟、冠笄、造车器、祭祀、开光、祈福、求嗣、出行、解除、伐木、出火、入宅、拆卸、修造、动土、上梁、安床、栽种、破土,行丧、置产、安葬
2035-07-07,开,司命,是,嫁娶、开市、立券、祭祀、祈福、动土、移徙、入宅,造庙、安葬
2035-07-08,闭,勾陈,否,补垣、塞穴、结网、入殓、除服、成服、移柩、安葬、启钻、馀事勿取,诸事不宜
2035-07-09,建,青龙,否,嫁娶、纳采、出行、祭祀、祈福、解除、移徙、入宅,动土、安葬
2035-07-10,除,明堂,是,嫁娶、祭祀、祈福、斋醮、治病、破土、安葬,开市、入宅
2035-07-11,满,天刑,否,嫁娶、出行、开市、安床、入殓、启钻、安葬,祈福、动土、破土
2035-07-12,平,朱雀,否,嫁娶、祭祀、裁衣、结网、冠笄、沐浴,开仓、出货财、置产、安葬、动土、破土、掘井、栽种
2035-07-13,定,金匮,是,入宅、移徙、安床、开光、祈福、求嗣、进人口、开市、交易、立券、出火、拆卸、修造、动土,嫁娶、破土、置产、栽种、安葬、修坟、行丧
2035-07-14,执,天德,是,祭祀、解除、沐浴、整手足甲、入殓、移柩、破土、启钻、安葬,嫁娶、入宅、移徙、作灶、开市、交易、安门、栽种
2035-07-15,破,白虎,否,破屋、坏垣、馀事勿取,诸事不宜
2035-07-16,危,玉堂,是,嫁娶、开光、出行、理发、作梁、出火、拆卸、修造、开市、交易、立券、挂匾、动土、入宅、移徙、安床、栽种,伐木、祭祀、纳畜
2035-07-17,成,天牢,是,嫁娶、开光、出行、祈福、求嗣、解除、拆卸、动土、修造、进人口、开市、交易、立券、挂匾、入宅、移徙、安床、栽种、纳畜、入殓、移柩、安葬,无
2035-07-18,收,玄武,否,祭祀、作灶、纳财、栽种、纳畜、进人口,安葬、经络、修坟、破土、开市、安床、启钻、立碑
2035-07-19,开,司命,是,祭祀、祈福、求嗣、开光、开市、牧养、理发,嫁娶、出行、安葬、入殓、入宅、作灶、冠笄、上梁
2035-07-20,闭,勾陈,否,祭祀、入殓、破土、除服、成服、移柩、启钻、安葬、谢土、馀事勿取,无
2035-07-21,建,青龙,否,祭祀、出行、交易、割蜜、造畜稠,嫁娶、作灶、安葬、动土、词讼、作梁、伐木、掘井、破土、移徙
2035-07-22,除,明堂,是,嫁娶、祭祀、祈福、求嗣、开光、出火、拆卸、修造、动土、进人口、开市、交易、立券、挂匾、入宅、移徙、栽种、纳畜、入殓、启钻、除服、成服,无
2035-07-23,满,天刑,否,嫁娶、开光、解除、安床、牧养、理发、开市、入殓、启钻、移柩、安葬、扫舍,作灶、动土、上梁、栽种、入宅、移徙、修造、祈福
2035-07-24,平,朱雀,否,祭祀、解除、馀事勿取,诸事不宜
2035-07-25,定,金匮,是,祭祀、祈福、求嗣、开光、伐木、出火、拆卸、入宅、安床、修造、动土、上梁、挂匾、纳畜,嫁娶、栽种、行丧、理发、修坟、作灶
2035-07-26,执,天德,是,解除、祭祀、理发、入殓、安葬、破土,嫁娶、开市、出火、作灶、置产、斋醮、入宅、移徙、安门
2035-07-27,破,白虎,否,破屋、坏垣、馀事勿取,诸事不宜
2035-07-28,危,玉堂,是,开市、交易、立券、纳财、动土、开光、出行、嫁娶、纳采、订盟、入学、开仓、出货财、纳畜、牧养、栽种、破土、启钻、安葬、立碑,入宅、移徙、作灶、祭祀、谢土
2035-07-29,成,天牢,是,嫁娶、纳采、订盟、祭祀、祈福、求嗣、开光、出火、出行、拆卸、修造、动土、进人口、开市、交易、立券、挂匾、入宅、移徙、安床、栽种、入殓、破土、谢土、安葬,掘井、伐木、纳畜、合寿木
2035-07-30,收,玄武,否,祭祀、冠笄、作灶、交易、纳财、栽种、结网、纳畜、牧养、进人口,开渠、造船、安床、安葬、破土、出行、修坟、掘井、开市、开生坟
2035-07-31,开,司命,是,嫁娶、订盟、祭祀、祈福、求嗣、纳采、裁衣、冠笄、开光、安床、作梁、修造、动土、作灶、起基、上梁、盖屋、纳畜、牧养,移徙、栽种、出行、行丧、破土、安葬、词讼
2035-08-01,闭,勾陈,否,经络、祭祀、沐浴、补垣、塞穴、除服、成服、移柩、入殓、启钻、立碑,开光、治病、嫁娶、掘井、破土、安葬
2035-08-02,建,青龙,否,嫁娶、祭祀、出行、裁衣、冠笄、交易、雕刻、纳财、造畜稠、造车器、教牛马,移徙、入宅、栽种、动土、破土、作灶、安葬、行丧、伐木、上梁
2035-08-03,除,明堂,是,修造、动土、安机械、祭祀、沐浴、解除、拆卸、治病、作灶、盖屋、起基、开池、扫舍、造畜稠、开生坟、合寿木、安葬、破土、启钻、移柩、入殓、立碑,开市、入宅、出行、安床
2035-08-04,除,明堂,是,嫁娶、纳采、订盟、造车器、开光、出行、拆卸、起基、安床、除服、成服、开市、交易、立券、栽种、牧养、入殓、移柩、启钻,上梁、入宅、修造、动土、破土、祭祀、祈福、斋醮
2035-08-05,满,天刑,否,祭祀、嫁娶、畋猎、结网,动土、破土、治病、开渠
2035-08-06,平,朱雀,否,纳采、订盟、会亲友、入学、祭祀、祈福、求嗣、开光、出行、解除、理发、动土、起基、开市、交易、立券、纳财、造仓、栽种、纳畜、牧养,嫁娶、作灶、出火、置产、入宅、安葬
2035-08-07,定,金匮,是,嫁娶、祭祀、祈福、斋醮、动土、移徙、入宅,开市、安葬
2035-08-08,执,天德,是,捕捉、结网、入殓、破土、安葬,嫁娶、入宅
2035-08-09,破,白虎,否,沐浴、治病、破屋、坏垣、馀事勿取,诸事不宜
2035-08-10,危,玉堂,是,嫁娶、订盟、纳采、出行、开市、祭祀、祈福、移徙、入宅、启钻、安葬,动土、破土
2035-08-11,成,天牢,是,嫁娶、订盟、纳采、祭祀、祈福、求医、治病、动土、移徙、入宅、破土、安葬,开光、针灸
2035-08-12,收,玄武,否,订盟、纳采、祭祀、祈福、安机械、作灶、纳畜,动土、安葬
2035-08-13,开,司命,是,嫁娶、祭祀、祈福、求嗣、出行、动土、安床、掘井、破土、启钻,入宅、作梁、安门、伐木、修造、上梁、入殓、盖屋
2035-08-14,闭,勾陈,否,嫁娶、祭祀、祈福、求嗣、出行、出火、拆卸、修造、移徙、动土、安床、入殓、破土、安葬、启钻,盖屋、开光、理发、造船、掘井、作灶
2035-08-15,建,青龙,否,祭祀、祈福、求嗣、开光、出行、解除、上梁、盖屋、移徙、安门、纳财、牧养、纳畜、安葬、启钻、入殓,破土、置产、掘井、动土、安床
2035-08-16,除,明堂,是,祭祀、解除、沐浴、理发、整手足甲、入殓、移柩、破土、安葬、扫舍,嫁娶、会亲友、进人口、出行、入宅、移徙、赴任、作灶
2035-08-17,满,天刑,否,塑绘、开光、进人口、纳畜、补垣、塞穴、栽种、牧养,嫁娶、纳财、祈福、安葬、修造、开市、交易、立券、动土、上梁
2035-08-18,平,朱雀,否,作灶、沐浴、修饰垣墙、平治道涂、馀事勿取,诸事不宜
2035-08-19,定,金匮,是,祭祀、求嗣、开光、出行、伐木、作梁、出火、解除、拆卸、进人口、修造、动土、起基、安床、栽种、纳畜、入殓、破土、安葬、除服、成服,嫁娶、移徙
2035-08-20,执,天德,是,祭祀、塞穴、入殓、破土、安葬、移柩、馀事勿取,诸事不宜
2035-08-21,破,白虎,否,破屋、坏垣、馀事勿取,诸事不宜
2035-08-22,危,玉堂,是,祭祀、入殓、移柩、结网、启钻、安葬、除服、成服、馀事勿取,诸事不宜
2035-08-23,成,天牢,是,嫁娶、出火、拆卸、祭祀、祈福、开光、伐木、动土、开市、交易、立券、入宅、移徙、安床、纳畜、入殓、安葬,栽种、作灶、针灸、出行
2035-08-24,收,玄武,否,祭祀、开光、解除、进人口、交易、立券、纳财、纳畜,动土、破土、嫁娶、理发、出行、入宅、移徙、分居、安香、出火
2035-08-25,开,司命,是,嫁娶、祭祀、祈福、求嗣、开光、出行、解除、安床、栽种、移柩、进人口、会亲友、除服、成服,盖屋、入殓、安葬、伐木、入宅、移徙、置产、纳畜
2035-08-26,闭,勾陈,否,祭祀、动土、筑堤、开池、会亲友、塞穴、入殓、移柩、破土、安葬,开光、出行、修造、上梁、入宅、安门、作灶、裁衣
2035-08-27,建,青龙,否,祭祀、裁衣、安门、纳财、扫舍、出行、进人口、作灶、纳畜、造畜稠,安床、动土、安葬、开生坟、合寿木
2035-08-28,除,明堂,是,祭祀、解除、拆卸、修造、动土、起基、上梁、安床、安门、开渠、开池、入殓、破土、启钻,嫁娶、出行、进人口、作灶、入宅、移徙、栽种、赴任
2035-08-29,满,天刑,否,纳采、订盟、开光、出行、解除、安香、出火、拆卸、入宅、移徙、修造、上梁、安床、栽种、纳畜、会亲友、安机械、经络,伐木、谢土、行丧、祭祀、作灶、动土、破土、安葬、祈福
2035-08-30,平,朱雀,否,修饰垣墙、平治道涂、祭祀、沐浴、作灶,嫁娶、词讼、治病、置产、作梁、祈福、安葬、栽种、伐木、安门
2035-08-31,定,金匮,是,嫁娶、祭祀、祈福、求嗣、出火、出行、开光、解除、拆卸、修造、进人口、安香、交易、立券、入宅、移徙、安床、动土、破土、谢土、安葬、入殓、除服、成服,斋醮、开市、开仓、作灶、造船
2035-09-01,执,天德,是,破土、安葬、移柩、入殓、祭祀、捕捉、除服、成服、馀事勿取,嫁娶、入宅、开市、交易
2035-09-02,执,天德,是,破屋、坏垣、治病、馀事勿取,祈福、纳采、订盟、嫁娶、入宅、安葬
2035-09-03,破,白虎,否,嫁娶、开光、祭祀、祈福、求嗣、安香、出火、解除、伐木、入宅、移徙、安床、开市、交易、立券、栽种、出行、安葬,掘井、理发、作灶、动土、破土、开池
2035-09-04,危,玉堂,是,安机械、纳采、订盟、祭祀、祈福、求嗣、开光、普渡、出行、出火、拆卸、修造、动土、进人口、开市、交易、立券、移徙、安床、栽种、上梁、纳畜、破土、移柩、安葬,入宅、嫁娶、掘井、牧养
2035-09-05,成,天牢,是,嫁娶、祭祀、祈福、求嗣、裁衣、冠笄、经络、修造、进人口、安床、动土、竖柱、上梁、移徙、交易、立券、栽种、会亲友,行丧、安葬、出行、作梁、纳畜、伐木、造桥
2035-09-06,收,玄武,否,嫁娶、纳采、订盟、开光、祭祀、出行、理发、动土、安床、放水、开渠、栽种、进人口,入宅、上梁、入殓、盖屋、探病、作灶、安门、安葬、纳畜、伐木
2035-09-07,开,司命,是,祭祀、出行、作梁、出火、拆卸、修造、动土、起基、安床、补垣、塞穴、入殓、破土、安葬、移柩、造畜稠,嫁娶、入宅、斋醮、开光、针灸、掘井
2035-09-08,闭,勾陈,否,祭祀、裁衣、冠笄、嫁娶、安机械、拆卸、动土、起基、移徙、入宅、入殓、启钻、安葬、造仓、经络,安床、开光、开市、交易
2035-09-09,建,青龙,否,祭祀、出行、成服、除服、沐浴、入殓,动土、冠笄、移徙、入宅、开市、竖柱、上梁
2035-09-10,除,明堂,是,祭祀、沐浴、赴任、出行、馀事勿取,诸事不宜
2035-09-11,满,天刑,否,诸事不宜,无
2035-09-12,平,朱雀,否,沐浴、入殓、移柩、除服、成服、破土、平治道涂,嫁娶、移徙、入宅、开市
2035-09-13,定,金匮,是,嫁娶、祭祀、祈福、求嗣、沐浴、出火、出行、拆卸、修造、动土、进人口、开市、交易、立券、入宅、移徙、安床、栽种、纳畜、入殓、安葬、启钻、除服、成服,无
2035-09-14,执,天德,是,开光、解除、起基、动土、拆卸、上梁、立碑、修坟、安葬、破土、启钻、移柩,嫁娶、出行、安床、作灶、祭祀、入宅、移徙、出火、进人口、置产
2035-09-15,破,白虎,否,破屋、坏垣、馀事勿取,诸事不宜
2035-09-16,危,玉堂,是,嫁娶、祈福、求嗣、出行、出火、拆卸、修造、动土、上梁、开光、进人口、开市、交易、立券、挂匾、安床、入宅、移徙、栽种、伐木、入殓、破土、除服、成服,无
2035-09-17,成,天牢,是,开市、交易、立券、挂匾、祭祀、开光、进人口、入宅、安床、出火、拆卸、修造、动土、栽种,嫁娶、立碑、出行、伐木、安葬、行丧、移徙、纳畜
2035-09-18,收,玄武,否,祭祀、理发、会亲友、进人口、嫁娶、针灸、入殓、移柩,探病、开渠、安葬、伐木、作灶、入宅
2035-09-19,开,司命,是,祭祀、立碑、修坟、启钻、除服、成服、馀事勿取,无
2035-09-20,闭,勾陈,否,嫁娶、出行、伐木、拆卸、修造、动土、移徙、安葬、破土、修坟、立碑,掘井、祈福、安床、开市、入宅、挂匾、开光
2035-09-21,建,青龙,否,祭祀、出行、扫舍、馀事勿取,诸事不宜
2035-09-22,除,明堂,是,嫁娶、祭祀、塑绘、开光、出行、解除、理发、整手足甲、动土、安床、开池、放水、扫舍,伐木、行丧、作灶、作梁、安葬
2035-09-23,满,天刑,否,开市、交易、立券、挂匾、开光、出行、入宅、移徙、安床、出火、上梁,作灶、行丧、理发、乘船、嫁娶、安葬
2035-09-24,平,朱雀,否,祭祀、沐浴、修饰垣墙、平治道涂、馀事勿取,诸事不宜
2035-09-25,定,金匮,是,嫁娶、祭祀、祈福、求嗣、开光、出行、出火、拆卸、修造、动土、进人口、入宅、移徙、安床、开市、交易、立券、挂匾、栽种、纳畜、入殓、安葬、除服、成服,无
2035-09-26,执,天德,是,解除、坏垣、馀事勿取,诸事不宜
2035-09-27,破,白虎,否,祭祀、治病、破屋、坏垣、馀事勿取,诸事不宜
2035-09-28,危,玉堂,是,嫁娶、纳采、订盟、祭祀、开光、出行、理发、作梁、出火、拆卸、修造、动土、进人口、入宅、移徙、安床、挂匾、栽种、纳畜、破土、安葬、入殓、除服、成服,开市、掘井、开渠、造桥、造船
2035-09-29,成,天牢,是,开市、交易、立券、纳财、挂匾、栽种、祭祀、祈福、开光、拆卸、动土、安床,嫁娶、破土、进人口、出行、入宅、移徙、出火、纳畜、词讼、安葬
2035-09-30,收,玄武,否,嫁娶、祭祀、理发、进人口、作灶、移柩、冠笄、会亲友,开仓、出货财、伐木、纳畜、开市、上梁、盖屋、破土、启钻、栽种
2035-10-01,收,玄武,否,祭祀、修坟、除服、成服、启钻、移柩、馀事勿取,开市、入宅、嫁娶、动土、破土、安葬
2035-10-02,开,司命,是,嫁娶、冠笄、安机械、解除、纳畜、牧养、沐浴、伐木、架马、作梁、安门、扫舍、合寿木、安葬、启钻、立碑、修坟,祈福、开光、开市、入宅、动土
2035-10-03,闭,勾陈,否,祭祀、出行、沐浴、扫舍、安葬、馀事勿取,动土、破土、置产、掘井
2035-10-04,建,青龙,否,嫁娶、纳采、祭祀、解除、出行、修造、动土、开市、上梁、安床、整手足甲、扫舍、求医、治病、起基、定磉、盖屋、合脊,造庙、行丧、安葬、伐木、作灶、造船
2035-10-05,除,明堂,是,纳采、订盟、开市、交易、立券、挂匾、纳财、栽种、进人口、入宅、移徙、安床、开光、出火、拆卸、安门、修造,斋醮、嫁娶、行丧、动土、作灶、安葬、破土
2035-10-06,满,天刑,否,祭祀、沐浴、修饰垣墙、平治道涂、馀事勿取,嫁娶、入宅、安床、出行
2035-10-07,平,朱雀,否,开光、祈福、求嗣、斋醮、修造、动土、纳财、造仓、开厕、栽种、牧养、会亲友,作灶、出火、进人口、开渠、入宅、移徙、祭祀
2035-10-08,定,金匮,是,入殓、除服、成服、移柩、破土、启钻、安葬,移徙、入宅
2035-10-09,执,天德,是,嫁娶、订盟、纳采、出行、祭祀、祈福、动土、移徙、入宅、破土、安葬,开市、赴任
2035-10-10,破,白虎,否,祭祀、解除、破屋、坏垣、馀事勿取,无
2035-10-11,危,玉堂,是,订盟、纳采、会亲友、安机械、纳财、牧养,祈福、安葬
2035-10-12,成,天牢,是,嫁娶、订盟、纳采、出行、开市、祭祀、祈福、动土、移徙、入宅、破土、安葬,斋醮、安门
2035-10-13,收,玄武,否,祭祀、塞穴、馀事勿取,诸事不宜
2035-10-14,开,司命,是,祭祀、祈福、求嗣、开光、开市、出行、解除、动土、起基、置产、栽种,嫁娶、作灶、修坟、安门、入宅、立碑、安葬、安床
2035-10-15,闭,勾陈,否,祭祀、解除、裁衣、理发、安床、作灶、造畜稠、放水、筑堤、补垣、塞穴、整手足甲、扫舍,嫁娶、开光、会亲友、掘井、安门、栽种
2035-10-16,建,青龙,否,祭祀、出行、裁衣、冠笄、会亲友、造畜稠、嫁娶、竖柱、上梁、移徙、纳财、纳畜,动土、伐木、作梁、行丧、安葬、开生坟
2035-10-17,除,明堂,是,祭祀、祈福、求嗣、开光、出行、解除、移徙、伐木、安床、纳畜、出火、拆卸,安葬、修坟、作灶、破土、造庙、动土、嫁娶、纳采
2035-10-18,满,天刑,否,开市、交易、立券、纳财、会亲友、开光、理发、入殓、移柩、安葬、启钻,嫁娶、作灶、出火、出行、入宅、移徙、安床、祈福、上梁
2035-10-19,平,朱雀,否,造畜稠、平治道涂、馀事勿取,诸事不宜
2035-10-20,定,金匮,是,入殓、破土、安葬、启钻、除服、成服、馀事勿取,无
2035-10-21,执,天德,是,祭祀、入殓、移柩、开生坟、破土、启钻、安葬、除服、成服、馀事勿取,无
2035-10-22,破,白虎,否,祭祀、解除、破屋、坏垣、馀事勿取,诸事不宜
2035-10-23,危,玉堂,是,嫁娶、求嗣、纳采、进人口、纳财、结网、纳畜、牧养、会亲友,上梁、作灶、伐木、出行、安葬、安门、理发
2035-10-24,成,天牢,是,嫁娶、祭祀、开市、开光、出行、入宅、移徙、出火、拆卸、修造、安床,纳畜、伐木、置产、作梁、行丧、安葬、修坟、立碑
2035-10-25,收,玄武,否,嫁娶、祭祀、作灶、纳财,安葬、开市、修坟、立碑
2035-10-26,开,司命,是,嫁娶、祭祀、祈福、求嗣、开光、出行、解除、出火、进人口、开市、交易、立券、挂匾、纳财、入宅、移徙、栽种、破土、谢土,安床、安葬
2035-10-27,闭,勾陈,否,嫁娶、祭祀、祈福、求嗣、动土、安床、扫舍、入殓、移柩、破土、启钻、安葬、作灶、整手足甲、补垣、除服、成服,开光、栽种
2035-10-28,建,青龙,否,祭祀、祈福、求嗣、开光、出行、解除、上梁、入宅、移徙、安床、安门、纳财、纳畜、造畜稠,伐木、行丧、破土、嫁娶、安葬、开渠
2035-10-29,除,明堂,是,祭祀、开光、出行、解除、理发、伐木、出火、拆卸、上梁、合脊、安床、造畜稠,嫁娶、安葬、行丧、词讼、造桥、作灶、破土、动土
2035-10-30,满,天刑,否,纳采、订盟、会亲友、沐浴、理发、裁衣、冠笄、安床、除服、成服、启钻、移柩、安葬、开生坟,开市、入宅、出行、嫁娶、修坟、祈福、动土、安门、谢土、上梁
2035-10-31,满,天刑,否,解除、祭祀、修饰垣墙、平治道涂、造畜稠、馀事勿取,嫁娶、开市、交易、入宅、入学、安葬
2035-11-01,平,朱雀,否,入殓、破土、启钻、安葬、除服、成服、馀事勿取,开市、入宅、祭祀、置产、补垣、塞穴
2035-11-02,定,金匮,是,嫁娶、祭祀、祈福、求嗣、开光、出行、拆卸、修造、动土、上梁、安床、纳畜、入殓、破土,入宅、移徙、掘井、理发、伐木、交易、开市、作灶
2035-11-03,执,天德,是,祭祀、沐浴、破屋、坏垣、馀事勿取,嫁娶、入宅、上梁、出行、安葬
2035-11-04,破,白虎,否,祭祀、求嗣、冠笄、进人口、会亲友、安门、安床、经络、纳财、牧养、畋猎、放水、割蜜,祈福、斋醮、纳采、订盟、嫁娶、入宅、安葬
2035-11-05,危,玉堂,是,嫁娶、纳采、订盟、开市、交易、立券、挂匾、祭祀、祈福、开光、造车器、出行、入宅、移徙、安床、安门、拆卸、修造、动土、栽种、安葬、破土、启钻、除服、成服、入殓、立碑,探病、纳畜、伐木、起基、作梁、盖屋
2035-11-06,成,天牢,是,祭祀、冠笄、移徙、会亲友、纳财、理发、捕捉,嫁娶、开市、开池、开厕、破土
2035-11-07,收,玄武,否,沐浴、扫舍、馀事勿取,诸事不宜
2035-11-08,开,司命,是,诸事不宜,无
2035-11-09,闭,勾陈,否,祈福、斋醮、出行、订盟、纳采、入殓、移柩、破土、安葬、立碑、结网,入宅、作灶
2035-11-10,建,青龙,否,祭祀、沐浴、出行、冠笄、进人口、馀事勿取,嫁娶、动土、安葬、作灶
2035-11-11,除,明堂,是,祭祀、祈福、斋醮、塑绘、开光、订盟、纳采、裁衣、冠笄、嫁娶、拆卸、入宅、安香、入殓、移柩、理发、安葬、修坟、谢土、赴任、移徙、沐浴、治病、破土、启钻、整手足甲、入学、作梁,开市
2035-11-12,满,天刑,否,诸事不宜,无
2035-11-13,平,朱雀,否,开市、交易、立券、挂匾、纳财、开光、出行、入宅、移徙、安床、纳畜、入殓、移柩、安葬,栽种、破土、置产、祭祀、嫁娶、动土、作灶、祈福
2035-11-14,定,金匮,是,嫁娶、祭祀、祈福、求嗣、开光、出行、解除、出火、拆卸、进人口、入宅、移徙、安床、栽种、动土、修造、纳畜、入殓、安葬、立碑、除服、成服,无
2035-11-15,执,天德,是,开光、解除、拆卸、修造、动土、安床、纳畜、安葬、启钻、入殓,嫁娶、开市、出火、栽种、破土、入宅、移徙、安香、分居、掘井、作灶
2035-11-16,破,白虎,否,破屋、坏垣、馀事勿取,诸事不宜
2035-11-17,危,玉堂,是,嫁娶、祭祀、开光、出火、出行、拆卸、修造、动土、解除、开市、交易、立券、挂匾、纳财、入宅、移徙、安床、栽种、纳畜,探病、安葬
2035-11-18,成,天牢,是,祭祀、祈福、求嗣、开光、解除、理发、会亲友、栽种、纳畜、牧养、安葬、修坟、立碑、启钻,入宅、作灶、词讼、移徙、出行、赴任
2035-11-19,收,玄武,否,祭祀、沐浴、结网、移柩、入殓、除服、成服,安床、开市、交易、出货财、安葬、修坟、嫁娶、作灶
2035-11-20,开,司命,是,解除、馀事勿取,无
2035-11-21,闭,勾陈,否,安床、祭祀、开池、补垣、入殓、移柩、破土、启钻,入宅、移徙、嫁娶、掘井、作灶、出火、进人口、开市、开光
2035-11-22,建,青龙,否,祭祀、沐浴、馀事勿取,无
2035-11-23,除,明堂,是,嫁娶、开光、出行、解除、出火、拆卸、修造、进人口、动土、入宅、移徙、栽种、纳畜、掘井、安葬、除服、成服,置产、安床
2035-11-24,满,天刑,否,开光、裁衣、安门、会亲友、安床、结网、理发,嫁娶、冠笄、出行、祈福、安葬、伐木、入宅、移徙、出火、栽种、动土、上梁
2035-11-25,平,朱雀,否,嫁娶、开光、出行、出火、拆卸、修造、动土、入宅、移徙、安床、上梁、开市、交易、立券、栽种,祈福、祭祀、伐木、掘井、作灶、谢土
2035-11-26,定,金匮,是,嫁娶、祭祀、祈福、求嗣、开光、出火、出行、拆卸、开市、交易、立券、挂匾、伐木、入宅、移徙、安床、安葬,栽种、掘井、置产
2035-11-27,执,天德,是,祭祀、理发、针灸、解除、进人口、整手足甲,嫁娶、动土、造船、开池、掘井、出行、修造、入宅、上梁、移徙、安葬、破土、作灶、开市
2035-11-28,破,白虎,否,破屋、坏垣、求医、治病、馀事勿取,嫁娶、安葬
2035-11-29,危,玉堂,是,纳采、订盟、嫁娶、祭祀、祈福、雕刻、移徙、开市、入宅、出行、动土、会亲友、入学、修造、起基、安门、安床、造庙、解除、纳财、开池、造畜稠、牧养,上梁、开仓、出货财、盖屋、造船
2035-11-30,危,玉堂,是,祭祀、祈福、求嗣、开光、解除、伐木、拆卸、修造、栽种、纳畜、安葬、修坟、立碑,嫁娶、进人口、入宅、移徙、出火、出行
2035-12-01,成,天牢,是,沐浴、扫舍、捕捉、畋猎、解除、塞穴、馀事勿取,嫁娶、入宅、开市、安床、破土、修坟
2035-12-02,收,玄武,否,嫁娶、冠笄、祭祀、祈福、求嗣、斋醮、开光、出行、解除、动土、开市、交易、立券、挂匾、拆卸、破土,伐木、上梁、修造、入殓、理发、会亲友、入宅、安门、安葬、作灶
2035-12-03,开,司命,是,合帐、裁衣、嫁娶、安床、入殓、移柩、破土、造畜稠,置产、造船、开光、掘井、作灶
2035-12-04,闭,勾陈,否,解除、修饰垣墙、冠笄、出行、馀事勿取,开市、动土、破土、嫁娶、安葬
2035-12-05,建,青龙,否,纳采、订盟、嫁娶、祭祀、祈福、求嗣、开光、出行、解除、进人口、开市、立券、挂匾、入宅、移徙、安门、栽种、动土、求医、治病、会亲友、起基、修造、盖屋、安葬,作灶、经络、安床
2035-12-06,除,明堂,是,祭祀、塑绘、理发、会亲友、牧养、开池、造畜稠、畋猎、结网,祈福、谢土、安葬、上梁、作灶、开市、嫁娶、出行、入宅、动土
2035-12-07,满,天刑,否,开市、立券、开光、解除、安机械、上梁、启钻、安葬,嫁娶、祈福
2035-12-08,平,朱雀,否,平治道涂、馀事勿取,诸事不宜
2035-12-09,定,金匮,是,求嗣、斋醮、塑绘、订盟、纳采、出火、拆卸、修造、动土、造桥、安机械、栽种、纳畜、牧养、入殓、除服、成服、移柩、破土、安葬,开市、嫁娶
2035-12-10,执,天德,是,嫁娶、订盟、纳采、祭祀、祈福、修造、动土、移徙、入宅,开市、安葬
2035-12-11,破,白虎,否,治病、破屋、坏垣、馀事勿取,诸事不宜
2035-12-12,危,玉堂,是,祭祀、祈福、求嗣、斋醮、开光、入学、订盟、冠笄、伐木、修造、动土、起基、放水、交易、开池,造桥、安门、理发、造庙、栽种、作灶
2035-12-13,成,天牢,是,解除、坏垣、馀事勿取,诸事不宜
2035-12-14,收,玄武,否,沐浴、理发、扫舍,伐木、纳畜、上梁、入宅、作灶、造畜稠、嫁娶、安葬、作梁、造船、安门
2035-12-15,开,司命,是,祭祀、开光、祈福、解除、作梁、动土、安床、掘井、栽种、纳畜、破土、移柩,嫁娶、出行、赴任、盖屋、入殓、入宅、移徙、出火、进人口、安葬
2035-12-16,闭,勾陈,否,作梁、修造、动土、安门、作灶、塞穴、开池、开厕、筑堤、补垣、栽种,嫁娶、祈福、掘井、行丧、安葬、安床
2035-12-17,建,青龙,否,安葬、启钻、移柩、入殓、除服、成服,馀事勿取
2035-12-18,除,明堂,是,嫁娶、祭祀、祈福、求嗣、出行、出火、拆卸、开市、交易、立券、挂匾、入宅、移徙、安床、栽种,作灶、塑绘、行丧、词讼、伐木、安葬
2035-12-19,满,天刑,否,理发、开光、解除、拆卸、修造、安葬、开市、交易、立券、挂匾、安床、栽种,入宅、移徙、作灶、祈福、祭祀、嫁娶、谢土、掘井、盖屋、探病
2035-12-20,平,朱雀,否,祭祀、修饰垣墙、馀事勿取,诸事不宜
2035-12-21,定,金匮,是,入宅、安床、开光、祭祀、出火、拆卸、动土、挂匾、入殓、破土、安葬、纳畜,嫁娶、开市、作灶、置产、作梁、伐木
2035-12-22,执,天德,是,祭祀、解除、馀事勿取,诸事不宜
2035-12-23,破,白虎,否,破屋、坏垣、祭祀、沐浴、馀事勿取,诸事不宜
2035-12-24,危,玉堂,是,安床、祭祀、祈福、求嗣、冠笄、伐木、架马、动土、开池、开厕、结网、入殓、除服、成服,安门、栽种、作灶、治病
2035-12-25,成,天牢,是,解除、扫舍、馀事勿取,诸事不宜
2035-12-26,收,玄武,否,祭祀、开光、理发、整手足甲、安床、作灶、扫舍、教牛马,伐木、纳畜、破土、安葬、开生坟、嫁娶、开市、动土、交易、作梁
2035-12-27,开,司命,是,祭祀、祈福、求嗣、开光、拆卸、修造、动土、上梁、安床、置产、栽种、破土,嫁娶、进人口、安葬、出行、赴任、入宅、移徙、入殓、开渠
2035-12-28,闭,勾陈,否,沐浴、冠笄、补垣、塞穴、裁衣、修造、作梁、开柱眼、安碓磑、筑堤、开厕、断蚁,移徙、入宅、嫁娶、祈福、开光、掘井
2035-12-29,闭,勾陈,否,交易、进人口、祭祀、沐浴、捕捉、入殓、除服、成服、安葬、谢土、启钻、修坟,斋醮、入宅、修造、动土、破土
2035-12-30,建,青龙,否,嫁娶、纳采、订盟、造车器、祭祀、祈福、造庙、安香、出火、出行、归宁、入学、入宅、交易、立券、求医、治病、修造、动土、竖柱、上梁、盖屋、起基、安门,斋醮、伐木、作梁、安葬、行丧
2035-12-31,除,明堂,是,纳采、订盟、开市、交易、立券、出行、会亲友、安机械、竖柱、上梁、平治道涂、伐木、拆卸、盖屋、起基、安床、安门、解除、安葬、启钻、除服、成服、修坟、立碑、移柩、入殓,嫁娶、动土、破土、祈福、出火、入宅
2036-01-01,满,天刑,否,祭祀、平治道涂、除服、成服、安葬、馀事勿取,嫁娶、入宅、纳采、订盟、掘井
2036-01-02,平,朱雀,否,纳采、订盟、祭祀、祈福、开光、安香、出火、出行、会亲友、安机械、修造、动土、竖柱、上梁、盖屋、起基、定磉、安床、安门、拆卸、移徙、造桥、造船、安葬、破土、入殓,开市、造庙、置产、掘井
2036-01-03,定,金匮,是,嫁娶、冠笄、祭祀、祈福、求嗣、斋醮、进人口、会亲友、伐木、作梁、开柱眼、安床、掘井、捕捉、畋猎,开生坟、破土、行丧、安葬
2036-01-04,执,天德,是,破屋、坏垣、治病、馀事勿取,移徙、入宅
2036-01-05,破,白虎,否,安床、架马、祭祀、塑绘、开光、出行、理发、伐木、作梁、开柱眼、开厕、畋猎、破土、入殓、除服、成服、移柩、启钻、修坟、立碑,作灶、安门、造桥、开市、安葬
2036-01-06,危,玉堂,是,塑绘、开光、出行、订盟、纳采、除服、成服、嫁娶、纳婿、入殓、移柩、启钻、安葬、立碑,入宅、安床
2036-01-07,成,天牢,是,入殓、除服、成服、移柩、启钻、安葬、立碑、馀事勿取,破土、伐木
2036-01-08,收,玄武,否,祭祀、祈福、斋醮、塑绘、开光、除服、成服、入殓、作灶、嫁娶、捕捉、畋猎、纳财,开仓、盖屋、安葬、安床
2036-01-09,开,司命,是,祭祀、出行、沐浴、裁衣、祈福、斋醮、订盟、纳采、嫁娶、安机械、开市、立券、安碓磑、纳畜,栽种、入殓、安葬
2036-01-10,闭,勾陈,否,祭祀、祈福、斋醮、沐浴、安床、安机械、造车器、入殓、移柩、启钻、安葬、立碑、合帐、经络、交易,作灶、掘井、嫁娶、入宅
2036-01-11,建,青龙,否,解除、扫舍、祭祀、教牛马、馀事勿取,无
2036-01-12,除,明堂,是,开市、交易、立券、挂匾、开光、解除、伐木、作梁、出火、入宅、移徙、安床、拆卸、动土、上梁、栽种、纳畜、安葬,嫁娶、祭祀、出行、置产
2036-01-13,满,天刑,否,开市、交易、立券、纳财、开池、补垣、嫁娶、纳采、纳畜、取渔、安床,修造、上梁、入宅、祈福、探病、掘井、动土、安门、安葬、作灶
2036-01-14,平,朱雀,否,祭祀、解除、修饰垣墙、平治道涂、馀事勿取,无
2036-01-15,定,金匮,是,嫁娶、祭祀、祈福、求嗣、动土、会亲友、起基、造仓、纳畜、牧养、开厕、进人口,掘井、安葬、栽种、出行、作灶、开市、入宅、安门
2036-01-16,执,天德,是,嫁娶、祭祀、祈福、求嗣、开光、入宅、移徙、安床、修造、动土、进人口,掘井、安葬、栽种、出行、作灶、开市、安门
2036-01-17,破,白虎,否,破屋、坏垣、馀事勿取,诸事不宜
2036-01-18,危,玉堂,是,嫁娶、开市、交易、立券、开光、出行、出火、拆卸、修造、入宅、移徙、动土、破土、移柩、安葬、启钻、除服、成服,安床、伐木、祈福、纳畜
2036-01-19,成,天牢,是,祭祀、入殓、破土、除服、成服、启钻、安葬、修坟、立碑、馀事勿取,无
2036-01-20,收,玄武,否,祭祀、解除、馀事勿取,诸事不宜
2036-01-21,开,司命,是,开市、交易、立券、纳财、纳畜、造畜稠、入宅、移徙、安床、开光、祈福、求嗣、动土,嫁娶、栽种、安葬、理发、造庙、作灶、入殓、行丧、造桥
2036-01-22,闭,勾陈,否,安床、裁衣、交易、立券、入殓、移柩、安葬、除服、成服,置产、嫁娶、出行、开光、栽种、动土、破土、入宅、治病
2036-01-23,建,青龙,否,祭祀、解除、造畜稠、教牛马、针灸、馀事勿取,嫁娶、动土、开池、安葬
2036-01-24,除,明堂,是,沐浴、塑绘、开光、纳采、订盟、开市、交易、立券、纳财、起基、动土、定磉、放水、安葬、破土、启钻、修坟、立碑、移柩,入宅、安门、祭祀、谢土
2036-01-25,满,天刑,否,嫁娶、出行、理发、安床、启钻、安葬、修坟、开市、交易、立券、纳财、开池、牧养,掘井、祈福、谢土、动土、入宅、上梁、修造、作灶
2036-01-26,平,朱雀,否,解除、平治道涂、馀事勿取,移徙、入宅、掘井、造庙、栽种、针灸、治病、开池
2036-01-27,定,金匮,是,嫁娶、祭祀、开光、伐木、出火、拆卸、入宅、移徙、修造、动土、上梁、安床、纳畜,开市、行丧、栽种、出行、出货财、安葬、置产、词讼、治病
2036-01-28,定,金匮,是,嫁娶、纳采、订盟、入宅、移徙、安床、祭祀、祈福、开光、出行、解除、出火、拆卸、动土、纳畜、谢土、安葬、破土,伐木、开市、交易、上梁、作灶、安门、盖屋
2036-01-29,执,天德,是,祭祀、破屋、坏垣、解除、馀事勿取,开市、动土、破土
2036-01-30,破,白虎,否,嫁娶、纳采、订盟、开光、安香、出火、纳财、开市、交易、立券、裁衣、盖屋、起基、修造、动土、安门、移徙、入宅、栽种、牧养、畋猎、掘井、开池、安葬、破土、入殓、除服、成服、立碑,祈福、造庙、祭祀、安床、谢土
2036-01-31,危,玉堂,是,祭祀、斋醮、入殓、破土、启钻、安葬、修坟、立碑、除服、成服,嫁娶、入宅、作灶、纳采、订盟
2036-02-01,成,天牢,是,祭祀、斋醮、纳财、捕捉、畋猎,嫁娶、开市、入宅、安床、破土、安葬
2036-02-02,收,玄武,否,纳采、订盟、祭祀、祈福、求嗣、斋醮、沐浴、进人口、会亲友、入学、治病、安碓磑、掘井、开池、纳畜、牧养、造畜稠,嫁娶、合帐、入宅、行丧、安葬
2036-02-03,开,司命,是,祭祀、祈福、求嗣、沐浴、问名、交易、纳财、入殓、移柩、安葬、修坟、立碑、谢土、造畜稠、教牛马,入宅、置产、嫁娶、动土、栽种、开市、开光、破土
2036-02-04,闭,勾陈,否,祭祀、祈福、求嗣、入殓、启钻、安葬、移柩,开光、掘井、针灸、出行、嫁娶、入宅、移徙、作灶、动土
2036-02-05,建,青龙,否,安床、解除、裁衣、竖柱、上梁、交易、立券、纳财、纳畜、牧养、入殓、移柩、安葬、启钻,嫁娶、出行、动土、开渠、入宅、祭祀、掘井
2036-02-06,除,明堂,是,嫁娶、安床、开光、出行、祭祀、动土、出火、解除、会亲友、开市、交易、立券、挂匾、入宅、移徙、拆卸、破土、启钻、安葬,掘井、词讼
2036-02-07,满,天刑,否,嫁娶、开光、求嗣、会亲友、安床、牧养、塑绘、针灸,入宅、移徙、出火、分居、安香、作灶、开市、交易、立券、安葬、动土、伐木
2036-02-08,平,朱雀,否,作灶、解除、平治道涂,栽种、出行、祈福、行丧、纳畜、安葬、安门、伐木、作梁、牧养
2036-02-09,定,金匮,是,解除、沐浴,诸事不宜
2036-02-10,执,天德,是,嫁娶、祭祀、祈福、出行、解除、出火、拆卸、动土、入宅、移徙、安床、上梁、栽种、纳畜、破土、启钻、安葬,开市、立券、理发、作灶
2036-02-11,破,白虎,否,祭祀、解除、治病、破屋、坏垣、扫舍,馀事勿取
2036-02-12,危,玉堂,是,祭祀、祈福、求嗣、开光、出火、出行、拆卸、修造、动土、入宅、移徙、上梁、挂匾、开池、入殓、安葬、破土、启钻,嫁娶、作灶、安床
2036-02-13,成,天牢,是,结网、入殓、除服、成服、移柩、安葬、破土,诸事不宜
2036-02-14,收,玄武,否,移徙、祭祀、开光、祈福、出行、解除、进人口、雇佣、安床、动土、起基、上梁、安门,嫁娶、安葬、破土、作梁、纳畜、牧养、行丧、作灶
2036-02-15,开,司命,是,嫁娶、开光、祈福、求嗣、解除、动土、安床、栽种、开池、掘井、祭祀、破土、启钻,入宅、作灶、伐木、安葬、出火、出行、纳畜
2036-02-16,闭,勾陈,否,祭祀、合帐、裁衣、经络、伐木、作梁、安床、作灶、入殓、安葬、启钻、移柩,词讼、出火、入宅
2036-02-17,建,青龙,否,裁衣、伐木、作梁、纳财、交易、立券,诸事不宜
2036-02-18,除,明堂,是,嫁娶、祭祀、祈福、求嗣、开光、出行、出火、拆卸、动土、上梁、进人口、入宅、移徙、安床、开市、交易、立券、挂匾、入殓、破土、安葬、启钻、除服、成服,无
2036-02-19,满,天刑,否,嫁娶、冠笄、纳采、出行、会亲友、上梁、安机械、安床、牧养、畋猎、祭祀、祈福、开光、修造、安门、盖屋、起基,入宅、作灶、治病、安葬、移徙
2036-02-20,平,朱雀,否,修饰垣墙、平治道涂、祭祀、馀事勿取,诸事不宜
2036-02-21,定,金匮,是,造车器、纳采、订盟、祭祀、祈福、求嗣、移徙、出行、开市、出火、入宅、立券、交易、安门、安床、安葬、谢土,开光、盖屋、动土、作灶、栽种
2036-02-22,执,天德,是,动土、入殓、嫁娶、移柩、安葬、破土,开市、作灶、安床、入宅、上梁、裁衣
2036-02-23,破,白虎,否,求医、治病、破屋、坏垣、馀事勿取,开市、嫁娶
2036-02-24,危,玉堂,是,祭祀、斋醮、沐浴、开生坟、除服、成服、移柩、入殓、破土、安葬、合寿木,开市、嫁娶、安床、会亲友、入宅、作灶、上梁
2036-02-25,成,天牢,是,祭祀、塞穴、结网、破土、谢土、安葬、移柩、除服、成服、馀事勿取,嫁娶、入宅
2036-02-26,收,玄武,否,祭祀、沐浴、理发、作灶、结网、栽种,嫁娶、词讼、行丧、安葬、牧养、伐木、作梁、开市、纳畜、造畜稠
2036-02-27,收,玄武,否,嫁娶、祭祀、开光、祈福、求嗣、出行、开市、交易、立券、动土、纳财、掘井、会亲友,入宅、安葬、伐木、作梁、纳畜、造畜稠、作灶
2036-02-28,开,司命,是,祭祀、祈福、求嗣、纳畜、入殓、启钻、谢土、除服、成服,栽种、开光、出行、针灸、嫁娶、入宅、动土、破土
2036-02-29,闭,勾陈,否,开光、解除、伐木、竖柱、上梁、交易、立券、纳畜、入殓、移柩、安葬,入宅、出行、移徙、祭祀、嫁娶、动土、破土、作灶
2036-03-01,建,青龙,否,祭祀、祈福、求嗣、开光、嫁娶、出行、解除、伐木、拆卸、进人口、安床、动土、起基、上梁、栽种、纳畜、破土、谢土、启钻、安葬,移徙、入宅、出火、作灶、掘井
2036-03-02,除,明堂,是,会亲友、冠笄、安床、安机械、祭祀、祈福、求嗣、经络,嫁娶、开市、动土、作灶、安葬
2036-03-03,满,天刑,否,作灶、解除、平治道涂、馀事勿取,祭祀、祈福、安葬、安门
2036-03-04,平,朱雀,否,嫁娶、祭祀、冠笄、修饰垣墙、置产,经络、探病、盖屋、作灶、动土
2036-03-05,定,金匮,是,祭祀、嫁娶、祈福、纳采、裁衣、合帐、安床、入宅、安香、入殓、移柩、安葬、谢土、修造、安碓磑、求嗣、会亲友、挂匾、交易、立券、纳财、造仓、放水,栽种、伐木
2036-03-06,执,天德,是,祭祀、祈福、斋醮、订盟、纳采、裁衣、合帐、拆卸、修造、动土、上梁、起基、移柩、安葬、谢土、沐浴、扫舍、开柱眼、伐木、出火,安床、开市、立券、作灶
2036-03-07,破,白虎,否,破屋、坏垣、求医、治病,诸事不宜
2036-03-08,危,玉堂,是,祭祀、动土、上梁、订盟、纳采、嫁娶、安机械、拆卸、安床、入宅、安香、入殓、移柩、破土、安葬、立碑、谢土、赴任、出行、移徙、祈福、求嗣、解除、造仓、进人口,开光、出货财
2036-03-09,成,天牢,是,祭祀、开光、塑绘、纳采、裁衣、拆卸、安床、起基、动土、竖柱、上梁、移徙、入宅、安香、开市、立券、挂匾、沐浴、出行、求嗣、安门,嫁娶、栽种、伐木、安葬
2036-03-10,收,玄武,否,裁衣、合帐、冠笄、嫁娶、纳婿、安床、入殓、纳财,作灶、开市、安葬、作梁
2036-03-11,开,司命,是,祭祀、订盟、纳采、修造、动土、祈福、塑绘、斋醮、沐浴、拆卸、起基、入宅、安香、造庙、移柩、谢土、除服、成服、入学、习艺、出行、竖柱、上梁、掘井、求嗣、解除、伐木,作灶、安葬、开市、盖屋
2036-03-12,闭,勾陈,否,订盟、纳采、裁衣、合帐、冠笄、安机械、拆卸、安床、入殓、除服、成服、移柩、破土、启钻、安葬、修坟、立碑、经络、交易、立券、纳财、筑堤、造仓、补垣、塞穴、纳畜、伐木、架马,祭祀、开光、嫁娶、入宅
2036-03-13,建,青龙,否,祭祀、出行、嫁娶、冠笄、安床、入殓、移柩、安葬,掘井、动土、作灶、栽种
2036-03-14,除,明堂,是,塞穴、诸事不宜,安门、作灶、安葬、嫁娶
2036-03-15,满,天刑,否,开光、塑绘、求嗣、纳采、裁衣、合帐、冠笄、安机械、作梁、开柱眼、安门、安床、造仓、祭祀、会亲友、祈福、经络、纳财、开市、立券、交易、入学、理发、架马,出行、斋醮、安葬、嫁娶
2036-03-16,平,朱雀,否,祭祀、嫁娶、纳婿、安葬,栽种、盖屋、作灶、入宅
2036-03-17,定,金匮,是,祭祀、会亲友、订盟、裁衣、合帐、安机械、拆卸、上梁、安门、入殓、除服、成服、移柩、启钻、安葬、立碑、开光、塑绘、入学、出行、起基、定磉、放水、移徙、入宅、竖柱、立券、经络,伐木、作梁
2036-03-18,执,天德,是,祭祀、开光、塑绘、祈福、斋醮、裁衣、合帐、冠笄、嫁娶、拆卸、动土、移徙、入宅、入殓、移柩、安葬、谢土、求嗣、入学、理发、伐木、架马、作梁、出火、修造、起基、定磉、放水、赴任,安门
2036-03-19,破,白虎,否,祭祀、治病、破屋、坏垣、馀事勿取,诸事不宜
2036-03-20,危,玉堂,是,嫁娶、祭祀、出行、冠笄、立券、交易、进人口、开市、移徙、修造、动土、安床、入殓、移柩、破土,开光、作灶、斋醮、安葬
2036-03-21,成,天牢,是,开市、立券、交易、挂匾、祭祀、祈福、开光、入宅、移徙、安床、拆卸、动土、上梁、进人口,嫁娶、行丧、架马、作梁、理发、牧养、安葬、纳畜、伐木
2036-03-22,收,玄武,否,理发、冠笄、嫁娶、进人口,置产、伐木、纳畜、造畜稠、安葬、破土、作梁、作灶、开生坟
2036-03-23,开,司命,是,嫁娶、祭祀、开光、祈福、求嗣、出火、入宅、移徙、安床、拆卸、动土、破土、谢土,合帐、开市、安葬、入殓
2036-03-24,闭,勾陈,否,安床、伐木、拆卸、修造、动土、上梁、立券、交易、栽种、纳畜、牧养、入殓、安葬,嫁娶、祭祀、开光、出行、出火、移徙、入宅、安门
2036-03-25,建,青龙,否,祭祀、祈福、求嗣、斋醮、嫁娶、冠笄、出行、开市、交易、会亲友、教牛马、除服、成服、启钻、安葬、移柩,动土、移徙、入宅
2036-03-26,除,明堂,是,塞穴、整手足甲、解除、捕捉、畋猎、结网、馀事勿取、诸事不宜,嫁娶、作灶、掘井、安葬
2036-03-27,满,天刑,否,纳财、开市、立券、交易、开光、安床、上梁、盖屋、修造、起基,动土、破土、安葬、行丧、赴任、出行、嫁娶、入宅、移徙、谢土、词讼
2036-03-28,满,天刑,否,祭祀、祈福、嫁娶、冠笄、修饰垣墙、置产、平治道涂,开仓、出货财、盖屋、作灶、开市、交易、立券、栽种
2036-03-29,平,朱雀,否,嫁娶、祭祀、开光、祈福、求嗣、出行、出火、进人口、入宅、移徙、安床、拆卸、修造、安门、挂匾、纳财、扫舍,动土、伐木、安葬、行丧
2036-03-30,定,金匮,是,嫁娶、开光、祭祀、祈福、求嗣、出行、出火、入宅、移徙、解除、栽种、伐木、破土、谢土、安葬,开市、交易、作灶、纳财、上梁、安床、盖屋、造船
2036-03-31,执,天德,是,破屋、坏垣、求医、治病、馀事勿取,开光、嫁娶
2036-04-01,破,白虎,否,纳采、交易、立券、安床、安机械、安葬、移柩、动土、破土、立碑,嫁娶、开光、作灶
2036-04-02,危,玉堂,是,祭祀、祈福、求嗣、斋醮、沐浴、开光、理发、经络、解除、治病、立碑、栽种、牧养、掘井、开池,嫁娶、定磉、合寿木、安葬、行丧
2036-04-03,成,天牢,是,纳财、交易、立券、栽种、捕捉、结网、取渔、进人口、教牛马、理发,入宅、盖屋、竖柱、安葬
2036-04-04,收,玄武,否,解除、坏垣、馀事勿取,诸事不宜
2036-04-05,开,司命,是,嫁娶、开光、出行、出火、拆卸、进人口、开市、立券、交易、挂匾、入宅、移徙、安床、栽种,祈福、入殓、祭祀、作灶、安葬、探病
2036-04-06,闭,勾陈,否,嫁娶、出行、合帐、冠笄、安床、除服、成服、作灶、交易、立券、入殓、移柩、破土、安葬,词讼、开光、开市
2036-04-07,建,青龙,否,出行、修饰垣墙、造畜稠、教牛马、馀事勿取,诸事不宜
2036-04-08,除,明堂,是,祭祀、祈福、开光、求嗣、解除、伐木、出火、入宅、移徙、安床、拆卸、修造、动土、造畜稠,嫁娶、纳财、安葬、出行、开市、立券、作灶、栽种
2036-04-09,满,天刑,否,纳采、嫁娶、开光、出行、理发、会亲友、开市、安床、栽种、牧养、入殓、移柩、启钻,谢土、祈福、上梁、作灶、斋醮、修造、入宅、安门
2036-04-10,平,朱雀,否,祭祀、平治道涂、解除、修饰垣墙、馀事勿取,诸事不宜
2036-04-11,定,金匮,是,祭祀、祈福、开光、解除、动土、纳财、交易、纳畜、扫舍,进人口、出行、嫁娶、置产、安床、赴任、安葬、作灶
2036-04-12,执,天德,是,祭祀、祈福、求嗣、开光、解除、出火、拆卸、入宅、安床、修造、安门、纳畜、启钻、安葬,动土、破土、纳财、掘井、挂匾、开市、伐木、交易
2036-04-13,破,白虎,否,祭祀、解除、破屋、坏垣、馀事勿取,诸事不宜
2036-04-14,危,玉堂,是,塞穴、扫舍、馀事勿取,诸事不宜
2036-04-15,成,天牢,是,祭祀、祈福、求嗣、开光、解除、纳采、冠笄、出火、拆卸、进人口、安床、动土、上梁、造庙、掘井、开池、入殓、移柩、安葬、破土,无
2036-04-16,收,玄武,否,解除、破屋、馀事勿取,诸事不宜
2036-04-17,开,司命,是,嫁娶、祈福、求嗣、开光、出行、解除、拆卸、出火、开市、立券、交易、入宅、移徙、安床、动土、破土、谢土,祭祀、入殓、安葬、探病
2036-04-18,闭,勾陈,否,祭祀、裁衣、冠笄、安床、交易、立券、开池、补垣、塞穴、入殓、破土、启钻、安葬、谢土、除服、成服,嫁娶、掘井、探病、开市、开光、栽种
2036-04-19,建,青龙,否,祭祀、出行、教牛马、扫舍、馀事勿取,开光、伐木、安葬、破土
2036-04-20,除,明堂,是,祭祀、祈福、求嗣、开光、纳采、订盟、解除、栽种、纳畜、牧养、扫舍、进人口,修坟、造桥、作灶、出行、安葬、盖屋、入宅
2036-04-21,满,天刑,否,开光、出行、交易、塞穴、嫁娶、理发、开市、安床,祈福、出火、置产、动土、破土、安葬、修造、上梁、入宅
2036-04-22,平,朱雀,否,祭祀、作灶、畋猎、结网、修饰垣墙、平治道涂、馀事勿取,嫁娶、安床、治病
2036-04-23,定,金匮,是,沐浴、祭祀、解除、安葬、破土、谢土、移柩、馀事勿取,斋醮、开光、嫁娶、入宅、上梁
2036-04-24,执,天德,是,祭祀、解除、入殓、移柩、启钻、安葬、整手足甲、捕捉、畋猎、取渔、除服、成服、扫舍、谢土、斋醮,动土、破土
2036-04-25,破,白虎,否,祭祀、沐浴、解除、破屋、坏垣、求医、治病、馀事勿取,嫁娶、开市
2036-04-26,破,白虎,否,沐浴、塞穴、畋猎、结网、取渔、扫舍、馀事勿取,祈福、安葬
2036-04-27,危,玉堂,是,开市、交易、立券、挂匾、祭祀、开光、祈福、求嗣、安床、解除、修造、安葬,纳采、问名、订盟、嫁娶、入宅、开仓、出火、动土、破土、纳畜、伐木
2036-04-28,成,天牢,是,祭祀、修门、取渔、纳财、纳畜、馀事勿取,嫁娶、入宅
2036-04-29,收,玄武,否,安香、出火、纳采、订盟、嫁娶、开市、立券、交易、挂匾、开光、出行、解除、安床、栽种、置产、拆卸、修造、动土,作灶、安葬、祭祀、入殓
2036-04-30,开,司命,是,祭祀、出行、修造、动土、合帐、造畜稠、安床、移徙、入殓、移柩、破土、启钻、安葬、开生坟、合寿木、补垣、塞穴,入宅、作灶、理发、开光、安门
2036-05-01,闭,勾陈,否,祭祀、修饰垣墙、馀事勿取,开光、修造、动土、破土
2036-05-02,建,青龙,否,嫁娶、祭祀、祈福、求嗣、斋醮、开光、出火、移徙、入宅、竖柱、上梁、会亲友、盖屋、起基、治病、安门、造车器、掘井、开池,纳采、出行、修坟、安葬、开市、立券、作灶
2036-05-03,除,明堂,是,祭祀、塑绘、开光、纳采、嫁娶、开市、出行、会亲友、安床、结网、除服、成服、启钻、安葬、移柩,祈福、入宅、盖屋、动土、破土、探病
2036-05-04,满,天刑,否,祭祀、作灶、平治道涂、馀事勿取,安床、入宅、安碓磑、栽种
2036-05-05,平,朱雀,否,沐浴、平治道涂、扫舍、入殓、移柩、破土、启钻、安葬、馀事勿取,诸事不宜
2036-05-06,定,金匮,是,嫁娶、祭祀、祈福、求嗣、开光、出行、出火、拆卸、动土、上梁、进人口、入宅、移徙、安床、安门、开市、交易、立券、挂匾、栽种、破土、安葬,无
2036-05-07,执,天德,是,祭祀、开光、出行、解除、塑绘、裁衣、入殓、移柩、破土、启钻、安葬、除服、成服,嫁娶、上梁、修造、拆卸、架马、入宅、伐木、动土、出火、开柱眼
2036-05-08,破,白虎,否,祭祀、解除、破屋、坏垣、馀事勿取,诸事不宜
2036-05-09,危,玉堂,是,嫁娶、祭祀、祈福、求嗣、开光、出行、拆卸、动土、上梁、出火、进人口、入宅、移徙、安床、栽种、纳畜、牧养、竖柱、安门、修造、解除、会亲友,无
2036-05-10,成,天牢,是,开市、交易、立券、祭祀、祈福、开光、伐木、进人口、安床、拆卸、修造、动土、栽种、破土、移柩、安葬,入宅、移徙、理发、出火、嫁娶、出行
2036-05-11,收,玄武,否,结网、解除、馀事勿取,诸事不宜
2036-05-12,开,司命,是,嫁娶、祭祀、祈福、求嗣、开光、开市、交易、立券、安床、出行、拆卸,纳畜、入宅、移徙、安葬、探病、伐木、上梁、安门、入殓、动土
2036-05-13,闭,勾陈,否,嫁娶、祭祀、祈福、求嗣、出行、出火、拆卸、修造、动土、入宅、移徙、安床、作灶、塞穴、栽种、破土、安葬,开光、掘井、开仓
2036-05-14,建,青龙,否,解除、扫舍、馀事勿取,诸事不宜
2036-05-15,除,明堂,是,开市、交易、立券、挂匾、开光、出行、拆卸、进人口、入宅、移柩、动土、安门、上梁、栽种、破土、修坟、安葬,嫁娶、安床、探病、作灶
2036-05-16,满,天刑,否,进人口、会亲友,塞穴、上梁、动土、伐木、安葬、词讼
2036-05-17,平,朱雀,否,沐浴、平治道涂、扫舍、入殓、破土、安葬、除服、成服,嫁娶、移徙、伐木、作梁、安床、祭祀、祈福、盖屋
2036-05-18,定,金匮,是,嫁娶、祭祀、祈福、求嗣、开光、出火、出行、拆卸、动土、解除、进人口、开市、交易、立券、挂匾、入宅、移徙、安床、安门、上梁、安葬、破土、谢土,无
2036-05-19,执,天德,是,祭祀、祈福、求嗣、开光、解除、合帐、冠笄、伐木、架马、作梁、修造、进人口、嫁娶、裁衣、安床、动土、起基、上梁、竖柱、放水、会亲友,无
2036-05-20,破,白虎,否,破屋、坏垣、沐浴、解除、馀事勿取,诸事不宜
2036-05-21,危,玉堂,是,纳采、订盟、嫁娶、造车器、祭祀、祈福、求嗣、开光、出火、拆卸、修造、动土、进人口、挂匾、入宅、移徙、安床、栽种、入殓、破土、安葬、除服、成服,开市、立券
2036-05-22,成,天牢,是,开市、交易、立券、祭祀、祈福、开光、动土、安床、出行、栽种、纳畜、牧养、竖柱、上梁、解除、破土,嫁娶、掘井、入宅、移徙、安葬
2036-05-23,收,玄武,否,解除、出行、纳采、冠笄、竖柱、上梁、移徙、作灶、进人口、入宅、纳畜、牧养,祭祀、伐木、架马、安床、修造、动土、安葬、修坟、破土
2036-05-24,开,司命,是,祭祀、祈福、求嗣、开光、出行、开市、交易、立券、栽种、安床、纳畜、移徙、起基、动土、定磉、造仓、置产、破土、启钻、修坟,入宅、修造、安门、伐木、入殓、安葬、盖屋
2036-05-25,闭,勾陈,否,嫁娶、交易、立券、开厕、补垣、塞穴、畋猎、取渔、开生坟,安床、开渠、上梁、修造、开市、开光、入宅、移徙
2036-05-26,闭,勾陈,否,塞穴、断蚁、结网、畋猎、馀事勿取,嫁娶、安葬、入宅、出行、动土、词讼
2036-05-27,建,青龙,否,纳采、订盟、嫁娶、祭祀、祈福、求嗣、开光、解除、出行、出火、入宅、移徙、栽种、纳畜、牧养、动土、破土、入殓、安葬,作灶、安床、开仓、盖屋
2036-05-28,除,明堂,是,开光、纳采、裁衣、冠笄、安床、作灶、进人口、造仓、塞穴,嫁娶、栽种、修造、动土、出行、伐木、作梁、安葬、谢土
2036-05-29,满,天刑,否,纳采、嫁娶、裁衣、理发、出行、修造、动土、进人口、开市、交易、立券、挂匾、移徙、上梁、栽种、纳畜,伐木、安葬、安床、祭祀、祈福
2036-05-30,平,朱雀,否,开市、交易、立券、挂匾、祭祀、祈福、斋醮、出行、盖屋、起基、修造、动土、定磉、安床、安机械、安葬、破土、启钻、除服、成服、立碑,作灶、嫁娶、移徙、入宅、理发
2036-05-31,定,金匮,是,嫁娶、纳采、订盟、祭祀、祈福、求嗣、开光、出火、出行、拆卸、动土、修造、进人口、入宅、移徙、安床、解除、挂匾、栽种、破土、谢土、入殓、移柩、安葬,开市、立券、造船、合寿木
2036-06-01,执,天德,是,祭祀、沐浴、解除、破屋、坏垣、馀事勿取,开光、安葬
2036-06-02,破,白虎,否,订盟、纳采、嫁娶、解除、祭祀、祈福、求嗣、开光、出行、出火、拆卸、入宅、移徙、安床、栽种、纳畜、动土、破土、谢土、安葬、修坟,作灶、开市、经络
2036-06-03,危,玉堂,是,祭祀、祈福、求嗣、开光、订盟、纳采、解除、动土、起基、进人口、开市、交易、立券、纳财、造仓、开池、栽种、纳畜、破土、安葬,安床、上梁、裁衣、入宅、嫁娶
2036-06-04,成,天牢,是,祭祀、结网、捕捉、馀事勿取,探病、嫁娶、开市
2036-06-05,收,玄武,否,祭祀、栽种、馀事勿取,诸事不宜
2036-06-06,开,司命,是,嫁娶、开光、祭祀、祈福、求嗣、出行、解除、伐木、入宅、移徙、安床、出火、拆卸、修造、上梁、栽种、移柩,安葬、开市、交易、立券
2036-06-07,闭,勾陈,否,求嗣、嫁娶、纳采、合帐、裁衣、冠笄、伐木、作梁、修造、动土、起基、竖柱、上梁、安门、作灶、筑堤、造畜稠,安葬、出行、祈福、栽种
2036-06-08,建,青龙,否,祭祀、解除、馀事勿取,诸事不宜
2036-06-09,除,明堂,是,嫁娶、祭祀、祈福、出火、开光、求嗣、出行、拆卸、开市、交易、立券、挂匾、入宅、移徙、安床、栽种、动土,安葬、行丧、伐木、作梁
2036-06-10,满,天刑,否,开光、求嗣、出行、解除、伐木、出火、拆卸、修造、上梁、起基、入宅、移徙、开市、交易、立券、栽种、牧养、入殓、安葬、除服、成服,置产、安床
2036-06-11,平,朱雀,否,祭祀、理发、修饰垣墙、平治道涂、沐浴、整手足甲、扫舍,出行、安门、修造、嫁娶、上梁、入宅
2036-06-12,定,金匮,是,嫁娶、祭祀、开光、祈福、求嗣、出行、出火、拆卸、动土、修造、进人口、入宅、移徙、安床、挂匾、交易、立券、栽种、纳畜、入殓、破土、启钻、安葬,无
2036-06-13,执,天德,是,祭祀、祈福、求嗣、开光、出行、伐木、出火、拆卸、修造、动土、起基、安床、入宅、移徙,嫁娶、开市、交易、行丧、安葬、修坟
2036-06-14,破,白虎,否,破屋、坏垣、馀事勿取,诸事不宜
2036-06-15,危,玉堂,是,开市、交易、立券、纳财、开池、开厕、结网、祭祀、修造、动土、安床、放水、经络、破土,嫁娶、造桥、词讼、移徙、安门、作灶、栽种
2036-06-16,成,天牢,是,开市、交易、立券、纳财、栽种、安床、拆卸、修造、动土、上梁、入殓、安葬、破土、除服、成服,嫁娶、出火、伐木、祭祀、入宅、移徙、纳畜、探病
2036-06-17,收,玄武,否,祭祀、作灶、馀事勿取,诸事不宜
2036-06-18,开,司命,是,解除、坏垣、馀事勿取,诸事不宜
2036-06-19,闭,勾陈,否,修造、动土、起基、安门、安床、栽种、筑堤、补垣、造畜稠,嫁娶、掘井、入宅、移徙、出火、出行、行丧、安葬、开光、理发、进人口
2036-06-20,建,青龙,否,祭祀、教牛马、断蚁、馀事勿取,斋醮、移徙、入宅、动土
2036-06-21,除,明堂,是,纳采、订盟、嫁娶、祭祀、祈福、开市、纳财、立券、移徙、出行、修造、动土、起基、定磉、竖柱、拆卸、扫舍、放水、安香、安床、造船、开池、掘井、造畜稠、栽种,行丧、安葬、破土、作灶、伐木、斋醮
2036-06-22,满,天刑,否,嫁娶、开光、祭祀、祈福、出行、解除、移徙、入宅、开市、纳财、起基、修造、竖柱、上梁、盖屋、作灶、出火、安香、补垣、塞穴、拆卸、放水、扫舍、造仓、造船、栽种、安葬,纳采、订盟、安床、谢土、破土、动土
2036-06-23,平,朱雀,否,嫁娶、祭祀、理发、作灶、修饰垣墙、平治道涂、整手足甲、沐浴、冠笄,破土、出行、栽种
2036-06-24,平,朱雀,否,嫁娶、纳采、订盟、祭祀、祈福、求嗣、开光、出火、出行、拆卸、修造、动土、进人口、入宅、移徙、安床、交易、立券、挂匾、纳财、入殓、安葬、启钻、除服、成服,掘井、破土
2036-06-25,定,金匮,是,畋猎、捕捉、结网、取渔、祭祀、沐浴、馀事勿取,嫁娶、开市、安葬、启钻、行丧
2036-06-26,执,天德,是,祭祀、破屋、坏垣、馀事勿取,移徙、入宅、开仓、出货财
2036-06-27,破,白虎,否,祭祀、斋醮、塑绘、开光、出行、修造、动土、造畜稠、安床、放水、掘井、开池、开厕、结网、破土,出火、入宅
2036-06-28,危,玉堂,是,开市、交易、立券、挂匾、开光、解除、拆卸、动土、安床、修造、上梁、置产、栽种、破土、安葬,作灶、出火、祭祀、嫁娶、入宅
2036-06-29,成,天牢,是,祭祀、结网、馀事勿取,入宅、出行、掘井、安葬
2036-06-30,收,玄武,否,嫁娶、纳采、订盟、冠笄、造车器、祭祀、开光、祈福、求嗣、出行、解除、伐木、出火、入宅、拆卸、修造、动土、上梁、安床、栽种、破土,行丧、置产、安葬
2036-07-01,开,司命,是,嫁娶、合帐、裁衣、冠笄、伐木、上梁、出火、拆卸、移徙、修造、动土、安门、纳财、筑堤、栽种、塞穴,安床、祈福、出行、安葬、行丧、开光
2036-07-02,闭,勾陈,否,出行、教牛马、割蜜、馀事勿取,斋醮、盖屋、动土、破土
2036-07-03,建,青龙,否,嫁娶、祭祀、祈福、求嗣、开光、出行、解除、出火、拆卸、修造、进人口、入宅、移徙、动土、安床、纳畜、栽种、纳财、交易、立券、挂匾、造畜稠,安葬、开生坟、行丧
2036-07-04,除,明堂,是,安机械、祭祀、祈福、求嗣、沐浴、解除、纳采、开市、修造、竖柱、上梁、开柱眼、安碓磑、归岫、补垣、塞穴、拆卸、放水、出火、扫舍、开生坟、合寿木、安葬、谢土、启钻、除服、成服,嫁娶、安床、作灶、动土、破土、造船
2036-07-05,满,天刑,否,祭祀、沐浴、理发、整手足甲、修饰垣墙、平治道涂、馀事勿取,开市、入宅、出行、修造、词讼
2036-07-06,平,朱雀,否,嫁娶、祭祀、裁衣、结网、冠笄、沐浴,开仓、出货财、置产、安葬、动土、破土、掘井、栽种
2036-07-07,定,金匮,是,入宅、移徙、安床、开光、祈福、求嗣、进人口、开市、交易、立券、出火、拆卸、修造、动土,嫁娶、破土、置产、栽种、安葬、修坟、行丧
2036-07-08,执,天德,是,祭祀、解除、沐浴、整手足甲、入殓、移柩、破土、启钻、安葬,嫁娶、入宅、移徙、作灶、开市、交易、安门、栽种
2036-07-09,破,白虎,否,破屋、坏垣、馀事勿取,诸事不宜
2036-07-10,危,玉堂,是,嫁娶、开光、出行、理发、作梁、出火、拆卸、修造、开市、交易、立券、挂匾、动土、入宅、移徙、安床、栽种,伐木、祭祀、纳畜
2036-07-11,成,天牢,是,嫁娶、开光、出行、祈福、求嗣、解除、拆卸、动土、修造、进人口、开市、交易、立券、挂匾、入宅、移徙、安床、栽种、纳畜、入殓、移柩、安葬,无
2036-07-12,收,玄武,否,祭祀、作灶、纳财、栽种、纳畜、进人口,安葬、经络、修坟、破土、开市、安床、启钻、立碑
2036-07-13,开,司命,是,祭祀、祈福、求嗣、开光、开市、牧养、理发,嫁娶、出行、安葬、入殓、入宅、作灶、冠笄、上梁
2036-07-14,闭,勾陈,否,祭祀、入殓、破土、除服、成服、移柩、启钻、安葬、谢土、馀事勿取,无
2036-07-15,建,青龙,否,祭祀、出行、交易、割蜜、造畜稠,嫁娶、作灶、安葬、动土、词讼、作梁、伐木、掘井、破土、移徙
2036-07-16,除,明堂,是,嫁娶、祭祀、祈福、求嗣、开光、出火、拆卸、修造、动土、进人口、开市、交易、立券、挂匾、入宅、移徙、栽种、纳畜、入殓、启钻、除服、成服,无
2036-07-17,满,天刑,否,嫁娶、开光、解除、安床、牧养、理发、开市、入殓、启钻、移柩、安葬、扫舍,作灶、动土、上梁、栽种、入宅、移徙、修造、祈福
2036-07-18,平,朱雀,否,祭祀、解除、馀事勿取,诸事不宜
2036-07-19,定,金匮,是,祭祀、祈福、求嗣、开光、伐木、出火、拆卸、入宅、安床、修造、动土、上梁、挂匾、纳畜,嫁娶、栽种、行丧、理发、修坟、作灶
2036-07-20,执,天德,是,解除、祭祀、理发、入殓、安葬、破土,嫁娶、开市、出火、作灶、置产、斋醮、入宅、移徙、安门
2036-07-21,破,白虎,否,破屋、坏垣、馀事勿取,诸事不宜
2036-07-22,危,玉堂,是,开市、交易、立券、纳财、动土、开光、出行、嫁娶、纳采、订盟、入学、开仓、出货财、纳畜、牧养、栽种、破土、启钻、安葬、立碑,入宅、移徙、作灶、祭祀、谢土
2036-07-23,成,天牢,是,嫁娶、纳采、订盟、祭祀、祈福、求嗣、开光、出火、出行、拆卸、修造、动土、进人口、开市、交易、立券、挂匾、入宅、移徙、安床、栽种、入殓、破土、谢土、安葬,掘井、伐木、纳畜、合寿木
2036-07-24,收,玄武,否,祭祀、冠笄、作灶、交易、纳财、栽种、结网、纳畜、牧养、进人口,开渠、造船、安床、安葬、破土、出行、修坟、掘井、开市、开生坟
2036-07-25,开,司命,是,嫁娶、订盟、祭祀、祈福、求嗣、纳采、裁衣、冠笄、开光、安床、作梁、修造、动土、作灶、起基、上梁、盖屋、纳畜、牧养,移徙、栽种、出行、行丧、破土、安葬、词讼
2036-07-26,闭,勾陈,否,经络、祭祀、沐浴、补垣、塞穴、除服、成服、移柩、入殓、启钻、立碑,开光、治病、嫁娶、掘井、破土、安葬
2036-07-27,建,青龙,否,嫁娶、祭祀、出行、裁衣、冠笄、交易、雕刻、纳财、造畜稠、造车器、教牛马,移徙、入宅、栽种、动土、破土、作灶、安葬、行丧、伐木、上梁
2036-07-28,除,明堂,是,修造、动土、安机械、祭祀、沐浴、解除、拆卸、治病、作灶、盖屋、起基、开池、扫舍、造畜稠、开生坟、合寿木、安葬、破土、启钻、移柩、入殓、立碑,开市、入宅、出行、安床
2036-07-29,满,天刑,否,嫁娶、纳采、订盟、造车器、开光、出行、拆卸、起基、安床、除服、成服、开市、交易、立券、栽种、牧养、入殓、移柩、启钻,上梁、入宅、修造、动土、破土、祭祀、祈福、斋醮
2036-07-30,平,朱雀,否,祭祀、嫁娶、畋猎、结网,动土、破土、治病、开渠
2036-07-31,定,金匮,是,纳采、订盟、会亲友、入学、祭祀、祈福、求嗣、开光、出行、解除、理发、动土、起基、开市、交易、立券、纳财、造仓、栽种、纳畜、牧养,嫁娶、作灶、出火、置产、入宅、安葬
2036-08-01,执,天德,是,祭祀、祈福、解除、整手足甲、安床、沐浴、入殓、移柩、破土、启钻、安葬、谢土,嫁娶、斋醮、开市、出火、入宅、移徙、出行、作灶、安门、伐木
2036-08-02,破,白虎,否,破屋、坏垣、解除、馀事勿取,嫁娶、安葬
2036-08-03,危,玉堂,是,嫁娶、开市、立券、移徙、入宅、安机械、会亲友、经络、安门、安床、挂匾、拆卸、开仓、出货财、开池、栽种、纳畜、牧养、破土、安葬、启钻、移柩、入殓、立碑,祭祀、祈福、探病、谢土、造桥
2036-08-04,成,天牢,是,嫁娶、订盟、纳采、祭祀、祈福、斋醮、开光、会亲友、求医、治病、盖屋、起基、竖柱、上梁、安门、安碓磑、筑堤、开池、破土、安葬、除服、成服,入宅、开市、掘井、词讼、合寿木
2036-08-05,收,玄武,否,纳采、订盟、嫁娶、移徙、入宅、出行、祭祀、祈福、斋醮、塑绘、开光、安香、出火、会亲友、解除、入学、竖柱、上梁、拆卸、盖屋、起基、栽种、牧养、纳畜,安葬、破土、开市、开仓、出货财、启钻
2036-08-06,开,司命,是,纳采、订盟、嫁娶、祭祀、沐浴、塑绘、开光、出火、治病、习艺、伐木、盖屋、竖柱、上梁、安床、作灶、安碓磑、挂匾、掘井、纳畜,出行、安葬、造桥
2036-08-07,闭,勾陈,否,嫁娶、祭祀、祈福、求嗣、出行、动土、安床、掘井、破土、启钻,入宅、作梁、安门、伐木、修造、上梁、入殓、盖屋
2036-08-08,建,青龙,否,嫁娶、祭祀、祈福、求嗣、出行、出火、拆卸、修造、移徙、动土、安床、入殓、破土、安葬、启钻,盖屋、开光、理发、造船、掘井、作灶
2036-08-09,除,明堂,是,祭祀、祈福、求嗣、开光、出行、解除、上梁、盖屋、移徙、安门、纳财、牧养、纳畜、安葬、启钻、入殓,破土、置产、掘井、动土、安床
2036-08-10,满,天刑,否,祭祀、解除、沐浴、理发、整手足甲、入殓、移柩、破土、安葬、扫舍,嫁娶、会亲友、进人口、出行、入宅、移徙、赴任、作灶
2036-08-11,平,朱雀,否,塑绘、开光、进人口、纳畜、补垣、塞穴、栽种、牧养,嫁娶、纳财、祈福、安葬、修造、开市、交易、立券、动土、上梁
2036-08-12,定,金匮,是,作灶、沐浴、修饰垣墙、平治道涂、馀事勿取,诸事不宜
2036-08-13,执,天德,是,祭祀、求嗣、开光、出行、伐木、作梁、出火、解除、拆卸、进人口、修造、动土、起基、安床、栽种、纳畜、入殓、破土、安葬、除服、成服,嫁娶、移徙
2036-08-14,破,白虎,否,祭祀、塞穴、入殓、破土、安葬、移柩、馀事勿取,诸事不宜
2036-08-15,危,玉堂,是,破屋、坏垣、馀事勿取,诸事不宜
2036-08-16,成,天牢,是,祭祀、入殓、移柩、结网、启钻、安葬、除服、成服、馀事勿取,诸事不宜
2036-08-17,收,玄武,否,嫁娶、出火、拆卸、祭祀、祈福、开光、伐木、动土、开市、交易、立券、入宅、移徙、安床、纳畜、入殓、安葬,栽种、作灶、针灸、出行
2036-08-18,开,司命,是,祭祀、开光、解除、进人口、交易、立券、纳财、纳畜,动土、破土、嫁娶、理发、出行、入宅、移徙、分居、安香、出火
2036-08-19,闭,勾陈,否,嫁娶、祭祀、祈福、求嗣、开光、出行、解除、安床、栽种、移柩、进人口、会亲友、除服、成服,盖屋、入殓、安葬、伐木、入宅、移徙、置产、纳畜
2036-08-20,建,青龙,否,祭祀、动土、筑堤、开池、会亲友、塞穴、入殓、移柩、破土、安葬,开光、出行、修造、上梁、入宅、安门、作灶、裁衣
2036-08-21,除,明堂,是,祭祀、裁衣、安门、纳财、扫舍、出行、进人口、作灶、纳畜、造畜稠,安床、动土、安葬、开生坟、合寿木
2036-08-22,除,明堂,是,祭祀、解除、拆卸、修造、动土、起基、上梁、安床、安门、开渠、开池、入殓、破土、启钻,嫁娶、出行、进人口、作灶、入宅、移徙、栽种、赴任
2036-08-23,满,天刑,否,纳采、订盟、开光、出行、解除、安香、出火、拆卸、入宅、移徙、修造、上梁、安床、栽种、纳畜、会亲友、安机械、经络,伐木、谢土、行丧、祭祀、作灶、动土、破土、安葬、祈福
2036-08-24,平,朱雀,否,修饰垣墙、平治道涂、祭祀、沐浴、作灶,嫁娶、词讼、治病、置产、作梁、祈福、安葬、栽种、伐木、安门
2036-08-25,定,金匮,是,嫁娶、祭祀、祈福、求嗣、出火、出行、开光、解除、拆卸、修造、进人口、安香、交易、立券、入宅、移徙、安床、动土、破土、谢土、安葬、入殓、除服、成服,斋醮、开市、开仓、作灶、造船
2036-08-26,执,天德,是,破土、安葬、移柩、入殓、祭祀、捕捉、除服、成服、馀事勿取,嫁娶、入宅、开市、交易
2036-08-27,破,白虎,否,破屋、坏垣、治病、馀事勿取,祈福、纳采、订盟、嫁娶、入宅、安葬
2036-08-28,危,玉堂,是,嫁娶、开光、祭祀、祈福、求嗣、安香、出火、解除、伐木、入宅、移徙、安床、开市、交易、立券、栽种、出行、安葬,掘井、理发、作灶、动土、破土、开池
2036-08-29,成,天牢,是,安机械、纳采、订盟、祭祀、祈福、求嗣、开光、普渡、出行、出火、拆卸、修造、动土、进人口、开市、交易、立券、移徙、安床、栽种、上梁、纳畜、破土、移柩、安葬,入宅、嫁娶、掘井、牧养
2036-08-30,收,玄武,否,嫁娶、祭祀、祈福、求嗣、裁衣、冠笄、经络、修造、进人口、安床、动土、竖柱、上梁、移徙、交易、立券、栽种、会亲友,行丧、安葬、出行、作梁、纳畜、伐木、造桥
2036-08-31,开,司命,是,嫁娶、纳采、订盟、开光、祭祀、出行、理发、动土、安床、放水、开渠、栽种、进人口,入宅、上梁、入殓、盖屋、探病、作灶、安门、安葬、纳畜、伐木
2036-09-01,闭,勾陈,否,祭祀、出行、作梁、出火、拆卸、修造、动土、起基、安床、补垣、塞穴、入殓、破土、安葬、移柩、造畜稠,嫁娶、入宅、斋醮、开光、针灸、掘井
2036-09-02,建,青龙,否,嫁娶、纳采、订盟、祭祀、祈福、求嗣、出行、解除、竖柱、入宅、移徙、纳财、上梁、纳畜、入殓、安葬、启钻,栽种、掘井、动土、安床、破土、置产
2036-09-03,除,明堂,是,解除、祭祀、祈福、求嗣、修造、动土、竖柱、上梁、安床、纳畜、盖屋、合脊、起基、入殓、破土、安葬,出火、嫁娶、开光、进人口、出行、词讼、开市、入宅、移徙、赴任
2036-09-04,满,天刑,否,沐浴、理发、会亲友、塑绘、开光、栽种、牧养、嫁娶、经络、补垣、塞穴,开市、入宅、动土、破土、安葬、作灶、上梁、安床、开仓、祈福
2036-09-05,平,朱雀,否,祭祀、理发、作灶、沐浴、修饰垣墙、平治道涂,嫁娶、栽种、祈福、造桥、安葬、安门、伐木、作梁
2036-09-06,定,金匮,是,嫁娶、纳采、订盟、祭祀、祈福、斋醮、普渡、移徙、入宅、出行、安机械、开光、修造、动土、竖柱、上梁、盖屋、起基、定磉、安门、安葬、破土,开市、立券、置产、作灶、造桥
2036-09-07,执,天德,是,嫁娶、祭祀、祈福、求嗣、沐浴、出火、出行、拆卸、修造、动土、进人口、开市、交易、立券、入宅、移徙、安床、栽种、纳畜、入殓、安葬、启钻、除服、成服,无
2036-09-08,破,白虎,否,开光、解除、起基、动土、拆卸、上梁、立碑、修坟、安葬、破土、启钻、移柩,嫁娶、出行、安床、作灶、祭祀、入宅、移徙、出火、进人口、置产
2036-09-09,危,玉堂,是,破屋、坏垣、馀事勿取,诸事不宜
2036-09-10,成,天牢,是,嫁娶、祈福、求嗣、出行、出火、拆卸、修造、动土、上梁、开光、进人口、开市、交易、立券、挂匾、安床、入宅、移徙、栽种、伐木、入殓、破土、除服、成服,无
2036-09-11,收,玄武,否,开市、交易、立券、挂匾、祭祀、开光、进人口、入宅、安床、出火、拆卸、修造、动土、栽种,嫁娶、立碑、出行、伐木、安葬、行丧、移徙、纳畜
2036-09-12,开,司命,是,祭祀、理发、会亲友、进人口、嫁娶、针灸、入殓、移柩,探病、开渠、安葬、伐木、作灶、入宅
2036-09-13,闭,勾陈,否,祭祀、立碑、修坟、启钻、除服、成服、馀事勿取,无
2036-09-14,建,青龙,否,嫁娶、出行、伐木、拆卸、修造、动土、移徙、安葬、破土、修坟、立碑,掘井、祈福、安床、开市、入宅、挂匾、开光
2036-09-15,除,明堂,是,祭祀、出行、扫舍、馀事勿取,诸事不宜
2036-09-16,满,天刑,否,嫁娶、祭祀、塑绘、开光、出行、解除、理发、整手足甲、动土、安床、开池、放水、扫舍,伐木、行丧、作灶、作梁、安葬
2036-09-17,平,朱雀,否,开市、交易、立券、挂匾、开光、出行、入宅、移徙、安床、出火、上梁,作灶、行丧、理发、乘船、嫁娶、安葬
2036-09-18,定,金匮,是,祭祀、沐浴、修饰垣墙、平治道涂、馀事勿取,诸事不宜
2036-09-19,执,天德,是,嫁娶、祭祀、祈福、求嗣、开光、出行、出火、拆卸、修造、动土、进人口、入宅、移徙、安床、开市、交易、立券、挂匾、栽种、纳畜、入殓、安葬、除服、成服,无
2036-09-20,执,天德,是,解除、坏垣、馀事勿取,诸事不宜
2036-09-21,破,白虎,否,祭祀、治病、破屋、坏垣、馀事勿取,诸事不宜
2036-09-22,危,玉堂,是,嫁娶、纳采、订盟、祭祀、开光、出行、理发、作梁、出火、拆卸、修造、动土、进人口、入宅、移徙、安床、挂匾、栽种、纳畜、破土、安葬、入殓、除服、成服,开市、掘井、开渠、造桥、造船
2036-09-23,成,天牢,是,开市、交易、立券、纳财、挂匾、栽种、祭祀、祈福、开光、拆卸、动土、安床,嫁娶、破土、进人口、出行、入宅、移徙、出火、纳畜、词讼、安葬
2036-09-24,收,玄武,否,嫁娶、祭祀、理发、进人口、作灶、移柩、冠笄、会亲友,开仓、出货财、伐木、纳畜、开市、上梁、盖屋、破土、启钻、栽种
2036-09-25,开,司命,是,祭祀、修坟、除服、成服、启钻、移柩、馀事勿取,开市、入宅、嫁娶、动土、破土、安葬
2036-09-26,闭,勾陈,否,嫁娶、冠笄、安机械、解除、纳畜、牧养、沐浴、伐木、架马、作梁、安门、扫舍、合寿木、安葬、启钻、立碑、修坟,祈福、开光、开市、入宅、动土
2036-09-27,建,青龙,否,祭祀、出行、沐浴、扫舍、安葬、馀事勿取,动土、破土、置产、掘井
2036-09-28,除,明堂,是,嫁娶、纳采、祭祀、解除、出行、修造、动土、开市、上梁、安床、整手足甲、扫舍、求医、治病、起基、定磉、盖屋、合脊,造庙、行丧、安葬、伐木、作灶、造船
2036-09-29,满,天刑,否,纳采、订盟、开市、交易、立券、挂匾、纳财、栽种、进人口、入宅、移徙、安床、开光、出火、拆卸、安门、修造,斋醮、嫁娶、行丧、动土、作灶、安葬、破土
2036-09-30,平,朱雀,否,祭祀、沐浴、修饰垣墙、平治道涂、馀事勿取,嫁娶、入宅、安床、出行
2036-10-01,定,金匮,是,开光、祈福、求嗣、斋醮、修造、动土、纳财、造仓、开厕、栽种、牧养、会亲友,作灶、出火、进人口、开渠、入宅、移徙、祭祀
2036-10-02,执,天德,是,开光、解除、拆卸、修造、动土、竖柱、安门、牧养、安葬、修坟、破土、移柩,出火、入宅、移徙、祈福、祭祀、安床、开市、嫁娶、探病
2036-10-03,破,白虎,否,破屋、坏垣、求医、治病、馀事勿取,移徙、入宅
2036-10-04,危,玉堂,是,嫁娶、纳采、订盟、祭祀、祈福、求嗣、开光、出行、出火、拆卸、修造、动土、进人口、入宅、移徙、安床、上梁、合脊、放水、掘井、破土、移柩、谢土、除服、成服,开市、开仓、安门、安葬
2036-10-05,成,天牢,是,嫁娶、纳采、订盟、祭祀、祈福、求嗣、开光、解除、进人口、入宅、移徙、出火、安床、开市、交易、立券、挂匾,安葬、纳畜、出行、行丧、伐木、栽种、造庙、造桥
2036-10-06,收,玄武,否,祭祀、冠笄、捕捉、馀事勿取,嫁娶、开市、盖屋、作梁、合寿木
2036-10-07,开,司命,是,祭祀、解除、结网、畋猎、取渔、会亲友、入学、移柩、启钻、除服、成服,开市、祈福、动土、破土、入殓、安葬、造船
2036-10-08,闭,勾陈,否,祭祀、祈福、求嗣、开光、开市、出行、解除、动土、起基、置产、栽种,嫁娶、作灶、修坟、安门、入宅、立碑、安葬、安床
2036-10-09,建,青龙,否,祭祀、解除、裁衣、理发、安床、作灶、造畜稠、放水、筑堤、补垣、塞穴、整手足甲、扫舍,嫁娶、开光、会亲友、掘井、安门、栽种
2036-10-10,除,明堂,是,祭祀、出行、裁衣、冠笄、会亲友、造畜稠、嫁娶、竖柱、上梁、移徙、纳财、纳畜,动土、伐木、作梁、行丧、安葬、开生坟
2036-10-11,满,天刑,否,祭祀、祈福、求嗣、开光、出行、解除、移徙、伐木、安床、纳畜、出火、拆卸,安葬、修坟、作灶、破土、造庙、动土、嫁娶、纳采
2036-10-12,平,朱雀,否,开市、交易、立券、纳财、会亲友、开光、理发、入殓、移柩、安葬、启钻,嫁娶、作灶、出火、出行、入宅、移徙、安床、祈福、上梁
2036-10-13,定,金匮,是,造畜稠、平治道涂、馀事勿取,诸事不宜
2036-10-14,执,天德,是,入殓、破土、安葬、启钻、除服、成服、馀事勿取,无
2036-10-15,破,白虎,否,祭祀、入殓、移柩、开生坟、破土、启钻、安葬、除服、成服、馀事勿取,无
2036-10-16,危,玉堂,是,祭祀、解除、破屋、坏垣、馀事勿取,诸事不宜
2036-10-17,成,天牢,是,嫁娶、求嗣、纳采、进人口、纳财、结网、纳畜、牧养、会亲友,上梁、作灶、伐木、出行、安葬、安门、理发
2036-10-18,收,玄武,否,嫁娶、祭祀、开市、开光、出行、入宅、移徙、出火、拆卸、修造、安床,纳畜、伐木、置产、作梁、行丧、安葬、修坟、立碑
2036-10-19,收,玄武,否,嫁娶、祭祀、作灶、纳财,安葬、开市、修坟、立碑
2036-10-20,开,司命,是,嫁娶、祭祀、祈福、求嗣、开光、出行、解除、出火、进人口、开市、交易、立券、挂匾、纳财、入宅、移徙、栽种、破土、谢土,安床、安葬
2036-10-21,闭,勾陈,否,嫁娶、祭祀、祈福、求嗣、动土、安床、扫舍、入殓、移柩、破土、启钻、安葬、作灶、整手足甲、补垣、除服、成服,开光、栽种
2036-10-22,建,青龙,否,祭祀、祈福、求嗣、开光、出行、解除、上梁、入宅、移徙、安床、安门、纳财、纳畜、造畜稠,伐木、行丧、破土、嫁娶、安葬、开渠
2036-10-23,除,明堂,是,祭祀、开光、出行、解除、理发、伐木、出火、拆卸、上梁、合脊、安床、造畜稠,嫁娶、安葬、行丧、词讼、造桥、作灶、破土、动土
2036-10-24,满,天刑,否,纳采、订盟、会亲友、沐浴、理发、裁衣、冠笄、安床、除服、成服、启钻、移柩、安葬、开生坟,开市、入宅、出行、嫁娶、修坟、祈福、动土、安门、谢土、上梁
2036-10-25,平,朱雀,否,解除、祭祀、修饰垣墙、平治道涂、造畜稠、馀事勿取,嫁娶、开市、交易、入宅、入学、安葬
2036-10-26,定,金匮,是,入殓、破土、启钻、安葬、除服、成服、馀事勿取,开市、入宅、祭祀、置产、补垣、塞穴
2036-10-27,执,天德,是,嫁娶、祭祀、祈福、求嗣、开光、出行、拆卸、修造、动土、上梁、安床、纳畜、入殓、破土,入宅、移徙、掘井、理发、伐木、交易、开市、作灶
2036-10-28,破,白虎,否,祭祀、沐浴、破屋、坏垣、馀事勿取,嫁娶、入宅、上梁、出行、安葬
2036-10-29,危,玉堂,是,祭祀、求嗣、冠笄、进人口、会亲友、安门、安床、经络、纳财、牧养、畋猎、放水、割蜜,祈福、斋醮、纳采、订盟、嫁娶、入宅、安葬
2036-10-30,成,天牢,是,嫁娶、纳采、订盟、开市、交易、立券、挂匾、祭祀、祈福、开光、造车器、出行、入宅、移徙、安床、安门、拆卸、修造、动土、栽种、安葬、破土、启钻、除服、成服、入殓、立碑,探病、纳畜、伐木、起基、作梁、盖屋
2036-10-31,收,玄武,否,祭祀、冠笄、移徙、会亲友、纳财、理发、捕捉,嫁娶、开市、开池、开厕、破土
2036-11-01,开,司命,是,祭祀、祈福、求嗣、斋醮、开光、出行、嫁娶、求医、治病、动土、破土、入学、起基、扫舍、竖柱、上梁、开仓、出货财、置产、栽种、牧养、开生坟、谢土、立碑,安门、安床、裁衣、入宅、安葬
2036-11-02,闭,勾陈,否,嫁娶、裁衣、冠笄、合帐、祭祀、出行、安床、移徙、塞穴、入殓、破土、移柩、安葬,开市、栽种、置产、词讼、安门、掘井、开光
2036-11-03,建,青龙,否,祭祀、造车器、出行、修造、上梁、盖屋、安门、安床、造畜稠、教牛马,出货财、开仓、动土、破土、安葬、行丧、伐木、开渠、栽种
2036-11-04,除,明堂,是,祭祀、开光、出行、解除、伐木、作梁、出火、拆卸、入宅、移徙、安床、修造、造畜稠、扫舍,造庙、嫁娶、掘井、栽种、造桥、作灶、动土
2036-11-05,满,天刑,否,纳采、订盟、开市、交易、立券、会亲友、纳畜、牧养、问名、移徙、解除、开厕、入学、起基、安床、开仓、出货财、安葬、启钻、入殓、除服、成服,入宅、上梁、斋醮、出火、谢土
2036-11-06,平,朱雀,否,祭祀、平治道涂、馀事勿取,嫁娶、开市
2036-11-07,定,金匮,是,开市、交易、立券、挂匾、纳财、开光、出行、入宅、移徙、安床、纳畜、入殓、移柩、安葬,栽种、破土、置产、祭祀、嫁娶、动土、作灶、祈福
2036-11-08,执,天德,是,嫁娶、祭祀、祈福、求嗣、开光、出行、解除、出火、拆卸、进人口、入宅、移徙、安床、栽种、动土、修造、纳畜、入殓、安葬、立碑、除服、成服,无
2036-11-09,破,白虎,否,开光、解除、拆卸、修造、动土、安床、纳畜、安葬、启钻、入殓,嫁娶、开市、出火、栽种、破土、入宅、移徙、安香、分居、掘井、作灶
2036-11-10,危,玉堂,是,破屋、坏垣、馀事勿取,诸事不宜
2036-11-11,成,天牢,是,嫁娶、祭祀、开光、出火、出行、拆卸、修造、动土、解除、开市、交易、立券、挂匾、纳财、入宅、移徙、安床、栽种、纳畜,探病、安葬
2036-11-12,收,玄武,否,祭祀、祈福、求嗣、开光、解除、理发、会亲友、栽种、纳畜、牧养、安葬、修坟、立碑、启钻,入宅、作灶、词讼、移徙、出行、赴任
2036-11-13,开,司命,是,祭祀、沐浴、结网、移柩、入殓、除服、成服,安床、开市、交易、出货财、安葬、修坟、嫁娶、作灶
2036-11-14,闭,勾陈,否,解除、馀事勿取,无
2036-11-15,建,青龙,否,安床、祭祀、开池、补垣、入殓、移柩、破土、启钻,入宅、移徙、嫁娶、掘井、作灶、出火、进人口、开市、开光
2036-11-16,除,明堂,是,祭祀、沐浴、馀事勿取,无
2036-11-17,满,天刑,否,嫁娶、开光、出行、解除、出火、拆卸、修造、进人口、动土、入宅、移徙、栽种、纳畜、掘井、安葬、除服、成服,置产、安床
2036-11-18,满,天刑,否,开光、裁衣、安门、会亲友、安床、结网、理发,嫁娶、冠笄、出行、祈福、安葬、伐木、入宅、移徙、出火、栽种、动土、上梁
2036-11-19,平,朱雀,否,嫁娶、开光、出行、出火、拆卸、修造、动土、入宅、移徙、安床、上梁、开市、交易、立券、栽种,祈福、祭祀、伐木、掘井、作灶、谢土
2036-11-20,定,金匮,是,嫁娶、祭祀、祈福、求嗣、开光、出火、出行、拆卸、开市、交易、立券、挂匾、伐木、入宅、移徙、安床、安葬,栽种、掘井、置产
2036-11-21,执,天德,是,祭祀、理发、针灸、解除、进人口、整手足甲,嫁娶、动土、造船、开池、掘井、出行、修造、入宅、上梁、移徙、安葬、破土、作灶、开市
2036-11-22,破,白虎,否,破屋、坏垣、求医、治病、馀事勿取,嫁娶、安葬
2036-11-23,危,玉堂,是,纳采、订盟、嫁娶、祭祀、祈福、雕刻、移徙、开市、入宅、出行、动土、会亲友、入学、修造、起基、安门、安床、造庙、解除、纳财、开池、造畜稠、牧养,上梁、开仓、出货财、盖屋、造船
2036-11-24,成,天牢,是,祭祀、祈福、求嗣、开光、解除、伐木、拆卸、修造、栽种、纳畜、安葬、修坟、立碑,嫁娶、进人口、入宅、移徙、出火、出行
2036-11-25,收,玄武,否,沐浴、扫舍、捕捉、畋猎、解除、塞穴、馀事勿取,嫁娶、入宅、开市、安床、破土、修坟
2036-11-26,开,司命,是,嫁娶、冠笄、祭祀、祈福、求嗣、斋醮、开光、出行、解除、动土、开市、交易、立券、挂匾、拆卸、破土,伐木、上梁、修造、入殓、理发、会亲友、入宅、安门、安葬、作灶
2036-11-27,闭,勾陈,否,合帐、裁衣、嫁娶、安床、入殓、移柩、破土、造畜稠,置产、造船、开光、掘井、作灶
2036-11-28,建,青龙,否,解除、修饰垣墙、冠笄、出行、馀事勿取,开市、动土、破土、嫁娶、安葬
2036-11-29,除,明堂,是,纳采、订盟、嫁娶、祭祀、祈福、求嗣、开光、出行、解除、进人口、开市、立券、挂匾、入宅、移徙、安门、栽种、动土、求医、治病、会亲友、起基、修造、盖屋、安葬,作灶、经络、安床
2036-11-30,满,天刑,否,祭祀、塑绘、理发、会亲友、牧养、开池、造畜稠、畋猎、结网,祈福、谢土、安葬、上梁、作灶、开市、嫁娶、出行、入宅、动土
2036-12-01,平,朱雀,否,出行、纳财、开市、交易、立券、动土、移徙、入宅、裁衣、会亲友、拆卸、进人口、安香、经络、出货财、修饰垣墙、平治道涂,造庙、谢土、作灶、作梁、伐木、安葬、行丧、修坟、探病
2036-12-02,定,金匮,是,嫁娶、纳采、订盟、祭祀、斋醮、开光、安香、出火、出行、拆卸、动土、祈福、进人口、纳财、交易、立券、移徙、安床、修造、安葬、除服、成服,置产、掘井、词讼、栽种
2036-12-03,执,天德,是,嫁娶、纳采、订盟、祭祀、开光、出行、解除、伐木、出火、入宅、移徙、拆卸、修造、栽种、安葬、入殓,破土、动土、安门、作灶、开市、交易
2036-12-04,破,白虎,否,祭祀、解除、破屋、坏垣、求医、治病、馀事勿取,嫁娶、安葬
2036-12-05,危,玉堂,是,祭祀、扫舍、破土、安葬、除服、成服、启钻、移柩、入殓、立碑、馀事勿取,嫁娶、入宅、修造、动土
2036-12-06,成,天牢,是,祭祀、祈福、求嗣、斋醮、开光、入学、订盟、冠笄、伐木、修造、动土、起基、放水、交易、开池,造桥、安门、理发、造庙、栽种、作灶
2036-12-07,收,玄武,否,解除、坏垣、馀事勿取,诸事不宜
2036-12-08,开,司命,是,沐浴、理发、扫舍,伐木、纳畜、上梁、入宅、作灶、造畜稠、嫁娶、安葬、作梁、造船、安门
2036-12-09,闭,勾陈,否,祭祀、开光、祈福、解除、作梁、动土、安床、掘井、栽种、纳畜、破土、移柩,嫁娶、出行、赴任、盖屋、入殓、入宅、移徙、出火、进人口、安葬
2036-12-10,建,青龙,否,作梁、修造、动土、安门、作灶、塞穴、开池、开厕、筑堤、补垣、栽种,嫁娶、祈福、掘井、行丧、安葬、安床
2036-12-11,除,明堂,是,安葬、启钻、移柩、入殓、除服、成服,馀事勿取
2036-12-12,满,天刑,否,嫁娶、祭祀、祈福、求嗣、出行、出火、拆卸、开市、交易、立券、挂匾、入宅、移徙、安床、栽种,作灶、塑绘、行丧、词讼、伐木、安葬
2036-12-13,平,朱雀,否,理发、开光、解除、拆卸、修造、安葬、开市、交易、立券、挂匾、安床、栽种,入宅、移徙、作灶、祈福、祭祀、嫁娶、谢土、掘井、盖屋、探病
2036-12-14,定,金匮,是,祭祀、修饰垣墙、馀事勿取,诸事不宜
2036-12-15,执,天德,是,入宅、安床、开光、祭祀、出火、拆卸、动土、挂匾、入殓、破土、安葬、纳畜,嫁娶、开市、作灶、置产、作梁、伐木
2036-12-16,破,白虎,否,祭祀、解除、馀事勿取,诸事不宜
2036-12-17,破,白虎,否,破屋、坏垣、祭祀、沐浴、馀事勿取,诸事不宜
2036-12-18,危,玉堂,是,安床、祭祀、祈福、求嗣、冠笄、伐木、架马、动土、开池、开厕、结网、入殓、除服、成服,安门、栽种、作灶、治病
2036-12-19,成,天牢,是,解除、扫舍、馀事勿取,诸事不宜
2036-12-20,收,玄武,否,祭祀、开光、理发、整手足甲、安床、作灶、扫舍、教牛马,伐木、纳畜、破土、安葬、开生坟、嫁娶、开市、动土、交易、作梁
2036-12-21,开,司命,是,祭祀、祈福、求嗣、开光、拆卸、修造、动土、上梁、安床、置产、栽种、破土,嫁娶、进人口、安葬、出行、赴任、入宅、移徙、入殓、开渠
2036-12-22,闭,勾陈,否,沐浴、冠笄、补垣、塞穴、裁衣、修造、作梁、开柱眼、安碓磑、筑堤、开厕、断蚁,移徙、入宅、嫁娶、祈福、开光、掘井
2036-12-23,建,青龙,否,交易、进人口、祭祀、沐浴、捕捉、入殓、除服、成服、安葬、谢土、启钻、修坟,斋醮、入宅、修造、动土、破土
2036-12-24,除,明堂,是,嫁娶、纳采、订盟、造车器、祭祀、祈福、造庙、安香、出火、出行、归宁、入学、入宅、交易、立券、求医、治病、修造、动土、竖柱、上梁、盖屋、起基、安门,斋醮、伐木、作梁、安葬、行丧
2036-12-25,满,天刑,否,纳采、订盟、开市、交易、立券、出行、会亲友、安机械、竖柱、上梁、平治道涂、伐木、拆卸、盖屋、起基、安床、安门、解除、安葬、启钻、除服、成服、修坟、立碑、移柩、入殓,嫁娶、动土、破土、祈福、出火、入宅
2036-12-26,平,朱雀,否,祭祀、平治道涂、除服、成服、安葬、馀事勿取,嫁娶、入宅、纳采、订盟、掘井
2036-12-27,定,金匮,是,纳采、订盟、祭祀、祈福、开光、安香、出火、出行、会亲友、安机械、修造、动土、竖柱、上梁、盖屋、起基、定磉、安床、安门、拆卸、移徙、造桥、造船、安葬、破土、入殓,开市、造庙、置产、掘井
2036-12-28,执,天德,是,嫁娶、冠笄、祭祀、祈福、求嗣、斋醮、进人口、会亲友、伐木、作梁、开柱眼、安床、掘井、捕捉、畋猎,开生坟、破土、行丧、安葬
2036-12-29,破,白虎,否,破屋、坏垣、治病、馀事勿取,移徙、入宅
2036-12-30,危,玉堂,是,安床、架马、祭祀、塑绘、开光、出行、理发、伐木、作梁、开柱眼、开厕、畋猎、破土、入殓、除服、成服、移柩、启钻、修坟、立碑,作灶、安门、造桥、开市、安葬
2036-12-31,成,天牢,是,嫁娶、祭祀、祈福、求嗣、开光、出行、解除、入宅、移徙、纳畜、入殓、破土、修坟、立碑,伐木、作梁、动土、安床、栽种、造桥
2037-01-01,收,玄武,否,祭祀、沐浴、理发、纳财、进人口、栽种、扫舍、捕捉、畋猎、结网,会亲友、安葬、入宅、移徙、安床、开市、行丧、出火、作灶、安门
2037-01-02,开,司命,是,纳采、订盟、祭祀、祈福、求嗣、塑绘、解除、拆卸、修造、动土、竖柱、上梁、安门、置产、开池、掘井、纳畜、安床、栽种、造畜稠、破土、移柩、立碑,嫁娶、开市、出火、进人口、入殓、赴任、入宅、移徙、出行、安葬
2037-01-03,闭,勾陈,否,入宅、移徙、出行、进人口、修造、动土、起基、上梁、安门、造仓、补垣、塞穴、造畜稠,嫁娶、开市、安床、栽种、安葬、祈福、开光、掘井
2037-01-04,建,青龙,否,造畜稠、教牛马,入宅、移徙、分居、作灶、出火、安香、动土、嫁娶、掘井、扫舍、造桥
2037-01-05,除,明堂,是,解除、扫舍、祭祀、教牛马、馀事勿取,无
2037-01-06,满,天刑,否,开市、交易、立券、挂匾、开光、解除、伐木、作梁、出火、入宅、移徙、安床、拆卸、动土、上梁、栽种、纳畜、安葬,嫁娶、祭祀、出行、置产
2037-01-07,平,朱雀,否,开市、交易、立券、纳财、开池、补垣、嫁娶、纳采、纳畜、取渔、安床,修造、上梁、入宅、祈福、探病、掘井、动土、安门、安葬、作灶
2037-01-08,定,金匮,是,祭祀、解除、修饰垣墙、平治道涂、馀事勿取,无
2037-01-09,执,天德,是,嫁娶、祭祀、祈福、求嗣、动土、会亲友、起基、造仓、纳畜、牧养、开厕、进人口,掘井、安葬、栽种、出行、作灶、开市、入宅、安门
2037-01-10,破,白虎,否,嫁娶、祭祀、祈福、求嗣、开光、入宅、移徙、安床、修造、动土、进人口,掘井、安葬、栽种、出行、作灶、开市、安门
2037-01-11,危,玉堂,是,破屋、坏垣、馀事勿取,诸事不宜
2037-01-12,成,天牢,是,嫁娶、开市、交易、立券、开光、出行、出火、拆卸、修造、入宅、移徙、动土、破土、移柩、安葬、启钻、除服、成服,安床、伐木、祈福、纳畜
2037-01-13,收,玄武,否,祭祀、入殓、破土、除服、成服、启钻、安葬、修坟、立碑、馀事勿取,无
2037-01-14,开,司命,是,祭祀、解除、馀事勿取,诸事不宜
2037-01-15,闭,勾陈,否,开市、交易、立券、纳财、纳畜、造畜稠、入宅、移徙、安床、开光、祈福、求嗣、动土,嫁娶、栽种、安葬、理发、造庙、作灶、入殓、行丧、造桥
2037-01-16,闭,勾陈,否,安床、裁衣、交易、立券、入殓、移柩、安葬、除服、成服,置产、嫁娶、出行、开光、栽种、动土、破土、入宅、治病
2037-01-17,建,青龙,否,祭祀、解除、造畜稠、教牛马、针灸、馀事勿取,嫁娶、动土、开池、安葬
2037-01-18,除,明堂,是,沐浴、塑绘、开光、纳采、订盟、开市、交易、立券、纳财、起基、动土、定磉、放水、安葬、破土、启钻、修坟、立碑、移柩,入宅、安门、祭祀、谢土
2037-01-19,满,天刑,否,嫁娶、出行、理发、安床、启钻、安葬、修坟、开市、交易、立券、纳财、开池、牧养,掘井、祈福、谢土、动土、入宅、上梁、修造、作灶
2037-01-20,平,朱雀,否,解除、平治道涂、馀事勿取,移徙、入宅、掘井、造庙、栽种、针灸、治病、开池
2037-01-21,定,金匮,是,嫁娶、祭祀、开光、伐木、出火、拆卸、入宅、移徙、修造、动土、上梁、安床、纳畜,开市、行丧、栽种、出行、出货财、安葬、置产、词讼、治病
2037-01-22,执,天德,是,嫁娶、纳采、订盟、入宅、移徙、安床、祭祀、祈福、开光、出行、解除、出火、拆卸、动土、纳畜、谢土、安葬、破土,伐木、开市、交易、上梁、作灶、安门、盖屋
2037-01-23,破,白虎,否,祭祀、破屋、坏垣、解除、馀事勿取,开市、动土、破土
2037-01-24,危,玉堂,是,嫁娶、纳采、订盟、开光、安香、出火、纳财、开市、交易、立券、裁衣、盖屋、起基、修造、动土、安门、移徙、入宅、栽种、牧养、畋猎、掘井、开池、安葬、破土、入殓、除服、成服、立碑,祈福、造庙、祭祀、安床、谢土
2037-01-25,成,天牢,是,祭祀、斋醮、入殓、破土、启钻、安葬、修坟、立碑、除服、成服,嫁娶、入宅、作灶、纳采、订盟
2037-01-26,收,玄武,否,祭祀、斋醮、纳财、捕捉、畋猎,嫁娶、开市、入宅、安床、破土、安葬
2037-01-27,开,司命,是,纳采、订盟、祭祀、祈福、求嗣、斋醮、沐浴、进人口、会亲友、入学、治病、安碓磑、掘井、开池、纳畜、牧养、造畜稠,嫁娶、合帐、入宅、行丧、安葬
2037-01-28,闭,勾陈,否,祭祀、祈福、求嗣、沐浴、问名、交易、纳财、入殓、移柩、安葬、修坟、立碑、谢土、造畜稠、教牛马,入宅、置产、嫁娶、动土、栽种、开市、开光、破土
2037-01-29,建,青龙,否,祭祀、教牛马、造畜稠、会亲友、解除、馀事勿取,嫁娶、入宅、出行、动土、破土、安葬、行丧
2037-01-30,除,明堂,是,嫁娶、开光、解除、出火、拆卸、修造、进人口、入宅、移徙、安床、栽种、入殓、修坟、动土、除服、成服,作灶、安葬、祭祀、开市、纳采、订盟、纳畜、谢土、出行、探病
2037-01-31,满,天刑,否,出行、起基、安床、纳财、交易、立券、嫁娶、栽种、入殓、移柩、安葬,挂匾、入宅、上梁、祈福、词讼、作梁、作灶、开池、安门、动土、破土、掘井
2037-02-01,平,朱雀,否,平治道涂、馀事勿取,开光、嫁娶、开仓、出货财、造船、安葬、探病
2037-02-02,定,金匮,是,嫁娶、订盟、纳采、会亲友、祭祀、安机械、移徙、入宅、盖屋、安床、起基、定磉、安香、出火、挂匾、拆卸、置产,开市、出行、安葬、行丧
2037-02-03,执,天德,是,解除、沐浴,诸事不宜
2037-02-04,破,白虎,否,嫁娶、祭祀、祈福、出行、解除、出火、拆卸、动土、入宅、移徙、安床、上梁、栽种、纳畜、破土、启钻、安葬,开市、立券、理发、作灶
2037-02-05,危,玉堂,是,祭祀、解除、治病、破屋、坏垣、扫舍,馀事勿取
2037-02-06,成,天牢,是,祭祀、祈福、求嗣、开光、出火、出行、拆卸、修造、动土、入宅、移徙、上梁、挂匾、开池、入殓、安葬、破土、启钻,嫁娶、作灶、安床
2037-02-07,收,玄武,否,结网、入殓、除服、成服、移柩、安葬、破土,诸事不宜
2037-02-08,开,司命,是,移徙、祭祀、开光、祈福、出行、解除、进人口、雇佣、安床、动土、起基、上梁、安门,嫁娶、安葬、破土、作梁、纳畜、牧养、行丧、作灶
2037-02-09,闭,勾陈,否,嫁娶、开光、祈福、求嗣、解除、动土、安床、栽种、开池、掘井、祭祀、破土、启钻,入宅、作灶、伐木、安葬、出火、出行、纳畜
2037-02-10,建,青龙,否,祭祀、合帐、裁衣、经络、伐木、作梁、安床、作灶、入殓、安葬、启钻、移柩,词讼、出火、入宅
2037-02-11,除,明堂,是,裁衣、伐木、作梁、纳财、交易、立券,诸事不宜
2037-02-12,满,天刑,否,嫁娶、祭祀、祈福、求嗣、开光、出行、出火、拆卸、动土、上梁、进人口、入宅、移徙、安床、开市、交易、立券、挂匾、入殓、破土、安葬、启钻、除服、成服,无
2037-02-13,平,朱雀,否,嫁娶、冠笄、纳采、出行、会亲友、上梁、安机械、安床、牧养、畋猎、祭祀、祈福、开光、修造、安门、盖屋、起基,入宅、作灶、治病、安葬、移徙
2037-02-14,定,金匮,是,修饰垣墙、平治道涂、祭祀、馀事勿取,诸事不宜
2037-02-15,定,金匮,是,造车器、纳采、订盟、祭祀、祈福、求嗣、移徙、出行、开市、出火、入宅、立券、交易、安门、安床、安葬、谢土,开光、盖屋、动土、作灶、栽种
2037-02-16,执,天德,是,动土、入殓、嫁娶、移柩、安葬、破土,开市、作灶、安床、入宅、上梁、裁衣
2037-02-17,破,白虎,否,求医、治病、破屋、坏垣、馀事勿取,开市、嫁娶
2037-02-18,危,玉堂,是,祭祀、斋醮、沐浴、开生坟、除服、成服、移柩、入殓、破土、安葬、合寿木,开市、嫁娶、安床、会亲友、入宅、作灶、上梁
2037-02-19,成,天牢,是,祭祀、塞穴、结网、破土、谢土、安葬、移柩、除服、成服、馀事勿取,嫁娶、入宅
2037-02-20,收,玄武,否,祭祀、沐浴、理发、作灶、结网、栽种,嫁娶、词讼、行丧、安葬、牧养、伐木、作梁、开市、纳畜、造畜稠
2037-02-21,开,司命,是,嫁娶、祭祀、开光、祈福、求嗣、出行、开市、交易、立券、动土、纳财、掘井、会亲友,入宅、安葬、伐木、作梁、纳畜、造畜稠、作灶
2037-02-22,闭,勾陈,否,祭祀、祈福、求嗣、纳畜、入殓、启钻、谢土、除服、成服,栽种、开光、出行、针灸、嫁娶、入宅、动土、破土
2037-02-23,建,青龙,否,开光、解除、伐木、竖柱、上梁、交易、立券、纳畜、入殓、移柩、安葬,入宅、出行、移徙、祭祀、嫁娶、动土、破土、作灶
2037-02-24,除,明堂,是,祭祀、祈福、求嗣、开光、嫁娶、出行、解除、伐木、拆卸、进人口、安床、动土、起基、上梁、栽种、纳畜、破土、谢土、启钻、安葬,移徙、入宅、出火、作灶、掘井
2037-02-25,满,天刑,否,会亲友、冠笄、安床、安机械、祭祀、祈福、求嗣、经络,嫁娶、开市、动土、作灶、安葬
2037-02-26,平,朱雀,否,作灶、解除、平治道涂、馀事勿取,祭祀、祈福、安葬、安门
2037-02-27,定,金匮,是,嫁娶、祭祀、冠笄、修饰垣墙、置产,经络、探病、盖屋、作灶、动土
2037-02-28,执,天德,是,纳采、嫁娶、祭祀、祈福、出行、修造、动土、移徙、入宅、安葬、破土,开市、斋醮
2037-03-01,破,白虎,否,祭祀、沐浴、解除、理发、扫舍、破屋、坏垣、馀事勿取,嫁娶、安葬
2037-03-02,危,玉堂,是,纳采、订盟、祭祀、祈福、安香、出火、修造、出行、开市、移徙、入宅、动土、安葬、破土,安床、作灶、造船、会亲友
2037-03-03,成,天牢,是,塞穴、结网、取渔、畋猎,嫁娶、安门、移徙、入宅、安葬
2037-03-04,收,玄武,否,纳采、祭祀、祈福、出行、会亲友、修造、动土、移徙、入宅,嫁娶、开市、安葬、破土
2037-03-05,开,司命,是,裁衣、合帐、冠笄、嫁娶、纳婿、安床、入殓、纳财,作灶、开市、安葬、作梁
2037-03-06,闭,勾陈,否,祭祀、订盟、纳采、修造、动土、祈福、塑绘、斋醮、沐浴、拆卸、起基、入宅、安香、造庙、移柩、谢土、除服、成服、入学、习艺、出行、竖柱、上梁、掘井、求嗣、解除、伐木,作灶、安葬、开市、盖屋
2037-03-07,建,青龙,否,订盟、纳采、裁衣、合帐、冠笄、安机械、拆卸、安床、入殓、除服、成服、移柩、破土、启钻、安葬、修坟、立碑、经络、交易、立券、纳财、筑堤、造仓、补垣、塞穴、纳畜、伐木、架马,祭祀、开光、嫁娶、入宅
2037-03-08,除,明堂,是,祭祀、出行、嫁娶、冠笄、安床、入殓、移柩、安葬,掘井、动土、作灶、栽种
2037-03-09,满,天刑,否,塞穴、诸事不宜,安门、作灶、安葬、嫁娶
2037-03-10,平,朱雀,否,开光、塑绘、求嗣、纳采、裁衣、合帐、冠笄、安机械、作梁、开柱眼、安门、安床、造仓、祭祀、会亲友、祈福、经络、纳财、开市、立券、交易、入学、理发、架马,出行、斋醮、安葬、嫁娶
2037-03-11,定,金匮,是,祭祀、嫁娶、纳婿、安葬,栽种、盖屋、作灶、入宅
2037-03-12,执,天德,是,祭祀、会亲友、订盟、裁衣、合帐、安机械、拆卸、上梁、安门、入殓、除服、成服、移柩、启钻、安葬、立碑、开光、塑绘、入学、出行、起基、定磉、放水、移徙、入宅、竖柱、立券、经络,伐木、作梁
2037-03-13,破,白虎,否,祭祀、开光、塑绘、祈福、斋醮、裁衣、合帐、冠笄、嫁娶、拆卸、动土、移徙、入宅、入殓、移柩、安葬、谢土、求嗣、入学、理发、伐木、架马、作梁、出火、修造、起基、定磉、放水、赴任,安门
2037-03-14,危,玉堂,是,祭祀、治病、破屋、坏垣、馀事勿取,诸事不宜
2037-03-15,成,天牢,是,嫁娶、祭祀、出行、冠笄、立券、交易、进人口、开市、移徙、修造、动土、安床、入殓、移柩、破土,开光、作灶、斋醮、安葬
2037-03-16,收,玄武,否,开市、立券、交易、挂匾、祭祀、祈福、开光、入宅、移徙、安床、拆卸、动土、上梁、进人口,嫁娶、行丧、架马、作梁、理发、牧养、安葬、纳畜、伐木
2037-03-17,收,玄武,否,理发、冠笄、嫁娶、进人口,置产、伐木、纳畜、造畜稠、安葬、破土、作梁、作灶、开生坟
2037-03-18,开,司命,是,嫁娶、祭祀、开光、祈福、求嗣、出火、入宅、移徙、安床、拆卸、动土、破土、谢土,合帐、开市、安葬、入殓
2037-03-19,闭,勾陈,否,安床、伐木、拆卸、修造、动土、上梁、立券、交易、栽种、纳畜、牧养、入殓、安葬,嫁娶、祭祀、开光、出行、出火、移徙、入宅、安门
2037-03-20,建,青龙,否,祭祀、祈福、求嗣、斋醮、嫁娶、冠笄、出行、开市、交易、会亲友、教牛马、除服、成服、启钻、安葬、移柩,动土、移徙、入宅
2037-03-21,除,明堂,是,塞穴、整手足甲、解除、捕捉、畋猎、结网、馀事勿取、诸事不宜,嫁娶、作灶、掘井、安葬
2037-03-22,满,天刑,否,纳财、开市、立券、交易、开光、安床、上梁、盖屋、修造、起基,动土、破土、安葬、行丧、赴任、出行、嫁娶、入宅、移徙、谢土、词讼
2037-03-23,平,朱雀,否,祭祀、祈福、嫁娶、冠笄、修饰垣墙、置产、平治道涂,开仓、出货财、盖屋、作灶、开市、交易、立券、栽种
2037-03-24,定,金匮,是,嫁娶、祭祀、开光、祈福、求嗣、出行、出火、进人口、入宅、移徙、安床、拆卸、修造、安门、挂匾、纳财、扫舍,动土、伐木、安葬、行丧
2037-03-25,执,天德,是,嫁娶、开光、祭祀、祈福、求嗣、出行、出火、入宅、移徙、解除、栽种、伐木、破土、谢土、安葬,开市、交易、作灶、纳财、上梁、安床、盖屋、造船
2037-03-26,破,白虎,否,破屋、坏垣、求医、治病、馀事勿取,开光、嫁娶
2037-03-27,危,玉堂,是,纳采、交易、立券、安床、安机械、安葬、移柩、动土、破土、立碑,嫁娶、开光、作灶
2037-03-28,成,天牢,是,祭祀、祈福、求嗣、斋醮、沐浴、开光、理发、经络、解除、治病、立碑、栽种、牧养、掘井、开池,嫁娶、定磉、合寿木、安葬、行丧
2037-03-29,收,玄武,否,纳财、交易、立券、栽种、捕捉、结网、取渔、进人口、教牛马、理发,入宅、盖屋、竖柱、安葬
2037-03-30,开,司命,是,嫁娶、订盟、纳采、祭祀、祈福、出行、修造、动土、移徙、入宅、破土、出火、安门、安床、上梁、立碑、移柩,开市、交易、合帐、安葬
2037-03-31,闭,勾陈,否,冠笄、立券、交易、修造、动土、安机械、入殓、安葬、破土,嫁娶、祈福、出火、入宅
2037-04-01,建,青龙,否,祭祀、会亲友、出行、立券、交易、冠笄、纳财,嫁娶、动土、掘井、起基、定磉、破土
2037-04-02,除,明堂,是,祭祀、沐浴、解除、扫舍、塞穴、牧养,嫁娶、安葬、行丧、安门
2037-04-03,满,天刑,否,纳财、开市、交易、立券、开光、针灸、会亲友、理发、安床、造仓、结网,移徙、入宅、栽种
2037-04-04,平,朱雀,否,纳采、嫁娶、开光、出行、理发、会亲友、开市、安床、栽种、牧养、入殓、移柩、启钻,谢土、祈福、上梁、作灶、斋醮、修造、入宅、安门
2037-04-05,定,金匮,是,祭祀、平治道涂、解除、修饰垣墙、馀事勿取,诸事不宜
2037-04-06,执,天德,是,祭祀、祈福、开光、解除、动土、纳财、交易、纳畜、扫舍,进人口、出行、嫁娶、置产、安床、赴任、安葬、作灶
2037-04-07,破,白虎,否,祭祀、祈福、求嗣、开光、解除、出火、拆卸、入宅、安床、修造、安门、纳畜、启钻、安葬,动土、破土、纳财、掘井、挂匾、开市、伐木、交易
2037-04-08,危,玉堂,是,祭祀、解除、破屋、坏垣、馀事勿取,诸事不宜
2037-04-09,成,天牢,是,塞穴、扫舍、馀事勿取,诸事不宜
2037-04-10,收,玄武,否,祭祀、祈福、求嗣、开光、解除、纳采、冠笄、出火、拆卸、进人口、安床、动土、上梁、造庙、掘井、开池、入殓、移柩、安葬、破土,无
2037-04-11,开,司命,是,解除、破屋、馀事勿取,诸事不宜
2037-04-12,闭,勾陈,否,嫁娶、祈福、求嗣、开光、出行、解除、拆卸、出火、开市、立券、交易、入宅、移徙、安床、动土、破土、谢土,祭祀、入殓、安葬、探病
2037-04-13,建,青龙,否,祭祀、裁衣、冠笄、安床、交易、立券、开池、补垣、塞穴、入殓、破土、启钻、安葬、谢土、除服、成服,嫁娶、掘井、探病、开市、开光、栽种
2037-04-14,除,明堂,是,祭祀、出行、教牛马、扫舍、馀事勿取,开光、伐木、安葬、破土
2037-04-15,满,天刑,否,祭祀、祈福、求嗣、开光、纳采、订盟、解除、栽种、纳畜、牧养、扫舍、进人口,修坟、造桥、作灶、出行、安葬、盖屋、入宅
2037-04-16,满,天刑,否,开光、出行、交易、塞穴、嫁娶、理发、开市、安床,祈福、出火、置产、动土、破土、安葬、修造、上梁、入宅
2037-04-17,平,朱雀,否,祭祀、作灶、畋猎、结网、修饰垣墙、平治道涂、馀事勿取,嫁娶、安床、治病
2037-04-18,定,金匮,是,沐浴、祭祀、解除、安葬、破土、谢土、移柩、馀事勿取,斋醮、开光、嫁娶、入宅、上梁
2037-04-19,执,天德,是,祭祀、解除、入殓、移柩、启钻、安葬、整手足甲、捕捉、畋猎、取渔、除服、成服、扫舍、谢土、斋醮,动土、破土
2037-04-20,破,白虎,否,祭祀、沐浴、解除、破屋、坏垣、求医、治病、馀事勿取,嫁娶、开市
2037-04-21,危,玉堂,是,沐浴、塞穴、畋猎、结网、取渔、扫舍、馀事勿取,祈福、安葬
2037-04-22,成,天牢,是,开市、交易、立券、挂匾、祭祀、开光、祈福、求嗣、安床、解除、修造、安葬,纳采、问名、订盟、嫁娶、入宅、开仓、出火、动土、破土、纳畜、伐木
2037-04-23,收,玄武,否,祭祀、修门、取渔、纳财、纳畜、馀事勿取,嫁娶、入宅
2037-04-24,开,司命,是,安香、出火、纳采、订盟、嫁娶、开市、立券、交易、挂匾、开光、出行、解除、安床、栽种、置产、拆卸、修造、动土,作灶、安葬、祭祀、入殓
2037-04-25,闭,勾陈,否,祭祀、出行、修造、动土、合帐、造畜稠、安床、移徙、入殓、移柩、破土、启钻、安葬、开生坟、合寿木、补垣、塞穴,入宅、作灶、理发、开光、安门
2037-04-26,建,青龙,否,祭祀、修饰垣墙、馀事勿取,开光、修造、动土、破土
2037-04-27,除,明堂,是,嫁娶、祭祀、祈福、求嗣、斋醮、开光、出火、移徙、入宅、竖柱、上梁、会亲友、盖屋、起基、治病、安门、造车器、掘井、开池,纳采、出行、修坟、安葬、开市、立券、作灶
2037-04-28,满,天刑,否,祭祀、塑绘、开光、纳采、嫁娶、开市、出行、会亲友、安床、结网、除服、成服、启钻、安葬、移柩,祈福、入宅、盖屋、动土、破土、探病
2037-04-29,平,朱雀,否,祭祀、作灶、平治道涂、馀事勿取,安床、入宅、安碓磑、栽种
2037-04-30,定,金匮,是,祭祀、祈福、求嗣、斋醮、沐浴、纳畜、入殓、破土、安葬,移徙、入宅、嫁娶、出行、安床
2037-05-01,执,天德,是,纳采、祭祀、祈福、求嗣、斋醮、出行、起基、盖屋、定磉、安门、入殓、安葬,嫁娶、开市、纳财、出火
2037-05-02,破,白虎,否,祭祀、沐浴、解除、求医、治病、破屋、坏垣、馀事勿取,祈福、斋醮、开市、安葬
2037-05-03,危,玉堂,是,沐浴、捕捉、畋猎、结网、取渔,祭祀、嫁娶、入宅、作灶、安葬
2037-05-04,成,天牢,是,祭祀、祈福、求嗣、斋醮、纳采、订盟、开光、竖柱、上梁、开仓、出货财、盖屋、起基、定磉、安门、诸事不宜、破土、入殓、启钻、谢土,出火、嫁娶、开市
2037-05-05,收,玄武,否,开市、交易、立券、祭祀、祈福、开光、伐木、进人口、安床、拆卸、修造、动土、栽种、破土、移柩、安葬,入宅、移徙、理发、出火、嫁娶、出行
2037-05-06,开,司命,是,结网、解除、馀事勿取,诸事不宜
2037-05-07,闭,勾陈,否,嫁娶、祭祀、祈福、求嗣、开光、开市、交易、立券、安床、出行、拆卸,纳畜、入宅、移徙、安葬、探病、伐木、上梁、安门、入殓、动土
2037-05-08,建,青龙,否,嫁娶、祭祀、祈福、求嗣、出行、出火、拆卸、修造、动土、入宅、移徙、安床、作灶、塞穴、栽种、破土、安葬,开光、掘井、开仓
2037-05-09,除,明堂,是,解除、扫舍、馀事勿取,诸事不宜
2037-05-10,满,天刑,否,开市、交易、立券、挂匾、开光、出行、拆卸、进人口、入宅、移柩、动土、安门、上梁、栽种、破土、修坟、安葬,嫁娶、安床、探病、作灶
2037-05-11,平,朱雀,否,进人口、会亲友,塞穴、上梁、动土、伐木、安葬、词讼
2037-05-12,定,金匮,是,沐浴、平治道涂、扫舍、入殓、破土、安葬、除服、成服,嫁娶、移徙、伐木、作梁、安床、祭祀、祈福、盖屋
2037-05-13,执,天德,是,嫁娶、祭祀、祈福、求嗣、开光、出火、出行、拆卸、动土、解除、进人口、开市、交易、立券、挂匾、入宅、移徙、安床、安门、上梁、安葬、破土、谢土,无
2037-05-14,破,白虎,否,祭祀、祈福、求嗣、开光、解除、合帐、冠笄、伐木、架马、作梁、修造、进人口、嫁娶、裁衣、安床、动土、起基、上梁、竖柱、放水、会亲友,无
2037-05-15,破,白虎,否,破屋、坏垣、沐浴、解除、馀事勿取,诸事不宜
2037-05-16,危,玉堂,是,纳采、订盟、嫁娶、造车器、祭祀、祈福、求嗣、开光、出火、拆卸、修造、动土、进人口、挂匾、入宅、移徙、安床、栽种、入殓、破土、安葬、除服、成服,开市、立券
2037-05-17,成,天牢,是,开市、交易、立券、祭祀、祈福、开光、动土、安床、出行、栽种、纳畜、牧养、竖柱、上梁、解除、破土,嫁娶、掘井、入宅、移徙、安葬
2037-05-18,收,玄武,否,解除、出行、纳采、冠笄、竖柱、上梁、移徙、作灶、进人口、入宅、纳畜、牧养,祭祀、伐木、架马、安床、修造、动土、安葬、修坟、破土
2037-05-19,开,司命,是,祭祀、祈福、求嗣、开光、出行、开市、交易、立券、栽种、安床、纳畜、移徙、起基、动土、定磉、造仓、置产、破土、启钻、修坟,入宅、修造、安门、伐木、入殓、安葬、盖屋
2037-05-20,闭,勾陈,否,嫁娶、交易、立券、开厕、补垣、塞穴、畋猎、取渔、开生坟,安床、开渠、上梁、修造、开市、开光、入宅、移徙
2037-05-21,建,青龙,否,塞穴、断蚁、结网、畋猎、馀事勿取,嫁娶、安葬、入宅、出行、动土、词讼
2037-05-22,除,明堂,是,纳采、订盟、嫁娶、祭祀、祈福、求嗣、开光、解除、出行、出火、入宅、移徙、栽种、纳畜、牧养、动土、破土、入殓、安葬,作灶、安床、开仓、盖屋
2037-05-23,满,天刑,否,开光、纳采、裁衣、冠笄、安床、作灶、进人口、造仓、塞穴,嫁娶、栽种、修造、动土、出行、伐木、作梁、安葬、谢土
2037-05-24,平,朱雀,否,纳采、嫁娶、裁衣、理发、出行、修造、动土、进人口、开市、交易、立券、挂匾、移徙、上梁、栽种、纳畜,伐木、安葬、安床、祭祀、祈福
2037-05-25,定,金匮,是,开市、交易、立券、挂匾、祭祀、祈福、斋醮、出行、盖屋、起基、修造、动土、定磉、安床、安机械、安葬、破土、启钻、除服、成服、立碑,作灶、嫁娶、移徙、入宅、理发
2037-05-26,执,天德,是,嫁娶、纳采、订盟、祭祀、祈福、求嗣、开光、出火、出行、拆卸、动土、修造、进人口、入宅、移徙、安床、解除、挂匾、栽种、破土、谢土、入殓、移柩、安葬,开市、立券、造船、合寿木
2037-05-27,破,白虎,否,祭祀、沐浴、解除、破屋、坏垣、馀事勿取,开光、安葬
2037-05-28,危,玉堂,是,订盟、纳采、嫁娶、解除、祭祀、祈福、求嗣、开光、出行、出火、拆卸、入宅、移徙、安床、栽种、纳畜、动土、破土、谢土、安葬、修坟,作灶、开市、经络
2037-05-29,成,天牢,是,祭祀、祈福、求嗣、开光、订盟、纳采、解除、动土、起基、进人口、开市、交易、立券、纳财、造仓、开池、栽种、纳畜、破土、安葬,安床、上梁、裁衣、入宅、嫁娶
2037-05-30,收,玄武,否,祭祀、结网、捕捉、馀事勿取,探病、嫁娶、开市
2037-05-31,开,司命,是,祭祀、祈福、求嗣、开光、纳采、订盟、嫁娶、出行、动土、破土、会亲友、开市、交易、立券、习艺、拆卸、起基、安碓磑、放水、开池、造仓、开渠、栽种、谢土、启钻、修坟、立碑,入宅、安门、安葬
2037-06-01,闭,勾陈,否,嫁娶、冠笄、祭祀、出行、移徙、入宅、作灶、造车器、补垣、塞穴、开厕、破土、启钻、除服、成服、入殓,盖屋、造桥、安门、安葬、上梁
2037-06-02,建,青龙,否,祭祀、解除、断蚁、会亲友、馀事勿取,嫁娶、安葬
2037-06-03,除,明堂,是,嫁娶、纳采、订盟、祭祀、祈福、治病、造车器、修造、动土、移徙、入宅,开市、出行、安床、作灶、安葬
2037-06-04,满,天刑,否,嫁娶、纳采、订盟、会亲友、安机械、结网、冠笄、祭祀、求嗣、进人口、经络,开市、作灶、动土、行丧、安葬
2037-06-05,平,朱雀,否,开光、求嗣、出行、解除、伐木、出火、拆卸、修造、上梁、起基、入宅、移徙、开市、交易、立券、栽种、牧养、入殓、安葬、除服、成服,置产、安床
2037-06-06,定,金匮,是,祭祀、理发、修饰垣墙、平治道涂、沐浴、整手足甲、扫舍,出行、安门、修造、嫁娶、上梁、入宅
2037-06-07,执,天德,是,嫁娶、祭祀、开光、祈福、求嗣、出行、出火、拆卸、动土、修造、进人口、入宅、移徙、安床、挂匾、交易、立券、栽种、纳畜、入殓、破土、启钻、安葬,无
2037-06-08,破,白虎,否,祭祀、祈福、求嗣、开光、出行、伐木、出火、拆卸、修造、动土、起基、安床、入宅、移徙,嫁娶、开市、交易、行丧、安葬、修坟
2037-06-09,危,玉堂,是,破屋、坏垣、馀事勿取,诸事不宜
2037-06-10,成,天牢,是,开市、交易、立券、纳财、开池、开厕、结网、祭祀、修造、动土、安床、放水、经络、破土,嫁娶、造桥、词讼、移徙、安门、作灶、栽种
2037-06-11,收,玄武,否,开市、交易、立券、纳财、栽种、安床、拆卸、修造、动土、上梁、入殓、安葬、破土、除服、成服,嫁娶、出火、伐木、祭祀、入宅、移徙、纳畜、探病
2037-06-12,开,司命,是,祭祀、作灶、馀事勿取,诸事不宜
2037-06-13,闭,勾陈,否,解除、坏垣、馀事勿取,诸事不宜
2037-06-14,闭,勾陈,否,修造、动土、起基、安门、安床、栽种、筑堤、补垣、造畜稠,嫁娶、掘井、入宅、移徙、出火、出行、行丧、安葬、开光、理发、进人口
2037-06-15,建,青龙,否,祭祀、教牛马、断蚁、馀事勿取,斋醮、移徙、入宅、动土
2037-06-16,除,明堂,是,纳采、订盟、嫁娶、祭祀、祈福、开市、纳财、立券、移徙、出行、修造、动土、起基、定磉、竖柱、拆卸、扫舍、放水、安香、安床、造船、开池、掘井、造畜稠、栽种,行丧、安葬、破土、作灶、伐木、斋醮
2037-06-17,满,天刑,否,嫁娶、开光、祭祀、祈福、出行、解除、移徙、入宅、开市、纳财、起基、修造、竖柱、上梁、盖屋、作灶、出火、安香、补垣、塞穴、拆卸、放水、扫舍、造仓、造船、栽种、安葬,纳采、订盟、安床、谢土、破土、动土
2037-06-18,平,朱雀,否,嫁娶、祭祀、理发、作灶、修饰垣墙、平治道涂、整手足甲、沐浴、冠笄,破土、出行、栽种
2037-06-19,定,金匮,是,嫁娶、纳采、订盟、祭祀、祈福、求嗣、开光、出火、出行、拆卸、修造、动土、进人口、入宅、移徙、安床、交易、立券、挂匾、纳财、入殓、安葬、启钻、除服、成服,掘井、破土
2037-06-20,执,天德,是,畋猎、捕捉、结网、取渔、祭祀、沐浴、馀事勿取,嫁娶、开市、安葬、启钻、行丧
2037-06-21,破,白虎,否,祭祀、破屋、坏垣、馀事勿取,移徙、入宅、开仓、出货财
2037-06-22,危,玉堂,是,祭祀、斋醮、塑绘、开光、出行、修造、动土、造畜稠、安床、放水、掘井、开池、开厕、结网、破土,出火、入宅
2037-06-23,成,天牢,是,开市、交易、立券、挂匾、开光、解除、拆卸、动土、安床、修造、上梁、置产、栽种、破土、安葬,作灶、出火、祭祀、嫁娶、入宅
2037-06-24,收,玄武,否,祭祀、结网、馀事勿取,入宅、出行、掘井、安葬
2037-06-25,开,司命,是,嫁娶、纳采、订盟、冠笄、造车器、祭祀、开光、祈福、求嗣、出行、解除、伐木、出火、入宅、拆卸、修造、动土、上梁、安床、栽种、破土,行丧、置产、安葬
2037-06-26,闭,勾陈,否,嫁娶、合帐、裁衣、冠笄、伐木、上梁、出火、拆卸、移徙、修造、动土、安门、纳财、筑堤、栽种、塞穴,安床、祈福、出行、安葬、行丧、开光
2037-06-27,建,青龙,否,出行、教牛马、割蜜、馀事勿取,斋醮、盖屋、动土、破土
2037-06-28,除,明堂,是,嫁娶、祭祀、祈福、求嗣、开光、出行、解除、出火、拆卸、修造、进人口、入宅、移徙、动土、安床、纳畜、栽种、纳财、交易、立券、挂匾、造畜稠,安葬、开生坟、行丧
2037-06-29,满,天刑,否,安机械、祭祀、祈福、求嗣、沐浴、解除、纳采、开市、修造、竖柱、上梁、开柱眼、安碓磑、归岫、补垣、塞穴、拆卸、放水、出火、扫舍、开生坟、合寿木、安葬、谢土、启钻、除服、成服,嫁娶、安床、作灶、动土、破土、造船
2037-06-30,平,朱雀,否,祭祀、沐浴、理发、整手足甲、修饰垣墙、平治道涂、馀事勿取,开市、入宅、出行、修造、词讼
2037-07-01,定,金匮,是,嫁娶、纳采、祭祀、祈福、出行、立券、移徙、入宅、动土、破土、安葬,开光、作灶、盖屋、架马、开仓
2037-07-02,执,天德,是,纳采、订盟、冠笄、祭祀、祈福、斋醮、出行、修造、动土、移徙、入宅、安香、出火、拆卸、盖屋、起基、竖柱、上梁、定磉、安门、开池,嫁娶、开市、合寿木、安葬
2037-07-03,破,白虎,否,祭祀、沐浴、破屋、坏垣、馀事勿取,入宅、嫁娶、移徙
2037-07-04,危,玉堂,是,嫁娶、安机械、交易、出行、祭祀、祈福、求嗣、斋醮、塑绘、开光、合帐、裁衣、放水、开池、掘井,作灶、理发、造桥、行丧、安葬
2037-07-05,成,天牢,是,纳采、冠笄、求医、治病、开市、立券、修造、动土、安机械、破土、安葬,斋醮、祭祀、移徙、入宅、上梁、嫁娶
2037-07-06,收,玄武,否,祭祀、作灶、馀事勿取,开市、安葬、破土、修坟、掘井
2037-07-07,开,司命,是,祭祀、作灶、纳财、栽种、纳畜、进人口,安葬、经络、修坟、破土、开市、安床、启钻、立碑
2037-07-08,闭,勾陈,否,祭祀、祈福、求嗣、开光、开市、牧养、理发,嫁娶、出行、安葬、入殓、入宅、作灶、冠笄、上梁
2037-07-09,建,青龙,否,祭祀、入殓、破土、除服、成服、移柩、启钻、安葬、谢土、馀事勿取,无
2037-07-10,除,明堂,是,祭祀、出行、交易、割蜜、造畜稠,嫁娶、作灶、安葬、动土、词讼、作梁、伐木、掘井、破土、移徙
2037-07-11,满,天刑,否,嫁娶、祭祀、祈福、求嗣、开光、出火、拆卸、修造、动土、进人口、开市、交易、立券、挂匾、入宅、移徙、栽种、纳畜、入殓、启钻、除服、成服,无
2037-07-12,平,朱雀,否,嫁娶、开光、解除、安床、牧养、理发、开市、入殓、启钻、移柩、安葬、扫舍,作灶、动土、上梁、栽种、入宅、移徙、修造、祈福
2037-07-13,平,朱雀,否,祭祀、解除、馀事勿取,诸事不宜
2037-07-14,定,金匮,是,祭祀、祈福、求嗣、开光、伐木、出火、拆卸、入宅、安床、修造、动土、上梁、挂匾、纳畜,嫁娶、栽种、行丧、理发、修坟、作灶
2037-07-15,执,天德,是,解除、祭祀、理发、入殓、安葬、破土,嫁娶、开市、出火、作灶、置产、斋醮、入宅、移徙、安门
2037-07-16,破,白虎,否,破屋、坏垣、馀事勿取,诸事不宜
2037-07-17,危,玉堂,是,开市、交易、立券、纳财、动土、开光、出行、嫁娶、纳采、订盟、入学、开仓、出货财、纳畜、牧养、栽种、破土、启钻、安葬、立碑,入宅、移徙、作灶、祭祀、谢土
2037-07-18,成,天牢,是,嫁娶、纳采、订盟、祭祀、祈福、求嗣、开光、出火、出行、拆卸、修造、动土、进人口、开市、交易、立券、挂匾、入宅、移徙、安床、栽种、入殓、破土、谢土、安葬,掘井、伐木、纳畜、合寿木
2037-07-19,收,玄武,否,祭祀、冠笄、作灶、交易、纳财、栽种、结网、纳畜、牧养、进人口,开渠、造船、安床、安葬、破土、出行、修坟、掘井、开市、开生坟
2037-07-20,开,司命,是,嫁娶、订盟、祭祀、祈福、求嗣、纳采、裁衣、冠笄、开光、安床、作梁、修造、动土、作灶、起基、上梁、盖屋、纳畜、牧养,移徙、栽种、出行、行丧、破土、安葬、词讼
2037-07-21,闭,勾陈,否,经络、祭祀、沐浴、补垣、塞穴、除服、成服、移柩、入殓、启钻、立碑,开光、治病、嫁娶、掘井、破土、安葬
2037-07-22,建,青龙,否,嫁娶、祭祀、出行、裁衣、冠笄、交易、雕刻、纳财、造畜稠、造车器、教牛马,移徙、入宅、栽种、动土、破土、作灶、安葬、行丧、伐木、上梁
2037-07-23,除,明堂,是,修造、动土、安机械、祭祀、沐浴、解除、拆卸、治病、作灶、盖屋、起基、开池、扫舍、造畜稠、开生坟、合寿木、安葬、破土、启钻、移柩、入殓、立碑,开市、入宅、出行、安床
2037-07-24,满,天刑,否,嫁娶、纳采、订盟、造车器、开光、出行、拆卸、起基、安床、除服、成服、开市、交易、立券、栽种、牧养、入殓、移柩、启钻,上梁、入宅、修造、动土、破土、祭祀、祈福、斋醮
2037-07-25,平,朱雀,否,祭祀、嫁娶、畋猎、结网,动土、破土、治病、开渠
2037-07-26,定,金匮,是,纳采、订盟、会亲友、入学、祭祀、祈福、求嗣、开光、出行、解除、理发、动土、起基、开市、交易、立券、纳财、造仓、栽种、纳畜、牧养,嫁娶、作灶、出火、置产、入宅、安葬
2037-07-27,执,天德,是,祭祀、祈福、解除、整手足甲、安床、沐浴、入殓、移柩、破土、启钻、安葬、谢土,嫁娶、斋醮、开市、出火、入宅、移徙、出行、作灶、安门、伐木
2037-07-28,破,白虎,否,破屋、坏垣、解除、馀事勿取,嫁娶、安葬
2037-07-29,危,玉堂,是,嫁娶、开市、立券、移徙、入宅、安机械、会亲友、经络、安门、安床、挂匾、拆卸、开仓、出货财、开池、栽种、纳畜、牧养、破土、安葬、启钻、移柩、入殓、立碑,祭祀、祈福、探病、谢土、造桥
2037-07-30,成,天牢,是,嫁娶、订盟、纳采、祭祀、祈福、斋醮、开光、会亲友、求医、治病、盖屋、起基、竖柱、上梁、安门、安碓磑、筑堤、开池、破土、安葬、除服、成服,入宅、开市、掘井、词讼、合寿木
2037-07-31,收,玄武,否,纳采、订盟、嫁娶、移徙、入宅、出行、祭祀、祈福、斋醮、塑绘、开光、安香、出火、会亲友、解除、入学、竖柱、上梁、拆卸、盖屋、起基、栽种、牧养、纳畜,安葬、破土、开市、开仓、出货财、启钻
2037-08-01,开,司命,是,纳采、订盟、嫁娶、祭祀、沐浴、塑绘、开光、出火、治病、习艺、伐木、盖屋、竖柱、上梁、安床、作灶、安碓磑、挂匾、掘井、纳畜,出行、安葬、造桥
2037-08-02,闭,勾陈,否,祭祀、入殓、除服、成服、移柩、破土、启钻、安葬、塞穴、断蚁、结网,开市、入宅、嫁娶、开光、盖屋
2037-08-03,建,青龙,否,祭祀、修造、出行、盖屋、竖柱、造车器、教牛马、造畜稠、割蜜,动土、破土、掘井、安葬
2037-08-04,除,明堂,是,祭祀、沐浴、塑绘、开光、入学、解除、扫舍、治病、开池、牧养,嫁娶、出行、纳采、入宅、作灶
2037-08-05,满,天刑,否,纳财、开市、交易、立券、出行、祭祀、祈福、求嗣、开光、解除、扫舍、起基、竖柱、安床、移徙、开仓、出货财、补垣、塞穴、栽种、纳畜、牧养,斋醮、入宅、安门、安葬、破土、行丧
2037-08-06,平,朱雀,否,祭祀、修饰垣墙、平治道涂,开市、动土、破土、嫁娶、修造、安葬
2037-08-07,定,金匮,是,作灶、沐浴、修饰垣墙、平治道涂、馀事勿取,诸事不宜
2037-08-08,执,天德,是,祭祀、求嗣、开光、出行、伐木、作梁、出火、解除、拆卸、进人口、修造、动土、起基、安床、栽种、纳畜、入殓、破土、安葬、除服、成服,嫁娶、移徙
2037-08-09,破,白虎,否,祭祀、塞穴、入殓、破土、安葬、移柩、馀事勿取,诸事不宜
2037-08-10,危,玉堂,是,破屋、坏垣、馀事勿取,诸事不宜
2037-08-11,危,玉堂,是,祭祀、入殓、移柩、结网、启钻、安葬、除服、成服、馀事勿取,诸事不宜
2037-08-12,成,天牢,是,嫁娶、出火、拆卸、祭祀、祈福、开光、伐木、动土、开市、交易、立券、入宅、移徙、安床、纳畜、入殓、安葬,栽种、作灶、针灸、出行
2037-08-13,收,玄武,否,祭祀、开光、解除、进人口、交易、立券、纳财、纳畜,动土、破土、嫁娶、理发、出行、入宅、移徙、分居、安香、出火
2037-08-14,开,司命,是,嫁娶、祭祀、祈福、求嗣、开光、出行、解除、安床、栽种、移柩、进人口、会亲友、除服、成服,盖屋、入殓、安葬、伐木、入宅、移徙、置产、纳畜
2037-08-15,闭,勾陈,否,祭祀、动土、筑堤、开池、会亲友、塞穴、入殓、移柩、破土、安葬,开光、出行、修造、上梁、入宅、安门、作灶、裁衣
2037-08-16,建,青龙,否,祭祀、裁衣、安门、纳财、扫舍、出行、进人口、作灶、纳畜、造畜稠,安床、动土、安葬、开生坟、合寿木
2037-08-17,除,明堂,是,祭祀、解除、拆卸、修造、动土、起基、上梁、安床、安门、开渠、开池、入殓、破土、启钻,嫁娶、出行、进人口、作灶、入宅、移徙、栽种、赴任
2037-08-18,满,天刑,否,纳采、订盟、开光、出行、解除、安香、出火、拆卸、入宅、移徙、修造、上梁、安床、栽种、纳畜、会亲友、安机械、经络,伐木、谢土、行丧、祭祀、作灶、动土、破土、安葬、祈福
2037-08-19,平,朱雀,否,修饰垣墙、平治道涂、祭祀、沐浴、作灶,嫁娶、词讼、治病、置产、作梁、祈福、安葬、栽种、伐木、安门
2037-08-20,定,金匮,是,嫁娶、祭祀、祈福、求嗣、出火、出行、开光、解除、拆卸、修造、进人口、安香、交易、立券、入宅、移徙、安床、动土、破土、谢土、安葬、入殓、除服、成服,斋醮、开市、开仓、作灶、造船
2037-08-21,执,天德,是,破土、安葬、移柩、入殓、祭祀、捕捉、除服、成服、馀事勿取,嫁娶、入宅、开市、交易
2037-08-22,破,白虎,否,破屋、坏垣、治病、馀事勿取,祈福、纳采、订盟、嫁娶、入宅、安葬
2037-08-23,危,玉堂,是,嫁娶、开光、祭祀、祈福、求嗣、安香、出火、解除、伐木、入宅、移徙、安床、开市、交易、立券、栽种、出行、安葬,掘井、理发、作灶、动土、破土、开池
2037-08-24,成,天牢,是,安机械、纳采、订盟、祭祀、祈福、求嗣、开光、普渡、出行、出火、拆卸、修造、动土、进人口、开市、交易、立券、移徙、安床、栽种、上梁、纳畜、破土、移柩、安葬,入宅、嫁娶、掘井、牧养
2037-08-25,收,玄武,否,嫁娶、祭祀、祈福、求嗣、裁衣、冠笄、经络、修造、进人口、安床、动土、竖柱、上梁、移徙、交易、立券、栽种、会亲友,行丧、安葬、出行、作梁、纳畜、伐木、造桥
2037-08-26,开,司命,是,嫁娶、纳采、订盟、开光、祭祀、出行、理发、动土、安床、放水、开渠、栽种、进人口,入宅、上梁、入殓、盖屋、探病、作灶、安门、安葬、纳畜、伐木
2037-08-27,闭,勾陈,否,祭祀、出行、作梁、出火、拆卸、修造、动土、起基、安床、补垣、塞穴、入殓、破土、安葬、移柩、造畜稠,嫁娶、入宅、斋醮、开光、针灸、掘井
2037-08-28,建,青龙,否,嫁娶、纳采、订盟、祭祀、祈福、求嗣、出行、解除、竖柱、入宅、移徙、纳财、上梁、纳畜、入殓、安葬、启钻,栽种、掘井、动土、安床、破土、置产
2037-08-29,除,明堂,是,解除、祭祀、祈福、求嗣、修造、动土、竖柱、上梁、安床、纳畜、盖屋、合脊、起基、入殓、破土、安葬,出火、嫁娶、开光、进人口、出行、词讼、开市、入宅、移徙、赴任
2037-08-30,满,天刑,否,沐浴、理发、会亲友、塑绘、开光、栽种、牧养、嫁娶、经络、补垣、塞穴,开市、入宅、动土、破土、安葬、作灶、上梁、安床、开仓、祈福
2037-08-31,平,朱雀,否,祭祀、理发、作灶、沐浴、修饰垣墙、平治道涂,嫁娶、栽种、祈福、造桥、安葬、安门、伐木、作梁
2037-09-01,定,金匮,是,嫁娶、纳采、订盟、祭祀、祈福、斋醮、普渡、移徙、入宅、出行、安机械、开光、修造、动土、竖柱、上梁、盖屋、起基、定磉、安门、安葬、破土,开市、立券、置产、作灶、造桥
2037-09-02,执,天德,是,祭祀、普渡、捕捉、解除、结网、畋猎、入殓、破土、安葬,开市、交易、入宅、嫁娶
2037-09-03,破,白虎,否,沐浴、破屋、坏垣、馀事勿取,斋醮、开市
2037-09-04,危,玉堂,是,订盟、纳采、祭祀、祈福、安香、出火、开市、立券、入宅、挂匾、造桥、启钻、安葬,动土、破土、嫁娶、掘井、安床
2037-09-05,成,天牢,是,嫁娶、祭祀、祈福、斋醮、普渡、移徙、入宅、动土、治病、开市、交易、立券、开光、修造、造车器、安香、安床、捕捉、畋猎、结网,纳采、订盟、经络、行丧、安葬、探病
2037-09-06,收,玄武,否,嫁娶、订盟、纳采、作灶、冠笄、裁衣、会亲友、纳畜、牧养、安机械、开市、立券、纳财、安床,掘井、出行、破土、行丧、安葬
2037-09-07,开,司命,是,祭祀、理发、会亲友、进人口、嫁娶、针灸、入殓、移柩,探病、开渠、安葬、伐木、作灶、入宅
2037-09-08,闭,勾陈,否,祭祀、立碑、修坟、启钻、除服、成服、馀事勿取,无
2037-09-09,建,青龙,否,嫁娶、出行、伐木、拆卸、修造、动土、移徙、安葬、破土、修坟、立碑,掘井、祈福、安床、开市、入宅、挂匾、开光
2037-09-10,建,青龙,否,祭祀、出行、扫舍、馀事勿取,诸事不宜
2037-09-11,除,明堂,是,嫁娶、祭祀、塑绘、开光、出行、解除、理发、整手足甲、动土、安床、开池、放水、扫舍,伐木、行丧、作灶、作梁、安葬
2037-09-12,满,天刑,否,开市、交易、立券、挂匾、开光、出行、入宅、移徙、安床、出火、上梁,作灶、行丧、理发、乘船、嫁娶、安葬
2037-09-13,平,朱雀,否,祭祀、沐浴、修饰垣墙、平治道涂、馀事勿取,诸事不宜
2037-09-14,定,金匮,是,嫁娶、祭祀、祈福、求嗣、开光、出行、出火、拆卸、修造、动土、进人口、入宅、移徙、安床、开市、交易、立券、挂匾、栽种、纳畜、入殓、安葬、除服、成服,无
2037-09-15,执,天德,是,解除、坏垣、馀事勿取,诸事不宜
2037-09-16,破,白虎,否,祭祀、治病、破屋、坏垣、馀事勿取,诸事不宜
2037-09-17,危,玉堂,是,嫁娶、纳采、订盟、祭祀、开光、出行、理发、作梁、出火、拆卸、修造、动土、进人口、入宅、移徙、安床、挂匾、栽种、纳畜、破土、安葬、入殓、除服、成服,开市、掘井、开渠、造桥、造船
2037-09-18,成,天牢,是,开市、交易、立券、纳财、挂匾、栽种、祭祀、祈福、开光、拆卸、动土、安床,嫁娶、破土、进人口、出行、入宅、移徙、出火、纳畜、词讼、安葬
2037-09-19,收,玄武,否,嫁娶、祭祀、理发、进人口、作灶、移柩、冠笄、会亲友,开仓、出货财、伐木、纳畜、开市、上梁、盖屋、破土、启钻、栽种
2037-09-20,开,司命,是,祭祀、修坟、除服、成服、启钻、移柩、馀事勿取,开市、入宅、嫁娶、动土、破土、安葬
2037-09-21,闭,勾陈,否,嫁娶、冠笄、安机械、解除、纳畜、牧养、沐浴、伐木、架马、作梁、安门、扫舍、合寿木、安葬、启钻、立碑、修坟,祈福、开光、开市、入宅、动土
2037-09-22,建,青龙,否,祭祀、出行、沐浴、扫舍、安葬、馀事勿取,动土、破土、置产、掘井
2037-09-23,除,明堂,是,嫁娶、纳采、祭祀、解除、出行、修造、动土、开市、上梁、安床、整手足甲、扫舍、求医、治病、起基、定磉、盖屋、合脊,造庙、行丧、安葬、伐木、作灶、造船
2037-09-24,满,天刑,否,纳采、订盟、开市、交易、立券、挂匾、纳财、栽种、进人口、入宅、移徙、安床、开光、出火、拆卸、安门、修造,斋醮、嫁娶、行丧、动土、作灶、安葬、破土
2037-09-25,平,朱雀,否,祭祀、沐浴、修饰垣墙、平治道涂、馀事勿取,嫁娶、入宅、安床、出行
2037-09-26,定,金匮,是,开光、祈福、求嗣、斋醮、修造、动土、纳财、造仓、开厕、栽种、牧养、会亲友,作灶、出火、进人口、开渠、入宅、移徙、祭祀
2037-09-27,执,天德,是,开光、解除、拆卸、修造、动土、竖柱、安门、牧养、安葬、修坟、破土、移柩,出火、入宅、移徙、祈福、祭祀、安床、开市、嫁娶、探病
2037-09-28,破,白虎,否,破屋、坏垣、求医、治病、馀事勿取,移徙、入宅
2037-09-29,危,玉堂,是,嫁娶、纳采、订盟、祭祀、祈福、求嗣、开光、出行、出火、拆卸、修造、动土、进人口、入宅、移徙、安床、上梁、合脊、放水、掘井、破土、移柩、谢土、除服、成服,开市、开仓、安门、安葬
2037-09-30,成,天牢,是,嫁娶、纳采、订盟、祭祀、祈福、求嗣、开光、解除、进人口、入宅、移徙、出火、安床、开市、交易、立券、挂匾,安葬、纳畜、出行、行丧、伐木、栽种、造庙、造桥
2037-10-01,收,玄武,否,祭祀、冠笄、捕捉、馀事勿取,嫁娶、开市、盖屋、作梁、合寿木
2037-10-02,开,司命,是,祭祀、解除、结网、畋猎、取渔、会亲友、入学、移柩、启钻、除服、成服,开市、祈福、动土、破土、入殓、安葬、造船
2037-10-03,闭,勾陈,否,冠笄、沐浴、出行、修造、动土、移徙、入宅、破土、安葬,嫁娶、开市、祭祀、祈福、斋醮、纳采、修坟
2037-10-04,建,青龙,否,祭祀、出行,嫁娶、入宅、修造、动土、会亲友、破土
2037-10-05,除,明堂,是,嫁娶、订盟、纳采、祭祀、祈福、出行、修造、动土、移徙、入宅,针灸、伐木、作梁、造庙、行丧、安葬
2037-10-06,满,天刑,否,出行、开市、交易、立券、安机械、出火、上梁、移徙,嫁娶、安葬、动土、造桥
2037-10-07,平,朱雀,否,祭祀、沐浴、修饰垣墙、平治道涂、馀事勿取,斋醮、嫁娶、移徙、出行、上梁、入宅
2037-10-08,定,金匮,是,造畜稠、平治道涂、馀事勿取,诸事不宜
2037-10-09,定,金匮,是,入殓、破土、安葬、启钻、除服、成服、馀事勿取,无
2037-10-10,执,天德,是,祭祀、入殓、移柩、开生坟、破土、启钻、安葬、除服、成服、馀事勿取,无
2037-10-11,破,白虎,否,祭祀、解除、破屋、坏垣、馀事勿取,诸事不宜
2037-10-12,危,玉堂,是,嫁娶、求嗣、纳采、进人口、纳财、结网、纳畜、牧养、会亲友,上梁、作灶、伐木、出行、安葬、安门、理发
2037-10-13,成,天牢,是,嫁娶、祭祀、开市、开光、出行、入宅、移徙、出火、拆卸、修造、安床,纳畜、伐木、置产、作梁、行丧、安葬、修坟、立碑
2037-10-14,收,玄武,否,嫁娶、祭祀、作灶、纳财,安葬、开市、修坟、立碑
2037-10-15,开,司命,是,嫁娶、祭祀、祈福、求嗣、开光、出行、解除、出火、进人口、开市、交易、立券、挂匾、纳财、入宅、移徙、栽种、破土、谢土,安床、安葬
2037-10-16,闭,勾陈,否,嫁娶、祭祀、祈福、求嗣、动土、安床、扫舍、入殓、移柩、破土、启钻、安葬、作灶、整手足甲、补垣、除服、成服,开光、栽种
2037-10-17,建,青龙,否,祭祀、祈福、求嗣、开光、出行、解除、上梁、入宅、移徙、安床、安门、纳财、纳畜、造畜稠,伐木、行丧、破土、嫁娶、安葬、开渠
2037-10-18,除,明堂,是,祭祀、开光、出行、解除、理发、伐木、出火、拆卸、上梁、合脊、安床、造畜稠,嫁娶、安葬、行丧、词讼、造桥、作灶、破土、动土
2037-10-19,满,天刑,否,纳采、订盟、会亲友、沐浴、理发、裁衣、冠笄、安床、除服、成服、启钻、移柩、安葬、开生坟,开市、入宅、出行、嫁娶、修坟、祈福、动土、安门、谢土、上梁
2037-10-20,平,朱雀,否,解除、祭祀、修饰垣墙、平治道涂、造畜稠、馀事勿取,嫁娶、开市、交易、入宅、入学、安葬
2037-10-21,定,金匮,是,入殓、破土、启钻、安葬、除服、成服、馀事勿取,开市、入宅、祭祀、置产、补垣、塞穴
2037-10-22,执,天德,是,嫁娶、祭祀、祈福、求嗣、开光、出行、拆卸、修造、动土、上梁、安床、纳畜、入殓、破土,入宅、移徙、掘井、理发、伐木、交易、开市、作灶
2037-10-23,破,白虎,否,祭祀、沐浴、破屋、坏垣、馀事勿取,嫁娶、入宅、上梁、出行、安葬
2037-10-24,危,玉堂,是,祭祀、求嗣、冠笄、进人口、会亲友、安门、安床、经络、纳财、牧养、畋猎、放水、割蜜,祈福、斋醮、纳采、订盟、嫁娶、入宅、安葬
2037-10-25,成,天牢,是,嫁娶、纳采、订盟、开市、交易、立券、挂匾、祭祀、祈福、开光、造车器、出行、入宅、移徙、安床、安门、拆卸、修造、动土、栽种、安葬、破土、启钻、除服、成服、入殓、立碑,探病、纳畜、伐木、起基、作梁、盖屋
2037-10-26,收,玄武,否,祭祀、冠笄、移徙、会亲友、纳财、理发、捕捉,嫁娶、开市、开池、开厕、破土
2037-10-27,开,司命,是,祭祀、祈福、求嗣、斋醮、开光、出行、嫁娶、求医、治病、动土、破土、入学、起基、扫舍、竖柱、上梁、开仓、出货财、置产、栽种、牧养、开生坟、谢土、立碑,安门、安床、裁衣、入宅、安葬
2037-10-28,闭,勾陈,否,嫁娶、裁衣、冠笄、合帐、祭祀、出行、安床、移徙、塞穴、入殓、破土、移柩、安葬,开市、栽种、置产、词讼、安门、掘井、开光
2037-10-29,建,青龙,否,祭祀、造车器、出行、修造、上梁、盖屋、安门、安床、造畜稠、教牛马,出货财、开仓、动土、破土、安葬、行丧、伐木、开渠、栽种
2037-10-30,除,明堂,是,祭祀、开光、出行、解除、伐木、作梁、出火、拆卸、入宅、移徙、安床、修造、造畜稠、扫舍,造庙、嫁娶、掘井、栽种、造桥、作灶、动土
2037-10-31,满,天刑,否,纳采、订盟、开市、交易、立券、会亲友、纳畜、牧养、问名、移徙、解除、开厕、入学、起基、安床、开仓、出货财、安葬、启钻、入殓、除服、成服,入宅、上梁、斋醮、出火、谢土
2037-11-01,平,朱雀,否,祭祀、平治道涂、馀事勿取,嫁娶、开市
2037-11-02,定,金匮,是,捕捉、畋猎、馀事勿取,开市、交易、祭祀、入宅、安葬
2037-11-03,执,天德,是,嫁娶、纳采、订盟、祭祀、祈福、求嗣、斋醮、开光、安香、出火、造庙、移徙、出行、入宅、起基、竖柱、上梁、安床、纳畜、捕捉、纳婿、安葬,开市、破土、掘井、合寿木
2037-11-04,破,白虎,否,祭祀、沐浴、解除、破屋、坏垣、馀事勿取,开市、嫁娶
2037-11-05,危,玉堂,是,订盟、纳采、会亲友、交易、立券、纳财、栽种、纳畜、牧养,嫁娶、开市、入宅、祈福、安葬
2037-11-06,成,天牢,是,造车器、嫁娶、订盟、纳采、会亲友、祭祀、出行、开市、立券、移徙、入宅、破土、安葬,上梁、开光、盖屋、架马、合寿木
2037-11-07,成,天牢,是,祭祀、祈福、求嗣、开光、解除、理发、会亲友、栽种、纳畜、牧养、安葬、修坟、立碑、启钻,入宅、作灶、词讼、移徙、出行、赴任
2037-11-08,收,玄武,否,祭祀、沐浴、结网、移柩、入殓、除服、成服,安床、开市、交易、出货财、安葬、修坟、嫁娶、作灶
2037-11-09,开,司命,是,解除、馀事勿取,无
2037-11-10,闭,勾陈,否,安床、祭祀、开池、补垣、入殓、移柩、破土、启钻,入宅、移徙、嫁娶、掘井、作灶、出火、进人口、开市、开光
2037-11-11,建,青龙,否,祭祀、沐浴、馀事勿取,无
2037-11-12,除,明堂,是,嫁娶、开光、出行、解除、出火、拆卸、修造、进人口、动土、入宅、移徙、栽种、纳畜、掘井、安葬、除服、成服,置产、安床
2037-11-13,满,天刑,否,开光、裁衣、安门、会亲友、安床、结网、理发,嫁娶、冠笄、出行、祈福、安葬、伐木、入宅、移徙、出火、栽种、动土、上梁
2037-11-14,平,朱雀,否,嫁娶、开光、出行、出火、拆卸、修造、动土、入宅、移徙、安床、上梁、开市、交易、立券、栽种,祈福、祭祀、伐木、掘井、作灶、谢土
2037-11-15,定,金匮,是,嫁娶、祭祀、祈福、求嗣、开光、出火、出行、拆卸、开市、交易、立券、挂匾、伐木、入宅、移徙、安床、安葬,栽种、掘井、置产
2037-11-16,执,天德,是,祭祀、理发、针灸、解除、进人口、整手足甲,嫁娶、动土、造船、开池、掘井、出行、修造、入宅、上梁、移徙、安葬、破土、作灶、开市
2037-11-17,破,白虎,否,破屋、坏垣、求医、治病、馀事勿取,嫁娶、安葬
2037-11-18,危,玉堂,是,纳采、订盟、嫁娶、祭祀、祈福、雕刻、移徙、开市、入宅、出行、动土、会亲友、入学、修造、起基、安门、安床、造庙、解除、纳财、开池、造畜稠、牧养,上梁、开仓、出货财、盖屋、造船
2037-11-19,成,天牢,是,祭祀、祈福、求嗣、开光、解除、伐木、拆卸、修造、栽种、纳畜、安葬、修坟、立碑,嫁娶、进人口、入宅、移徙、出火、出行
2037-11-20,收,玄武,否,沐浴、扫舍、捕捉、畋猎、解除、塞穴、馀事勿取,嫁娶、入宅、开市、安床、破土、修坟
2037-11-21,开,司命,是,嫁娶、冠笄、祭祀、祈福、求嗣、斋醮、开光、出行、解除、动土、开市、交易、立券、挂匾、拆卸、破土,伐木、上梁、修造、入殓、理发、会亲友、入宅、安门、安葬、作灶
2037-11-22,闭,勾陈,否,合帐、裁衣、嫁娶、安床、入殓、移柩、破土、造畜稠,置产、造船、开光、掘井、作灶
2037-11-23,建,青龙,否,解除、修饰垣墙、冠笄、出行、馀事勿取,开市、动土、破土、嫁娶、安葬
2037-11-24,除,明堂,是,纳采、订盟、嫁娶、祭祀、祈福、求嗣、开光、出行、解除、进人口、开市、立券、挂匾、入宅、移徙、安门、栽种、动土、求医、治病、会亲友、起基、修造、盖屋、安葬,作灶、经络、安床
2037-11-25,满,天刑,否,祭祀、塑绘、理发、会亲友、牧养、开池、造畜稠、畋猎、结网,祈福、谢土、安葬、上梁、作灶、开市、嫁娶、出行、入宅、动土
2037-11-26,平,朱雀,否,出行、纳财、开市、交易、立券、动土、移徙、入宅、裁衣、会亲友、拆卸、进人口、安香、经络、出货财、修饰垣墙、平治道涂,造庙、谢土、作灶、作梁、伐木、安葬、行丧、修坟、探病
2037-11-27,定,金匮,是,嫁娶、纳采、订盟、祭祀、斋醮、开光、安香、出火、出行、拆卸、动土、祈福、进人口、纳财、交易、立券、移徙、安床、修造、安葬、除服、成服,置产、掘井、词讼、栽种
2037-11-28,执,天德,是,嫁娶、纳采、订盟、祭祀、开光、出行、解除、伐木、出火、入宅、移徙、拆卸、修造、栽种、安葬、入殓,破土、动土、安门、作灶、开市、交易
2037-11-29,破,白虎,否,祭祀、解除、破屋、坏垣、求医、治病、馀事勿取,嫁娶、安葬
2037-11-30,危,玉堂,是,祭祀、扫舍、破土、安葬、除服、成服、启钻、移柩、入殓、立碑、馀事勿取,嫁娶、入宅、修造、动土
2037-12-01,成,天牢,是,订盟、纳采、会亲友、祭祀、祈福、修造、动土、安机械、破土、安葬,嫁娶、移徙、出火、开市、入宅
2037-12-02,收,玄武,否,祭祀、沐浴、捕捉、畋猎、结网、扫舍,嫁娶、纳采、订盟、安床、动土、破土、安葬
2037-12-03,开,司命,是,开市、纳财、出行、祭祀、祈福、求嗣、斋醮、问名、入学、起基、定磉、置产、开渠、掘井、拆卸、栽种、纳畜、牧养、动土、破土、启钻,移徙、入宅、出火、入殓、安葬
2037-12-04,闭,勾陈,否,祭祀、理发、置产、塞穴、除服、成服、移柩、入殓、破土、安葬,嫁娶、入宅、安床、掘井、开光
2037-12-05,建,青龙,否,祭祀、沐浴、出行、馀事勿取,开市、动土、破土、行丧、安葬
2037-12-06,除,明堂,是,嫁娶、造车器、出行、会亲友、移徙、入宅、修造、动土、雕刻、开光、安香、出火、理发、盖屋、合脊、起基、归岫、安门、拆卸、扫舍、栽种、造畜稠,开市、纳采、造庙、安床、开渠、安葬
2037-12-07,除,明堂,是,嫁娶、祭祀、祈福、求嗣、出行、出火、拆卸、开市、交易、立券、挂匾、入宅、移徙、安床、栽种,作灶、塑绘、行丧、词讼、伐木、安葬
2037-12-08,满,天刑,否,理发、开光、解除、拆卸、修造、安葬、开市、交易、立券、挂匾、安床、栽种,入宅、移徙、作灶、祈福、祭祀、嫁娶、谢土、掘井、盖屋、探病
2037-12-09,平,朱雀,否,祭祀、修饰垣墙、馀事勿取,诸事不宜
2037-12-10,定,金匮,是,入宅、安床、开光、祭祀、出火、拆卸、动土、挂匾、入殓、破土、安葬、纳畜,嫁娶、开市、作灶、置产、作梁、伐木
2037-12-11,执,天德,是,祭祀、解除、馀事勿取,诸事不宜
2037-12-12,破,白虎,否,破屋、坏垣、祭祀、沐浴、馀事勿取,诸事不宜
2037-12-13,危,玉堂,是,安床、祭祀、祈福、求嗣、冠笄、伐木、架马、动土、开池、开厕、结网、入殓、除服、成服,安门、栽种、作灶、治病
2037-12-14,成,天牢,是,解除、扫舍、馀事勿取,诸事不宜
2037-12-15,收,玄武,否,祭祀、开光、理发、整手足甲、安床、作灶、扫舍、教牛马,伐木、纳畜、破土、安葬、开生坟、嫁娶、开市、动土、交易、作梁
2037-12-16,开,司命,是,祭祀、祈福、求嗣、开光、拆卸、修造、动土、上梁、安床、置产、栽种、破土,嫁娶、进人口、安葬、出行、赴任、入宅、移徙、入殓、开渠
2037-12-17,闭,勾陈,否,沐浴、冠笄、补垣、塞穴、裁衣、修造、作梁、开柱眼、安碓磑、筑堤、开厕、断蚁,移徙、入宅、嫁娶、祈福、开光、掘井
2037-12-18,建,青龙,否,交易、进人口、祭祀、沐浴、捕捉、入殓、除服、成服、安葬、谢土、启钻、修坟,斋醮、入宅、修造、动土、破土
2037-12-19,除,明堂,是,嫁娶、纳采、订盟、造车器、祭祀、祈福、造庙、安香、出火、出行、归宁、入学、入宅、交易、立券、求医、治病、修造、动土、竖柱、上梁、盖屋、起基、安门,斋醮、伐木、作梁、安葬、行丧
2037-12-20,满,天刑,否,纳采、订盟、开市、交易、立券、出行、会亲友、安机械、竖柱、上梁、平治道涂、伐木、拆卸、盖屋、起基、安床、安门、解除、安葬、启钻、除服、成服、修坟、立碑、移柩、入殓,嫁娶、动土、破土、祈福、出火、入宅
2037-12-21,平,朱雀,否,祭祀、平治道涂、除服、成服、安葬、馀事勿取,嫁娶、入宅、纳采、订盟、掘井
2037-12-22,定,金匮,是,纳采、订盟、祭祀、祈福、开光、安香、出火、出行、会亲友、安机械、修造、动土、竖柱、上梁、盖屋、起基、定磉、安床、安门、拆卸、移徙、造桥、造船、安葬、破土、入殓,开市、造庙、置产、掘井
2037-12-23,执,天德,是,嫁娶、冠笄、祭祀、祈福、求嗣、斋醮、进人口、会亲友、伐木、作梁、开柱眼、安床、掘井、捕捉、畋猎,开生坟、破土、行丧、安葬
2037-12-24,破,白虎,否,破屋、坏垣、治病、馀事勿取,移徙、入宅
2037-12-25,危,玉堂,是,安床、架马、祭祀、塑绘、开光、出行、理发、伐木、作梁、开柱眼、开厕、畋猎、破土、入殓、除服、成服、移柩、启钻、修坟、立碑,作灶、安门、造桥、开市、安葬
2037-12-26,成,天牢,是,嫁娶、祭祀、祈福、求嗣、开光、出行、解除、入宅、移徙、纳畜、入殓、破土、修坟、立碑,伐木、作梁、动土、安床、栽种、造桥
2037-12-27,收,玄武,否,祭祀、沐浴、理发、纳财、进人口、栽种、扫舍、捕捉、畋猎、结网,会亲友、安葬、入宅、移徙、安床、开市、行丧、出火、作灶、安门
2037-12-28,开,司命,是,纳采、订盟、祭祀、祈福、求嗣、塑绘、解除、拆卸、修造、动土、竖柱、上梁、安门、置产、开池、掘井、纳畜、安床、栽种、造畜稠、破土、移柩、立碑,嫁娶、开市、出火、进人口、入殓、赴任、入宅、移徙、出行、安葬
2037-12-29,闭,勾陈,否,入宅、移徙、出行、进人口、修造、动土、起基、上梁、安门、造仓、补垣、塞穴、造畜稠,嫁娶、开市、安床、栽种、安葬、祈福、开光、掘井
2037-12-30,建,青龙,否,造畜稠、教牛马,入宅、移徙、分居、作灶、出火、安香、动土、嫁娶、掘井、扫舍、造桥
2037-12-31,除,明堂,是,订盟、纳采、造车器、祭祀、祈福、出行、安香、修造、动土、上梁、开市、交易、立券、移徙、入宅、会亲友、安机械、栽种、纳畜、盖屋、起基、安床、造畜稠,破土、安葬、行丧、开生坟
2038-01-01,满,天刑,否,订盟、纳采、会亲友、安机械、开光、修造、动土、竖柱、上梁、盖屋、起基、造桥、栽种、纳畜、造畜稠、移柩、入殓、启钻、修坟、立碑、安葬,祈福、出火、嫁娶、入宅、开市、破土
2038-01-02,平,朱雀,否,祭祀、平治道涂、修坟、除服、成服、馀事勿取,移徙、入宅、嫁娶、掘井、安葬
2038-01-03,定,金匮,是,嫁娶、冠笄、祭祀、祈福、求嗣、雕刻、开光、安香、出行、入学、修造、动土、竖柱、上梁、盖屋、起基、安门、出火、移徙、入宅、掘井、造畜稠、安葬、破土、除服、成服,开市、纳采、订盟、作灶、造庙、造船、经络
2038-01-04,执,天德,是,嫁娶、订盟、纳采、祭祀、祈福、求嗣、斋醮、安香、出火、修造、起基、盖屋、合脊、安门、安碓磑、动土、上梁、移徙、入宅,出行、掘井、破土、行丧、安葬
2038-01-05,执,天德,是,嫁娶、祭祀、祈福、求嗣、开光、入宅、移徙、安床、修造、动土、进人口,掘井、安葬、栽种、出行、作灶、开市、安门
2038-01-06,破,白虎,否,破屋、坏垣、馀事勿取,诸事不宜
2038-01-07,危,玉堂,是,嫁娶、开市、交易、立券、开光、出行、出火、拆卸、修造、入宅、移徙、动土、破土、移柩、安葬、启钻、除服、成服,安床、伐木、祈福、纳畜
2038-01-08,成,天牢,是,祭祀、入殓、破土、除服、成服、启钻、安葬、修坟、立碑、馀事勿取,无
2038-01-09,收,玄武,否,祭祀、解除、馀事勿取,诸事不宜
2038-01-10,开,司命,是,开市、交易、立券、纳财、纳畜、造畜稠、入宅、移徙、安床、开光、祈福、求嗣、动土,嫁娶、栽种、安葬、理发、造庙、作灶、入殓、行丧、造桥
2038-01-11,闭,勾陈,否,安床、裁衣、交易、立券、入殓、移柩、安葬、除服、成服,置产、嫁娶、出行、开光、栽种、动土、破土、入宅、治病
2038-01-12,建,青龙,否,祭祀、解除、造畜稠、教牛马、针灸、馀事勿取,嫁娶、动土、开池、安葬
2038-01-13,除,明堂,是,沐浴、塑绘、开光、纳采、订盟、开市、交易、立券、纳财、起基、动土、定磉、放水、安葬、破土、启钻、修坟、立碑、移柩,入宅、安门、祭祀、谢土
2038-01-14,满,天刑,否,嫁娶、出行、理发、安床、启钻、安葬、修坟、开市、交易、立券、纳财、开池、牧养,掘井、祈福、谢土、动土、入宅、上梁、修造、作灶
2038-01-15,平,朱雀,否,解除、平治道涂、馀事勿取,移徙、入宅、掘井、造庙、栽种、针灸、治病、开池
2038-01-16,定,金匮,是,嫁娶、祭祀、开光、伐木、出火、拆卸、入宅、移徙、修造、动土、上梁、安床、纳畜,开市、行丧、栽种、出行、出货财、安葬、置产、词讼、治病
2038-01-17,执,天德,是,嫁娶、纳采、订盟、入宅、移徙、安床、祭祀、祈福、开光、出行、解除、出火、拆卸、动土、纳畜、谢土、安葬、破土,伐木、开市、交易、上梁、作灶、安门、盖屋
2038-01-18,破,白虎,否,祭祀、破屋、坏垣、解除、馀事勿取,开市、动土、破土
2038-01-19,危,玉堂,是,嫁娶、纳采、订盟、开光、安香、出火、纳财、开市、交易、立券、裁衣、盖屋、起基、修造、动土、安门、移徙、入宅、栽种、牧养、畋猎、掘井、开池、安葬、破土、入殓、除服、成服、立碑,祈福、造庙、祭祀、安床、谢土
2038-01-20,成,天牢,是,祭祀、斋醮、入殓、破土、启钻、安葬、修坟、立碑、除服、成服,嫁娶、入宅、作灶、纳采、订盟
2038-01-21,收,玄武,否,祭祀、斋醮、纳财、捕捉、畋猎,嫁娶、开市、入宅、安床、破土、安葬
2038-01-22,开,司命,是,纳采、订盟、祭祀、祈福、求嗣、斋醮、沐浴、进人口、会亲友、入学、治病、安碓磑、掘井、开池、纳畜、牧养、造畜稠,嫁娶、合帐、入宅、行丧、安葬
2038-01-23,闭,勾陈,否,祭祀、祈福、求嗣、沐浴、问名、交易、纳财、入殓、移柩、安葬、修坟、立碑、谢土、造畜稠、教牛马,入宅、置产、嫁娶、动土、栽种、开市、开光、破土
2038-01-24,建,青龙,否,祭祀、教牛马、造畜稠、会亲友、解除、馀事勿取,嫁娶、入宅、出行、动土、破土、安葬、行丧
2038-01-25,除,明堂,是,嫁娶、开光、解除、出火、拆卸、修造、进人口、入宅、移徙、安床、栽种、入殓、修坟、动土、除服、成服,作灶、安葬、祭祀、开市、纳采、订盟、纳畜、谢土、出行、探病
2038-01-26,满,天刑,否,出行、起基、安床、纳财、交易、立券、嫁娶、栽种、入殓、移柩、安葬,挂匾、入宅、上梁、祈福、词讼、作梁、作灶、开池、安门、动土、破土、掘井
2038-01-27,平,朱雀,否,平治道涂、馀事勿取,开光、嫁娶、开仓、出货财、造船、安葬、探病
2038-01-28,定,金匮,是,嫁娶、订盟、纳采、会亲友、祭祀、安机械、移徙、入宅、盖屋、安床、起基、定磉、安香、出火、挂匾、拆卸、置产,开市、出行、安葬、行丧
2038-01-29,执,天德,是,沐浴、捕捉、畋猎、理发、整手足甲、入殓、除服、成服、破土、安葬、谢土、立碑、修坟、启钻,纳采、订盟、嫁娶、上梁、开市、斋醮、盖屋、安门
2038-01-30,破,白虎,否,祭祀、破屋、坏垣、馀事勿取,斋醮、嫁娶、开市
2038-01-31,危,玉堂,是,沐浴、开仓、出货财、开市、交易、立券、纳财、栽种、纳畜、牧养、畋猎、入殓、破土、安葬,祈福、嫁娶、安床、入宅、造船
2038-02-01,成,天牢,是,祭祀、沐浴、补垣、塞穴、断蚁、解除、馀事勿取,造庙、入宅、修造、安葬、行丧、嫁娶
2038-02-02,收,玄武,否,嫁娶、纳采、订盟、问名、祭祀、冠笄、裁衣、会亲友、进人口、纳财、捕捉、作灶,开市、安床、安葬、修坟
2038-02-03,开,司命,是,订盟、纳采、会亲友、祭祀、斋醮、沐浴、塑绘、出火、开光、竖柱、上梁、开市、交易、立券、作梁、开柱眼、伐木、架马、安门、安床、拆卸、牧养、造畜稠、掘井,造庙、嫁娶、出行、动土、安葬、行丧
2038-02-04,开,司命,是,嫁娶、开光、祈福、求嗣、解除、动土、安床、栽种、开池、掘井、祭祀、破土、启钻,入宅、作灶、伐木、安葬、出火、出行、纳畜
2038-02-05,闭,勾陈,否,祭祀、合帐、裁衣、经络、伐木、作梁、安床、作灶、入殓、安葬、启钻、移柩,词讼、出火、入宅
2038-02-06,建,青龙,否,裁衣、伐木、作梁、纳财、交易、立券,诸事不宜
2038-02-07,除,明堂,是,嫁娶、祭祀、祈福、求嗣、开光、出行、出火、拆卸、动土、上梁、进人口、入宅、移徙、安床、开市、交易、立券、挂匾、入殓、破土、安葬、启钻、除服、成服,无
2038-02-08,满,天刑,否,嫁娶、冠笄、纳采、出行、会亲友、上梁、安机械、安床、牧养、畋猎、祭祀、祈福、开光、修造、安门、盖屋、起基,入宅、作灶、治病、安葬、移徙
2038-02-09,平,朱雀,否,修饰垣墙、平治道涂、祭祀、馀事勿取,诸事不宜
2038-02-10,定,金匮,是,造车器、纳采、订盟、祭祀、祈福、求嗣、移徙、出行、开市、出火、入宅、立券、交易、安门、安床、安葬、谢土,开光、盖屋、动土、作灶、栽种
2038-02-11,执,天德,是,动土、入殓、嫁娶、移柩、安葬、破土,开市、作灶、安床、入宅、上梁、裁衣
2038-02-12,破,白虎,否,求医、治病、破屋、坏垣、馀事勿取,开市、嫁娶
2038-02-13,危,玉堂,是,祭祀、斋醮、沐浴、开生坟、除服、成服、移柩、入殓、破土、安葬、合寿木,开市、嫁娶、安床、会亲友、入宅、作灶、上梁
2038-02-14,成,天牢,是,祭祀、塞穴、结网、破土、谢土、安葬、移柩、除服、成服、馀事勿取,嫁娶、入宅
2038-02-15,收,玄武,否,祭祀、沐浴、理发、作灶、结网、栽种,嫁娶、词讼、行丧、安葬、牧养、伐木、作梁、开市、纳畜、造畜稠
2038-02-16,开,司命,是,嫁娶、祭祀、开光、祈福、求嗣、出行、开市、交易、立券、动土、纳财、掘井、会亲友,入宅、安葬、伐木、作梁、纳畜、造畜稠、作灶
2038-02-17,闭,勾陈,否,祭祀、祈福、求嗣、纳畜、入殓、启钻、谢土、除服、成服,栽种、开光、出行、针灸、嫁娶、入宅、动土、破土
2038-02-18,建,青龙,否,开光、解除、伐木、竖柱、上梁、交易、立券、纳畜、入殓、移柩、安葬,入宅、出行、移徙、祭祀、嫁娶、动土、破土、作灶
2038-02-19,除,明堂,是,祭祀、祈福、求嗣、开光、嫁娶、出行、解除、伐木、拆卸、进人口、安床、动土、起基、上梁、栽种、纳畜、破土、谢土、启钻、安葬,移徙、入宅、出火、作灶、掘井
2038-02-20,满,天刑,否,会亲友、冠笄、安床、安机械、祭祀、祈福、求嗣、经络,嫁娶、开市、动土、作灶、安葬
2038-02-21,平,朱雀,否,作灶、解除、平治道涂、馀事勿取,祭祀、祈福、安葬、安门
2038-02-22,定,金匮,是,嫁娶、祭祀、冠笄、修饰垣墙、置产,经络、探病、盖屋、作灶、动土
2038-02-23,执,天德,是,纳采、嫁娶、祭祀、祈福、出行、修造、动土、移徙、入宅、安葬、破土,开市、斋醮
2038-02-24,破,白虎,否,祭祀、沐浴、解除、理发、扫舍、破屋、坏垣、馀事勿取,嫁娶、安葬
2038-02-25,危,玉堂,是,纳采、订盟、祭祀、祈福、安香、出火、修造、出行、开市、移徙、入宅、动土、安葬、破土,安床、作灶、造船、会亲友
2038-02-26,成,天牢,是,塞穴、结网、取渔、畋猎,嫁娶、安门、移徙、入宅、安葬
2038-02-27,收,玄武,否,纳采、祭祀、祈福、出行、会亲友、修造、动土、移徙、入宅,嫁娶、开市、安葬、破土
2038-02-28,开,司命,是,纳采、嫁娶、祭祀、祈福、出行、开市、会亲友、动土、破土、启钻,移徙、入宅、出火、安门、安葬
2038-03-01,闭,勾陈,否,祭祀、祈福、求嗣、斋醮、入殓、除服、成服、移柩、安葬、启钻,嫁娶、动土、开光、盖屋、破土
2038-03-02,建,青龙,否,纳采、会亲友、竖柱、上梁、立券、入殓、移柩、安葬、启钻,祭祀、移徙、入宅、动土、破土
2038-03-03,除,明堂,是,祭祀、祈福、斋醮、出行、开市、立券、动土、移徙、入宅、破土、安葬,开光、嫁娶、作灶、掘井、纳畜
2038-03-04,满,天刑,否,会亲友、求嗣、理发、冠笄、结网、捕捉、开光,开市、动土、安葬、破土
2038-03-05,平,朱雀,否,开光、塑绘、求嗣、纳采、裁衣、合帐、冠笄、安机械、作梁、开柱眼、安门、安床、造仓、祭祀、会亲友、祈福、经络、纳财、开市、立券、交易、入学、理发、架马,出行、斋醮、安葬、嫁娶
2038-03-06,平,朱雀,否,祭祀、嫁娶、纳婿、安葬,栽种、盖屋、作灶、入宅
2038-03-07,定,金匮,是,祭祀、会亲友、订盟、裁衣、合帐、安机械、拆卸、上梁、安门、入殓、除服、成服、移柩、启钻、安葬、立碑、开光、塑绘、入学、出行、起基、定磉、放水、移徙、入宅、竖柱、立券、经络,伐木、作梁
2038-03-08,执,天德,是,祭祀、开光、塑绘、祈福、斋醮、裁衣、合帐、冠笄、嫁娶、拆卸、动土、移徙、入宅、入殓、移柩、安葬、谢土、求嗣、入学、理发、伐木、架马、作梁、出火、修造、起基、定磉、放水、赴任,安门
2038-03-09,破,白虎,否,祭祀、治病、破屋、坏垣、馀事勿取,诸事不宜
2038-03-10,危,玉堂,是,嫁娶、祭祀、出行、冠笄、立券、交易、进人口、开市、移徙、修造、动土、安床、入殓、移柩、破土,开光、作灶、斋醮、安葬
2038-03-11,成,天牢,是,开市、立券、交易、挂匾、祭祀、祈福、开光、入宅、移徙、安床、拆卸、动土、上梁、进人口,嫁娶、行丧、架马、作梁、理发、牧养、安葬、纳畜、伐木
2038-03-12,收,玄武,否,理发、冠笄、嫁娶、进人口,置产、伐木、纳畜、造畜稠、安葬、破土、作梁、作灶、开生坟
2038-03-13,开,司命,是,嫁娶、祭祀、开光、祈福、求嗣、出火、入宅、移徙、安床、拆卸、动土、破土、谢土,合帐、开市、安葬、入殓
2038-03-14,闭,勾陈,否,安床、伐木、拆卸、修造、动土、上梁、立券、交易、栽种、纳畜、牧养、入殓、安葬,嫁娶、祭祀、开光、出行、出火、移徙、入宅、安门
2038-03-15,建,青龙,否,祭祀、祈福、求嗣、斋醮、嫁娶、冠笄、出行、开市、交易、会亲友、教牛马、除服、成服、启钻、安葬、移柩,动土、移徙、入宅
2038-03-16,除,明堂,是,塞穴、整手足甲、解除、捕捉、畋猎、结网、馀事勿取、诸事不宜,嫁娶、作灶、掘井、安葬
2038-03-17,满,天刑,否,纳财、开市、立券、交易、开光、安床、上梁、盖屋、修造、起基,动土、破土、安葬、行丧、赴任、出行、嫁娶、入宅、移徙、谢土、词讼
2038-03-18,平,朱雀,否,祭祀、祈福、嫁娶、冠笄、修饰垣墙、置产、平治道涂,开仓、出货财、盖屋、作灶、开市、交易、立券、栽种
2038-03-19,定,金匮,是,嫁娶、祭祀、开光、祈福、求嗣、出行、出火、进人口、入宅、移徙、安床、拆卸、修造、安门、挂匾、纳财、扫舍,动土、伐木、安葬、行丧
2038-03-20,执,天德,是,嫁娶、开光、祭祀、祈福、求嗣、出行、出火、入宅、移徙、解除、栽种、伐木、破土、谢土、安葬,开市、交易、作灶、纳财、上梁、安床、盖屋、造船
2038-03-21,破,白虎,否,破屋、坏垣、求医、治病、馀事勿取,开光、嫁娶
2038-03-22,危,玉堂,是,纳采、交易、立券、安床、安机械、安葬、移柩、动土、破土、立碑,嫁娶、开光、作灶
2038-03-23,成,天牢,是,祭祀、祈福、求嗣、斋醮、沐浴、开光、理发、经络、解除、治病、立碑、栽种、牧养、掘井、开池,嫁娶、定磉、合寿木、安葬、行丧
2038-03-24,收,玄武,否,纳财、交易、立券、栽种、捕捉、结网、取渔、进人口、教牛马、理发,入宅、盖屋、竖柱、安葬
2038-03-25,开,司命,是,嫁娶、订盟、纳采、祭祀、祈福、出行、修造、动土、移徙、入宅、破土、出火、安门、安床、上梁、立碑、移柩,开市、交易、合帐、安葬
2038-03-26,闭,勾陈,否,冠笄、立券、交易、修造、动土、安机械、入殓、安葬、破土,嫁娶、祈福、出火、入宅
2038-03-27,建,青龙,否,祭祀、会亲友、出行、立券、交易、冠笄、纳财,嫁娶、动土、掘井、起基、定磉、破土
2038-03-28,除,明堂,是,祭祀、沐浴、解除、扫舍、塞穴、牧养,嫁娶、安葬、行丧、安门
2038-03-29,满,天刑,否,纳财、开市、交易、立券、开光、针灸、会亲友、理发、安床、造仓、结网,移徙、入宅、栽种
2038-03-30,平,朱雀,否,嫁娶、冠笄、会亲友、安机械、纳财、交易、立券、置产,开市、盖屋、治病、作灶
2038-03-31,定,金匮,是,嫁娶、造车器、纳采、订盟、祭祀、祈福、安机械、移徙、入宅、开市、立券、破土、安葬,纳畜、理发、合寿木
2038-04-01,执,天德,是,祈福、斋醮、出行、移徙、入宅、修造、动土、破土、安葬,纳采、开光、安床、嫁娶、开市
2038-04-02,破,白虎,否,破屋、坏垣、馀事勿取,嫁娶、移徙、开市、入宅
2038-04-03,危,玉堂,是,嫁娶、冠笄、祭祀、出行、会亲友、修造、动土、入殓、破土,塑绘、开光、造桥、除服、成服
2038-04-04,成,天牢,是,开光、求嗣、出行、纳采、冠笄、出火、拆卸、起基、修造、动土、上梁、移徙、造船、开市、交易、立券、纳财,祈福、嫁娶、安葬、破土
2038-04-05,成,天牢,是,祭祀、祈福、求嗣、开光、解除、纳采、冠笄、出火、拆卸、进人口、安床、动土、上梁、造庙、掘井、开池、入殓、移柩、安葬、破土,无
2038-04-06,收,玄武,否,解除、破屋、馀事勿取,诸事不宜
2038-04-07,开,司命,是,嫁娶、祈福、求嗣、开光、出行、解除、拆卸、出火、开市、立券、交易、入宅、移徙、安床、动土、破土、谢土,祭祀、入殓、安葬、探病
2038-04-08,闭,勾陈,否,祭祀、裁衣、冠笄、安床、交易、立券、开池、补垣、塞穴、入殓、破土、启钻、安葬、谢土、除服、成服,嫁娶、掘井、探病、开市、开光、栽种
2038-04-09,建,青龙,否,祭祀、出行、教牛马、扫舍、馀事勿取,开光、伐木、安葬、破土
2038-04-10,除,明堂,是,祭祀、祈福、求嗣、开光、纳采、订盟、解除、栽种、纳畜、牧养、扫舍、进人口,修坟、造桥、作灶、出行、安葬、盖屋、入宅
2038-04-11,满,天刑,否,开光、出行、交易、塞穴、嫁娶、理发、开市、安床,祈福、出火、置产、动土、破土、安葬、修造、上梁、入宅
2038-04-12,平,朱雀,否,祭祀、作灶、畋猎、结网、修饰垣墙、平治道涂、馀事勿取,嫁娶、安床、治病
2038-04-13,定,金匮,是,沐浴、祭祀、解除、安葬、破土、谢土、移柩、馀事勿取,斋醮、开光、嫁娶、入宅、上梁
2038-04-14,执,天德,是,祭祀、解除、入殓、移柩、启钻、安葬、整手足甲、捕捉、畋猎、取渔、除服、成服、扫舍、谢土、斋醮,动土、破土
2038-04-15,破,白虎,否,祭祀、沐浴、解除、破屋、坏垣、求医、治病、馀事勿取,嫁娶、开市
2038-04-16,危,玉堂,是,沐浴、塞穴、畋猎、结网、取渔、扫舍、馀事勿取,祈福、安葬
2038-04-17,成,天牢,是,开市、交易、立券、挂匾、祭祀、开光、祈福、求嗣、安床、解除、修造、安葬,纳采、问名、订盟、嫁娶、入宅、开仓、出火、动土、破土、纳畜、伐木
2038-04-18,收,玄武,否,祭祀、修门、取渔、纳财、纳畜、馀事勿取,嫁娶、入宅
2038-04-19,开,司命,是,安香、出火、纳采、订盟、嫁娶、开市、立券、交易、挂匾、开光、出行、解除、安床、栽种、置产、拆卸、修造、动土,作灶、安葬、祭祀、入殓
2038-04-20,闭,勾陈,否,祭祀、出行、修造、动土、合帐、造畜稠、安床、移徙、入殓、移柩、破土、启钻、安葬、开生坟、合寿木、补垣、塞穴,入宅、作灶、理发、开光、安门
2038-04-21,建,青龙,否,祭祀、修饰垣墙、馀事勿取,开光、修造、动土、破土
2038-04-22,除,明堂,是,嫁娶、祭祀、祈福、求嗣、斋醮、开光、出火、移徙、入宅、竖柱、上梁、会亲友、盖屋、起基、治病、安门、造车器、掘井、开池,纳采、出行、修坟、安葬、开市、立券、作灶
2038-04-23,满,天刑,否,祭祀、塑绘、开光、纳采、嫁娶、开市、出行、会亲友、安床、结网、除服、成服、启钻、安葬、移柩,祈福、入宅、盖屋、动土、破土、探病
2038-04-24,平,朱雀,否,祭祀、作灶、平治道涂、馀事勿取,安床、入宅、安碓磑、栽种
2038-04-25,定,金匮,是,祭祀、祈福、求嗣、斋醮、沐浴、纳畜、入殓、破土、安葬,移徙、入宅、嫁娶、出行、安床
2038-04-26,执,天德,是,纳采、祭祀、祈福、求嗣、斋醮、出行、起基、盖屋、定磉、安门、入殓、安葬,嫁娶、开市、纳财、出火
2038-04-27,破,白虎,否,祭祀、沐浴、解除、求医、治病、破屋、坏垣、馀事勿取,祈福、斋醮、开市、安葬
2038-04-28,危,玉堂,是,沐浴、捕捉、畋猎、结网、取渔,祭祀、嫁娶、入宅、作灶、安葬
2038-04-29,成,天牢,是,祭祀、祈福、求嗣、斋醮、纳采、订盟、开光、竖柱、上梁、开仓、出货财、盖屋、起基、定磉、安门、诸事不宜、破土、入殓、启钻、谢土,出火、嫁娶、开市
2038-04-30,收,玄武,否,祭祀、捕捉、解除、馀事勿取,嫁娶、安葬
2038-05-01,开,司命,是,纳采、嫁娶、出行、开市、立券、纳畜、牧养、出火、移徙、入宅,祈福、动土、破土、安葬、入殓
2038-05-02,闭,勾陈,否,祭祀、祈福、求嗣、斋醮、冠笄、作灶、纳财、交易,开光、嫁娶、掘井、安葬、安门、探病
2038-05-03,建,青龙,否,祭祀、解除、教牛马、出行、馀事勿取,动土、破土、行丧、开光、作梁、安葬、探病
2038-05-04,建,青龙,否,沐浴、斋醮、解除、求医、治病、会亲友、造畜稠、栽种、理发、扫舍,开市、嫁娶、移徙、入宅、掘井、安葬
2038-05-05,除,明堂,是,开市、交易、立券、挂匾、开光、出行、拆卸、进人口、入宅、移柩、动土、安门、上梁、栽种、破土、修坟、安葬,嫁娶、安床、探病、作灶
2038-05-06,满,天刑,否,进人口、会亲友,塞穴、上梁、动土、伐木、安葬、词讼
2038-05-07,平,朱雀,否,沐浴、平治道涂、扫舍、入殓、破土、安葬、除服、成服,嫁娶、移徙、伐木、作梁、安床、祭祀、祈福、盖屋
2038-05-08,定,金匮,是,嫁娶、祭祀、祈福、求嗣、开光、出火、出行、拆卸、动土、解除、进人口、开市、交易、立券、挂匾、入宅、移徙、安床、安门、上梁、安葬、破土、谢土,无
2038-05-09,执,天德,是,祭祀、祈福、求嗣、开光、解除、合帐、冠笄、伐木、架马、作梁、修造、进人口、嫁娶、裁衣、安床、动土、起基、上梁、竖柱、放水、会亲友,无
2038-05-10,破,白虎,否,破屋、坏垣、沐浴、解除、馀事勿取,诸事不宜
2038-05-11,危,玉堂,是,纳采、订盟、嫁娶、造车器、祭祀、祈福、求嗣、开光、出火、拆卸、修造、动土、进人口、挂匾、入宅、移徙、安床、栽种、入殓、破土、安葬、除服、成服,开市、立券
2038-05-12,成,天牢,是,开市、交易、立券、祭祀、祈福、开光、动土、安床、出行、栽种、纳畜、牧养、竖柱、上梁、解除、破土,嫁娶、掘井、入宅、移徙、安葬
2038-05-13,收,玄武,否,解除、出行、纳采、冠笄、竖柱、上梁、移徙、作灶、进人口、入宅、纳畜、牧养,祭祀、伐木、架马、安床、修造、动土、安葬、修坟、破土
2038-05-14,开,司命,是,祭祀、祈福、求嗣、开光、出行、开市、交易、立券、栽种、安床、纳畜、移徙、起基、动土、定磉、造仓、置产、破土、启钻、修坟,入宅、修造、安门、伐木、入殓、安葬、盖屋
2038-05-15,闭,勾陈,否,嫁娶、交易、立券、开厕、补垣、塞穴、畋猎、取渔、开生坟,安床、开渠、上梁、修造、开市、开光、入宅、移徙
2038-05-16,建,青龙,否,塞穴、断蚁、结网、畋猎、馀事勿取,嫁娶、安葬、入宅、出行、动土、词讼
2038-05-17,除,明堂,是,纳采、订盟、嫁娶、祭祀、祈福、求嗣、开光、解除、出行、出火、入宅、移徙、栽种、纳畜、牧养、动土、破土、入殓、安葬,作灶、安床、开仓、盖屋
2038-05-18,满,天刑,否,开光、纳采、裁衣、冠笄、安床、作灶、进人口、造仓、塞穴,嫁娶、栽种、修造、动土、出行、伐木、作梁、安葬、谢土
2038-05-19,平,朱雀,否,纳采、嫁娶、裁衣、理发、出行、修造、动土、进人口、开市、交易、立券、挂匾、移徙、上梁、栽种、纳畜,伐木、安葬、安床、祭祀、祈福
2038-05-20,定,金匮,是,开市、交易、立券、挂匾、祭祀、祈福、斋醮、出行、盖屋、起基、修造、动土、定磉、安床、安机械、安葬、破土、启钻、除服、成服、立碑,作灶、嫁娶、移徙、入宅、理发
2038-05-21,执,天德,是,嫁娶、纳采、订盟、祭祀、祈福、求嗣、开光、出火、出行、拆卸、动土、修造、进人口、入宅、移徙、安床、解除、挂匾、栽种、破土、谢土、入殓、移柩、安葬,开市、立券、造船、合寿木
2038-05-22,破,白虎,否,祭祀、沐浴、解除、破屋、坏垣、馀事勿取,开光、安葬
2038-05-23,危,玉堂,是,订盟、纳采、嫁娶、解除、祭祀、祈福、求嗣、开光、出行、出火、拆卸、入宅、移徙、安床、栽种、纳畜、动土、破土、谢土、安葬、修坟,作灶、开市、经络
2038-05-24,成,天牢,是,祭祀、祈福、求嗣、开光、订盟、纳采、解除、动土、起基、进人口、开市、交易、立券、纳财、造仓、开池、栽种、纳畜、破土、安葬,安床、上梁、裁衣、入宅、嫁娶
2038-05-25,收,玄武,否,祭祀、结网、捕捉、馀事勿取,探病、嫁娶、开市
2038-05-26,开,司命,是,祭祀、祈福、求嗣、开光、纳采、订盟、嫁娶、出行、动土、破土、会亲友、开市、交易、立券、习艺、拆卸、起基、安碓磑、放水、开池、造仓、开渠、栽种、谢土、启钻、修坟、立碑,入宅、安门、安葬
2038-05-27,闭,勾陈,否,嫁娶、冠笄、祭祀、出行、移徙、入宅、作灶、造车器、补垣、塞穴、开厕、破土、启钻、除服、成服、入殓,盖屋、造桥、安门、安葬、上梁
2038-05-28,建,青龙,否,祭祀、解除、断蚁、会亲友、馀事勿取,嫁娶、安葬
2038-05-29,除,明堂,是,嫁娶、纳采、订盟、祭祀、祈福、治病、造车器、修造、动土、移徙、入宅,开市、出行、安床、作灶、安葬
2038-05-30,满,天刑,否,嫁娶、纳采、订盟、会亲友、安机械、结网、冠笄、祭祀、求嗣、进人口、经络,开市、作灶、动土、行丧、安葬
2038-05-31,平,朱雀,否,祭祀、沐浴、移徙、破土、安葬、扫舍、平治道涂,祈福、嫁娶、入宅、安床、作灶
2038-06-01,定,金匮,是,祭祀、祈福、斋醮、求嗣、安机械、纳畜、移徙、入宅、塑绘、开光、起基、竖柱、上梁、作灶、安门、安香、出火、盖屋、启钻、安葬,动土、破土、嫁娶
2038-06-02,执,天德,是,嫁娶、纳采、订盟、斋醮、开光、祭祀、祈福、求医、治病、会亲友、动土、解除、捕捉、纳畜、牧养、入殓、破土、安葬,移徙、入宅、盖屋、架马
2038-06-03,执,天德,是,祭祀、沐浴、解除、破屋、坏垣、馀事勿取,行丧、安葬
2038-06-04,破,白虎,否,沐浴、扫舍、馀事勿取,斋醮、开市、嫁娶、作灶
2038-06-05,危,玉堂,是,开市、交易、立券、纳财、开池、开厕、结网、祭祀、修造、动土、安床、放水、经络、破土,嫁娶、造桥、词讼、移徙、安门、作灶、栽种
2038-06-06,成,天牢,是,开市、交易、立券、纳财、栽种、安床、拆卸、修造、动土、上梁、入殓、安葬、破土、除服、成服,嫁娶、出火、伐木、祭祀、入宅、移徙、纳畜、探病
2038-06-07,收,玄武,否,祭祀、作灶、馀事勿取,诸事不宜
2038-06-08,开,司命,是,解除、坏垣、馀事勿取,诸事不宜
2038-06-09,闭,勾陈,否,修造、动土、起基、安门、安床、栽种、筑堤、补垣、造畜稠,嫁娶、掘井、入宅、移徙、出火、出行、行丧、安葬、开光、理发、进人口
2038-06-10,建,青龙,否,祭祀、教牛马、断蚁、馀事勿取,斋醮、移徙、入宅、动土
2038-06-11,除,明堂,是,纳采、订盟、嫁娶、祭祀、祈福、开市、纳财、立券、移徙、出行、修造、动土、起基、定磉、竖柱、拆卸、扫舍、放水、安香、安床、造船、开池、掘井、造畜稠、栽种,行丧、安葬、破土、作灶、伐木、斋醮
2038-06-12,满,天刑,否,嫁娶、开光、祭祀、祈福、出行、解除、移徙、入宅、开市、纳财、起基、修造、竖柱、上梁、盖屋、作灶、出火、安香、补垣、塞穴、拆卸、放水、扫舍、造仓、造船、栽种、安葬,纳采、订盟、安床、谢土、破土、动土
2038-06-13,平,朱雀,否,嫁娶、祭祀、理发、作灶、修饰垣墙、平治道涂、整手足甲、沐浴、冠笄,破土、出行、栽种
2038-06-14,定,金匮,是,嫁娶、纳采、订盟、祭祀、祈福、求嗣、开光、出火、出行、拆卸、修造、动土、进人口、入宅、移徙、安床、交易、立券、挂匾、纳财、入殓、安葬、启钻、除服、成服,掘井、破土
2038-06-15,执,天德,是,畋猎、捕捉、结网、取渔、祭祀、沐浴、馀事勿取,嫁娶、开市、安葬、启钻、行丧
2038-06-16,破,白虎,否,祭祀、破屋、坏垣、馀事勿取,移徙、入宅、开仓、出货财
2038-06-17,危,玉堂,是,祭祀、斋醮、塑绘、开光、出行、修造、动土、造畜稠、安床、放水、掘井、开池、开厕、结网、破土,出火、入宅
2038-06-18,成,天牢,是,开市、交易、立券、挂匾、开光、解除、拆卸、动土、安床、修造、上梁、置产、栽种、破土、安葬,作灶、出火、祭祀、嫁娶、入宅
2038-06-19,收,玄武,否,祭祀、结网、馀事勿取,入宅、出行、掘井、安葬
2038-06-20,开,司命,是,嫁娶、纳采、订盟、冠笄、造车器、祭祀、开光、祈福、求嗣、出行、解除、伐木、出火、入宅、拆卸、修造、动土、上梁、安床、栽种、破土,行丧、置产、安葬
2038-06-21,闭,勾陈,否,嫁娶、合帐、裁衣、冠笄、伐木、上梁、出火、拆卸、移徙、修造、动土、安门、纳财、筑堤、栽种、塞穴,安床、祈福、出行、安葬、行丧、开光
2038-06-22,建,青龙,否,出行、教牛马、割蜜、馀事勿取,斋醮、盖屋、动土、破土
2038-06-23,除,明堂,是,嫁娶、祭祀、祈福、求嗣、开光、出行、解除、出火、拆卸、修造、进人口、入宅、移徙、动土、安床、纳畜、栽种、纳财、交易、立券、挂匾、造畜稠,安葬、开生坟、行丧
2038-06-24,满,天刑,否,安机械、祭祀、祈福、求嗣、沐浴、解除、纳采、开市、修造、竖柱、上梁、开柱眼、安碓磑、归岫、补垣、塞穴、拆卸、放水、出火、扫舍、开生坟、合寿木、安葬、谢土、启钻、除服、成服,嫁娶、安床、作灶、动土、破土、造船
2038-06-25,平,朱雀,否,祭祀、沐浴、理发、整手足甲、修饰垣墙、平治道涂、馀事勿取,开市、入宅、出行、修造、词讼
2038-06-26,定,金匮,是,嫁娶、纳采、祭祀、祈福、出行、立券、移徙、入宅、动土、破土、安葬,开光、作灶、盖屋、架马、开仓
2038-06-27,执,天德,是,纳采、订盟、冠笄、祭祀、祈福、斋醮、出行、修造、动土、移徙、入宅、安香、出火、拆卸、盖屋、起基、竖柱、上梁、定磉、安门、开池,嫁娶、开市、合寿木、安葬
2038-06-28,破,白虎,否,祭祀、沐浴、破屋、坏垣、馀事勿取,入宅、嫁娶、移徙
2038-06-29,危,玉堂,是,嫁娶、安机械、交易、出行、祭祀、祈福、求嗣、斋醮、塑绘、开光、合帐、裁衣、放水、开池、掘井,作灶、理发、造桥、行丧、安葬
2038-06-30,成,天牢,是,纳采、冠笄、求医、治病、开市、立券、修造、动土、安机械、破土、安葬,斋醮、祭祀、移徙、入宅、上梁、嫁娶
2038-07-01,收,玄武,否,祭祀、作灶、馀事勿取,开市、安葬、破土、修坟、掘井
2038-07-02,收,玄武,否,祭祀、祈福、求嗣、斋醮、安香、解除、移徙、入宅、会亲友、求医、治病、动土、破土、开生坟、合寿木,合帐、上梁、经络、安葬、入殓
2038-07-03,开,司命,是,嫁娶、冠笄、修造、动土、作灶、移徙、入宅、补垣、塞穴、纳畜、牧养、架马、起基、定磉、开池、造船,祈福、开光、掘井、开市、安葬
2038-07-04,闭,勾陈,否,祭祀、交易、纳财,斋醮、开渠、上梁、动土、破土
2038-07-05,建,青龙,否,嫁娶、订盟、纳采、冠笄、会亲友、安机械、造车器、祭祀、出行、纳财、入宅、安香、出火、入学、塑绘、开光、拆卸、起基、修造、动土、牧养、栽种、安门、开厕,行丧、伐木、作梁、作灶
2038-07-06,除,明堂,是,开光、求嗣、出行、冠笄、嫁娶、伐木、架马、开柱眼、修造、移徙、入宅、开市、交易、立券、安香、出火、挂匾、起基、开生坟、合寿木、入殓、除服、成服、移柩、安葬,安床、出货财、作灶、动土、破土
2038-07-07,满,天刑,否,嫁娶、开光、解除、安床、牧养、理发、开市、入殓、启钻、移柩、安葬、扫舍,作灶、动土、上梁、栽种、入宅、移徙、修造、祈福
2038-07-08,平,朱雀,否,祭祀、解除、馀事勿取,诸事不宜
2038-07-09,定,金匮,是,祭祀、祈福、求嗣、开光、伐木、出火、拆卸、入宅、安床、修造、动土、上梁、挂匾、纳畜,嫁娶、栽种、行丧、理发、修坟、作灶
2038-07-10,执,天德,是,解除、祭祀、理发、入殓、安葬、破土,嫁娶、开市、出火、作灶、置产、斋醮、入宅、移徙、安门
2038-07-11,破,白虎,否,破屋、坏垣、馀事勿取,诸事不宜
2038-07-12,危,玉堂,是,开市、交易、立券、纳财、动土、开光、出行、嫁娶、纳采、订盟、入学、开仓、出货财、纳畜、牧养、栽种、破土、启钻、安葬、立碑,入宅、移徙、作灶、祭祀、谢土
2038-07-13,成,天牢,是,嫁娶、纳采、订盟、祭祀、祈福、求嗣、开光、出火、出行、拆卸、修造、动土、进人口、开市、交易、立券、挂匾、入宅、移徙、安床、栽种、入殓、破土、谢土、安葬,掘井、伐木、纳畜、合寿木
2038-07-14,收,玄武,否,祭祀、冠笄、作灶、交易、纳财、栽种、结网、纳畜、牧养、进人口,开渠、造船、安床、安葬、破土、出行、修坟、掘井、开市、开生坟
2038-07-15,开,司命,是,嫁娶、订盟、祭祀、祈福、求嗣、纳采、裁衣、冠笄、开光、安床、作梁、修造、动土、作灶、起基、上梁、盖屋、纳畜、牧养,移徙、栽种、出行、行丧、破土、安葬、词讼
2038-07-16,闭,勾陈,否,经络、祭祀、沐浴、补垣、塞穴、除服、成服、移柩、入殓、启钻、立碑,开光、治病、嫁娶、掘井、破土、安葬
2038-07-17,建,青龙,否,嫁娶、祭祀、出行、裁衣、冠笄、交易、雕刻、纳财、造畜稠、造车器、教牛马,移徙、入宅、栽种、动土、破土、作灶、安葬、行丧、伐木、上梁
2038-07-18,除,明堂,是,修造、动土、安机械、祭祀、沐浴、解除、拆卸、治病、作灶、盖屋、起基、开池、扫舍、造畜稠、开生坟、合寿木、安葬、破土、启钻、移柩、入殓、立碑,开市、入宅、出行、安床
2038-07-19,满,天刑,否,嫁娶、纳采、订盟、造车器、开光、出行、拆卸、起基、安床、除服、成服、开市、交易、立券、栽种、牧养、入殓、移柩、启钻,上梁、入宅、修造、动土、破土、祭祀、祈福、斋醮
2038-07-20,平,朱雀,否,祭祀、嫁娶、畋猎、结网,动土、破土、治病、开渠
2038-07-21,定,金匮,是,纳采、订盟、会亲友、入学、祭祀、祈福、求嗣、开光、出行、解除、理发、动土、起基、开市、交易、立券、纳财、造仓、栽种、纳畜、牧养,嫁娶、作灶、出火、置产、入宅、安葬
2038-07-22,执,天德,是,祭祀、祈福、解除、整手足甲、安床、沐浴、入殓、移柩、破土、启钻、安葬、谢土,嫁娶、斋醮、开市、出火、入宅、移徙、出行、作灶、安门、伐木
2038-07-23,破,白虎,否,破屋、坏垣、解除、馀事勿取,嫁娶、安葬
2038-07-24,危,玉堂,是,嫁娶、开市、立券、移徙、入宅、安机械、会亲友、经络、安门、安床、挂匾、拆卸、开仓、出货财、开池、栽种、纳畜、牧养、破土、安葬、启钻、移柩、入殓、立碑,祭祀、祈福、探病、谢土、造桥
2038-07-25,成,天牢,是,嫁娶、订盟、纳采、祭祀、祈福、斋醮、开光、会亲友、求医、治病、盖屋、起基、竖柱、上梁、安门、安碓磑、筑堤、开池、破土、安葬、除服、成服,入宅、开市、掘井、词讼、合寿木
2038-07-26,收,玄武,否,纳采、订盟、嫁娶、移徙、入宅、出行、祭祀、祈福、斋醮、塑绘、开光、安香、出火、会亲友、解除、入学、竖柱、上梁、拆卸、盖屋、起基、栽种、牧养、纳畜,安葬、破土、开市、开仓、出货财、启钻
2038-07-27,开,司命,是,纳采、订盟、嫁娶、祭祀、沐浴、塑绘、开光、出火、治病、习艺、伐木、盖屋、竖柱、上梁、安床、作灶、安碓磑、挂匾、掘井、纳畜,出行、安葬、造桥
2038-07-28,闭,勾陈,否,祭祀、入殓、除服、成服、移柩、破土、启钻、安葬、塞穴、断蚁、结网,开市、入宅、嫁娶、开光、盖屋
2038-07-29,建,青龙,否,祭祀、修造、出行、盖屋、竖柱、造车器、教牛马、造畜稠、割蜜,动土、破土、掘井、安葬
2038-07-30,除,明堂,是,祭祀、沐浴、塑绘、开光、入学、解除、扫舍、治病、开池、牧养,嫁娶、出行、纳采、入宅、作灶
2038-07-31,满,天刑,否,纳财、开市、交易、立券、出行、祭祀、祈福、求嗣、开光、解除、扫舍、起基、竖柱、安床、移徙、开仓、出货财、补垣、塞穴、栽种、纳畜、牧养,斋醮、入宅、安门、安葬、破土、行丧
2038-08-01,满,天刑,否,祭祀、修饰垣墙、平治道涂,开市、动土、破土、嫁娶、修造、安葬
2038-08-02,平,朱雀,否,订盟、纳采、祭祀、祈福、开光、安香、出火、立券、安机械、移徙、入宅、竖柱、上梁、会亲友、安床、拆卸、挂匾、牧养、教牛马,嫁娶、安葬、行丧、破土、修坟
2038-08-03,定,金匮,是,沐浴、理发、捕捉、入殓、移柩、破土、启钻、安葬,出火、嫁娶、入宅、作灶、上梁、动土
2038-08-04,执,天德,是,求医、治病、破屋、坏垣、馀事勿取,嫁娶、出行
2038-08-05,破,白虎,否,纳采、订盟、嫁娶、移徙、入宅、出行、开市、交易、立券、纳财、会亲友、安香、出火、拆卸、盖屋、起基、安床、作灶、挂匾、安葬、破土、启钻、立碑、入殓、移柩,祈福、上梁、开仓、掘井、牧养
2038-08-06,危,玉堂,是,祭祀、祈福、斋醮、出行、纳采、订盟、安机械、出火、拆卸、修造、动土、起基、移徙、入宅、造庙、入殓、除服、成服、移柩、破土、安葬、谢土,嫁娶、开市、栽种、合寿木
2038-08-07,成,天牢,是,嫁娶、出火、拆卸、祭祀、祈福、开光、伐木、动土、开市、交易、立券、入宅、移徙、安床、纳畜、入殓、安葬,栽种、作灶、针灸、出行
2038-08-08,收,玄武,否,祭祀、开光、解除、进人口、交易、立券、纳财、纳畜,动土、破土、嫁娶、理发、出行、入宅、移徙、分居、安香、出火
2038-08-09,开,司命,是,嫁娶、祭祀、祈福、求嗣、开光、出行、解除、安床、栽种、移柩、进人口、会亲友、除服、成服,盖屋、入殓、安葬、伐木、入宅、移徙、置产、纳畜
2038-08-10,闭,勾陈,否,祭祀、动土、筑堤、开池、会亲友、塞穴、入殓、移柩、破土、安葬,开光、出行、修造、上梁、入宅、安门、作灶、裁衣
2038-08-11,建,青龙,否,祭祀、裁衣、安门、纳财、扫舍、出行、进人口、作灶、纳畜、造畜稠,安床、动土、安葬、开生坟、合寿木
2038-08-12,除,明堂,是,祭祀、解除、拆卸、修造、动土、起基、上梁、安床、安门、开渠、开池、入殓、破土、启钻,嫁娶、出行、进人口、作灶、入宅、移徙、栽种、赴任
2038-08-13,满,天刑,否,纳采、订盟、开光、出行、解除、安香、出火、拆卸、入宅、移徙、修造、上梁、安床、栽种、纳畜、会亲友、安机械、经络,伐木、谢土、行丧、祭祀、作灶、动土、破土、安葬、祈福
2038-08-14,平,朱雀,否,修饰垣墙、平治道涂、祭祀、沐浴、作灶,嫁娶、词讼、治病、置产、作梁、祈福、安葬、栽种、伐木、安门
2038-08-15,定,金匮,是,嫁娶、祭祀、祈福、求嗣、出火、出行、开光、解除、拆卸、修造、进人口、安香、交易、立券、入宅、移徙、安床、动土、破土、谢土、安葬、入殓、除服、成服,斋醮、开市、开仓、作灶、造船
2038-08-16,执,天德,是,破土、安葬、移柩、入殓、祭祀、捕捉、除服、成服、馀事勿取,嫁娶、入宅、开市、交易
2038-08-17,破,白虎,否,破屋、坏垣、治病、馀事勿取,祈福、纳采、订盟、嫁娶、入宅、安葬
2038-08-18,危,玉堂,是,嫁娶、开光、祭祀、祈福、求嗣、安香、出火、解除、伐木、入宅、移徙、安床、开市、交易、立券、栽种、出行、安葬,掘井、理发、作灶、动土、破土、开池
2038-08-19,成,天牢,是,安机械、纳采、订盟、祭祀、祈福、求嗣、开光、普渡、出行、出火、拆卸、修造、动土、进人口、开市、交易、立券、移徙、安床、栽种、上梁、纳畜、破土、移柩、安葬,入宅、嫁娶、掘井、牧养
2038-08-20,收,玄武,否,嫁娶、祭祀、祈福、求嗣、裁衣、冠笄、经络、修造、进人口、安床、动土、竖柱、上梁、移徙、交易、立券、栽种、会亲友,行丧、安葬、出行、作梁、纳畜、伐木、造桥
2038-08-21,开,司命,是,嫁娶、纳采、订盟、开光、祭祀、出行、理发、动土、安床、放水、开渠、栽种、进人口,入宅、上梁、入殓、盖屋、探病、作灶、安门、安葬、纳畜、伐木
2038-08-22,闭,勾陈,否,祭祀、出行、作梁、出火、拆卸、修造、动土、起基、安床、补垣、塞穴、入殓、破土、安葬、移柩、造畜稠,嫁娶、入宅、斋醮、开光、针灸、掘井
2038-08-23,建,青龙,否,嫁娶、纳采、订盟、祭祀、祈福、求嗣、出行、解除、竖柱、入宅、移徙、纳财、上梁、纳畜、入殓、安葬、启钻,栽种、掘井、动土、安床、破土、置产
2038-08-24,除,明堂,是,解除、祭祀、祈福、求嗣、修造、动土、竖柱、上梁、安床、纳畜、盖屋、合脊、起基、入殓、破土、安葬,出火、嫁娶、开光、进人口、出行、词讼、开市、入宅、移徙、赴任
2038-08-25,满,天刑,否,沐浴、理发、会亲友、塑绘、开光、栽种、牧养、嫁娶、经络、补垣、塞穴,开市、入宅、动土、破土、安葬、作灶、上梁、安床、开仓、祈福
2038-08-26,平,朱雀,否,祭祀、理发、作灶、沐浴、修饰垣墙、平治道涂,嫁娶、栽种、祈福、造桥、安葬、安门、伐木、作梁
2038-08-27,定,金匮,是,嫁娶、纳采、订盟、祭祀、祈福、斋醮、普渡、移徙、入宅、出行、安机械、开光、修造、动土、竖柱、上梁、盖屋、起基、定磉、安门、安葬、破土,开市、立券、置产、作灶、造桥
2038-08-28,执,天德,是,祭祀、普渡、捕捉、解除、结网、畋猎、入殓、破土、安葬,开市、交易、入宅、嫁娶
2038-08-29,破,白虎,否,沐浴、破屋、坏垣、馀事勿取,斋醮、开市
2038-08-30,破,白虎,否,订盟、纳采、祭祀、祈福、安香、出火、开市、立券、入宅、挂匾、造桥、启钻、安葬,动土、破土、嫁娶、掘井、安床
2038-08-31,危,玉堂,是,嫁娶、祭祀、祈福、斋醮、普渡、移徙、入宅、动土、治病、开市、交易、立券、开光、修造、造车器、安香、安床、捕捉、畋猎、结网,纳采、订盟、经络、行丧、安葬、探病
2038-09-01,成,天牢,是,嫁娶、订盟、纳采、作灶、冠笄、裁衣、会亲友、纳畜、牧养、安机械、开市、立券、纳财、安床,掘井、出行、破土、行丧、安葬
2038-09-02,收,玄武,否,嫁娶、订盟、纳采、祭祀、斋醮、普渡、解除、出行、会亲友、开市、纳财、修造、动土、竖柱、上梁、开光、开仓、出货财、纳畜、牧养、开池、破土、启钻,出火、入宅、盖屋、安门、安葬
2038-09-03,开,司命,是,嫁娶、普渡、祭祀、祈福、补垣、塞穴、断蚁、筑堤、入殓、除服、成服、安葬,动土、破土、掘井、开光、上梁、词讼
2038-09-04,闭,勾陈,否,嫁娶、冠笄、祭祀、沐浴、普渡、出行、纳财、扫舍、纳畜、赴任,开市、动土、破土、安床、开仓、上梁
2038-09-05,建,青龙,否,祭祀、沐浴、理发、整手足甲、冠笄、解除、入殓、移柩、破土、启钻、安葬,嫁娶、出行、入宅、开市、安门
2038-09-06,除,明堂,是,塑绘、冠笄、嫁娶、会亲友、进人口、经络、裁衣、栽种、纳畜、牧养、补垣、塞穴、捕捉,祈福、开市、动土、行丧、安葬
2038-09-07,满,天刑,否,开市、交易、立券、挂匾、开光、出行、入宅、移徙、安床、出火、上梁,作灶、行丧、理发、乘船、嫁娶、安葬
2038-09-08,平,朱雀,否,祭祀、沐浴、修饰垣墙、平治道涂、馀事勿取,诸事不宜
2038-09-09,定,金匮,是,嫁娶、祭祀、祈福、求嗣、开光、出行、出火、拆卸、修造、动土、进人口、入宅、移徙、安床、开市、交易、立券、挂匾、栽种、纳畜、入殓、安葬、除服、成服,无
2038-09-10,执,天德,是,解除、坏垣、馀事勿取,诸事不宜
2038-09-11,破,白虎,否,祭祀、治病、破屋、坏垣、馀事勿取,诸事不宜
2038-09-12,危,玉堂,是,嫁娶、纳采、订盟、祭祀、开光、出行、理发、作梁、出火、拆卸、修造、动土、进人口、入宅、移徙、安床、挂匾、栽种、纳畜、破土、安葬、入殓、除服、成服,开市、掘井、开渠、造桥、造船
2038-09-13,成,天牢,是,开市、交易、立券、纳财、挂匾、栽种、祭祀、祈福、开光、拆卸、动土、安床,嫁娶、破土、进人口、出行、入宅、移徙、出火、纳畜、词讼、安葬
2038-09-14,收,玄武,否,嫁娶、祭祀、理发、进人口、作灶、移柩、冠笄、会亲友,开仓、出货财、伐木、纳畜、开市、上梁、盖屋、破土、启钻、栽种
2038-09-15,开,司命,是,祭祀、修坟、除服、成服、启钻、移柩、馀事勿取,开市、入宅、嫁娶、动土、破土、安葬
2038-09-16,闭,勾陈,否,嫁娶、冠笄、安机械、解除、纳畜、牧养、沐浴、伐木、架马、作梁、安门、扫舍、合寿木、安葬、启钻、立碑、修坟,祈福、开光、开市、入宅、动土
2038-09-17,建,青龙,否,祭祀、出行、沐浴、扫舍、安葬、馀事勿取,动土、破土、置产、掘井
2038-09-18,除,明堂,是,嫁娶、纳采、祭祀、解除、出行、修造、动土、开市、上梁、安床、整手足甲、扫舍、求医、治病、起基、定磉、盖屋、合脊,造庙、行丧、安葬、伐木、作灶、造船
2038-09-19,满,天刑,否,纳采、订盟、开市、交易、立券、挂匾、纳财、栽种、进人口、入宅、移徙、安床、开光、出火、拆卸、安门、修造,斋醮、嫁娶、行丧、动土、作灶、安葬、破土
2038-09-20,平,朱雀,否,祭祀、沐浴、修饰垣墙、平治道涂、馀事勿取,嫁娶、入宅、安床、出行
2038-09-21,定,金匮,是,开光、祈福、求嗣、斋醮、修造、动土、纳财、造仓、开厕、栽种、牧养、会亲友,作灶、出火、进人口、开渠、入宅、移徙、祭祀
2038-09-22,执,天德,是,开光、解除、拆卸、修造、动土、竖柱、安门、牧养、安葬、修坟、破土、移柩,出火、入宅、移徙、祈福、祭祀、安床、开市、嫁娶、探病
2038-09-23,破,白虎,否,破屋、坏垣、求医、治病、馀事勿取,移徙、入宅
2038-09-24,危,玉堂,是,嫁娶、纳采、订盟、祭祀、祈福、求嗣、开光、出行、出火、拆卸、修造、动土、进人口、入宅、移徙、安床、上梁、合脊、放水、掘井、破土、移柩、谢土、除服、成服,开市、开仓、安门、安葬
2038-09-25,成,天牢,是,嫁娶、纳采、订盟、祭祀、祈福、求嗣、开光、解除、进人口、入宅、移徙、出火、安床、开市、交易、立券、挂匾,安葬、纳畜、出行、行丧、伐木、栽种、造庙、造桥
2038-09-26,收,玄武,否,祭祀、冠笄、捕捉、馀事勿取,嫁娶、开市、盖屋、作梁、合寿木
2038-09-27,开,司命,是,祭祀、解除、结网、畋猎、取渔、会亲友、入学、移柩、启钻、除服、成服,开市、祈福、动土、破土、入殓、安葬、造船
2038-09-28,闭,勾陈,否,冠笄、沐浴、出行、修造、动土、移徙、入宅、破土、安葬,嫁娶、开市、祭祀、祈福、斋醮、纳采、修坟
2038-09-29,闭,勾陈,否,祭祀、出行,嫁娶、入宅、修造、动土、会亲友、破土
2038-09-30,建,青龙,否,嫁娶、订盟、纳采、祭祀、祈福、出行、修造、动土、移徙、入宅,针灸、伐木、作梁、造庙、行丧、安葬
2038-10-01,除,明堂,是,出行、开市、交易、立券、安机械、出火、上梁、移徙,嫁娶、安葬、动土、造桥
2038-10-02,满,天刑,否,祭祀、沐浴、修饰垣墙、平治道涂、馀事勿取,斋醮、嫁娶、移徙、出行、上梁、入宅
2038-10-03,平,朱雀,否,嫁娶、造车器、安机械、祭祀、祈福、开光、安香、出火、出行、开市、立券、修造、动土、移徙、入宅、破土、安葬,纳采、订盟、架马、词讼、开渠
2038-10-04,定,金匮,是,沐浴、捕捉、入殓、除服、成服、破土、启钻、安葬,祭祀、嫁娶、安床、开市、入宅、探病、上梁
2038-10-05,执,天德,是,馀事勿取,探病
2038-10-06,破,白虎,否,订盟、纳采、祭祀、祈福、安香、出火、修造、动土、上梁、安门、起基、竖柱、定磉、开池、移徙、入宅、立券、破土,嫁娶、造庙、造桥、造船、作灶、安葬
2038-10-07,危,玉堂,是,开光、求嗣、雕刻、嫁娶、订盟、纳采、出火、拆卸、修造、动土、起基、上梁、放水、移徙、入宅、造仓、造船、开市、开池、纳畜、牧养、挂匾,行丧、安葬、合寿木
2038-10-08,成,天牢,是,嫁娶、祭祀、开市、开光、出行、入宅、移徙、出火、拆卸、修造、安床,纳畜、伐木、置产、作梁、行丧、安葬、修坟、立碑
2038-10-09,收,玄武,否,嫁娶、祭祀、作灶、纳财,安葬、开市、修坟、立碑
2038-10-10,开,司命,是,嫁娶、祭祀、祈福、求嗣、开光、出行、解除、出火、进人口、开市、交易、立券、挂匾、纳财、入宅、移徙、栽种、破土、谢土,安床、安葬
2038-10-11,闭,勾陈,否,嫁娶、祭祀、祈福、求嗣、动土、安床、扫舍、入殓、移柩、破土、启钻、安葬、作灶、整手足甲、补垣、除服、成服,开光、栽种
2038-10-12,建,青龙,否,祭祀、祈福、求嗣、开光、出行、解除、上梁、入宅、移徙、安床、安门、纳财、纳畜、造畜稠,伐木、行丧、破土、嫁娶、安葬、开渠
2038-10-13,除,明堂,是,祭祀、开光、出行、解除、理发、伐木、出火、拆卸、上梁、合脊、安床、造畜稠,嫁娶、安葬、行丧、词讼、造桥、作灶、破土、动土
2038-10-14,满,天刑,否,纳采、订盟、会亲友、沐浴、理发、裁衣、冠笄、安床、除服、成服、启钻、移柩、安葬、开生坟,开市、入宅、出行、嫁娶、修坟、祈福、动土、安门、谢土、上梁
2038-10-15,平,朱雀,否,解除、祭祀、修饰垣墙、平治道涂、造畜稠、馀事勿取,嫁娶、开市、交易、入宅、入学、安葬
2038-10-16,定,金匮,是,入殓、破土、启钻、安葬、除服、成服、馀事勿取,开市、入宅、祭祀、置产、补垣、塞穴
2038-10-17,执,天德,是,嫁娶、祭祀、祈福、求嗣、开光、出行、拆卸、修造、动土、上梁、安床、纳畜、入殓、破土,入宅、移徙、掘井、理发、伐木、交易、开市、作灶
2038-10-18,破,白虎,否,祭祀、沐浴、破屋、坏垣、馀事勿取,嫁娶、入宅、上梁、出行、安葬
2038-10-19,危,玉堂,是,祭祀、求嗣、冠笄、进人口、会亲友、安门、安床、经络、纳财、牧养、畋猎、放水、割蜜,祈福、斋醮、纳采、订盟、嫁娶、入宅、安葬
2038-10-20,成,天牢,是,嫁娶、纳采、订盟、开市、交易、立券、挂匾、祭祀、祈福、开光、造车器、出行、入宅、移徙、安床、安门、拆卸、修造、动土、栽种、安葬、破土、启钻、除服、成服、入殓、立碑,探病、纳畜、伐木、起基、作梁、盖屋
2038-10-21,收,玄武,否,祭祀、冠笄、移徙、会亲友、纳财、理发、捕捉,嫁娶、开市、开池、开厕、破土
2038-10-22,开,司命,是,祭祀、祈福、求嗣、斋醮、开光、出行、嫁娶、求医、治病、动土、破土、入学、起基、扫舍、竖柱、上梁、开仓、出货财、置产、栽种、牧养、开生坟、谢土、立碑,安门、安床、裁衣、入宅、安葬
2038-10-23,闭,勾陈,否,嫁娶、裁衣、冠笄、合帐、祭祀、出行、安床、移徙、塞穴、入殓、破土、移柩、安葬,开市、栽种、置产、词讼、安门、掘井、开光
2038-10-24,建,青龙,否,祭祀、造车器、出行、修造、上梁、盖屋、安门、安床、造畜稠、教牛马,出货财、开仓、动土、破土、安葬、行丧、伐木、开渠、栽种
2038-10-25,除,明堂,是,祭祀、开光、出行、解除、伐木、作梁、出火、拆卸、入宅、移徙、安床、修造、造畜稠、扫舍,造庙、嫁娶、掘井、栽种、造桥、作灶、动土
2038-10-26,满,天刑,否,纳采、订盟、开市、交易、立券、会亲友、纳畜、牧养、问名、移徙、解除、开厕、入学、起基、安床、开仓、出货财、安葬、启钻、入殓、除服、成服,入宅、上梁、斋醮、出火、谢土
2038-10-27,平,朱雀,否,祭祀、平治道涂、馀事勿取,嫁娶、开市
2038-10-28,平,朱雀,否,捕捉、畋猎、馀事勿取,开市、交易、祭祀、入宅、安葬
2038-10-29,定,金匮,是,嫁娶、纳采、订盟、祭祀、祈福、求嗣、斋醮、开光、安香、出火、造庙、移徙、出行、入宅、起基、竖柱、上梁、安床、纳畜、捕捉、纳婿、安葬,开市、破土、掘井、合寿木
2038-10-30,执,天德,是,祭祀、沐浴、解除、破屋、坏垣、馀事勿取,开市、嫁娶
2038-10-31,破,白虎,否,订盟、纳采、会亲友、交易、立券、纳财、栽种、纳畜、牧养,嫁娶、开市、入宅、祈福、安葬
2038-11-01,危,玉堂,是,造车器、嫁娶、订盟、纳采、会亲友、祭祀、出行、开市、立券、移徙、入宅、破土、安葬,上梁、开光、盖屋、架马、合寿木
2038-11-02,成,天牢,是,祭祀、作灶、纳财、捕捉、畋猎、馀事勿取,动土、破土、开市、安葬
2038-11-03,收,玄武,否,嫁娶、订盟、纳采、祭祀、祈福、出行、求医、治病、出火、移徙、入宅,开市、开仓、出货财、安床、安门、安葬
2038-11-04,开,司命,是,冠笄、祭祀、沐浴、作灶、理发、整手足甲、扫舍、补垣、塞穴、入殓、破土、启钻,开光、嫁娶、会亲友、栽种、针灸、安葬
2038-11-05,闭,勾陈,否,纳采、订盟、嫁娶、祭祀、祈福、求嗣、置产、求医、治病、开市、交易、立券、会亲友、移徙、竖柱、上梁、盖屋、合脊、安门、放水、捕捉、纳畜,造庙、造船、动土、破土、安葬
2038-11-06,建,青龙,否,出行、造车器、造畜稠、解除、冠笄、裁衣、作梁、雕刻、会亲友、移徙、入宅、安机械、开市、扫舍,嫁娶、动土、破土、修坟
2038-11-07,除,明堂,是,嫁娶、开光、出行、解除、出火、拆卸、修造、进人口、动土、入宅、移徙、栽种、纳畜、掘井、安葬、除服、成服,置产、安床
2038-11-08,满,天刑,否,开光、裁衣、安门、会亲友、安床、结网、理发,嫁娶、冠笄、出行、祈福、安葬、伐木、入宅、移徙、出火、栽种、动土、上梁
2038-11-09,平,朱雀,否,嫁娶、开光、出行、出火、拆卸、修造、动土、入宅、移徙、安床、上梁、开市、交易、立券、栽种,祈福、祭祀、伐木、掘井、作灶、谢土
2038-11-10,定,金匮,是,嫁娶、祭祀、祈福、求嗣、开光、出火、出行、拆卸、开市、交易、立券、挂匾、伐木、入宅、移徙、安床、安葬,栽种、掘井、置产
2038-11-11,执,天德,是,祭祀、理发、针灸、解除、进人口、整手足甲,嫁娶、动土、造船、开池、掘井、出行、修造、入宅、上梁、移徙、安葬、破土、作灶、开市
2038-11-12,破,白虎,否,破屋、坏垣、求医、治病、馀事勿取,嫁娶、安葬
2038-11-13,危,玉堂,是,纳采、订盟、嫁娶、祭祀、祈福、雕刻、移徙、开市、入宅、出行、动土、会亲友、入学、修造、起基、安门、安床、造庙、解除、纳财、开池、造畜稠、牧养,上梁、开仓、出货财、盖屋、造船
2038-11-14,成,天牢,是,祭祀、祈福、求嗣、开光、解除、伐木、拆卸、修造、栽种、纳畜、安葬、修坟、立碑,嫁娶、进人口、入宅、移徙、出火、出行
2038-11-15,收,玄武,否,沐浴、扫舍、捕捉、畋猎、解除、塞穴、馀事勿取,嫁娶、入宅、开市、安床、破土、修坟
2038-11-16,开,司命,是,嫁娶、冠笄、祭祀、祈福、求嗣、斋醮、开光、出行、解除、动土、开市、交易、立券、挂匾、拆卸、破土,伐木、上梁、修造、入殓、理发、会亲友、入宅、安门、安葬、作灶
2038-11-17,闭,勾陈,否,合帐、裁衣、嫁娶、安床、入殓、移柩、破土、造畜稠,置产、造船、开光、掘井、作灶
2038-11-18,建,青龙,否,解除、修饰垣墙、冠笄、出行、馀事勿取,开市、动土、破土、嫁娶、安葬
2038-11-19,除,明堂,是,纳采、订盟、嫁娶、祭祀、祈福、求嗣、开光、出行、解除、进人口、开市、立券、挂匾、入宅、移徙、安门、栽种、动土、求医、治病、会亲友、起基、修造、盖屋、安葬,作灶、经络、安床
2038-11-20,满,天刑,否,祭祀、塑绘、理发、会亲友、牧养、开池、造畜稠、畋猎、结网,祈福、谢土、安葬、上梁、作灶、开市、嫁娶、出行、入宅、动土
2038-11-21,平,朱雀,否,出行、纳财、开市、交易、立券、动土、移徙、入宅、裁衣、会亲友、拆卸、进人口、安香、经络、出货财、修饰垣墙、平治道涂,造庙、谢土、作灶、作梁、伐木、安葬、行丧、修坟、探病
2038-11-22,定,金匮,是,嫁娶、纳采、订盟、祭祀、斋醮、开光、安香、出火、出行、拆卸、动土、祈福、进人口、纳财、交易、立券、移徙、安床、修造、安葬、除服、成服,置产、掘井、词讼、栽种
2038-11-23,执,天德,是,嫁娶、纳采、订盟、祭祀、开光、出行、解除、伐木、出火、入宅、移徙、拆卸、修造、栽种、安葬、入殓,破土、动土、安门、作灶、开市、交易
2038-11-24,破,白虎,否,祭祀、解除、破屋、坏垣、求医、治病、馀事勿取,嫁娶、安葬
2038-11-25,危,玉堂,是,祭祀、扫舍、破土、安葬、除服、成服、启钻、移柩、入殓、立碑、馀事勿取,嫁娶、入宅、修造、动土
2038-11-26,危,玉堂,是,订盟、纳采、会亲友、祭祀、祈福、修造、动土、安机械、破土、安葬,嫁娶、移徙、出火、开市、入宅
2038-11-27,成,天牢,是,祭祀、沐浴、捕捉、畋猎、结网、扫舍,嫁娶、纳采、订盟、安床、动土、破土、安葬
2038-11-28,收,玄武,否,开市、纳财、出行、祭祀、祈福、求嗣、斋醮、问名、入学、起基、定磉、置产、开渠、掘井、拆卸、栽种、纳畜、牧养、动土、破土、启钻,移徙、入宅、出火、入殓、安葬
2038-11-29,开,司命,是,祭祀、理发、置产、塞穴、除服、成服、移柩、入殓、破土、安葬,嫁娶、入宅、安床、掘井、开光
2038-11-30,闭,勾陈,否,祭祀、沐浴、出行、馀事勿取,开市、动土、破土、行丧、安葬
2038-12-01,建,青龙,否,嫁娶、造车器、出行、会亲友、移徙、入宅、修造、动土、雕刻、开光、安香、出火、理发、盖屋、合脊、起基、归岫、安门、拆卸、扫舍、栽种、造畜稠,开市、纳采、造庙、安床、开渠、安葬
2038-12-02,除,明堂,是,塑绘、会亲友、安机械、塞穴、结网、裁衣、经络,嫁娶、开市、祈福、斋醮、安葬
2038-12-03,满,天刑,否,纳采、移徙、纳财、开市、交易、立券、入宅、修造、动土、竖柱、起基、定磉、造庙、安香、出火、修饰垣墙、平治道涂、会亲友、出行、开池、开厕,开仓、盖屋、造桥、祭祀
2038-12-04,平,朱雀,否,订盟、纳采、纳财、开市、立券、祭祀、祈福、移徙、入宅、出行、盖屋、起基、修造、动土、竖柱、上梁、安门、安香、出火、教牛马、会亲友、破土,嫁娶、安葬、掘井、置产、造船
2038-12-05,定,金匮,是,嫁娶、订盟、纳采、祭祀、祈福、塑绘、开光、移徙、安床、伐木、作梁、捕捉、畋猎、结网、求医、治病、解除、安葬、除服、成服、移柩、入殓、立碑、谢土,开市、造庙、动土、破土
2038-12-06,执,天德,是,破屋、坏垣、祭祀、馀事勿取,嫁娶、安葬
2038-12-07,破,白虎,否,破屋、坏垣、祭祀、沐浴、馀事勿取,诸事不宜
2038-12-08,危,玉堂,是,安床、祭祀、祈福、求嗣、冠笄、伐木、架马、动土、开池、开厕、结网、入殓、除服、成服,安门、栽种、作灶、治病
2038-12-09,成,天牢,是,解除、扫舍、馀事勿取,诸事不宜
2038-12-10,收,玄武,否,祭祀、开光、理发、整手足甲、安床、作灶、扫舍、教牛马,伐木、纳畜、破土、安葬、开生坟、嫁娶、开市、动土、交易、作梁
2038-12-11,开,司命,是,祭祀、祈福、求嗣、开光、拆卸、修造、动土、上梁、安床、置产、栽种、破土,嫁娶、进人口、安葬、出行、赴任、入宅、移徙、入殓、开渠
2038-12-12,闭,勾陈,否,沐浴、冠笄、补垣、塞穴、裁衣、修造、作梁、开柱眼、安碓磑、筑堤、开厕、断蚁,移徙、入宅、嫁娶、祈福、开光、掘井
2038-12-13,建,青龙,否,交易、进人口、祭祀、沐浴、捕捉、入殓、除服、成服、安葬、谢土、启钻、修坟,斋醮、入宅、修造、动土、破土
2038-12-14,除,明堂,是,嫁娶、纳采、订盟、造车器、祭祀、祈福、造庙、安香、出火、出行、归宁、入学、入宅、交易、立券、求医、治病、修造、动土、竖柱、上梁、盖屋、起基、安门,斋醮、伐木、作梁、安葬、行丧
2038-12-15,满,天刑,否,纳采、订盟、开市、交易、立券、出行、会亲友、安机械、竖柱、上梁、平治道涂、伐木、拆卸、盖屋、起基、安床、安门、解除、安葬、启钻、除服、成服、修坟、立碑、移柩、入殓,嫁娶、动土、破土、祈福、出火、入宅
2038-12-16,平,朱雀,否,祭祀、平治道涂、除服、成服、安葬、馀事勿取,嫁娶、入宅、纳采、订盟、掘井
2038-12-17,定,金匮,是,纳采、订盟、祭祀、祈福、开光、安香、出火、出行、会亲友、安机械、修造、动土、竖柱、上梁、盖屋、起基、定磉、安床、安门、拆卸、移徙、造桥、造船、安葬、破土、入殓,开市、造庙、置产、掘井
2038-12-18,执,天德,是,嫁娶、冠笄、祭祀、祈福、求嗣、斋醮、进人口、会亲友、伐木、作梁、开柱眼、安床、掘井、捕捉、畋猎,开生坟、破土、行丧、安葬
2038-12-19,破,白虎,否,破屋、坏垣、治病、馀事勿取,移徙、入宅
2038-12-20,危,玉堂,是,安床、架马、祭祀、塑绘、开光、出行、理发、伐木、作梁、开柱眼、开厕、畋猎、破土、入殓、除服、成服、移柩、启钻、修坟、立碑,作灶、安门、造桥、开市、安葬
2038-12-21,成,天牢,是,嫁娶、祭祀、祈福、求嗣、开光、出行、解除、入宅、移徙、纳畜、入殓、破土、修坟、立碑,伐木、作梁、动土、安床、栽种、造桥
2038-12-22,收,玄武,否,祭祀、沐浴、理发、纳财、进人口、栽种、扫舍、捕捉、畋猎、结网,会亲友、安葬、入宅、移徙、安床、开市、行丧、出火、作灶、安门
2038-12-23,开,司命,是,纳采、订盟、祭祀、祈福、求嗣、塑绘、解除、拆卸、修造、动土、竖柱、上梁、安门、置产、开池、掘井、纳畜、安床、栽种、造畜稠、破土、移柩、立碑,嫁娶、开市、出火、进人口、入殓、赴任、入宅、移徙、出行、安葬
2038-12-24,闭,勾陈,否,入宅、移徙、出行、进人口、修造、动土、起基、上梁、安门、造仓、补垣、塞穴、造畜稠,嫁娶、开市、安床、栽种、安葬、祈福、开光、掘井
2038-12-25,建,青龙,否,造畜稠、教牛马,入宅、移徙、分居、作灶、出火、安香、动土、嫁娶、掘井、扫舍、造桥
2038-12-26,建,青龙,否,订盟、纳采、造车器、祭祀、祈福、出行、安香、修造、动土、上梁、开市、交易、立券、移徙、入宅、会亲友、安机械、栽种、纳畜、盖屋、起基、安床、造畜稠,破土、安葬、行丧、开生坟
2038-12-27,除,明堂,是,订盟、纳采、会亲友、安机械、开光、修造、动土、竖柱、上梁、盖屋、起基、造桥、栽种、纳畜、造畜稠、移柩、入殓、启钻、修坟、立碑、安葬,祈福、出火、嫁娶、入宅、开市、破土
2038-12-28,满,天刑,否,祭祀、平治道涂、修坟、除服、成服、馀事勿取,移徙、入宅、嫁娶、掘井、安葬
2038-12-29,平,朱雀,否,嫁娶、冠笄、祭祀、祈福、求嗣、雕刻、开光、安香、出行、入学、修造、动土、竖柱、上梁、盖屋、起基、安门、出火、移徙、入宅、掘井、造畜稠、安葬、破土、除服、成服,开市、纳采、订盟、作灶、造庙、造船、经络
2038-12-30,定,金匮,是,嫁娶、订盟、纳采、祭祀、祈福、求嗣、斋醮、安香、出火、修造、起基、盖屋、合脊、安门、安碓磑、动土、上梁、移徙、入宅,出行、掘井、破土、行丧、安葬
2038-12-31,执,天德,是,祭祀、沐浴、破屋、坏垣、馀事勿取,嫁娶、移徙、入宅、探病、出行、盖屋
2039-01-01,破,白虎,否,冠笄、纳财、掘井、开池、出火、安床、交易、立券、畋猎、结网、理发、放水,安门、动土、破土、行丧、安葬、成服
2039-01-02,危,玉堂,是,纳采、订盟、移徙、入宅、出行、安机械、会亲友、祭祀、祈福、斋醮、开光、安香、出火、解除、求医、针灸、治病、盖屋、起基、修造、安门、造船、纳畜、牧养、移柩、入殓、启钻、谢土、修坟、立碑,嫁娶、动土、安床、造桥、掘井
2039-01-03,成,天牢,是,祭祀、沐浴、作灶、纳财、捕捉、畋猎、安床、扫舍,开市、斋醮、破土、安葬
2039-01-04,收,玄武,否,祈福、斋醮、纳采、订盟、解除、架马、开柱眼、修造、动土、起基、上梁、归岫、盖屋、合脊、掘井、除服、成服、破土、栽种,移徙、开市、入宅、安葬
2039-01-05,开,司命,是,开市、交易、立券、纳财、纳畜、造畜稠、入宅、移徙、安床、开光、祈福、求嗣、动土,嫁娶、栽种、安葬、理发、造庙、作灶、入殓、行丧、造桥
2039-01-06,闭,勾陈,否,安床、裁衣、交易、立券、入殓、移柩、安葬、除服、成服,置产、嫁娶、出行、开光、栽种、动土、破土、入宅、治病
2039-01-07,建,青龙,否,祭祀、解除、造畜稠、教牛马、针灸、馀事勿取,嫁娶、动土、开池、安葬
2039-01-08,除,明堂,是,沐浴、塑绘、开光、纳采、订盟、开市、交易、立券、纳财、起基、动土、定磉、放水、安葬、破土、启钻、修坟、立碑、移柩,入宅、安门、祭祀、谢土
2039-01-09,满,天刑,否,嫁娶、出行、理发、安床、启钻、安葬、修坟、开市、交易、立券、纳财、开池、牧养,掘井、祈福、谢土、动土、入宅、上梁、修造、作灶
2039-01-10,平,朱雀,否,解除、平治道涂、馀事勿取,移徙、入宅、掘井、造庙、栽种、针灸、治病、开池
2039-01-11,定,金匮,是,嫁娶、祭祀、开光、伐木、出火、拆卸、入宅、移徙、修造、动土、上梁、安床、纳畜,开市、行丧、栽种、出行、出货财、安葬、置产、词讼、治病
2039-01-12,执,天德,是,嫁娶、纳采、订盟、入宅、移徙、安床、祭祀、祈福、开光、出行、解除、出火、拆卸、动土、纳畜、谢土、安葬、破土,伐木、开市、交易、上梁、作灶、安门、盖屋
2039-01-13,破,白虎,否,祭祀、破屋、坏垣、解除、馀事勿取,开市、动土、破土
2039-01-14,危,玉堂,是,嫁娶、纳采、订盟、开光、安香、出火、纳财、开市、交易、立券、裁衣、盖屋、起基、修造、动土、安门、移徙、入宅、栽种、牧养、畋猎、掘井、开池、安葬、破土、入殓、除服、成服、立碑,祈福、造庙、祭祀、安床、谢土
2039-01-15,成,天牢,是,祭祀、斋醮、入殓、破土、启钻、安葬、修坟、立碑、除服、成服,嫁娶、入宅、作灶、纳采、订盟
2039-01-16,收,玄武,否,祭祀、斋醮、纳财、捕捉、畋猎,嫁娶、开市、入宅、安床、破土、安葬
2039-01-17,开,司命,是,纳采、订盟、祭祀、祈福、求嗣、斋醮、沐浴、进人口、会亲友、入学、治病、安碓磑、掘井、开池、纳畜、牧养、造畜稠,嫁娶、合帐、入宅、行丧、安葬
2039-01-18,闭,勾陈,否,祭祀、祈福、求嗣、沐浴、问名、交易、纳财、入殓、移柩、安葬、修坟、立碑、谢土、造畜稠、教牛马,入宅、置产、嫁娶、动土、栽种、开市、开光、破土
2039-01-19,建,青龙,否,祭祀、教牛马、造畜稠、会亲友、解除、馀事勿取,嫁娶、入宅、出行、动土、破土、安葬、行丧
2039-01-20,除,明堂,是,嫁娶、开光、解除、出火、拆卸、修造、进人口、入宅、移徙、安床、栽种、入殓、修坟、动土、除服、成服,作灶、安葬、祭祀、开市、纳采、订盟、纳畜、谢土、出行、探病
2039-01-21,满,天刑,否,出行、起基、安床、纳财、交易、立券、嫁娶、栽种、入殓、移柩、安葬,挂匾、入宅、上梁、祈福、词讼、作梁、作灶、开池、安门、动土、破土、掘井
2039-01-22,平,朱雀,否,平治道涂、馀事勿取,开光、嫁娶、开仓、出货财、造船、安葬、探病
2039-01-23,定,金匮,是,嫁娶、订盟、纳采、会亲友、祭祀、安机械、移徙、入宅、盖屋、安床、起基、定磉、安香、出火、挂匾、拆卸、置产,开市、出行、安葬、行丧
2039-01-24,定,金匮,是,沐浴、捕捉、畋猎、理发、整手足甲、入殓、除服、成服、破土、安葬、谢土、立碑、修坟、启钻,纳采、订盟、嫁娶、上梁、开市、斋醮、盖屋、安门
2039-01-25,执,天德,是,祭祀、破屋、坏垣、馀事勿取,斋醮、嫁娶、开市
2039-01-26,破,白虎,否,沐浴、开仓、出货财、开市、交易、立券、纳财、栽种、纳畜、牧养、畋猎、入殓、破土、安葬,祈福、嫁娶、安床、入宅、造船
2039-01-27,危,玉堂,是,祭祀、沐浴、补垣、塞穴、断蚁、解除、馀事勿取,造庙、入宅、修造、安葬、行丧、嫁娶
2039-01-28,成,天牢,是,嫁娶、纳采、订盟、问名、祭祀、冠笄、裁衣、会亲友、进人口、纳财、捕捉、作灶,开市、安床、安葬、修坟
2039-01-29,收,玄武,否,订盟、纳采、会亲友、祭祀、斋醮、沐浴、塑绘、出火、开光、竖柱、上梁、开市、交易、立券、作梁、开柱眼、伐木、架马、安门、安床、拆卸、牧养、造畜稠、掘井,造庙、嫁娶、出行、动土、安葬、行丧
2039-01-30,开,司命,是,交易、立券、纳财、安床、裁衣、造畜稠、安葬、谢土、启钻、除服、成服、修坟、立碑、移柩、入殓,开光、嫁娶、开市、动土、破土
2039-01-31,闭,勾陈,否,祭祀、解除、教牛马、会亲友、馀事勿取,破土、动土、安葬
2039-02-01,建,青龙,否,纳采、订盟、移徙、纳财、开市、交易、立券、入宅、会亲友、解除、求医、治病、入学、安床、安门、安香、出火、拆卸、扫舍、挂匾、开生坟、合寿木、破土、修坟、启钻、入殓,探病、祭祀、出行、上梁、盖屋、谢土、安葬
2039-02-02,除,明堂,是,嫁娶、订盟、纳采、祭祀、祈福、求嗣、会亲友、解除、出行、入学、纳财、开市、交易、立券、习艺、经络、安床、开仓、出货财、纳畜、安葬、启钻、修坟、入殓,入宅、开光、动土
2039-02-03,满,天刑,否,祭祀、冠笄、嫁娶、会亲友、进人口、裁衣、结网、平治道涂,移徙、入宅、造庙、作灶、治病、安葬
2039-02-04,平,朱雀,否,修饰垣墙、平治道涂、祭祀、馀事勿取,诸事不宜
2039-02-05,定,金匮,是,造车器、纳采、订盟、祭祀、祈福、求嗣、移徙、出行、开市、出火、入宅、立券、交易、安门、安床、安葬、谢土,开光、盖屋、动土、作灶、栽种
2039-02-06,执,天德,是,动土、入殓、嫁娶、移柩、安葬、破土,开市、作灶、安床、入宅、上梁、裁衣
2039-02-07,破,白虎,否,求医、治病、破屋、坏垣、馀事勿取,开市、嫁娶
2039-02-08,危,玉堂,是,祭祀、斋醮、沐浴、开生坟、除服、成服、移柩、入殓、破土、安葬、合寿木,开市、嫁娶、安床、会亲友、入宅、作灶、上梁
2039-02-09,成,天牢,是,祭祀、塞穴、结网、破土、谢土、安葬、移柩、除服、成服、馀事勿取,嫁娶、入宅
2039-02-10,收,玄武,否,祭祀、沐浴、理发、作灶、结网、栽种,嫁娶、词讼、行丧、安葬、牧养、伐木、作梁、开市、纳畜、造畜稠
2039-02-11,开,司命,是,嫁娶、祭祀、开光、祈福、求嗣、出行、开市、交易、立券、动土、纳财、掘井、会亲友,入宅、安葬、伐木、作梁、纳畜、造畜稠、作灶
2039-02-12,闭,勾陈,否,祭祀、祈福、求嗣、纳畜、入殓、启钻、谢土、除服、成服,栽种、开光、出行、针灸、嫁娶、入宅、动土、破土
2039-02-13,建,青龙,否,开光、解除、伐木、竖柱、上梁、交易、立券、纳畜、入殓、移柩、安葬,入宅、出行、移徙、祭祀、嫁娶、动土、破土、作灶
2039-02-14,除,明堂,是,祭祀、祈福、求嗣、开光、嫁娶、出行、解除、伐木、拆卸、进人口、安床、动土、起基、上梁、栽种、纳畜、破土、谢土、启钻、安葬,移徙、入宅、出火、作灶、掘井
2039-02-15,满,天刑,否,会亲友、冠笄、安床、安机械、祭祀、祈福、求嗣、经络,嫁娶、开市、动土、作灶、安葬
2039-02-16,平,朱雀,否,作灶、解除、平治道涂、馀事勿取,祭祀、祈福、安葬、安门
2039-02-17,定,金匮,是,嫁娶、祭祀、冠笄、修饰垣墙、置产,经络、探病、盖屋、作灶、动土
2039-02-18,执,天德,是,纳采、嫁娶、祭祀、祈福、出行、修造、动土、移徙、入宅、安葬、破土,开市、斋醮
2039-02-19,破,白虎,否,祭祀、沐浴、解除、理发、扫舍、破屋、坏垣、馀事勿取,嫁娶、安葬
2039-02-20,危,玉堂,是,纳采、订盟、祭祀、祈福、安香、出火、修造、出行、开市、移徙、入宅、动土、安葬、破土,安床、作灶、造船、会亲友
2039-02-21,成,天牢,是,塞穴、结网、取渔、畋猎,嫁娶、安门、移徙、入宅、安葬
2039-02-22,收,玄武,否,纳采、祭祀、祈福、出行、会亲友、修造、动土、移徙、入宅,嫁娶、开市、安葬、破土
2039-02-23,收,玄武,否,纳采、嫁娶、祭祀、祈福、出行、开市、会亲友、动土、破土、启钻,移徙、入宅、出火、安门、安葬
2039-02-24,开,司命,是,祭祀、祈福、求嗣、斋醮、入殓、除服、成服、移柩、安葬、启钻,嫁娶、动土、开光、盖屋、破土
2039-02-25,闭,勾陈,否,纳采、会亲友、竖柱、上梁、立券、入殓、移柩、安葬、启钻,祭祀、移徙、入宅、动土、破土
2039-02-26,建,青龙,否,祭祀、祈福、斋醮、出行、开市、立券、动土、移徙、入宅、破土、安葬,开光、嫁娶、作灶、掘井、纳畜
2039-02-27,除,明堂,是,会亲友、求嗣、理发、冠笄、结网、捕捉、开光,开市、动土、安葬、破土
2039-02-28,满,天刑,否,祭祀、平治道涂、馀事勿取,嫁娶、祈福、掘井、安葬
2039-03-01,平,朱雀,否,祈福、求嗣、斋醮、纳采、嫁娶、伐木、修造、动土、移徙、入宅、造庙、安机械、开市、入殓、除服、成服、移柩、安葬、破土、谢土,置产、盖屋、合脊、开光、探病、安门、作灶
2039-03-02,定,金匮,是,入学、习艺、出行、纳采、订盟、嫁娶、会亲友、进人口、牧养、捕捉、入殓、移柩、安葬、启钻,开光、开市、入宅、动土、盖屋
2039-03-03,执,天德,是,祭祀、沐浴、求医、治病、扫舍、破屋、坏垣、解除、馀事勿取,入宅、开市、安葬
2039-03-04,破,白虎,否,祭祀、冠笄、嫁娶、拆卸、修造、动土、起基、上梁、盖屋、入宅、开市、开池、塞穴、入殓、除服、成服、移柩、安葬、破土,安床、栽种、治病、作灶
2039-03-05,危,玉堂,是,祭祀、结网、入殓、除服、成服、移柩、安葬、破土,馀事勿取
2039-03-06,成,天牢,是,开市、立券、交易、挂匾、祭祀、祈福、开光、入宅、移徙、安床、拆卸、动土、上梁、进人口,嫁娶、行丧、架马、作梁、理发、牧养、安葬、纳畜、伐木
2039-03-07,收,玄武,否,理发、冠笄、嫁娶、进人口,置产、伐木、纳畜、造畜稠、安葬、破土、作梁、作灶、开生坟
2039-03-08,开,司命,是,嫁娶、祭祀、开光、祈福、求嗣、出火、入宅、移徙、安床、拆卸、动土、破土、谢土,合帐、开市、安葬、入殓
2039-03-09,闭,勾陈,否,安床、伐木、拆卸、修造、动土、上梁、立券、交易、栽种、纳畜、牧养、入殓、安葬,嫁娶、祭祀、开光、出行、出火、移徙、入宅、安门
2039-03-10,建,青龙,否,祭祀、祈福、求嗣、斋醮、嫁娶、冠笄、出行、开市、交易、会亲友、教牛马、除服、成服、启钻、安葬、移柩,动土、移徙、入宅
2039-03-11,除,明堂,是,塞穴、整手足甲、解除、捕捉、畋猎、结网、馀事勿取、诸事不宜,嫁娶、作灶、掘井、安葬
2039-03-12,满,天刑,否,纳财、开市、立券、交易、开光、安床、上梁、盖屋、修造、起基,动土、破土、安葬、行丧、赴任、出行、嫁娶、入宅、移徙、谢土、词讼
2039-03-13,平,朱雀,否,祭祀、祈福、嫁娶、冠笄、修饰垣墙、置产、平治道涂,开仓、出货财、盖屋、作灶、开市、交易、立券、栽种
2039-03-14,定,金匮,是,嫁娶、祭祀、开光、祈福、求嗣、出行、出火、进人口、入宅、移徙、安床、拆卸、修造、安门、挂匾、纳财、扫舍,动土、伐木、安葬、行丧
2039-03-15,执,天德,是,嫁娶、开光、祭祀、祈福、求嗣、出行、出火、入宅、移徙、解除、栽种、伐木、破土、谢土、安葬,开市、交易、作灶、纳财、上梁、安床、盖屋、造船
2039-03-16,破,白虎,否,破屋、坏垣、求医、治病、馀事勿取,开光、嫁娶
2039-03-17,危,玉堂,是,纳采、交易、立券、安床、安机械、安葬、移柩、动土、破土、立碑,嫁娶、开光、作灶
2039-03-18,成,天牢,是,祭祀、祈福、求嗣、斋醮、沐浴、开光、理发、经络、解除、治病、立碑、栽种、牧养、掘井、开池,嫁娶、定磉、合寿木、安葬、行丧
2039-03-19,收,玄武,否,纳财、交易、立券、栽种、捕捉、结网、取渔、进人口、教牛马、理发,入宅、盖屋、竖柱、安葬
2039-03-20,开,司命,是,嫁娶、订盟、纳采、祭祀、祈福、出行、修造、动土、移徙、入宅、破土、出火、安门、安床、上梁、立碑、移柩,开市、交易、合帐、安葬
2039-03-21,闭,勾陈,否,冠笄、立券、交易、修造、动土、安机械、入殓、安葬、破土,嫁娶、祈福、出火、入宅
2039-03-22,建,青龙,否,祭祀、会亲友、出行、立券、交易、冠笄、纳财,嫁娶、动土、掘井、起基、定磉、破土
2039-03-23,除,明堂,是,祭祀、沐浴、解除、扫舍、塞穴、牧养,嫁娶、安葬、行丧、安门
2039-03-24,满,天刑,否,纳财、开市、交易、立券、开光、针灸、会亲友、理发、安床、造仓、结网,移徙、入宅、栽种
2039-03-25,满,天刑,否,嫁娶、冠笄、会亲友、安机械、纳财、交易、立券、置产,开市、盖屋、治病、作灶
2039-03-26,平,朱雀,否,嫁娶、造车器、纳采、订盟、祭祀、祈福、安机械、移徙、入宅、开市、立券、破土、安葬,纳畜、理发、合寿木
2039-03-27,定,金匮,是,祈福、斋醮、出行、移徙、入宅、修造、动土、破土、安葬,纳采、开光、安床、嫁娶、开市
2039-03-28,执,天德,是,破屋、坏垣、馀事勿取,嫁娶、移徙、开市、入宅
2039-03-29,破,白虎,否,嫁娶、冠笄、祭祀、出行、会亲友、修造、动土、入殓、破土,塑绘、开光、造桥、除服、成服
2039-03-30,危,玉堂,是,开光、求嗣、出行、纳采、冠笄、出火、拆卸、起基、修造、动土、上梁、移徙、造船、开市、交易、立券、纳财,祈福、嫁娶、安葬、破土
2039-03-31,成,天牢,是,理发、冠笄、嫁娶、进人口、栽种、捕捉、针灸,纳财、开市、安葬、破土
2039-04-01,收,玄武,否,开光、祈福、求嗣、出行、解除、伐木、盖屋、起基、修造、架马、安门、移徙、入宅、造庙、除服、成服、移柩、谢土、纳畜、牧养,纳采、动土、开市、交易
2039-04-02,开,司命,是,裁衣、经络、伐木、开柱眼、拆卸、修造、动土、上梁、合脊、合寿木、入殓、除服、成服、移柩、破土、安葬、启钻、修坟、立碑,祭祀、嫁娶、出行、掘井
2039-04-03,闭,勾陈,否,祭祀、会亲友、立券、交易、裁衣、合帐、嫁娶、冠笄、进人口,栽种、动土、安葬、掘井、修坟、探病
2039-04-04,建,青龙,否,扫舍、塞穴、馀事勿取,诸事不宜
2039-04-05,除,明堂,是,祭祀、祈福、求嗣、开光、纳采、订盟、解除、栽种、纳畜、牧养、扫舍、进人口,修坟、造桥、作灶、出行、安葬、盖屋、入宅
2039-04-06,满,天刑,否,开光、出行、交易、塞穴、嫁娶、理发、开市、安床,祈福、出火、置产、动土、破土、安葬、修造、上梁、入宅
2039-04-07,平,朱雀,否,祭祀、作灶、畋猎、结网、修饰垣墙、平治道涂、馀事勿取,嫁娶、安床、治病
2039-04-08,定,金匮,是,沐浴、祭祀、解除、安葬、破土、谢土、移柩、馀事勿取,斋醮、开光、嫁娶、入宅、上梁
2039-04-09,执,天德,是,祭祀、解除、入殓、移柩、启钻、安葬、整手足甲、捕捉、畋猎、取渔、除服、成服、扫舍、谢土、斋醮,动土、破土
2039-04-10,破,白虎,否,祭祀、沐浴、解除、破屋、坏垣、求医、治病、馀事勿取,嫁娶、开市
2039-04-11,危,玉堂,是,沐浴、塞穴、畋猎、结网、取渔、扫舍、馀事勿取,祈福、安葬
2039-04-12,成,天牢,是,开市、交易、立券、挂匾、祭祀、开光、祈福、求嗣、安床、解除、修造、安葬,纳采、问名、订盟、嫁娶、入宅、开仓、出火、动土、破土、纳畜、伐木
2039-04-13,收,玄武,否,祭祀、修门、取渔、纳财、纳畜、馀事勿取,嫁娶、入宅
2039-04-14,开,司命,是,安香、出火、纳采、订盟、嫁娶、开市、立券、交易、挂匾、开光、出行、解除、安床、栽种、置产、拆卸、修造、动土,作灶、安葬、祭祀、入殓
2039-04-15,闭,勾陈,否,祭祀、出行、修造、动土、合帐、造畜稠、安床、移徙、入殓、移柩、破土、启钻、安葬、开生坟、合寿木、补垣、塞穴,入宅、作灶、理发、开光、安门
2039-04-16,建,青龙,否,祭祀、修饰垣墙、馀事勿取,开光、修造、动土、破土
2039-04-17,除,明堂,是,嫁娶、祭祀、祈福、求嗣、斋醮、开光、出火、移徙、入宅、竖柱、上梁、会亲友、盖屋、起基、治病、安门、造车器、掘井、开池,纳采、出行、修坟、安葬、开市、立券、作灶
2039-04-18,满,天刑,否,祭祀、塑绘、开光、纳采、嫁娶、开市、出行、会亲友、安床、结网、除服、成服、启钻、安葬、移柩,祈福、入宅、盖屋、动土、破土、探病
2039-04-19,平,朱雀,否,祭祀、作灶、平治道涂、馀事勿取,安床、入宅、安碓磑、栽种
2039-04-20,定,金匮,是,祭祀、祈福、求嗣、斋醮、沐浴、纳畜、入殓、破土、安葬,移徙、入宅、嫁娶、出行、安床
2039-04-21,执,天德,是,纳采、祭祀、祈福、求嗣、斋醮、出行、起基、盖屋、定磉、安门、入殓、安葬,嫁娶、开市、纳财、出火
2039-04-22,破,白虎,否,祭祀、沐浴、解除、求医、治病、破屋、坏垣、馀事勿取,祈福、斋醮、开市、安葬
2039-04-23,破,白虎,否,沐浴、捕捉、畋猎、结网、取渔,祭祀、嫁娶、入宅、作灶、安葬
2039-04-24,危,玉堂,是,祭祀、祈福、求嗣、斋醮、纳采、订盟、开光、竖柱、上梁、开仓、出货财、盖屋、起基、定磉、安门、诸事不宜、破土、入殓、启钻、谢土,出火、嫁娶、开市
2039-04-25,成,天牢,是,祭祀、捕捉、解除、馀事勿取,嫁娶、安葬
2039-04-26,收,玄武,否,纳采、嫁娶、出行、开市、立券、纳畜、牧养、出火、移徙、入宅,祈福、动土、破土、安葬、入殓
2039-04-27,开,司命,是,祭祀、祈福、求嗣、斋醮、冠笄、作灶、纳财、交易,开光、嫁娶、掘井、安葬、安门、探病
2039-04-28,闭,勾陈,否,祭祀、解除、教牛马、出行、馀事勿取,动土、破土、行丧、开光、作梁、安葬、探病
2039-04-29,建,青龙,否,沐浴、斋醮、解除、求医、治病、会亲友、造畜稠、栽种、理发、扫舍,开市、嫁娶、移徙、入宅、掘井、安葬
2039-04-30,除,明堂,是,求嗣、出行、解除、订盟、纳采、嫁娶、会亲友、进人口、安床、开市、交易、纳畜、牧养、入殓、除服、成服、移柩、安葬、启钻,祈福、修造、动土、破土、谢土
2039-05-01,满,天刑,否,祭祀、作灶、平治道涂、馀事勿取,嫁娶、安葬、动土、安床、治病
2039-05-02,平,朱雀,否,造车器、祭祀、祈福、求嗣、斋醮、开市、交易、安机械、雕刻、开光、盖屋、合脊、起基、定磉、安门、纳畜、安葬、开生坟、立碑、谢土,入宅、动土、开仓、出货财
2039-05-03,定,金匮,是,祭祀、祈福、开光、求嗣、斋醮、纳采、订盟、求医、治病、起基、定磉、造船、取渔、解除、安葬、启钻、谢土、入殓,开市、动土、掘井、开池
2039-05-04,执,天德,是,祭祀、沐浴、破屋、坏垣、求医、治病、解除、馀事勿取,嫁娶、开市、交易、入宅、安葬
2039-05-05,破,白虎,否,破屋、坏垣、沐浴、解除、馀事勿取,诸事不宜
2039-05-06,危,玉堂,是,纳采、订盟、嫁娶、造车器、祭祀、祈福、求嗣、开光、出火、拆卸、修造、动土、进人口、挂匾、入宅、移徙、安床、栽种、入殓、破土、安葬、除服、成服,开市、立券
2039-05-07,成,天牢,是,开市、交易、立券、祭祀、祈福、开光、动土、安床、出行、栽种、纳畜、牧养、竖柱、上梁、解除、破土,嫁娶、掘井、入宅、移徙、安葬
2039-05-08,收,玄武,否,解除、出行、纳采、冠笄、竖柱、上梁、移徙、作灶、进人口、入宅、纳畜、牧养,祭祀、伐木、架马、安床、修造、动土、安葬、修坟、破土
2039-05-09,开,司命,是,祭祀、祈福、求嗣、开光、出行、开市、交易、立券、栽种、安床、纳畜、移徙、起基、动土、定磉、造仓、置产、破土、启钻、修坟,入宅、修造、安门、伐木、入殓、安葬、盖屋
2039-05-10,闭,勾陈,否,嫁娶、交易、立券、开厕、补垣、塞穴、畋猎、取渔、开生坟,安床、开渠、上梁、修造、开市、开光、入宅、移徙
2039-05-11,建,青龙,否,塞穴、断蚁、结网、畋猎、馀事勿取,嫁娶、安葬、入宅、出行、动土、词讼
2039-05-12,除,明堂,是,纳采、订盟、嫁娶、祭祀、祈福、求嗣、开光、解除、出行、出火、入宅、移徙、栽种、纳畜、牧养、动土、破土、入殓、安葬,作灶、安床、开仓、盖屋
2039-05-13,满,天刑,否,开光、纳采、裁衣、冠笄、安床、作灶、进人口、造仓、塞穴,嫁娶、栽种、修造、动土、出行、伐木、作梁、安葬、谢土
2039-05-14,平,朱雀,否,纳采、嫁娶、裁衣、理发、出行、修造、动土、进人口、开市、交易、立券、挂匾、移徙、上梁、栽种、纳畜,伐木、安葬、安床、祭祀、祈福
2039-05-15,定,金匮,是,开市、交易、立券、挂匾、祭祀、祈福、斋醮、出行、盖屋、起基、修造、动土、定磉、安床、安机械、安葬、破土、启钻、除服、成服、立碑,作灶、嫁娶、移徙、入宅、理发
2039-05-16,执,天德,是,嫁娶、纳采、订盟、祭祀、祈福、求嗣、开光、出火、出行、拆卸、动土、修造、进人口、入宅、移徙、安床、解除、挂匾、栽种、破土、谢土、入殓、移柩、安葬,开市、立券、造船、合寿木
2039-05-17,破,白虎,否,祭祀、沐浴、解除、破屋、坏垣、馀事勿取,开光、安葬
2039-05-18,危,玉堂,是,订盟、纳采、嫁娶、解除、祭祀、祈福、求嗣、开光、出行、出火、拆卸、入宅、移徙、安床、栽种、纳畜、动土、破土、谢土、安葬、修坟,作灶、开市、经络
2039-05-19,成,天牢,是,祭祀、祈福、求嗣、开光、订盟、纳采、解除、动土、起基、进人口、开市、交易、立券、纳财、造仓、开池、栽种、纳畜、破土、安葬,安床、上梁、裁衣、入宅、嫁娶
2039-05-20,收,玄武,否,祭祀、结网、捕捉、馀事勿取,探病、嫁娶、开市
2039-05-21,开,司命,是,祭祀、祈福、求嗣、开光、纳采、订盟、嫁娶、出行、动土、破土、会亲友、开市、交易、立券、习艺、拆卸、起基、安碓磑、放水、开池、造仓、开渠、栽种、谢土、启钻、修坟、立碑,入宅、安门、安葬
2039-05-22,闭,勾陈,否,嫁娶、冠笄、祭祀、出行、移徙、入宅、作灶、造车器、补垣、塞穴、开厕、破土、启钻、除服、成服、入殓,盖屋、造桥、安门、安葬、上梁
2039-05-23,闭,勾陈,否,祭祀、解除、断蚁、会亲友、馀事勿取,嫁娶、安葬
2039-05-24,建,青龙,否,嫁娶、纳采、订盟、祭祀、祈福、治病、造车器、修造、动土、移徙、入宅,开市、出行、安床、作灶、安葬
2039-05-25,除,明堂,是,嫁娶、纳采、订盟、会亲友、安机械、结网、冠笄、祭祀、求嗣、进人口、经络,开市、作灶、动土、行丧、安葬
2039-05-26,满,天刑,否,祭祀、沐浴、移徙、破土、安葬、扫舍、平治道涂,祈福、嫁娶、入宅、安床、作灶
2039-05-27,平,朱雀,否,祭祀、祈福、斋醮、求嗣、安机械、纳畜、移徙、入宅、塑绘、开光、起基、竖柱、上梁、作灶、安门、安香、出火、盖屋、启钻、安葬,动土、破土、嫁娶
2039-05-28,定,金匮,是,嫁娶、纳采、订盟、斋醮、开光、祭祀、祈福、求医、治病、会亲友、动土、解除、捕捉、纳畜、牧养、入殓、破土、安葬,移徙、入宅、盖屋、架马
2039-05-29,执,天德,是,祭祀、沐浴、解除、破屋、坏垣、馀事勿取,行丧、安葬
2039-05-30,破,白虎,否,沐浴、扫舍、馀事勿取,斋醮、开市、嫁娶、作灶
2039-05-31,危,玉堂,是,开市、交易、立券、安机械、会亲友、开光、求医、治病、盖屋、起基、修造、动土、定磉、竖柱、上梁、安门、作灶、放水、开厕、开池、栽种、牧养、造畜稠、破土、安葬、立碑,嫁娶、出火、移徙、入宅
2039-06-01,成,天牢,是,栽种、捕捉、畋猎、馀事勿取,开市、动土、祭祀、斋醮、安葬、探病
2039-06-02,收,玄武,否,嫁娶、祭祀、祈福、求嗣、斋醮、订盟、纳采、解除、出行、动土、破土、习艺、针灸、理发、会亲友、起基、修造、竖柱、定磉、安床、拆卸、纳畜、牧养、放水、除服、成服、修坟、立碑,开市、入宅、探病、出火、盖屋
2039-06-03,开,司命,是,馀事勿取,无
2039-06-04,闭,勾陈,否,塞穴、断蚁、结网、馀事勿取,破土、安葬
2039-06-05,建,青龙,否,开光、出行、纳采、嫁娶、伐木、架马、出火、拆卸、移徙、入宅、造庙、造桥、造船、造畜稠、开市、入殓、除服、成服、移柩、安葬,无
2039-06-06,除,明堂,是,纳采、订盟、嫁娶、祭祀、祈福、开市、纳财、立券、移徙、出行、修造、动土、起基、定磉、竖柱、拆卸、扫舍、放水、安香、安床、造船、开池、掘井、造畜稠、栽种,行丧、安葬、破土、作灶、伐木、斋醮
2039-06-07,满,天刑,否,嫁娶、开光、祭祀、祈福、出行、解除、移徙、入宅、开市、纳财、起基、修造、竖柱、上梁、盖屋、作灶、出火、安香、补垣、塞穴、拆卸、放水、扫舍、造仓、造船、栽种、安葬,纳采、订盟、安床、谢土、破土、动土
2039-06-08,平,朱雀,否,嫁娶、祭祀、理发、作灶、修饰垣墙、平治道涂、整手足甲、沐浴、冠笄,破土、出行、栽种
2039-06-09,定,金匮,是,嫁娶、纳采、订盟、祭祀、祈福、求嗣、开光、出火、出行、拆卸、修造、动土、进人口、入宅、移徙、安床、交易、立券、挂匾、纳财、入殓、安葬、启钻、除服、成服,掘井、破土
2039-06-10,执,天德,是,畋猎、捕捉、结网、取渔、祭祀、沐浴、馀事勿取,嫁娶、开市、安葬、启钻、行丧
2039-06-11,破,白虎,否,祭祀、破屋、坏垣、馀事勿取,移徙、入宅、开仓、出货财
2039-06-12,危,玉堂,是,祭祀、斋醮、塑绘、开光、出行、修造、动土、造畜稠、安床、放水、掘井、开池、开厕、结网、破土,出火、入宅
2039-06-13,成,天牢,是,开市、交易、立券、挂匾、开光、解除、拆卸、动土、安床、修造、上梁、置产、栽种、破土、安葬,作灶、出火、祭祀、嫁娶、入宅
2039-06-14,收,玄武,否,祭祀、结网、馀事勿取,入宅、出行、掘井、安葬
2039-06-15,开,司命,是,嫁娶、纳采、订盟、冠笄、造车器、祭祀、开光、祈福、求嗣、出行、解除、伐木、出火、入宅、拆卸、修造、动土、上梁、安床、栽种、破土,行丧、置产、安葬
2039-06-16,闭,勾陈,否,嫁娶、合帐、裁衣、冠笄、伐木、上梁、出火、拆卸、移徙、修造、动土、安门、纳财、筑堤、栽种、塞穴,安床、祈福、出行、安葬、行丧、开光
2039-06-17,建,青龙,否,出行、教牛马、割蜜、馀事勿取,斋醮、盖屋、动土、破土
2039-06-18,除,明堂,是,嫁娶、祭祀、祈福、求嗣、开光、出行、解除、出火、拆卸、修造、进人口、入宅、移徙、动土、安床、纳畜、栽种、纳财、交易、立券、挂匾、造畜稠,安葬、开生坟、行丧
2039-06-19,满,天刑,否,安机械、祭祀、祈福、求嗣、沐浴、解除、纳采、开市、修造、竖柱、上梁、开柱眼、安碓磑、归岫、补垣、塞穴、拆卸、放水、出火、扫舍、开生坟、合寿木、安葬、谢土、启钻、除服、成服,嫁娶、安床、作灶、动土、破土、造船
2039-06-20,平,朱雀,否,祭祀、沐浴、理发、整手足甲、修饰垣墙、平治道涂、馀事勿取,开市、入宅、出行、修造、词讼
2039-06-21,定,金匮,是,嫁娶、纳采、祭祀、祈福、出行、立券、移徙、入宅、动土、破土、安葬,开光、作灶、盖屋、架马、开仓
2039-06-22,执,天德,是,纳采、订盟、冠笄、祭祀、祈福、斋醮、出行、修造、动土、移徙、入宅、安香、出火、拆卸、盖屋、起基、竖柱、上梁、定磉、安门、开池,嫁娶、开市、合寿木、安葬
2039-06-23,破,白虎,否,祭祀、沐浴、破屋、坏垣、馀事勿取,入宅、嫁娶、移徙
2039-06-24,危,玉堂,是,嫁娶、安机械、交易、出行、祭祀、祈福、求嗣、斋醮、塑绘、开光、合帐、裁衣、放水、开池、掘井,作灶、理发、造桥、行丧、安葬
2039-06-25,成,天牢,是,纳采、冠笄、求医、治病、开市、立券、修造、动土、安机械、破土、安葬,斋醮、祭祀、移徙、入宅、上梁、嫁娶
2039-06-26,收,玄武,否,祭祀、作灶、馀事勿取,开市、安葬、破土、修坟、掘井
2039-06-27,开,司命,是,祭祀、祈福、求嗣、斋醮、安香、解除、移徙、入宅、会亲友、求医、治病、动土、破土、开生坟、合寿木,合帐、上梁、经络、安葬、入殓
2039-06-28,闭,勾陈,否,嫁娶、冠笄、修造、动土、作灶、移徙、入宅、补垣、塞穴、纳畜、牧养、架马、起基、定磉、开池、造船,祈福、开光、掘井、开市、安葬
2039-06-29,建,青龙,否,祭祀、交易、纳财,斋醮、开渠、上梁、动土、破土
2039-06-30,除,明堂,是,嫁娶、订盟、纳采、冠笄、会亲友、安机械、造车器、祭祀、出行、纳财、入宅、安香、出火、入学、塑绘、开光、拆卸、起基、修造、动土、牧养、栽种、安门、开厕,行丧、伐木、作梁、作灶
2039-07-01,满,天刑,否,开光、求嗣、出行、冠笄、嫁娶、伐木、架马、开柱眼、修造、移徙、入宅、开市、交易、立券、安香、出火、挂匾、起基、开生坟、合寿木、入殓、除服、成服、移柩、安葬,安床、出货财、作灶、动土、破土
2039-07-02,平,朱雀,否,祭祀、沐浴、理发、嫁娶、作灶、整手足甲、扫舍、修饰垣墙、平治道涂,斋醮、出行、治病、合寿木
2039-07-03,定,金匮,是,安机械、移徙、入宅、出行、祭祀、祈福、斋醮、纳采、订盟、安香、出火、解除、会亲友、修造、动土、拆卸、起基、定磉、盖屋、安床、破土、安葬、入殓、立碑,开市、伐木、作梁、作灶
2039-07-04,执,天德,是,祭祀、沐浴、捕捉、结网、畋猎、取渔、馀事勿取,开市、交易、嫁娶、安葬、行丧
2039-07-05,破,白虎,否,破屋、坏垣、求医、治病、畋猎、馀事勿取,嫁娶、入宅
2039-07-06,危,玉堂,是,嫁娶、出行、安机械、祭祀、塑绘、开光、治病、经络、安床、结网、塞穴、破土、入殓,开市、安门、掘井、作灶
2039-07-07,成,天牢,是,开市、交易、立券、纳财、动土、开光、出行、嫁娶、纳采、订盟、入学、开仓、出货财、纳畜、牧养、栽种、破土、启钻、安葬、立碑,入宅、移徙、作灶、祭祀、谢土
2039-07-08,收,玄武,否,嫁娶、纳采、订盟、祭祀、祈福、求嗣、开光、出火、出行、拆卸、修造、动土、进人口、开市、交易、立券、挂匾、入宅、移徙、安床、栽种、入殓、破土、谢土、安葬,掘井、伐木、纳畜、合寿木
2039-07-09,开,司命,是,祭祀、冠笄、作灶、交易、纳财、栽种、结网、纳畜、牧养、进人口,开渠、造船、安床、安葬、破土、出行、修坟、掘井、开市、开生坟
2039-07-10,闭,勾陈,否,嫁娶、订盟、祭祀、祈福、求嗣、纳采、裁衣、冠笄、开光、安床、作梁、修造、动土、作灶、起基、上梁、盖屋、纳畜、牧养,移徙、栽种、出行、行丧、破土、安葬、词讼
2039-07-11,建,青龙,否,经络、祭祀、沐浴、补垣、塞穴、除服、成服、移柩、入殓、启钻、立碑,开光、治病、嫁娶、掘井、破土、安葬
2039-07-12,除,明堂,是,嫁娶、祭祀、出行、裁衣、冠笄、交易、雕刻、纳财、造畜稠、造车器、教牛马,移徙、入宅、栽种、动土、破土、作灶、安葬、行丧、伐木、上梁
2039-07-13,满,天刑,否,修造、动土、安机械、祭祀、沐浴、解除、拆卸、治病、作灶、盖屋、起基、开池、扫舍、造畜稠、开生坟、合寿木、安葬、破土、启钻、移柩、入殓、立碑,开市、入宅、出行、安床
2039-07-14,平,朱雀,否,嫁娶、纳采、订盟、造车器、开光、出行、拆卸、起基、安床、除服、成服、开市、交易、立券、栽种、牧养、入殓、移柩、启钻,上梁、入宅、修造、动土、破土、祭祀、祈福、斋醮
2039-07-15,定,金匮,是,祭祀、嫁娶、畋猎、结网,动土、破土、治病、开渠
2039-07-16,执,天德,是,纳采、订盟、会亲友、入学、祭祀、祈福、求嗣、开光、出行、解除、理发、动土、起基、开市、交易、立券、纳财、造仓、栽种、纳畜、牧养,嫁娶、作灶、出火、置产、入宅、安葬
2039-07-17,破,白虎,否,祭祀、祈福、解除、整手足甲、安床、沐浴、入殓、移柩、破土、启钻、安葬、谢土,嫁娶、斋醮、开市、出火、入宅、移徙、出行、作灶、安门、伐木
2039-07-18,危,玉堂,是,破屋、坏垣、解除、馀事勿取,嫁娶、安葬
2039-07-19,成,天牢,是,嫁娶、开市、立券、移徙、入宅、安机械、会亲友、经络、安门、安床、挂匾、拆卸、开仓、出货财、开池、栽种、纳畜、牧养、破土、安葬、启钻、移柩、入殓、立碑,祭祀、祈福、探病、谢土、造桥
2039-07-20,收,玄武,否,嫁娶、订盟、纳采、祭祀、祈福、斋醮、开光、会亲友、求医、治病、盖屋、起基、竖柱、上梁、安门、安碓磑、筑堤、开池、破土、安葬、除服、成服,入宅、开市、掘井、词讼、合寿木
2039-07-21,收,玄武,否,纳采、订盟、嫁娶、移徙、入宅、出行、祭祀、祈福、斋醮、塑绘、开光、安香、出火、会亲友、解除、入学、竖柱、上梁、拆卸、盖屋、起基、栽种、牧养、纳畜,安葬、破土、开市、开仓、出货财、启钻
2039-07-22,开,司命,是,纳采、订盟、嫁娶、祭祀、沐浴、塑绘、开光、出火、治病、习艺、伐木、盖屋、竖柱、上梁、安床、作灶、安碓磑、挂匾、掘井、纳畜,出行、安葬、造桥
2039-07-23,闭,勾陈,否,祭祀、入殓、除服、成服、移柩、破土、启钻、安葬、塞穴、断蚁、结网,开市、入宅、嫁娶、开光、盖屋
2039-07-24,建,青龙,否,祭祀、修造、出行、盖屋、竖柱、造车器、教牛马、造畜稠、割蜜,动土、破土、掘井、安葬
2039-07-25,除,明堂,是,祭祀、沐浴、塑绘、开光、入学、解除、扫舍、治病、开池、牧养,嫁娶、出行、纳采、入宅、作灶
2039-07-26,满,天刑,否,纳财、开市、交易、立券、出行、祭祀、祈福、求嗣、开光、解除、扫舍、起基、竖柱、安床、移徙、开仓、出货财、补垣、塞穴、栽种、纳畜、牧养,斋醮、入宅、安门、安葬、破土、行丧
2039-07-27,平,朱雀,否,祭祀、修饰垣墙、平治道涂,开市、动土、破土、嫁娶、修造、安葬
2039-07-28,定,金匮,是,订盟、纳采、祭祀、祈福、开光、安香、出火、立券、安机械、移徙、入宅、竖柱、上梁、会亲友、安床、拆卸、挂匾、牧养、教牛马,嫁娶、安葬、行丧、破土、修坟
2039-07-29,执,天德,是,沐浴、理发、捕捉、入殓、移柩、破土、启钻、安葬,出火、嫁娶、入宅、作灶、上梁、动土
2039-07-30,破,白虎,否,求医、治病、破屋、坏垣、馀事勿取,嫁娶、出行
2039-07-31,危,玉堂,是,纳采、订盟、嫁娶、移徙、入宅、出行、开市、交易、立券、纳财、会亲友、安香、出火、拆卸、盖屋、起基、安床、作灶、挂匾、安葬、破土、启钻、立碑、入殓、移柩,祈福、上梁、开仓、掘井、牧养
2039-08-01,成,天牢,是,祭祀、祈福、斋醮、出行、纳采、订盟、安机械、出火、拆卸、修造、动土、起基、移徙、入宅、造庙、入殓、除服、成服、移柩、破土、安葬、谢土,嫁娶、开市、栽种、合寿木
2039-08-02,收,玄武,否,祭祀、进人口、纳财、纳畜、牧养、捕捉、馀事勿取,开市、入宅、安床、动土、安葬
2039-08-03,开,司命,是,祭祀、塑绘、开光、求医、治病、嫁娶、会亲友、放水、掘井、牧养、纳畜、开渠、安碓磑,盖屋、入宅、作灶、入学、安葬、行丧
2039-08-04,闭,勾陈,否,祭祀、塞穴、结网、畋猎、馀事勿取,移徙、开市、入宅、嫁娶、开光、安门
2039-08-05,建,青龙,否,开市、纳财、祭祀、塑绘、安机械、冠笄、会亲友、裁衣、开仓、经络、纳畜、造畜稠、教牛马、牧养,动土、破土、安葬、治病
2039-08-06,除,明堂,是,移徙、入宅、治病、会亲友、祭祀、祈福、斋醮、安香、嫁娶、盖屋、起基,开市、安床、出行、经络
2039-08-07,满,天刑,否,祭祀、解除、拆卸、修造、动土、起基、上梁、安床、安门、开渠、开池、入殓、破土、启钻,嫁娶、出行、进人口、作灶、入宅、移徙、栽种、赴任
2039-08-08,平,朱雀,否,纳采、订盟、开光、出行、解除、安香、出火、拆卸、入宅、移徙、修造、上梁、安床、栽种、纳畜、会亲友、安机械、经络,伐木、谢土、行丧、祭祀、作灶、动土、破土、安葬、祈福
2039-08-09,定,金匮,是,修饰垣墙、平治道涂、祭祀、沐浴、作灶,嫁娶、词讼、治病、置产、作梁、祈福、安葬、栽种、伐木、安门
2039-08-10,执,天德,是,嫁娶、祭祀、祈福、求嗣、出火、出行、开光、解除、拆卸、修造、进人口、安香、交易、立券、入宅、移徙、安床、动土、破土、谢土、安葬、入殓、除服、成服,斋醮、开市、开仓、作灶、造船
2039-08-11,破,白虎,否,破土、安葬、移柩、入殓、祭祀、捕捉、除服、成服、馀事勿取,嫁娶、入宅、开市、交易
2039-08-12,危,玉堂,是,破屋、坏垣、治病、馀事勿取,祈福、纳采、订盟、嫁娶、入宅、安葬
2039-08-13,成,天牢,是,嫁娶、开光、祭祀、祈福、求嗣、安香、出火、解除、伐木、入宅、移徙、安床、开市、交易、立券、栽种、出行、安葬,掘井、理发、作灶、动土、破土、开池
2039-08-14,收,玄武,否,安机械、纳采、订盟、祭祀、祈福、求嗣、开光、普渡、出行、出火、拆卸、修造、动土、进人口、开市、交易、立券、移徙、安床、栽种、上梁、纳畜、破土、移柩、安葬,入宅、嫁娶、掘井、牧养
2039-08-15,开,司命,是,嫁娶、祭祀、祈福、求嗣、裁衣、冠笄、经络、修造、进人口、安床、动土、竖柱、上梁、移徙、交易、立券、栽种、会亲友,行丧、安葬、出行、作梁、纳畜、伐木、造桥
2039-08-16,闭,勾陈,否,嫁娶、纳采、订盟、开光、祭祀、出行、理发、动土、安床、放水、开渠、栽种、进人口,入宅、上梁、入殓、盖屋、探病、作灶、安门、安葬、纳畜、伐木
2039-08-17,建,青龙,否,祭祀、出行、作梁、出火、拆卸、修造、动土、起基、安床、补垣、塞穴、入殓、破土、安葬、移柩、造畜稠,嫁娶、入宅、斋醮、开光、针灸、掘井
2039-08-18,除,明堂,是,嫁娶、纳采、订盟、祭祀、祈福、求嗣、出行、解除、竖柱、入宅、移徙、纳财、上梁、纳畜、入殓、安葬、启钻,栽种、掘井、动土、安床、破土、置产
2039-08-19,满,天刑,否,解除、祭祀、祈福、求嗣、修造、动土、竖柱、上梁、安床、纳畜、盖屋、合脊、起基、入殓、破土、安葬,出火、嫁娶、开光、进人口、出行、词讼、开市、入宅、移徙、赴任
2039-08-20,满,天刑,否,沐浴、理发、会亲友、塑绘、开光、栽种、牧养、嫁娶、经络、补垣、塞穴,开市、入宅、动土、破土、安葬、作灶、上梁、安床、开仓、祈福
2039-08-21,平,朱雀,否,祭祀、理发、作灶、沐浴、修饰垣墙、平治道涂,嫁娶、栽种、祈福、造桥、安葬、安门、伐木、作梁
2039-08-22,定,金匮,是,嫁娶、纳采、订盟、祭祀、祈福、斋醮、普渡、移徙、入宅、出行、安机械、开光、修造、动土、竖柱、上梁、盖屋、起基、定磉、安门、安葬、破土,开市、立券、置产、作灶、造桥
2039-08-23,执,天德,是,祭祀、普渡、捕捉、解除、结网、畋猎、入殓、破土、安葬,开市、交易、入宅、嫁娶
2039-08-24,破,白虎,否,沐浴、破屋、坏垣、馀事勿取,斋醮、开市
2039-08-25,危,玉堂,是,订盟、纳采、祭祀、祈福、安香、出火、开市、立券、入宅、挂匾、造桥、启钻、安葬,动土、破土、嫁娶、掘井、安床
2039-08-26,成,天牢,是,嫁娶、祭祀、祈福、斋醮、普渡、移徙、入宅、动土、治病、开市、交易、立券、开光、修造、造车器、安香、安床、捕捉、畋猎、结网,纳采、订盟、经络、行丧、安葬、探病
2039-08-27,收,玄武,否,嫁娶、订盟、纳采、作灶、冠笄、裁衣、会亲友、纳畜、牧养、安机械、开市、立券、纳财、安床,掘井、出行、破土、行丧、安葬
2039-08-28,开,司命,是,嫁娶、订盟、纳采、祭祀、斋醮、普渡、解除、出行、会亲友、开市、纳财、修造、动土、竖柱、上梁、开光、开仓、出货财、纳畜、牧养、开池、破土、启钻,出火、入宅、盖屋、安门、安葬
2039-08-29,闭,勾陈,否,嫁娶、普渡、祭祀、祈福、补垣、塞穴、断蚁、筑堤、入殓、除服、成服、安葬,动土、破土、掘井、开光、上梁、词讼
2039-08-30,建,青龙,否,嫁娶、冠笄、祭祀、沐浴、普渡、出行、纳财、扫舍、纳畜、赴任,开市、动土、破土、安床、开仓、上梁
2039-08-31,除,明堂,是,祭祀、沐浴、理发、整手足甲、冠笄、解除、入殓、移柩、破土、启钻、安葬,嫁娶、出行、入宅、开市、安门
2039-09-01,满,天刑,否,塑绘、冠笄、嫁娶、会亲友、进人口、经络、裁衣、栽种、纳畜、牧养、补垣、塞穴、捕捉,祈福、开市、动土、行丧、安葬
2039-09-02,平,朱雀,否,出行、沐浴、订盟、纳采、裁衣、竖柱、上梁、移徙、纳畜、牧养,嫁娶、安门、动土、安葬
2039-09-03,定,金匮,是,纳采、订盟、嫁娶、祭祀、祈福、普渡、开光、安香、出火、移徙、入宅、竖柱、修造、动土、上梁、起基、盖屋、安门、造庙、造桥、破土、启钻、安葬,开市、立券、纳财、作灶
2039-09-04,执,天德,是,祭祀、捕捉、畋猎、纳畜、牧养、入殓、除服、成服、移柩、破土、安葬、启钻,嫁娶、纳采、订盟、开市、入宅
2039-09-05,破,白虎,否,破屋、坏垣、治病、馀事勿取,行丧、安葬
2039-09-06,危,玉堂,是,祈福、斋醮、出行、冠笄、嫁娶、雕刻、开柱眼、入宅、造桥、开市、交易、立券、纳财、入殓、除服、成服、移柩、破土、安葬、启钻,动土、订盟、安床、开池
2039-09-07,成,天牢,是,祈福、求嗣、解除、订盟、纳采、动土、起基、放水、造仓、开市、纳畜、牧养、开生坟、入殓、除服、成服、移柩、破土、安葬,无
2039-09-08,收,玄武,否,开市、交易、立券、纳财、挂匾、栽种、祭祀、祈福、开光、拆卸、动土、安床,嫁娶、破土、进人口、出行、入宅、移徙、出火、纳畜、词讼、安葬
2039-09-09,开,司命,是,嫁娶、祭祀、理发、进人口、作灶、移柩、冠笄、会亲友,开仓、出货财、伐木、纳畜、开市、上梁、盖屋、破土、启钻、栽种
2039-09-10,闭,勾陈,否,祭祀、修坟、除服、成服、启钻、移柩、馀事勿取,开市、入宅、嫁娶、动土、破土、安葬
2039-09-11,建,青龙,否,嫁娶、冠笄、安机械、解除、纳畜、牧养、沐浴、伐木、架马、作梁、安门、扫舍、合寿木、安葬、启钻、立碑、修坟,祈福、开光、开市、入宅、动土
2039-09-12,除,明堂,是,祭祀、出行、沐浴、扫舍、安葬、馀事勿取,动土、破土、置产、掘井
2039-09-13,满,天刑,否,嫁娶、纳采、祭祀、解除、出行、修造、动土、开市、上梁、安床、整手足甲、扫舍、求医、治病、起基、定磉、盖屋、合脊,造庙、行丧、安葬、伐木、作灶、造船
2039-09-14,平,朱雀,否,纳采、订盟、开市、交易、立券、挂匾、纳财、栽种、进人口、入宅、移徙、安床、开光、出火、拆卸、安门、修造,斋醮、嫁娶、行丧、动土、作灶、安葬、破土
2039-09-15,定,金匮,是,祭祀、沐浴、修饰垣墙、平治道涂、馀事勿取,嫁娶、入宅、安床、出行
2039-09-16,执,天德,是,开光、祈福、求嗣、斋醮、修造、动土、纳财、造仓、开厕、栽种、牧养、会亲友,作灶、出火、进人口、开渠、入宅、移徙、祭祀
2039-09-17,破,白虎,否,开光、解除、拆卸、修造、动土、竖柱、安门、牧养、安葬、修坟、破土、移柩,出火、入宅、移徙、祈福、祭祀、安床、开市、嫁娶、探病
2039-09-18,破,白虎,否,破屋、坏垣、求医、治病、馀事勿取,移徙、入宅
2039-09-19,危,玉堂,是,嫁娶、纳采、订盟、祭祀、祈福、求嗣、开光、出行、出火、拆卸、修造、动土、进人口、入宅、移徙、安床、上梁、合脊、放水、掘井、破土、移柩、谢土、除服、成服,开市、开仓、安门、安葬
2039-09-20,成,天牢,是,嫁娶、纳采、订盟、祭祀、祈福、求嗣、开光、解除、进人口、入宅、移徙、出火、安床、开市、交易、立券、挂匾,安葬、纳畜、出行、行丧、伐木、栽种、造庙、造桥
2039-09-21,收,玄武,否,祭祀、冠笄、捕捉、馀事勿取,嫁娶、开市、盖屋、作梁、合寿木
2039-09-22,开,司命,是,祭祀、解除、结网、畋猎、取渔、会亲友、入学、移柩、启钻、除服、成服,开市、祈福、动土、破土、入殓、安葬、造船
2039-09-23,闭,勾陈,否,冠笄、沐浴、出行、修造、动土、移徙、入宅、破土、安葬,嫁娶、开市、祭祀、祈福、斋醮、纳采、修坟
2039-09-24,建,青龙,否,祭祀、出行,嫁娶、入宅、修造、动土、会亲友、破土
2039-09-25,除,明堂,是,嫁娶、订盟、纳采、祭祀、祈福、出行、修造、动土、移徙、入宅,针灸、伐木、作梁、造庙、行丧、安葬
2039-09-26,满,天刑,否,出行、开市、交易、立券、安机械、出火、上梁、移徙,嫁娶、安葬、动土、造桥
2039-09-27,平,朱雀,否,祭祀、沐浴、修饰垣墙、平治道涂、馀事勿取,斋醮、嫁娶、移徙、出行、上梁、入宅
2039-09-28,定,金匮,是,嫁娶、造车器、安机械、祭祀、祈福、开光、安香、出火、出行、开市、立券、修造、动土、移徙、入宅、破土、安葬,纳采、订盟、架马、词讼、开渠
2039-09-29,执,天德,是,沐浴、捕捉、入殓、除服、成服、破土、启钻、安葬,祭祀、嫁娶、安床、开市、入宅、探病、上梁
2039-09-30,破,白虎,否,馀事勿取,探病
2039-10-01,危,玉堂,是,订盟、纳采、祭祀、祈福、安香、出火、修造、动土、上梁、安门、起基、竖柱、定磉、开池、移徙、入宅、立券、破土,嫁娶、造庙、造桥、造船、作灶、安葬
2039-10-02,成,天牢,是,开光、求嗣、雕刻、嫁娶、订盟、纳采、出火、拆卸、修造、动土、起基、上梁、放水、移徙、入宅、造仓、造船、开市、开池、纳畜、牧养、挂匾,行丧、安葬、合寿木
2039-10-03,收,玄武,否,祭祀、嫁娶、捕捉,开光、动土、破土、开市、修造、入宅、安门
2039-10-04,开,司命,是,祭祀、普渡、解除、会亲友、捕捉、畋猎、启钻、除服、成服、移柩,嫁娶、开市、动土、掘井、开池、安葬
2039-10-05,闭,勾陈,否,出行、解除、冠笄、嫁娶、伐木、架马、开柱眼、修造、动土、移徙、入宅、开生坟、合寿木、入殓、移柩、破土、安葬、修坟,祭祀、祈福、开光、开市、安床
2039-10-06,建,青龙,否,祭祀、祈福、求嗣、出行、沐浴、交易、扫舍、教牛马,动土、作灶、行丧、安葬、修坟
2039-10-07,除,明堂,是,出行、解除、纳采、冠笄、雕刻、修造、动土、起基、上梁、合脊、安床、移徙、入宅、开市、栽种、开厕,造庙、安门、行丧、安葬
2039-10-08,满,天刑,否,祭祀、开光、出行、解除、理发、伐木、出火、拆卸、上梁、合脊、安床、造畜稠,嫁娶、安葬、行丧、词讼、造桥、作灶、破土、动土
2039-10-09,平,朱雀,否,纳采、订盟、会亲友、沐浴、理发、裁衣、冠笄、安床、除服、成服、启钻、移柩、安葬、开生坟,开市、入宅、出行、嫁娶、修坟、祈福、动土、安门、谢土、上梁
2039-10-10,定,金匮,是,解除、祭祀、修饰垣墙、平治道涂、造畜稠、馀事勿取,嫁娶、开市、交易、入宅、入学、安葬
2039-10-11,执,天德,是,入殓、破土、启钻、安葬、除服、成服、馀事勿取,开市、入宅、祭祀、置产、补垣、塞穴
2039-10-12,破,白虎,否,嫁娶、祭祀、祈福、求嗣、开光、出行、拆卸、修造、动土、上梁、安床、纳畜、入殓、破土,入宅、移徙、掘井、理发、伐木、交易、开市、作灶
2039-10-13,危,玉堂,是,祭祀、沐浴、破屋、坏垣、馀事勿取,嫁娶、入宅、上梁、出行、安葬
2039-10-14,成,天牢,是,祭祀、求嗣、冠笄、进人口、会亲友、安门、安床、经络、纳财、牧养、畋猎、放水、割蜜,祈福、斋醮、纳采、订盟、嫁娶、入宅、安葬
2039-10-15,收,玄武,否,嫁娶、纳采、订盟、开市、交易、立券、挂匾、祭祀、祈福、开光、造车器、出行、入宅、移徙、安床、安门、拆卸、修造、动土、栽种、安葬、破土、启钻、除服、成服、入殓、立碑,探病、纳畜、伐木、起基、作梁、盖屋
2039-10-16,开,司命,是,祭祀、冠笄、移徙、会亲友、纳财、理发、捕捉,嫁娶、开市、开池、开厕、破土
2039-10-17,闭,勾陈,否,祭祀、祈福、求嗣、斋醮、开光、出行、嫁娶、求医、治病、动土、破土、入学、起基、扫舍、竖柱、上梁、开仓、出货财、置产、栽种、牧养、开生坟、谢土、立碑,安门、安床、裁衣、入宅、安葬
2039-10-18,闭,勾陈,否,嫁娶、裁衣、冠笄、合帐、祭祀、出行、安床、移徙、塞穴、入殓、破土、移柩、安葬,开市、栽种、置产、词讼、安门、掘井、开光
2039-10-19,建,青龙,否,祭祀、造车器、出行、修造、上梁、盖屋、安门、安床、造畜稠、教牛马,出货财、开仓、动土、破土、安葬、行丧、伐木、开渠、栽种
2039-10-20,除,明堂,是,祭祀、开光、出行、解除、伐木、作梁、出火、拆卸、入宅、移徙、安床、修造、造畜稠、扫舍,造庙、嫁娶、掘井、栽种、造桥、作灶、动土
2039-10-21,满,天刑,否,纳采、订盟、开市、交易、立券、会亲友、纳畜、牧养、问名、移徙、解除、开厕、入学、起基、安床、开仓、出货财、安葬、启钻、入殓、除服、成服,入宅、上梁、斋醮、出火、谢土
2039-10-22,平,朱雀,否,祭祀、平治道涂、馀事勿取,嫁娶、开市
2039-10-23,定,金匮,是,捕捉、畋猎、馀事勿取,开市、交易、祭祀、入宅、安葬
2039-10-24,执,天德,是,嫁娶、纳采、订盟、祭祀、祈福、求嗣、斋醮、开光、安香、出火、造庙、移徙、出行、入宅、起基、竖柱、上梁、安床、纳畜、捕捉、纳婿、安葬,开市、破土、掘井、合寿木
2039-10-25,破,白虎,否,祭祀、沐浴、解除、破屋、坏垣、馀事勿取,开市、嫁娶
2039-10-26,危,玉堂,是,订盟、纳采、会亲友、交易、立券、纳财、栽种、纳畜、牧养,嫁娶、开市、入宅、祈福、安葬
2039-10-27,成,天牢,是,造车器、嫁娶、订盟、纳采、会亲友、祭祀、出行、开市、立券、移徙、入宅、破土、安葬,上梁、开光、盖屋、架马、合寿木
2039-10-28,收,玄武,否,祭祀、作灶、纳财、捕捉、畋猎、馀事勿取,动土、破土、开市、安葬
2039-10-29,开,司命,是,嫁娶、订盟、纳采、祭祀、祈福、出行、求医、治病、出火、移徙、入宅,开市、开仓、出货财、安床、安门、安葬
2039-10-30,闭,勾陈,否,冠笄、祭祀、沐浴、作灶、理发、整手足甲、扫舍、补垣、塞穴、入殓、破土、启钻,开光、嫁娶、会亲友、栽种、针灸、安葬
2039-10-31,建,青龙,否,纳采、订盟、嫁娶、祭祀、祈福、求嗣、置产、求医、治病、开市、交易、立券、会亲友、移徙、竖柱、上梁、盖屋、合脊、安门、放水、捕捉、纳畜,造庙、造船、动土、破土、安葬
2039-11-01,除,明堂,是,出行、造车器、造畜稠、解除、冠笄、裁衣、作梁、雕刻、会亲友、移徙、入宅、安机械、开市、扫舍,嫁娶、动土、破土、修坟
2039-11-02,满,天刑,否,沐浴、理发、冠笄、安床、开市、立券、会亲友、交易、纳财、结网、教牛马,移徙、入宅、出行、祈福、嫁娶
2039-11-03,平,朱雀,否,祭祀、造畜稠、修饰垣墙、平治道涂、馀事勿取,嫁娶、开市、安床、掘井
2039-11-04,定,金匮,是,捕捉、结网、入殓、除服、成服、移柩、破土、安葬、启钻、立碑,嫁娶、祭祀、入宅、盖屋、移徙
2039-11-05,执,天德,是,祭祀、祈福、求嗣、斋醮、造庙、出火、安机械、会亲友、开市、交易、立券、纳财、习艺、经络、求医、治病、开池、开厕、畋猎、结网、栽种、牧养、安葬、破土、启钻,开光、嫁娶、掘井、伐木、作梁
2039-11-06,破,白虎,否,破屋、坏垣、馀事勿取,诸事不宜
2039-11-07,危,玉堂,是,破屋、坏垣、求医、治病、馀事勿取,嫁娶、安葬
2039-11-08,成,天牢,是,纳采、订盟、嫁娶、祭祀、祈福、雕刻、移徙、开市、入宅、出行、动土、会亲友、入学、修造、起基、安门、安床、造庙、解除、纳财、开池、造畜稠、牧养,上梁、开仓、出货财、盖屋、造船
2039-11-09,收,玄武,否,祭祀、祈福、求嗣、开光、解除、伐木、拆卸、修造、栽种、纳畜、安葬、修坟、立碑,嫁娶、进人口、入宅、移徙、出火、出行
2039-11-10,开,司命,是,沐浴、扫舍、捕捉、畋猎、解除、塞穴、馀事勿取,嫁娶、入宅、开市、安床、破土、修坟
2039-11-11,闭,勾陈,否,嫁娶、冠笄、祭祀、祈福、求嗣、斋醮、开光、出行、解除、动土、开市、交易、立券、挂匾、拆卸、破土,伐木、上梁、修造、入殓、理发、会亲友、入宅、安门、安葬、作灶
2039-11-12,建,青龙,否,合帐、裁衣、嫁娶、安床、入殓、移柩、破土、造畜稠,置产、造船、开光、掘井、作灶
2039-11-13,除,明堂,是,解除、修饰垣墙、冠笄、出行、馀事勿取,开市、动土、破土、嫁娶、安葬
2039-11-14,满,天刑,否,纳采、订盟、嫁娶、祭祀、祈福、求嗣、开光、出行、解除、进人口、开市、立券、挂匾、入宅、移徙、安门、栽种、动土、求医、治病、会亲友、起基、修造、盖屋、安葬,作灶、经络、安床
2039-11-15,平,朱雀,否,祭祀、塑绘、理发、会亲友、牧养、开池、造畜稠、畋猎、结网,祈福、谢土、安葬、上梁、作灶、开市、嫁娶、出行、入宅、动土
2039-11-16,平,朱雀,否,出行、纳财、开市、交易、立券、动土、移徙、入宅、裁衣、会亲友、拆卸、进人口、安香、经络、出货财、修饰垣墙、平治道涂,造庙、谢土、作灶、作梁、伐木、安葬、行丧、修坟、探病
2039-11-17,定,金匮,是,嫁娶、纳采、订盟、祭祀、斋醮、开光、安香、出火、出行、拆卸、动土、祈福、进人口、纳财、交易、立券、移徙、安床、修造、安葬、除服、成服,置产、掘井、词讼、栽种
2039-11-18,执,天德,是,嫁娶、纳采、订盟、祭祀、开光、出行、解除、伐木、出火、入宅、移徙、拆卸、修造、栽种、安葬、入殓,破土、动土、安门、作灶、开市、交易
2039-11-19,破,白虎,否,祭祀、解除、破屋、坏垣、求医、治病、馀事勿取,嫁娶、安葬
2039-11-20,危,玉堂,是,祭祀、扫舍、破土、安葬、除服、成服、启钻、移柩、入殓、立碑、馀事勿取,嫁娶、入宅、修造、动土
2039-11-21,成,天牢,是,订盟、纳采、会亲友、祭祀、祈福、修造、动土、安机械、破土、安葬,嫁娶、移徙、出火、开市、入宅
2039-11-22,收,玄武,否,祭祀、沐浴、捕捉、畋猎、结网、扫舍,嫁娶、纳采、订盟、安床、动土、破土、安葬
2039-11-23,开,司命,是,开市、纳财、出行、祭祀、祈福、求嗣、斋醮、问名、入学、起基、定磉、置产、开渠、掘井、拆卸、栽种、纳畜、牧养、动土、破土、启钻,移徙、入宅、出火、入殓、安葬
2039-11-24,闭,勾陈,否,祭祀、理发、置产、塞穴、除服、成服、移柩、入殓、破土、安葬,嫁娶、入宅、安床、掘井、开光
2039-11-25,建,青龙,否,祭祀、沐浴、出行、馀事勿取,开市、动土、破土、行丧、安葬
2039-11-26,除,明堂,是,嫁娶、造车器、出行、会亲友、移徙、入宅、修造、动土、雕刻、开光、安香、出火、理发、盖屋、合脊、起基、归岫、安门、拆卸、扫舍、栽种、造畜稠,开市、纳采、造庙、安床、开渠、安葬
2039-11-27,满,天刑,否,塑绘、会亲友、安机械、塞穴、结网、裁衣、经络,嫁娶、开市、祈福、斋醮、安葬
2039-11-28,平,朱雀,否,纳采、移徙、纳财、开市、交易、立券、入宅、修造、动土、竖柱、起基、定磉、造庙、安香、出火、修饰垣墙、平治道涂、会亲友、出行、开池、开厕,开仓、盖屋、造桥、祭祀
2039-11-29,定,金匮,是,订盟、纳采、纳财、开市、立券、祭祀、祈福、移徙、入宅、出行、盖屋、起基、修造、动土、竖柱、上梁、安门、安香、出火、教牛马、会亲友、破土,嫁娶、安葬、掘井、置产、造船
2039-11-30,执,天德,是,嫁娶、订盟、纳采、祭祀、祈福、塑绘、开光、移徙、安床、伐木、作梁、捕捉、畋猎、结网、求医、治病、解除、安葬、除服、成服、移柩、入殓、立碑、谢土,开市、造庙、动土、破土
2039-12-01,破,白虎,否,破屋、坏垣、祭祀、馀事勿取,嫁娶、安葬
2039-12-02,危,玉堂,是,嫁娶、纳采、订盟、祭祀、冠笄、裁衣、伐木、作梁、架马、定磉、开柱眼、作灶、移徙、安床、畋猎、结网、开池、开厕、除服、成服、启钻、入殓、移柩、安葬,盖屋、造船、动土、破土
2039-12-03,成,天牢,是,纳采、订盟、祭祀、祈福、求嗣、斋醮、开光、会亲友、解除、入学、纳财、交易、立券、经络、起基、动土、定磉、开池、栽种、纳畜、牧养、破土、入殓、立碑、安葬,嫁娶、开市、入宅、出火、移徙
2039-12-04,收,玄武,否,捕捉、畋猎、会亲友、解除、入殓、除服、成服、移柩、馀事勿取,安床、安门、破土、修坟、安葬
2039-12-05,开,司命,是,祭祀、祈福、求嗣、斋醮、沐浴、冠笄、出行、理发、拆卸、解除、起基、动土、定磉、安碓磑、开池、掘井、扫舍、除服、成服、移柩、启钻、立碑、谢土,移徙、入宅、安门、作梁、安葬
2039-12-06,闭,勾陈,否,嫁娶、冠笄、安床、纳采、会亲友、塞穴、捕捉、置产、造畜稠,开光、掘井、安葬、谢土、修坟
2039-12-07,建,青龙,否,沐浴、冠笄、补垣、塞穴、裁衣、修造、作梁、开柱眼、安碓磑、筑堤、开厕、断蚁,移徙、入宅、嫁娶、祈福、开光、掘井
2039-12-08,除,明堂,是,交易、进人口、祭祀、沐浴、捕捉、入殓、除服、成服、安葬、谢土、启钻、修坟,斋醮、入宅、修造、动土、破土
2039-12-09,满,天刑,否,嫁娶、纳采、订盟、造车器、祭祀、祈福、造庙、安香、出火、出行、归宁、入学、入宅、交易、立券、求医、治病、修造、动土、竖柱、上梁、盖屋、起基、安门,斋醮、伐木、作梁、安葬、行丧
2039-12-10,平,朱雀,否,纳采、订盟、开市、交易、立券、出行、会亲友、安机械、竖柱、上梁、平治道涂、伐木、拆卸、盖屋、起基、安床、安门、解除、安葬、启钻、除服、成服、修坟、立碑、移柩、入殓,嫁娶、动土、破土、祈福、出火、入宅
2039-12-11,定,金匮,是,祭祀、平治道涂、除服、成服、安葬、馀事勿取,嫁娶、入宅、纳采、订盟、掘井
2039-12-12,执,天德,是,纳采、订盟、祭祀、祈福、开光、安香、出火、出行、会亲友、安机械、修造、动土、竖柱、上梁、盖屋、起基、定磉、安床、安门、拆卸、移徙、造桥、造船、安葬、破土、入殓,开市、造庙、置产、掘井
2039-12-13,破,白虎,否,嫁娶、冠笄、祭祀、祈福、求嗣、斋醮、进人口、会亲友、伐木、作梁、开柱眼、安床、掘井、捕捉、畋猎,开生坟、破土、行丧、安葬
2039-12-14,危,玉堂,是,破屋、坏垣、治病、馀事勿取,移徙、入宅
2039-12-15,成,天牢,是,安床、架马、祭祀、塑绘、开光、出行、理发、伐木、作梁、开柱眼、开厕、畋猎、破土、入殓、除服、成服、移柩、启钻、修坟、立碑,作灶、安门、造桥、开市、安葬
2039-12-16,成,天牢,是,嫁娶、祭祀、祈福、求嗣、开光、出行、解除、入宅、移徙、纳畜、入殓、破土、修坟、立碑,伐木、作梁、动土、安床、栽种、造桥
2039-12-17,收,玄武,否,祭祀、沐浴、理发、纳财、进人口、栽种、扫舍、捕捉、畋猎、结网,会亲友、安葬、入宅、移徙、安床、开市、行丧、出火、作灶、安门
2039-12-18,开,司命,是,纳采、订盟、祭祀、祈福、求嗣、塑绘、解除、拆卸、修造、动土、竖柱、上梁、安门、置产、开池、掘井、纳畜、安床、栽种、造畜稠、破土、移柩、立碑,嫁娶、开市、出火、进人口、入殓、赴任、入宅、移徙、出行、安葬
2039-12-19,闭,勾陈,否,入宅、移徙、出行、进人口、修造、动土、起基、上梁、安门、造仓、补垣、塞穴、造畜稠,嫁娶、开市、安床、栽种、安葬、祈福、开光、掘井
2039-12-20,建,青龙,否,造畜稠、教牛马,入宅、移徙、分居、作灶、出火、安香、动土、嫁娶、掘井、扫舍、造桥
2039-12-21,除,明堂,是,订盟、纳采、造车器、祭祀、祈福、出行、安香、修造、动土、上梁、开市、交易、立券、移徙、入宅、会亲友、安机械、栽种、纳畜、盖屋、起基、安床、造畜稠,破土、安葬、行丧、开生坟
2039-12-22,满,天刑,否,订盟、纳采、会亲友、安机械、开光、修造、动土、竖柱、上梁、盖屋、起基、造桥、栽种、纳畜、造畜稠、移柩、入殓、启钻、修坟、立碑、安葬,祈福、出火、嫁娶、入宅、开市、破土
2039-12-23,平,朱雀,否,祭祀、平治道涂、修坟、除服、成服、馀事勿取,移徙、入宅、嫁娶、掘井、安葬
2039-12-24,定,金匮,是,嫁娶、冠笄、祭祀、祈福、求嗣、雕刻、开光、安香、出行、入学、修造、动土、竖柱、上梁、盖屋、起基、安门、出火、移徙、入宅、掘井、造畜稠、安葬、破土、除服、成服,开市、纳采、订盟、作灶、造庙、造船、经络
2039-12-25,执,天德,是,嫁娶、订盟、纳采、祭祀、祈福、求嗣、斋醮、安香、出火、修造、起基、盖屋、合脊、安门、安碓磑、动土、上梁、移徙、入宅,出行、掘井、破土、行丧、安葬
2039-12-26,破,白虎,否,祭祀、沐浴、破屋、坏垣、馀事勿取,嫁娶、移徙、入宅、探病、出行、盖屋
2039-12-27,危,玉堂,是,冠笄、纳财、掘井、开池、出火、安床、交易、立券、畋猎、结网、理发、放水,安门、动土、破土、行丧、安葬、成服
2039-12-28,成,天牢,是,纳采、订盟、移徙、入宅、出行、安机械、会亲友、祭祀、祈福、斋醮、开光、安香、出火、解除、求医、针灸、治病、盖屋、起基、修造、安门、造船、纳畜、牧养、移柩、入殓、启钻、谢土、修坟、立碑,嫁娶、动土、安床、造桥、掘井
2039-12-29,收,玄武,否,祭祀、沐浴、作灶、纳财、捕捉、畋猎、安床、扫舍,开市、斋醮、破土、安葬
2039-12-30,开,司命,是,祈福、斋醮、纳采、订盟、解除、架马、开柱眼、修造、动土、起基、上梁、归岫、盖屋、合脊、掘井、除服、成服、破土、栽种,移徙、开市、入宅、安葬
2039-12-31,闭,勾陈,否,纳采、订盟、祭祀、沐浴、冠笄、合帐、裁衣、修造、动土、拆卸、移徙、入宅、安门、开仓、筑堤、开厕、栽种、纳畜、补垣、塞穴,嫁娶、祈福、开光、掘井、安葬、行丧
2040-01-01,建,青龙,否,合帐、裁衣、教牛马、馀事勿取,入宅、动土、破土、嫁娶、作灶、造船
2040-01-02,除,明堂,是,纳采、订盟、嫁娶、祭祀、祈福、安香、出火、出行、会亲友、经络、求医、治病、解除、拆卸、起基、修造、动土、定磉、扫舍、栽种、牧养、造畜稠,斋醮、作梁、掘井、行丧、安葬
2040-01-03,满,天刑,否,纳财、开市、交易、立券、会亲友、进人口、经络、祭祀、祈福、安香、出火、求医、治病、修造、动土、拆卸、扫舍、安床、栽种、牧养、开生坟、合寿木、入殓、安葬、启钻,嫁娶、移徙、入宅
2040-01-04,平,朱雀,否,祭祀、入殓、移柩、馀事勿取,入宅、修造、动土、破土、安门、上梁
2040-01-05,定,金匮,是,塑绘、开光、订盟、纳采、裁衣、冠笄、拆卸、修造、安床、入宅、出火、安葬、谢土、赴任,掘井、伐木、斋醮、作灶
2040-01-06,执,天德,是,嫁娶、祭祀、开光、伐木、出火、拆卸、入宅、移徙、修造、动土、上梁、安床、纳畜,开市、行丧、栽种、出行、出货财、安葬、置产、词讼、治病
2040-01-07,破,白虎,否,嫁娶、纳采、订盟、入宅、移徙、安床、祭祀、祈福、开光、出行、解除、出火、拆卸、动土、纳畜、谢土、安葬、破土,伐木、开市、交易、上梁、作灶、安门、盖屋
2040-01-08,危,玉堂,是,祭祀、破屋、坏垣、解除、馀事勿取,开市、动土、破土
2040-01-09,成,天牢,是,嫁娶、纳采、订盟、开光、安香、出火、纳财、开市、交易、立券、裁衣、盖屋、起基、修造、动土、安门、移徙、入宅、栽种、牧养、畋猎、掘井、开池、安葬、破土、入殓、除服、成服、立碑,祈福、造庙、祭祀、安床、谢土
2040-01-10,收,玄武,否,祭祀、斋醮、入殓、破土、启钻、安葬、修坟、立碑、除服、成服,嫁娶、入宅、作灶、纳采、订盟
2040-01-11,开,司命,是,祭祀、斋醮、纳财、捕捉、畋猎,嫁娶、开市、入宅、安床、破土、安葬
2040-01-12,闭,勾陈,否,纳采、订盟、祭祀、祈福、求嗣、斋醮、沐浴、进人口、会亲友、入学、治病、安碓磑、掘井、开池、纳畜、牧养、造畜稠,嫁娶、合帐、入宅、行丧、安葬
2040-01-13,建,青龙,否,祭祀、祈福、求嗣、沐浴、问名、交易、纳财、入殓、移柩、安葬、修坟、立碑、谢土、造畜稠、教牛马,入宅、置产、嫁娶、动土、栽种、开市、开光、破土
2040-01-14,建,青龙,否,祭祀、教牛马、造畜稠、会亲友、解除、馀事勿取,嫁娶、入宅、出行、动土、破土、安葬、行丧
2040-01-15,除,明堂,是,嫁娶、开光、解除、出火、拆卸、修造、进人口、入宅、移徙、安床、栽种、入殓、修坟、动土、除服、成服,作灶、安葬、祭祀、开市、纳采、订盟、纳畜、谢土、出行、探病
2040-01-16,满,天刑,否,出行、起基、安床、纳财、交易、立券、嫁娶、栽种、入殓、移柩、安葬,挂匾、入宅、上梁、祈福、词讼、作梁、作灶、开池、安门、动土、破土、掘井
2040-01-17,平,朱雀,否,平治道涂、馀事勿取,开光、嫁娶、开仓、出货财、造船、安葬、探病
2040-01-18,定,金匮,是,嫁娶、订盟、纳采、会亲友、祭祀、安机械、移徙、入宅、盖屋、安床、起基、定磉、安香、出火、挂匾、拆卸、置产,开市、出行、安葬、行丧
2040-01-19,执,天德,是,沐浴、捕捉、畋猎、理发、整手足甲、入殓、除服、成服、破土、安葬、谢土、立碑、修坟、启钻,纳采、订盟、嫁娶、上梁、开市、斋醮、盖屋、安门
2040-01-20,破,白虎,否,祭祀、破屋、坏垣、馀事勿取,斋醮、嫁娶、开市
2040-01-21,危,玉堂,是,沐浴、开仓、出货财、开市、交易、立券、纳财、栽种、纳畜、牧养、畋猎、入殓、破土、安葬,祈福、嫁娶、安床、入宅、造船
2040-01-22,成,天牢,是,祭祀、沐浴、补垣、塞穴、断蚁、解除、馀事勿取,造庙、入宅、修造、安葬、行丧、嫁娶
2040-01-23,收,玄武,否,嫁娶、纳采、订盟、问名、祭祀、冠笄、裁衣、会亲友、进人口、纳财、捕捉、作灶,开市、安床、安葬、修坟
2040-01-24,开,司命,是,订盟、纳采、会亲友、祭祀、斋醮、沐浴、塑绘、出火、开光、竖柱、上梁、开市、交易、立券、作梁、开柱眼、伐木、架马、安门、安床、拆卸、牧养、造畜稠、掘井,造庙、嫁娶、出行、动土、安葬、行丧
2040-01-25,闭,勾陈,否,交易、立券、纳财、安床、裁衣、造畜稠、安葬、谢土、启钻、除服、成服、修坟、立碑、移柩、入殓,开光、嫁娶、开市、动土、破土
2040-01-26,建,青龙,否,祭祀、解除、教牛马、会亲友、馀事勿取,破土、动土、安葬
2040-01-27,除,明堂,是,纳采、订盟、移徙、纳财、开市、交易、立券、入宅、会亲友、解除、求医、治病、入学、安床、安门、安香、出火、拆卸、扫舍、挂匾、开生坟、合寿木、破土、修坟、启钻、入殓,探病、祭祀、出行、上梁、盖屋、谢土、安葬
2040-01-28,满,天刑,否,嫁娶、订盟、纳采、祭祀、祈福、求嗣、会亲友、解除、出行、入学、纳财、开市、交易、立券、习艺、经络、安床、开仓、出货财、纳畜、安葬、启钻、修坟、入殓,入宅、开光、动土
2040-01-29,平,朱雀,否,祭祀、冠笄、嫁娶、会亲友、进人口、裁衣、结网、平治道涂,移徙、入宅、造庙、作灶、治病、安葬
2040-01-30,定,金匮,是,祭祀、安碓磑、结网、馀事勿取,嫁娶、安葬
2040-01-31,执,天德,是,嫁娶、祭祀、沐浴、裁衣、出行、理发、移徙、捕捉、畋猎、放水、入宅、除服、成服、启钻、安葬、移柩、入殓,盖屋、开市、动土、破土
2040-02-01,破,白虎,否,破屋、坏垣、馀事勿取,嫁娶、开市、安葬
2040-02-02,危,玉堂,是,纳采、订盟、祭祀、求嗣、出火、塑绘、裁衣、会亲友、入学、拆卸、扫舍、造仓、挂匾、掘井、开池、结网、栽种、纳畜、破土、修坟、立碑、安葬、入殓,祈福、嫁娶、造庙、安床、谢土
2040-02-03,成,天牢,是,入殓、除服、成服、移柩、启钻、安葬、修坟、立碑,开市、伐木、嫁娶、作梁
2040-02-04,收,玄武,否,祭祀、塞穴、结网、破土、谢土、安葬、移柩、除服、成服、馀事勿取,嫁娶、入宅
2040-02-05,开,司命,是,祭祀、沐浴、理发、作灶、结网、栽种,嫁娶、词讼、行丧、安葬、牧养、伐木、作梁、开市、纳畜、造畜稠
2040-02-06,闭,勾陈,否,嫁娶、祭祀、开光、祈福、求嗣、出行、开市、交易、立券、动土、纳财、掘井、会亲友,入宅、安葬、伐木、作梁、纳畜、造畜稠、作灶
2040-02-07,建,青龙,否,祭祀、祈福、求嗣、纳畜、入殓、启钻、谢土、除服、成服,栽种、开光、出行、针灸、嫁娶、入宅、动土、破土
2040-02-08,除,明堂,是,开光、解除、伐木、竖柱、上梁、交易、立券、纳畜、入殓、移柩、安葬,入宅、出行、移徙、祭祀、嫁娶、动土、破土、作灶
2040-02-09,满,天刑,否,祭祀、祈福、求嗣、开光、嫁娶、出行、解除、伐木、拆卸、进人口、安床、动土、起基、上梁、栽种、纳畜、破土、谢土、启钻、安葬,移徙、入宅、出火、作灶、掘井
2040-02-10,平,朱雀,否,会亲友、冠笄、安床、安机械、祭祀、祈福、求嗣、经络,嫁娶、开市、动土、作灶、安葬
2040-02-11,定,金匮,是,作灶、解除、平治道涂、馀事勿取,祭祀、祈福、安葬、安门
2040-02-12,定,金匮,是,嫁娶、祭祀、冠笄、修饰垣墙、置产,经络、探病、盖屋、作灶、动土
2040-02-13,执,天德,是,纳采、嫁娶、祭祀、祈福、出行、修造、动土、移徙、入宅、安葬、破土,开市、斋醮
2040-02-14,破,白虎,否,祭祀、沐浴、解除、理发、扫舍、破屋、坏垣、馀事勿取,嫁娶、安葬
2040-02-15,危,玉堂,是,纳采、订盟、祭祀、祈福、安香、出火、修造、出行、开市、移徙、入宅、动土、安葬、破土,安床、作灶、造船、会亲友
2040-02-16,成,天牢,是,塞穴、结网、取渔、畋猎,嫁娶、安门、移徙、入宅、安葬
2040-02-17,收,玄武,否,纳采、祭祀、祈福、出行、会亲友、修造、动土、移徙、入宅,嫁娶、开市、安葬、破土
2040-02-18,开,司命,是,纳采、嫁娶、祭祀、祈福、出行、开市、会亲友、动土、破土、启钻,移徙、入宅、出火、安门、安葬
2040-02-19,闭,勾陈,否,祭祀、祈福、求嗣、斋醮、入殓、除服、成服、移柩、安葬、启钻,嫁娶、动土、开光、盖屋、破土
2040-02-20,建,青龙,否,纳采、会亲友、竖柱、上梁、立券、入殓、移柩、安葬、启钻,祭祀、移徙、入宅、动土、破土
2040-02-21,除,明堂,是,祭祀、祈福、斋醮、出行、开市、立券、动土、移徙、入宅、破土、安葬,开光、嫁娶、作灶、掘井、纳畜
2040-02-22,满,天刑,否,会亲友、求嗣、理发、冠笄、结网、捕捉、开光,开市、动土、安葬、破土
2040-02-23,平,朱雀,否,祭祀、平治道涂、馀事勿取,嫁娶、祈福、掘井、安葬
2040-02-24,定,金匮,是,祈福、求嗣、斋醮、纳采、嫁娶、伐木、修造、动土、移徙、入宅、造庙、安机械、开市、入殓、除服、成服、移柩、安葬、破土、谢土,置产、盖屋、合脊、开光、探病、安门、作灶
2040-02-25,执,天德,是,入学、习艺、出行、纳采、订盟、嫁娶、会亲友、进人口、牧养、捕捉、入殓、移柩、安葬、启钻,开光、开市、入宅、动土、盖屋
2040-02-26,破,白虎,否,祭祀、沐浴、求医、治病、扫舍、破屋、坏垣、解除、馀事勿取,入宅、开市、安葬
2040-02-27,危,玉堂,是,祭祀、冠笄、嫁娶、拆卸、修造、动土、起基、上梁、盖屋、入宅、开市、开池、塞穴、入殓、除服、成服、移柩、安葬、破土,安床、栽种、治病、作灶
2040-02-28,成,天牢,是,祭祀、结网、入殓、除服、成服、移柩、安葬、破土,馀事勿取
2040-02-29,收,玄武,否,塑绘、开光、祈福、求嗣、订盟、纳采、裁衣、冠笄、拆卸、修造、动土、起基、安门、安床、移徙、造仓、结网、纳畜,伐木、作灶、安葬、取渔、入宅
2040-03-01,开,司命,是,祭祀、沐浴、开光、塑绘、祈福、求嗣、订盟、纳采、冠笄、裁衣、嫁娶、动土、除服、成服、移柩、破土、启钻、出行、安碓磑、放水、开市、立券、交易,安葬、上梁、入宅、作灶
2040-03-02,闭,勾陈,否,祭祀、祈福、求嗣、酬神、裁衣、安床、立券、交易、入殓、除服、成服、移柩、谢土、启钻,出行、嫁娶、入宅、动土
2040-03-03,建,青龙,否,裁衣、合帐、入殓、除服、成服、会亲友、纳财,祭祀、祈福、移徙、嫁娶、入宅
2040-03-04,除,明堂,是,祭祀、斋醮、裁衣、合帐、冠笄、订盟、纳采、嫁娶、入宅、安香、谢土、入殓、移柩、破土、立碑、会亲友、出行、祈福、求嗣、上梁、放水,掘井
2040-03-05,满,天刑,否,塞穴、整手足甲、解除、捕捉、畋猎、结网、馀事勿取、诸事不宜,嫁娶、作灶、掘井、安葬
2040-03-06,平,朱雀,否,纳财、开市、立券、交易、开光、安床、上梁、盖屋、修造、起基,动土、破土、安葬、行丧、赴任、出行、嫁娶、入宅、移徙、谢土、词讼
2040-03-07,定,金匮,是,祭祀、祈福、嫁娶、冠笄、修饰垣墙、置产、平治道涂,开仓、出货财、盖屋、作灶、开市、交易、立券、栽种
2040-03-08,执,天德,是,嫁娶、祭祀、开光、祈福、求嗣、出行、出火、进人口、入宅、移徙、安床、拆卸、修造、安门、挂匾、纳财、扫舍,动土、伐木、安葬、行丧
2040-03-09,破,白虎,否,嫁娶、开光、祭祀、祈福、求嗣、出行、出火、入宅、移徙、解除、栽种、伐木、破土、谢土、安葬,开市、交易、作灶、纳财、上梁、安床、盖屋、造船
2040-03-10,危,玉堂,是,破屋、坏垣、求医、治病、馀事勿取,开光、嫁娶
2040-03-11,成,天牢,是,纳采、交易、立券、安床、安机械、安葬、移柩、动土、破土、立碑,嫁娶、开光、作灶
2040-03-12,收,玄武,否,祭祀、祈福、求嗣、斋醮、沐浴、开光、理发、经络、解除、治病、立碑、栽种、牧养、掘井、开池,嫁娶、定磉、合寿木、安葬、行丧
2040-03-13,收,玄武,否,纳财、交易、立券、栽种、捕捉、结网、取渔、进人口、教牛马、理发,入宅、盖屋、竖柱、安葬
2040-03-14,开,司命,是,嫁娶、订盟、纳采、祭祀、祈福、出行、修造、动土、移徙、入宅、破土、出火、安门、安床、上梁、立碑、移柩,开市、交易、合帐、安葬
2040-03-15,闭,勾陈,否,冠笄、立券、交易、修造、动土、安机械、入殓、安葬、破土,嫁娶、祈福、出火、入宅
2040-03-16,建,青龙,否,祭祀、会亲友、出行、立券、交易、冠笄、纳财,嫁娶、动土、掘井、起基、定磉、破土
2040-03-17,除,明堂,是,祭祀、沐浴、解除、扫舍、塞穴、牧养,嫁娶、安葬、行丧、安门
2040-03-18,满,天刑,否,纳财、开市、交易、立券、开光、针灸、会亲友、理发、安床、造仓、结网,移徙、入宅、栽种
2040-03-19,平,朱雀,否,嫁娶、冠笄、会亲友、安机械、纳财、交易、立券、置产,开市、盖屋、治病、作灶
2040-03-20,定,金匮,是,嫁娶、造车器、纳采、订盟、祭祀、祈福、安机械、移徙、入宅、开市、立券、破土、安葬,纳畜、理发、合寿木
2040-03-21,执,天德,是,祈福、斋醮、出行、移徙、入宅、修造、动土、破土、安葬,纳采、开光、安床、嫁娶、开市
2040-03-22,破,白虎,否,破屋、坏垣、馀事勿取,嫁娶、移徙、开市、入宅
2040-03-23,危,玉堂,是,嫁娶、冠笄、祭祀、出行、会亲友、修造、动土、入殓、破土,塑绘、开光、造桥、除服、成服
2040-03-24,成,天牢,是,开光、求嗣、出行、纳采、冠笄、出火、拆卸、起基、修造、动土、上梁、移徙、造船、开市、交易、立券、纳财,祈福、嫁娶、安葬、破土
2040-03-25,收,玄武,否,理发、冠笄、嫁娶、进人口、栽种、捕捉、针灸,纳财、开市、安葬、破土
2040-03-26,开,司命,是,开光、祈福、求嗣、出行、解除、伐木、盖屋、起基、修造、架马、安门、移徙、入宅、造庙、除服、成服、移柩、谢土、纳畜、牧养,纳采、动土、开市、交易
2040-03-27,闭,勾陈,否,裁衣、经络、伐木、开柱眼、拆卸、修造、动土、上梁、合脊、合寿木、入殓、除服、成服、移柩、破土、安葬、启钻、修坟、立碑,祭祀、嫁娶、出行、掘井
2040-03-28,建,青龙,否,祭祀、会亲友、立券、交易、裁衣、合帐、嫁娶、冠笄、进人口,栽种、动土、安葬、掘井、修坟、探病
2040-03-29,除,明堂,是,扫舍、塞穴、馀事勿取,诸事不宜
2040-03-30,满,天刑,否,塑绘、开光、订盟、纳采、裁衣、合帐、冠笄、安机械、会亲友、纳财、开市、立券、交易、安床、竖柱、上梁、结网、栽种、解除、经络,作灶、出行、入宅、安葬
2040-03-31,平,朱雀,否,祭祀、嫁娶、纳婿、除服、成服、入殓、移柩,动土、作灶、入宅、开光、安床
2040-04-01,定,金匮,是,祈福、求嗣、开光、塑绘、斋醮、订盟、纳采、嫁娶、拆卸、安床、入宅、安香、移柩、修坟、安葬、谢土、栽种、解除、冠笄、裁衣、移徙、修造、动土、竖柱、放水、启钻、立碑,赴任
2040-04-02,执,天德,是,祭祀、解除、入殓、除服、成服、移柩、启钻、安葬、修坟、立碑、谢土、沐浴、扫舍、捕捉、取渔、结网、畋猎、理发,安床、嫁娶、作灶、入宅
2040-04-03,破,白虎,否,破屋、坏垣,诸事不宜
2040-04-04,危,玉堂,是,祭祀、沐浴、解除、破屋、坏垣、求医、治病、馀事勿取,嫁娶、开市
2040-04-05,成,天牢,是,沐浴、塞穴、畋猎、结网、取渔、扫舍、馀事勿取,祈福、安葬
2040-04-06,收,玄武,否,开市、交易、立券、挂匾、祭祀、开光、祈福、求嗣、安床、解除、修造、安葬,纳采、问名、订盟、嫁娶、入宅、开仓、出火、动土、破土、纳畜、伐木
2040-04-07,开,司命,是,祭祀、修门、取渔、纳财、纳畜、馀事勿取,嫁娶、入宅
2040-04-08,闭,勾陈,否,安香、出火、纳采、订盟、嫁娶、开市、立券、交易、挂匾、开光、出行、解除、安床、栽种、置产、拆卸、修造、动土,作灶、安葬、祭祀、入殓
2040-04-09,建,青龙,否,祭祀、出行、修造、动土、合帐、造畜稠、安床、移徙、入殓、移柩、破土、启钻、安葬、开生坟、合寿木、补垣、塞穴,入宅、作灶、理发、开光、安门
2040-04-10,除,明堂,是,祭祀、修饰垣墙、馀事勿取,开光、修造、动土、破土
2040-04-11,除,明堂,是,嫁娶、祭祀、祈福、求嗣、斋醮、开光、出火、移徙、入宅、竖柱、上梁、会亲友、盖屋、起基、治病、安门、造车器、掘井、开池,纳采、出行、修坟、安葬、开市、立券、作灶
2040-04-12,满,天刑,否,祭祀、塑绘、开光、纳采、嫁娶、开市、出行、会亲友、安床、结网、除服、成服、启钻、安葬、移柩,祈福、入宅、盖屋、动土、破土、探病
2040-04-13,平,朱雀,否,祭祀、作灶、平治道涂、馀事勿取,安床、入宅、安碓磑、栽种
2040-04-14,定,金匮,是,祭祀、祈福、求嗣、斋醮、沐浴、纳畜、入殓、破土、安葬,移徙、入宅、嫁娶、出行、安床
2040-04-15,执,天德,是,纳采、祭祀、祈福、求嗣、斋醮、出行、起基、盖屋、定磉、安门、入殓、安葬,嫁娶、开市、纳财、出火
2040-04-16,破,白虎,否,祭祀、沐浴、解除、求医、治病、破屋、坏垣、馀事勿取,祈福、斋醮、开市、安葬
2040-04-17,危,玉堂,是,沐浴、捕捉、畋猎、结网、取渔,祭祀、嫁娶、入宅、作灶、安葬
2040-04-18,成,天牢,是,祭祀、祈福、求嗣、斋醮、纳采、订盟、开光、竖柱、上梁、开仓、出货财、盖屋、起基、定磉、安门、诸事不宜、破土、入殓、启钻、谢土,出火、嫁娶、开市
2040-04-19,收,玄武,否,祭祀、捕捉、解除、馀事勿取,嫁娶、安葬
2040-04-20,开,司命,是,纳采、嫁娶、出行、开市、立券、纳畜、牧养、出火、移徙、入宅,祈福、动土、破土、安葬、入殓
2040-04-21,闭,勾陈,否,祭祀、祈福、求嗣、斋醮、冠笄、作灶、纳财、交易,开光、嫁娶、掘井、安葬、安门、探病
2040-04-22,建,青龙,否,祭祀、解除、教牛马、出行、馀事勿取,动土、破土、行丧、开光、作梁、安葬、探病
2040-04-23,除,明堂,是,沐浴、斋醮、解除、求医、治病、会亲友、造畜稠、栽种、理发、扫舍,开市、嫁娶、移徙、入宅、掘井、安葬
2040-04-24,满,天刑,否,求嗣、出行、解除、订盟、纳采、嫁娶、会亲友、进人口、安床、开市、交易、纳畜、牧养、入殓、除服、成服、移柩、安葬、启钻,祈福、修造、动土、破土、谢土
2040-04-25,平,朱雀,否,祭祀、作灶、平治道涂、馀事勿取,嫁娶、安葬、动土、安床、治病
2040-04-26,定,金匮,是,造车器、祭祀、祈福、求嗣、斋醮、开市、交易、安机械、雕刻、开光、盖屋、合脊、起基、定磉、安门、纳畜、安葬、开生坟、立碑、谢土,入宅、动土、开仓、出货财
2040-04-27,执,天德,是,祭祀、祈福、开光、求嗣、斋醮、纳采、订盟、求医、治病、起基、定磉、造船、取渔、解除、安葬、启钻、谢土、入殓,开市、动土、掘井、开池
2040-04-28,破,白虎,否,祭祀、沐浴、破屋、坏垣、求医、治病、解除、馀事勿取,嫁娶、开市、交易、入宅、安葬
2040-04-29,危,玉堂,是,诸事不宜,无
2040-04-30,成,天牢,是,祭祀、塑绘、开光、订盟、纳采、冠笄、裁衣、安机械、拆卸、修造、动土、安床、经络、开市,出火、入宅、安葬、伐木
2040-05-01,收,玄武,否,祭祀、馀事勿取,造庙、嫁娶、安床
2040-05-02,开,司命,是,订盟、纳采、嫁娶、进人口、会亲友、交易、立券、动土、除服、谢土、移柩、破土、启钻、赴任、出行、开市、纳财、栽种,入殓、安葬、入宅、安床
2040-05-03,闭,勾陈,否,祭祀、祈福、裁衣、合帐、安床、入殓、除服、成服、移柩、破土、启钻、安葬、谢土、立碑、造畜稠,掘井、安门、嫁娶、纳采
2040-05-04,建,青龙,否,祭祀、进人口、嫁娶、安床、解除、冠笄、出行、裁衣、扫舍,掘井、动土、破土、安葬、开光
2040-05-05,除,明堂,是,塞穴、断蚁、结网、畋猎、馀事勿取,嫁娶、安葬、入宅、出行、动土、词讼
2040-05-06,满,天刑,否,纳采、订盟、嫁娶、祭祀、祈福、求嗣、开光、解除、出行、出火、入宅、移徙、栽种、纳畜、牧养、动土、破土、入殓、安葬,作灶、安床、开仓、盖屋
2040-05-07,平,朱雀,否,开光、纳采、裁衣、冠笄、安床、作灶、进人口、造仓、塞穴,嫁娶、栽种、修造、动土、出行、伐木、作梁、安葬、谢土
2040-05-08,定,金匮,是,纳采、嫁娶、裁衣、理发、出行、修造、动土、进人口、开市、交易、立券、挂匾、移徙、上梁、栽种、纳畜,伐木、安葬、安床、祭祀、祈福
2040-05-09,执,天德,是,开市、交易、立券、挂匾、祭祀、祈福、斋醮、出行、盖屋、起基、修造、动土、定磉、安床、安机械、安葬、破土、启钻、除服、成服、立碑,作灶、嫁娶、移徙、入宅、理发
2040-05-10,破,白虎,否,嫁娶、纳采、订盟、祭祀、祈福、求嗣、开光、出火、出行、拆卸、动土、修造、进人口、入宅、移徙、安床、解除、挂匾、栽种、破土、谢土、入殓、移柩、安葬,开市、立券、造船、合寿木
2040-05-11,破,白虎,否,祭祀、沐浴、解除、破屋、坏垣、馀事勿取,开光、安葬
2040-05-12,危,玉堂,是,订盟、纳采、嫁娶、解除、祭祀、祈福、求嗣、开光、出行、出火、拆卸、入宅、移徙、安床、栽种、纳畜、动土、破土、谢土、安葬、修坟,作灶、开市、经络
2040-05-13,成,天牢,是,祭祀、祈福、求嗣、开光、订盟、纳采、解除、动土、起基、进人口、开市、交易、立券、纳财、造仓、开池、栽种、纳畜、破土、安葬,安床、上梁、裁衣、入宅、嫁娶
2040-05-14,收,玄武,否,祭祀、结网、捕捉、馀事勿取,探病、嫁娶、开市
2040-05-15,开,司命,是,祭祀、祈福、求嗣、开光、纳采、订盟、嫁娶、出行、动土、破土、会亲友、开市、交易、立券、习艺、拆卸、起基、安碓磑、放水、开池、造仓、开渠、栽种、谢土、启钻、修坟、立碑,入宅、安门、安葬
2040-05-16,闭,勾陈,否,嫁娶、冠笄、祭祀、出行、移徙、入宅、作灶、造车器、补垣、塞穴、开厕、破土、启钻、除服、成服、入殓,盖屋、造桥、安门、安葬、上梁
2040-05-17,建,青龙,否,祭祀、解除、断蚁、会亲友、馀事勿取,嫁娶、安葬
2040-05-18,除,明堂,是,嫁娶、纳采、订盟、祭祀、祈福、治病、造车器、修造、动土、移徙、入宅,开市、出行、安床、作灶、安葬
2040-05-19,满,天刑,否,嫁娶、纳采、订盟、会亲友、安机械、结网、冠笄、祭祀、求嗣、进人口、经络,开市、作灶、动土、行丧、安葬
2040-05-20,平,朱雀,否,祭祀、沐浴、移徙、破土、安葬、扫舍、平治道涂,祈福、嫁娶、入宅、安床、作灶
2040-05-21,定,金匮,是,祭祀、祈福、斋醮、求嗣、安机械、纳畜、移徙、入宅、塑绘、开光、起基、竖柱、上梁、作灶、安门、安香、出火、盖屋、启钻、安葬,动土、破土、嫁娶
2040-05-22,执,天德,是,嫁娶、纳采、订盟、斋醮、开光、祭祀、祈福、求医、治病、会亲友、动土、解除、捕捉、纳畜、牧养、入殓、破土、安葬,移徙、入宅、盖屋、架马
2040-05-23,破,白虎,否,祭祀、沐浴、解除、破屋、坏垣、馀事勿取,行丧、安葬
2040-05-24,危,玉堂,是,沐浴、扫舍、馀事勿取,斋醮、开市、嫁娶、作灶
2040-05-25,成,天牢,是,开市、交易、立券、安机械、会亲友、开光、求医、治病、盖屋、起基、修造、动土、定磉、竖柱、上梁、安门、作灶、放水、开厕、开池、栽种、牧养、造畜稠、破土、安葬、立碑,嫁娶、出火、移徙、入宅
2040-05-26,收,玄武,否,栽种、捕捉、畋猎、馀事勿取,开市、动土、祭祀、斋醮、安葬、探病
2040-05-27,开,司命,是,嫁娶、祭祀、祈福、求嗣、斋醮、订盟、纳采、解除、出行、动土、破土、习艺、针灸、理发、会亲友、起基、修造、竖柱、定磉、安床、拆卸、纳畜、牧养、放水、除服、成服、修坟、立碑,开市、入宅、探病、出火、盖屋
2040-05-28,闭,勾陈,否,馀事勿取,无
2040-05-29,建,青龙,否,塞穴、断蚁、结网、馀事勿取,破土、安葬
2040-05-30,除,明堂,是,开光、出行、纳采、嫁娶、伐木、架马、出火、拆卸、移徙、入宅、造庙、造桥、造船、造畜稠、开市、入殓、除服、成服、移柩、安葬,无
2040-05-31,满,天刑,否,进人口、牧养、置产、塞穴、结网、馀事勿取,诸事不宜
2040-06-01,平,朱雀,否,开光、出行、嫁娶,会亲友、进人口、修造、动土、起基、移徙、开市、纳畜、入殓、除服、成服、移柩、破土、安葬、修坟、立碑
2040-06-02,定,金匮,是,嫁娶、纳采、出行、祭祀、祈福、开市、动土、移徙、入宅、破土、安葬,安门
2040-06-03,执,天德,是,嫁娶、纳采、求医、治病、修造、动土、移徙、入宅、破土、安葬,开市、开光
2040-06-04,破,白虎,否,祭祀、破屋、坏垣、馀事勿取,诸事不宜
2040-06-05,危,玉堂,是,祭祀、破屋、坏垣、馀事勿取,移徙、入宅、开仓、出货财
2040-06-06,成,天牢,是,祭祀、斋醮、塑绘、开光、出行、修造、动土、造畜稠、安床、放水、掘井、开池、开厕、结网、破土,出火、入宅
2040-06-07,收,玄武,否,开市、交易、立券、挂匾、开光、解除、拆卸、动土、安床、修造、上梁、置产、栽种、破土、安葬,作灶、出火、祭祀、嫁娶、入宅
2040-06-08,开,司命,是,祭祀、结网、馀事勿取,入宅、出行、掘井、安葬
2040-06-09,闭,勾陈,否,嫁娶、纳采、订盟、冠笄、造车器、祭祀、开光、祈福、求嗣、出行、解除、伐木、出火、入宅、拆卸、修造、动土、上梁、安床、栽种、破土,行丧、置产、安葬
2040-06-10,闭,勾陈,否,嫁娶、合帐、裁衣、冠笄、伐木、上梁、出火、拆卸、移徙、修造、动土、安门、纳财、筑堤、栽种、塞穴,安床、祈福、出行、安葬、行丧、开光
2040-06-11,建,青龙,否,出行、教牛马、割蜜、馀事勿取,斋醮、盖屋、动土、破土
2040-06-12,除,明堂,是,嫁娶、祭祀、祈福、求嗣、开光、出行、解除、出火、拆卸、修造、进人口、入宅、移徙、动土、安床、纳畜、栽种、纳财、交易、立券、挂匾、造畜稠,安葬、开生坟、行丧
2040-06-13,满,天刑,否,安机械、祭祀、祈福、求嗣、沐浴、解除、纳采、开市、修造、竖柱、上梁、开柱眼、安碓磑、归岫、补垣、塞穴、拆卸、放水、出火、扫舍、开生坟、合寿木、安葬、谢土、启钻、除服、成服,嫁娶、安床、作灶、动土、破土、造船
2040-06-14,平,朱雀,否,祭祀、沐浴、理发、整手足甲、修饰垣墙、平治道涂、馀事勿取,开市、入宅、出行、修造、词讼
2040-06-15,定,金匮,是,嫁娶、纳采、祭祀、祈福、出行、立券、移徙、入宅、动土、破土、安葬,开光、作灶、盖屋、架马、开仓
2040-06-16,执,天德,是,纳采、订盟、冠笄、祭祀、祈福、斋醮、出行、修造、动土、移徙、入宅、安香、出火、拆卸、盖屋、起基、竖柱、上梁、定磉、安门、开池,嫁娶、开市、合寿木、安葬
2040-06-17,破,白虎,否,祭祀、沐浴、破屋、坏垣、馀事勿取,入宅、嫁娶、移徙
2040-06-18,危,玉堂,是,嫁娶、安机械、交易、出行、祭祀、祈福、求嗣、斋醮、塑绘、开光、合帐、裁衣、放水、开池、掘井,作灶、理发、造桥、行丧、安葬
2040-06-19,成,天牢,是,纳采、冠笄、求医、治病、开市、立券、修造、动土、安机械、破土、安葬,斋醮、祭祀、移徙、入宅、上梁、嫁娶
2040-06-20,收,玄武,否,祭祀、作灶、馀事勿取,开市、安葬、破土、修坟、掘井
2040-06-21,开,司命,是,祭祀、祈福、求嗣、斋醮、安香、解除、移徙、入宅、会亲友、求医、治病、动土、破土、开生坟、合寿木,合帐、上梁、经络、安葬、入殓
2040-06-22,闭,勾陈,否,嫁娶、冠笄、修造、动土、作灶、移徙、入宅、补垣、塞穴、纳畜、牧养、架马、起基、定磉、开池、造船,祈福、开光、掘井、开市、安葬
2040-06-23,建,青龙,否,祭祀、交易、纳财,斋醮、开渠、上梁、动土、破土
2040-06-24,除,明堂,是,嫁娶、订盟、纳采、冠笄、会亲友、安机械、造车器、祭祀、出行、纳财、入宅、安香、出火、入学、塑绘、开光、拆卸、起基、修造、动土、牧养、栽种、安门、开厕,行丧、伐木、作梁、作灶
2040-06-25,满,天刑,否,开光、求嗣、出行、冠笄、嫁娶、伐木、架马、开柱眼、修造、移徙、入宅、开市、交易、立券、安香、出火、挂匾、起基、开生坟、合寿木、入殓、除服、成服、移柩、安葬,安床、出货财、作灶、动土、破土
2040-06-26,平,朱雀,否,祭祀、沐浴、理发、嫁娶、作灶、整手足甲、扫舍、修饰垣墙、平治道涂,斋醮、出行、治病、合寿木
2040-06-27,定,金匮,是,安机械、移徙、入宅、出行、祭祀、祈福、斋醮、纳采、订盟、安香、出火、解除、会亲友、修造、动土、拆卸、起基、定磉、盖屋、安床、破土、安葬、入殓、立碑,开市、伐木、作梁、作灶
2040-06-28,执,天德,是,祭祀、沐浴、捕捉、结网、畋猎、取渔、馀事勿取,开市、交易、嫁娶、安葬、行丧
2040-06-29,破,白虎,否,破屋、坏垣、求医、治病、畋猎、馀事勿取,嫁娶、入宅
2040-06-30,危,玉堂,是,嫁娶、出行、安机械、祭祀、塑绘、开光、治病、经络、安床、结网、塞穴、破土、入殓,开市、安门、掘井、作灶
2040-07-01,成,天牢,是,订盟、纳采、会亲友、进人口、雕刻、拆卸、修造、动土、起基、开市、栽种、纳畜、牧养、入殓、除服、成服、移柩、破土、安葬,无
2040-07-02,收,玄武,否,祭祀、捕捉、取渔、修饰垣墙、馀事勿取,诸事不宜
2040-07-03,开,司命,是,嫁娶、纳采、祭祀、祈福、求医、治病、出行、动土、移徙、入宅,开市、安门
2040-07-04,闭,勾陈,否,裁衣、作灶、移徙、入宅、纳畜,嫁娶、安葬
2040-07-05,建,青龙,否,祭祀、入殓、移柩、启钻、安葬,上梁、动土、破土
2040-07-06,除,明堂,是,嫁娶、祭祀、出行、裁衣、冠笄、交易、雕刻、纳财、造畜稠、造车器、教牛马,移徙、入宅、栽种、动土、破土、作灶、安葬、行丧、伐木、上梁
2040-07-07,满,天刑,否,修造、动土、安机械、祭祀、沐浴、解除、拆卸、治病、作灶、盖屋、起基、开池、扫舍、造畜稠、开生坟、合寿木、安葬、破土、启钻、移柩、入殓、立碑,开市、入宅、出行、安床
2040-07-08,平,朱雀,否,嫁娶、纳采、订盟、造车器、开光、出行、拆卸、起基、安床、除服、成服、开市、交易、立券、栽种、牧养、入殓、移柩、启钻,上梁、入宅、修造、动土、破土、祭祀、祈福、斋醮
2040-07-09,平,朱雀,否,祭祀、嫁娶、畋猎、结网,动土、破土、治病、开渠
2040-07-10,定,金匮,是,纳采、订盟、会亲友、入学、祭祀、祈福、求嗣、开光、出行、解除、理发、动土、起基、开市、交易、立券、纳财、造仓、栽种、纳畜、牧养,嫁娶、作灶、出火、置产、入宅、安葬
2040-07-11,执,天德,是,祭祀、祈福、解除、整手足甲、安床、沐浴、入殓、移柩、破土、启钻、安葬、谢土,嫁娶、斋醮、开市、出火、入宅、移徙、出行、作灶、安门、伐木
2040-07-12,破,白虎,否,破屋、坏垣、解除、馀事勿取,嫁娶、安葬
2040-07-13,危,玉堂,是,嫁娶、开市、立券、移徙、入宅、安机械、会亲友、经络、安门、安床、挂匾、拆卸、开仓、出货财、开池、栽种、纳畜、牧养、破土、安葬、启钻、移柩、入殓、立碑,祭祀、祈福、探病、谢土、造桥
2040-07-14,成,天牢,是,嫁娶、订盟、纳采、祭祀、祈福、斋醮、开光、会亲友、求医、治病、盖屋、起基、竖柱、上梁、安门、安碓磑、筑堤、开池、破土、安葬、除服、成服,入宅、开市、掘井、词讼、合寿木
2040-07-15,收,玄武,否,纳采、订盟、嫁娶、移徙、入宅、出行、祭祀、祈福、斋醮、塑绘、开光、安香、出火、会亲友、解除、入学、竖柱、上梁、拆卸、盖屋、起基、栽种、牧养、纳畜,安葬、破土、开市、开仓、出货财、启钻
2040-07-16,开,司命,是,纳采、订盟、嫁娶、祭祀、沐浴、塑绘、开光、出火、治病、习艺、伐木、盖屋、竖柱、上梁、安床、作灶、安碓磑、挂匾、掘井、纳畜,出行、安葬、造桥
2040-07-17,闭,勾陈,否,祭祀、入殓、除服、成服、移柩、破土、启钻、安葬、塞穴、断蚁、结网,开市、入宅、嫁娶、开光、盖屋
2040-07-18,建,青龙,否,祭祀、修造、出行、盖屋、竖柱、造车器、教牛马、造畜稠、割蜜,动土、破土、掘井、安葬
2040-07-19,除,明堂,是,祭祀、沐浴、塑绘、开光、入学、解除、扫舍、治病、开池、牧养,嫁娶、出行、纳采、入宅、作灶
2040-07-20,满,天刑,否,纳财、开市、交易、立券、出行、祭祀、祈福、求嗣、开光、解除、扫舍、起基、竖柱、安床、移徙、开仓、出货财、补垣、塞穴、栽种、纳畜、牧养,斋醮、入宅、安门、安葬、破土、行丧
2040-07-21,平,朱雀,否,祭祀、修饰垣墙、平治道涂,开市、动土、破土、嫁娶、修造、安葬
2040-07-22,定,金匮,是,订盟、纳采、祭祀、祈福、开光、安香、出火、立券、安机械、移徙、入宅、竖柱、上梁、会亲友、安床、拆卸、挂匾、牧养、教牛马,嫁娶、安葬、行丧、破土、修坟
2040-07-23,执,天德,是,沐浴、理发、捕捉、入殓、移柩、破土、启钻、安葬,出火、嫁娶、入宅、作灶、上梁、动土
2040-07-24,破,白虎,否,求医、治病、破屋、坏垣、馀事勿取,嫁娶、出行
2040-07-25,危,玉堂,是,纳采、订盟、嫁娶、移徙、入宅、出行、开市、交易、立券、纳财、会亲友、安香、出火、拆卸、盖屋、起基、安床、作灶、挂匾、安葬、破土、启钻、立碑、入殓、移柩,祈福、上梁、开仓、掘井、牧养
2040-07-26,成,天牢,是,祭祀、祈福、斋醮、出行、纳采、订盟、安机械、出火、拆卸、修造、动土、起基、移徙、入宅、造庙、入殓、除服、成服、移柩、破土、安葬、谢土,嫁娶、开市、栽种、合寿木
2040-07-27,收,玄武,否,祭祀、进人口、纳财、纳畜、牧养、捕捉、馀事勿取,开市、入宅、安床、动土、安葬
2040-07-28,开,司命,是,祭祀、塑绘、开光、求医、治病、嫁娶、会亲友、放水、掘井、牧养、纳畜、开渠、安碓磑,盖屋、入宅、作灶、入学、安葬、行丧
2040-07-29,闭,勾陈,否,祭祀、塞穴、结网、畋猎、馀事勿取,移徙、开市、入宅、嫁娶、开光、安门
2040-07-30,建,青龙,否,开市、纳财、祭祀、塑绘、安机械、冠笄、会亲友、裁衣、开仓、经络、纳畜、造畜稠、教牛马、牧养,动土、破土、安葬、治病
2040-07-31,除,明堂,是,移徙、入宅、治病、会亲友、祭祀、祈福、斋醮、安香、嫁娶、盖屋、起基,开市、安床、出行、经络
2040-08-01,满,天刑,否,塑绘、出行、冠笄、嫁娶、进人口、裁衣、纳婿、造畜稠、交易、立券、牧养、开生坟、入殓、除服、成服、移柩、安葬、启钻,无
2040-08-02,平,朱雀,否,祭祀、冠笄、嫁娶、捕捉、结网、畋猎、取渔、馀事勿取,无
2040-08-03,定,金匮,是,沐浴、扫舍、馀事勿取,诸事不宜
2040-08-04,执,天德,是,纳采、祭祀、祈福、解除、动土、破土、安葬,嫁娶、移徙、入宅
2040-08-05,破,白虎,否,祭祀、破屋、坏垣、馀事勿取,诸事不宜
2040-08-06,危,玉堂,是,嫁娶、纳采、开市、出行、动土、上梁、移徙、入宅、破土、安葬,祭祀、祈福
2040-08-07,成,天牢,是,嫁娶、开光、祭祀、祈福、求嗣、安香、出火、解除、伐木、入宅、移徙、安床、开市、交易、立券、栽种、出行、安葬,掘井、理发、作灶、动土、破土、开池
2040-08-08,成,天牢,是,安机械、纳采、订盟、祭祀、祈福、求嗣、开光、普渡、出行、出火、拆卸、修造、动土、进人口、开市、交易、立券、移徙、安床、栽种、上梁、纳畜、破土、移柩、安葬,入宅、嫁娶、掘井、牧养
2040-08-09,收,玄武,否,嫁娶、祭祀、祈福、求嗣、裁衣、冠笄、经络、修造、进人口、安床、动土、竖柱、上梁、移徙、交易、立券、栽种、会亲友,行丧、安葬、出行、作梁、纳畜、伐木、造桥
2040-08-10,开,司命,是,嫁娶、纳采、订盟、开光、祭祀、出行、理发、动土、安床、放水、开渠、栽种、进人口,入宅、上梁、入殓、盖屋、探病、作灶、安门、安葬、纳畜、伐木
2040-08-11,闭,勾陈,否,祭祀、出行、作梁、出火、拆卸、修造、动土、起基、安床、补垣、塞穴、入殓、破土、安葬、移柩、造畜稠,嫁娶、入宅、斋醮、开光、针灸、掘井
2040-08-12,建,青龙,否,嫁娶、纳采、订盟、祭祀、祈福、求嗣、出行、解除、竖柱、入宅、移徙、纳财、上梁、纳畜、入殓、安葬、启钻,栽种、掘井、动土、安床、破土、置产
2040-08-13,除,明堂,是,解除、祭祀、祈福、求嗣、修造、动土、竖柱、上梁、安床、纳畜、盖屋、合脊、起基、入殓、破土、安葬,出火、嫁娶、开光、进人口、出行、词讼、开市、入宅、移徙、赴任
2040-08-14,满,天刑,否,沐浴、理发、会亲友、塑绘、开光、栽种、牧养、嫁娶、经络、补垣、塞穴,开市、入宅、动土、破土、安葬、作灶、上梁、安床、开仓、祈福
2040-08-15,平,朱雀,否,祭祀、理发、作灶、沐浴、修饰垣墙、平治道涂,嫁娶、栽种、祈福、造桥、安葬、安门、伐木、作梁
2040-08-16,定,金匮,是,嫁娶、纳采、订盟、祭祀、祈福、斋醮、普渡、移徙、入宅、出行、安机械、开光、修造、动土、竖柱、上梁、盖屋、起基、定磉、安门、安葬、破土,开市、立券、置产、作灶、造桥
2040-08-17,执,天德,是,祭祀、普渡、捕捉、解除、结网、畋猎、入殓、破土、安葬,开市、交易、入宅、嫁娶
2040-08-18,破,白虎,否,沐浴、破屋、坏垣、馀事勿取,斋醮、开市
2040-08-19,危,玉堂,是,订盟、纳采、祭祀、祈福、安香、出火、开市、立券、入宅、挂匾、造桥、启钻、安葬,动土、破土、嫁娶、掘井、安床
2040-08-20,成,天牢,是,嫁娶、祭祀、祈福、斋醮、普渡、移徙、入宅、动土、治病、开市、交易、立券、开光、修造、造车器、安香、安床、捕捉、畋猎、结网,纳采、订盟、经络、行丧、安葬、探病
2040-08-21,收,玄武,否,嫁娶、订盟、纳采、作灶、冠笄、裁衣、会亲友、纳畜、牧养、安机械、开市、立券、纳财、安床,掘井、出行、破土、行丧、安葬
2040-08-22,开,司命,是,嫁娶、订盟、纳采、祭祀、斋醮、普渡、解除、出行、会亲友、开市、纳财、修造、动土、竖柱、上梁、开光、开仓、出货财、纳畜、牧养、开池、破土、启钻,出火、入宅、盖屋、安门、安葬
2040-08-23,闭,勾陈,否,嫁娶、普渡、祭祀、祈福、补垣、塞穴、断蚁、筑堤、入殓、除服、成服、安葬,动土、破土、掘井、开光、上梁、词讼
2040-08-24,建,青龙,否,嫁娶、冠笄、祭祀、沐浴、普渡、出行、纳财、扫舍、纳畜、赴任,开市、动土、破土、安床、开仓、上梁
2040-08-25,除,明堂,是,祭祀、沐浴、理发、整手足甲、冠笄、解除、入殓、移柩、破土、启钻、安葬,嫁娶、出行、入宅、开市、安门
2040-08-26,满,天刑,否,塑绘、冠笄、嫁娶、会亲友、进人口、经络、裁衣、栽种、纳畜、牧养、补垣、塞穴、捕捉,祈福、开市、动土、行丧、安葬
2040-08-27,平,朱雀,否,出行、沐浴、订盟、纳采、裁衣、竖柱、上梁、移徙、纳畜、牧养,嫁娶、安门、动土、安葬
2040-08-28,定,金匮,是,纳采、订盟、嫁娶、祭祀、祈福、普渡、开光、安香、出火、移徙、入宅、竖柱、修造、动土、上梁、起基、盖屋、安门、造庙、造桥、破土、启钻、安葬,开市、立券、纳财、作灶
2040-08-29,执,天德,是,祭祀、捕捉、畋猎、纳畜、牧养、入殓、除服、成服、移柩、破土、安葬、启钻,嫁娶、纳采、订盟、开市、入宅
2040-08-30,破,白虎,否,破屋、坏垣、治病、馀事勿取,行丧、安葬
2040-08-31,危,玉堂,是,祈福、斋醮、出行、冠笄、嫁娶、雕刻、开柱眼、入宅、造桥、开市、交易、立券、纳财、入殓、除服、成服、移柩、破土、安葬、启钻,动土、订盟、安床、开池
2040-09-01,成,天牢,是,祈福、求嗣、解除、订盟、纳采、动土、起基、放水、造仓、开市、纳畜、牧养、开生坟、入殓、除服、成服、移柩、破土、安葬,无
2040-09-02,收,玄武,否,塑绘、开光、解除、订盟、纳采、嫁娶、出火、修造、动土、移徙、入宅、拆卸、起基、安门、分居、开市、交易、立券、纳财、纳畜、牧养,无
2040-09-03,开,司命,是,祈福、出行、订盟、纳采、嫁娶、裁衣、动土、安床、放水、开市、掘井、交易、立券、栽种、开渠、除服、成服、移柩、破土,无
2040-09-04,闭,勾陈,否,嫁娶、祭祀、祈福、斋醮、作灶、移徙、入宅,动土、破土
2040-09-05,建,青龙,否,嫁娶、出行、纳畜、祭祀、入殓、启钻、安葬,作灶、动土、破土
2040-09-06,建,青龙,否,订盟、纳采、祭祀、祈福、修造、动土、上梁、破土、安葬,嫁娶、开市
2040-09-07,除,明堂,是,嫁娶、纳采、祭祀、解除、出行、修造、动土、开市、上梁、安床、整手足甲、扫舍、求医、治病、起基、定磉、盖屋、合脊,造庙、行丧、安葬、伐木、作灶、造船
2040-09-08,满,天刑,否,纳采、订盟、开市、交易、立券、挂匾、纳财、栽种、进人口、入宅、移徙、安床、开光、出火、拆卸、安门、修造,斋醮、嫁娶、行丧、动土、作灶、安葬、破土
2040-09-09,平,朱雀,否,祭祀、沐浴、修饰垣墙、平治道涂、馀事勿取,嫁娶、入宅、安床、出行
2040-09-10,定,金匮,是,开光、祈福、求嗣、斋醮、修造、动土、纳财、造仓、开厕、栽种、牧养、会亲友,作灶、出火、进人口、开渠、入宅、移徙、祭祀
2040-09-11,执,天德,是,开光、解除、拆卸、修造、动土、竖柱、安门、牧养、安葬、修坟、破土、移柩,出火、入宅、移徙、祈福、祭祀、安床、开市、嫁娶、探病
2040-09-12,破,白虎,否,破屋、坏垣、求医、治病、馀事勿取,移徙、入宅
2040-09-13,危,玉堂,是,嫁娶、纳采、订盟、祭祀、祈福、求嗣、开光、出行、出火、拆卸、修造、动土、进人口、入宅、移徙、安床、上梁、合脊、放水、掘井、破土、移柩、谢土、除服、成服,开市、开仓、安门、安葬
2040-09-14,成,天牢,是,嫁娶、纳采、订盟、祭祀、祈福、求嗣、开光、解除、进人口、入宅、移徙、出火、安床、开市、交易、立券、挂匾,安葬、纳畜、出行、行丧、伐木、栽种、造庙、造桥
2040-09-15,收,玄武,否,祭祀、冠笄、捕捉、馀事勿取,嫁娶、开市、盖屋、作梁、合寿木
2040-09-16,开,司命,是,祭祀、解除、结网、畋猎、取渔、会亲友、入学、移柩、启钻、除服、成服,开市、祈福、动土、破土、入殓、安葬、造船
2040-09-17,闭,勾陈,否,冠笄、沐浴、出行、修造、动土、移徙、入宅、破土、安葬,嫁娶、开市、祭祀、祈福、斋醮、纳采、修坟
2040-09-18,建,青龙,否,祭祀、出行,嫁娶、入宅、修造、动土、会亲友、破土
2040-09-19,除,明堂,是,嫁娶、订盟、纳采、祭祀、祈福、出行、修造、动土、移徙、入宅,针灸、伐木、作梁、造庙、行丧、安葬
2040-09-20,满,天刑,否,出行、开市、交易、立券、安机械、出火、上梁、移徙,嫁娶、安葬、动土、造桥
2040-09-21,平,朱雀,否,祭祀、沐浴、修饰垣墙、平治道涂、馀事勿取,斋醮、嫁娶、移徙、出行、上梁、入宅
2040-09-22,定,金匮,是,嫁娶、造车器、安机械、祭祀、祈福、开光、安香、出火、出行、开市、立券、修造、动土、移徙、入宅、破土、安葬,纳采、订盟、架马、词讼、开渠
2040-09-23,执,天德,是,沐浴、捕捉、入殓、除服、成服、破土、启钻、安葬,祭祀、嫁娶、安床、开市、入宅、探病、上梁
2040-09-24,破,白虎,否,馀事勿取,探病
2040-09-25,危,玉堂,是,订盟、纳采、祭祀、祈福、安香、出火、修造、动土、上梁、安门、起基、竖柱、定磉、开池、移徙、入宅、立券、破土,嫁娶、造庙、造桥、造船、作灶、安葬
2040-09-26,成,天牢,是,开光、求嗣、雕刻、嫁娶、订盟、纳采、出火、拆卸、修造、动土、起基、上梁、放水、移徙、入宅、造仓、造船、开市、开池、纳畜、牧养、挂匾,行丧、安葬、合寿木
2040-09-27,收,玄武,否,祭祀、嫁娶、捕捉,开光、动土、破土、开市、修造、入宅、安门
2040-09-28,开,司命,是,祭祀、普渡、解除、会亲友、捕捉、畋猎、启钻、除服、成服、移柩,嫁娶、开市、动土、掘井、开池、安葬
2040-09-29,闭,勾陈,否,出行、解除、冠笄、嫁娶、伐木、架马、开柱眼、修造、动土、移徙、入宅、开生坟、合寿木、入殓、移柩、破土、安葬、修坟,祭祀、祈福、开光、开市、安床
2040-09-30,建,青龙,否,祭祀、祈福、求嗣、出行、沐浴、交易、扫舍、教牛马,动土、作灶、行丧、安葬、修坟
2040-10-01,除,明堂,是,出行、解除、纳采、冠笄、雕刻、修造、动土、起基、上梁、合脊、安床、移徙、入宅、开市、栽种、开厕,造庙、安门、行丧、安葬
2040-10-02,满,天刑,否,开光、塑绘、出行、解除、冠笄、裁衣、挂匾、作灶、开市、开池、开厕、补垣、塞穴,无
2040-10-03,平,朱雀,否,祭祀、祈福、修饰垣墙、平治道涂、入殓、移柩,嫁娶、入宅、上梁、安门
2040-10-04,定,金匮,是,祭祀、会亲友、纳采、嫁娶、开光、塑绘、斋醮、安香、开市、立券、除服、成服、入殓、移柩、安葬、赴任、进人口、出行、裁衣、修造、动土、上梁、经络、交易,入宅、伐木
2040-10-05,执,天德,是,祭祀、冠笄、会亲友、拆卸、起基、除服、成服、移柩、启钻、安葬、沐浴、捕捉、开光、塑绘,作灶、入宅、嫁娶
2040-10-06,执,天德,是,祭祀、沐浴、破屋、坏垣、馀事勿取,移徙、入宅、出行、栽种
2040-10-07,破,白虎,否,祭祀、塑绘、开光、出行、解除、订盟、嫁娶、拆卸、起基、安床、入宅、开市、入殓、除服、成服、移柩、破土、谢土、挂匾、开柱眼、交易,造桥、冠笄、盖屋、掘井
2040-10-08,危,玉堂,是,祭祀、求嗣、冠笄、进人口、会亲友、安门、安床、经络、纳财、牧养、畋猎、放水、割蜜,祈福、斋醮、纳采、订盟、嫁娶、入宅、安葬
2040-10-09,成,天牢,是,嫁娶、纳采、订盟、开市、交易、立券、挂匾、祭祀、祈福、开光、造车器、出行、入宅、移徙、安床、安门、拆卸、修造、动土、栽种、安葬、破土、启钻、除服、成服、入殓、立碑,探病、纳畜、伐木、起基、作梁、盖屋
2040-10-10,收,玄武,否,祭祀、冠笄、移徙、会亲友、纳财、理发、捕捉,嫁娶、开市、开池、开厕、破土
2040-10-11,开,司命,是,祭祀、祈福、求嗣、斋醮、开光、出行、嫁娶、求医、治病、动土、破土、入学、起基、扫舍、竖柱、上梁、开仓、出货财、置产、栽种、牧养、开生坟、谢土、立碑,安门、安床、裁衣、入宅、安葬
2040-10-12,闭,勾陈,否,嫁娶、裁衣、冠笄、合帐、祭祀、出行、安床、移徙、塞穴、入殓、破土、移柩、安葬,开市、栽种、置产、词讼、安门、掘井、开光
2040-10-13,建,青龙,否,祭祀、造车器、出行、修造、上梁、盖屋、安门、安床、造畜稠、教牛马,出货财、开仓、动土、破土、安葬、行丧、伐木、开渠、栽种
2040-10-14,除,明堂,是,祭祀、开光、出行、解除、伐木、作梁、出火、拆卸、入宅、移徙、安床、修造、造畜稠、扫舍,造庙、嫁娶、掘井、栽种、造桥、作灶、动土
2040-10-15,满,天刑,否,纳采、订盟、开市、交易、立券、会亲友、纳畜、牧养、问名、移徙、解除、开厕、入学、起基、安床、开仓、出货财、安葬、启钻、入殓、除服、成服,入宅、上梁、斋醮、出火、谢土
2040-10-16,平,朱雀,否,祭祀、平治道涂、馀事勿取,嫁娶、开市
2040-10-17,定,金匮,是,捕捉、畋猎、馀事勿取,开市、交易、祭祀、入宅、安葬
2040-10-18,执,天德,是,嫁娶、纳采、订盟、祭祀、祈福、求嗣、斋醮、开光、安香、出火、造庙、移徙、出行、入宅、起基、竖柱、上梁、安床、纳畜、捕捉、纳婿、安葬,开市、破土、掘井、合寿木
2040-10-19,破,白虎,否,祭祀、沐浴、解除、破屋、坏垣、馀事勿取,开市、嫁娶
2040-10-20,危,玉堂,是,订盟、纳采、会亲友、交易、立券、纳财、栽种、纳畜、牧养,嫁娶、开市、入宅、祈福、安葬
2040-10-21,成,天牢,是,造车器、嫁娶、订盟、纳采、会亲友、祭祀、出行、开市、立券、移徙、入宅、破土、安葬,上梁、开光、盖屋、架马、合寿木
2040-10-22,收,玄武,否,祭祀、作灶、纳财、捕捉、畋猎、馀事勿取,动土、破土、开市、安葬
2040-10-23,开,司命,是,嫁娶、订盟、纳采、祭祀、祈福、出行、求医、治病、出火、移徙、入宅,开市、开仓、出货财、安床、安门、安葬
2040-10-24,闭,勾陈,否,冠笄、祭祀、沐浴、作灶、理发、整手足甲、扫舍、补垣、塞穴、入殓、破土、启钻,开光、嫁娶、会亲友、栽种、针灸、安葬
2040-10-25,建,青龙,否,纳采、订盟、嫁娶、祭祀、祈福、求嗣、置产、求医、治病、开市、交易、立券、会亲友、移徙、竖柱、上梁、盖屋、合脊、安门、放水、捕捉、纳畜,造庙、造船、动土、破土、安葬
2040-10-26,除,明堂,是,出行、造车器、造畜稠、解除、冠笄、裁衣、作梁、雕刻、会亲友、移徙、入宅、安机械、开市、扫舍,嫁娶、动土、破土、修坟
2040-10-27,满,天刑,否,沐浴、理发、冠笄、安床、开市、立券、会亲友、交易、纳财、结网、教牛马,移徙、入宅、出行、祈福、嫁娶
2040-10-28,平,朱雀,否,祭祀、造畜稠、修饰垣墙、平治道涂、馀事勿取,嫁娶、开市、安床、掘井
2040-10-29,定,金匮,是,捕捉、结网、入殓、除服、成服、移柩、破土、安葬、启钻、立碑,嫁娶、祭祀、入宅、盖屋、移徙
2040-10-30,执,天德,是,祭祀、祈福、求嗣、斋醮、造庙、出火、安机械、会亲友、开市、交易、立券、纳财、习艺、经络、求医、治病、开池、开厕、畋猎、结网、栽种、牧养、安葬、破土、启钻,开光、嫁娶、掘井、伐木、作梁
2040-10-31,破,白虎,否,破屋、坏垣、馀事勿取,诸事不宜
2040-11-01,危,玉堂,是,会亲友、嫁娶、订盟、纳采、纳婿、拆卸、修造、动土、起基、竖柱、上梁、安床、纳财,出行、祈福、安葬、作灶
2040-11-02,成,天牢,是,祭祀、塑绘、开光、祈福、斋醮、出行、订盟、纳采、裁衣、嫁娶、拆卸、修造、安床、入宅、安香、入殓、启钻、安葬、谢土、赴任、会亲友、进人口、移徙、上梁、经络、开市、交易、立券、纳财,开仓、冠笄、伐木、作梁
2040-11-03,收,玄武,否,祭祀、作灶、入殓、除服、成服、畋猎,栽种、动土、安葬、开市
2040-11-04,开,司命,是,祭祀、祈福、斋醮、沐浴、竖柱、订盟、纳采、嫁娶、拆卸、入宅、移柩、启钻、谢土、赴任、出火、纳畜,作灶、入殓、安葬、安床
2040-11-05,开,司命,是,嫁娶、祭祀、安机械、入殓、破土、安葬,动土、上梁
2040-11-06,闭,勾陈,否,作灶、造畜稠,行丧、安葬
2040-11-07,建,青龙,否,解除、修饰垣墙、冠笄、出行、馀事勿取,开市、动土、破土、嫁娶、安葬
2040-11-08,除,明堂,是,纳采、订盟、嫁娶、祭祀、祈福、求嗣、开光、出行、解除、进人口、开市、立券、挂匾、入宅、移徙、安门、栽种、动土、求医、治病、会亲友、起基、修造、盖屋、安葬,作灶、经络、安床
2040-11-09,满,天刑,否,祭祀、塑绘、理发、会亲友、牧养、开池、造畜稠、畋猎、结网,祈福、谢土、安葬、上梁、作灶、开市、嫁娶、出行、入宅、动土
2040-11-10,平,朱雀,否,出行、纳财、开市、交易、立券、动土、移徙、入宅、裁衣、会亲友、拆卸、进人口、安香、经络、出货财、修饰垣墙、平治道涂,造庙、谢土、作灶、作梁、伐木、安葬、行丧、修坟、探病
2040-11-11,定,金匮,是,嫁娶、纳采、订盟、祭祀、斋醮、开光、安香、出火、出行、拆卸、动土、祈福、进人口、纳财、交易、立券、移徙、安床、修造、安葬、除服、成服,置产、掘井、词讼、栽种
2040-11-12,执,天德,是,嫁娶、纳采、订盟、祭祀、开光、出行、解除、伐木、出火、入宅、移徙、拆卸、修造、栽种、安葬、入殓,破土、动土、安门、作灶、开市、交易
2040-11-13,破,白虎,否,祭祀、解除、破屋、坏垣、求医、治病、馀事勿取,嫁娶、安葬
2040-11-14,危,玉堂,是,祭祀、扫舍、破土、安葬、除服、成服、启钻、移柩、入殓、立碑、馀事勿取,嫁娶、入宅、修造、动土
2040-11-15,成,天牢,是,订盟、纳采、会亲友、祭祀、祈福、修造、动土、安机械、破土、安葬,嫁娶、移徙、出火、开市、入宅
2040-11-16,收,玄武,否,祭祀、沐浴、捕捉、畋猎、结网、扫舍,嫁娶、纳采、订盟、安床、动土、破土、安葬
2040-11-17,开,司命,是,开市、纳财、出行、祭祀、祈福、求嗣、斋醮、问名、入学、起基、定磉、置产、开渠、掘井、拆卸、栽种、纳畜、牧养、动土、破土、启钻,移徙、入宅、出火、入殓、安葬
2040-11-18,闭,勾陈,否,祭祀、理发、置产、塞穴、除服、成服、移柩、入殓、破土、安葬,嫁娶、入宅、安床、掘井、开光
2040-11-19,建,青龙,否,祭祀、沐浴、出行、馀事勿取,开市、动土、破土、行丧、安葬
2040-11-20,除,明堂,是,嫁娶、造车器、出行、会亲友、移徙、入宅、修造、动土、雕刻、开光、安香、出火、理发、盖屋、合脊、起基、归岫、安门、拆卸、扫舍、栽种、造畜稠,开市、纳采、造庙、安床、开渠、安葬
2040-11-21,满,天刑,否,塑绘、会亲友、安机械、塞穴、结网、裁衣、经络,嫁娶、开市、祈福、斋醮、安葬
2040-11-22,平,朱雀,否,纳采、移徙、纳财、开市、交易、立券、入宅、修造、动土、竖柱、起基、定磉、造庙、安香、出火、修饰垣墙、平治道涂、会亲友、出行、开池、开厕,开仓、盖屋、造桥、祭祀
2040-11-23,定,金匮,是,订盟、纳采、纳财、开市、立券、祭祀、祈福、移徙、入宅、出行、盖屋、起基、修造、动土、竖柱、上梁、安门、安香、出火、教牛马、会亲友、破土,嫁娶、安葬、掘井、置产、造船
2040-11-24,执,天德,是,嫁娶、订盟、纳采、祭祀、祈福、塑绘、开光、移徙、安床、伐木、作梁、捕捉、畋猎、结网、求医、治病、解除、安葬、除服、成服、移柩、入殓、立碑、谢土,开市、造庙、动土、破土
2040-11-25,破,白虎,否,破屋、坏垣、祭祀、馀事勿取,嫁娶、安葬
2040-11-26,危,玉堂,是,嫁娶、纳采、订盟、祭祀、冠笄、裁衣、伐木、作梁、架马、定磉、开柱眼、作灶、移徙、安床、畋猎、结网、开池、开厕、除服、成服、启钻、入殓、移柩、安葬,盖屋、造船、动土、破土
2040-11-27,成,天牢,是,纳采、订盟、祭祀、祈福、求嗣、斋醮、开光、会亲友、解除、入学、纳财、交易、立券、经络、起基、动土、定磉、开池、栽种、纳畜、牧养、破土、入殓、立碑、安葬,嫁娶、开市、入宅、出火、移徙
2040-11-28,收,玄武,否,捕捉、畋猎、会亲友、解除、入殓、除服、成服、移柩、馀事勿取,安床、安门、破土、修坟、安葬
2040-11-29,开,司命,是,祭祀、祈福、求嗣、斋醮、沐浴、冠笄、出行、理发、拆卸、解除、起基、动土、定磉、安碓磑、开池、掘井、扫舍、除服、成服、移柩、启钻、立碑、谢土,移徙、入宅、安门、作梁、安葬
2040-11-30,闭,勾陈,否,嫁娶、冠笄、安床、纳采、会亲友、塞穴、捕捉、置产、造畜稠,开光、掘井、安葬、谢土、修坟
2040-12-01,建,青龙,否,祭祀、沐浴、馀事勿取,诸事不宜
2040-12-02,除,明堂,是,祭祀、会亲友、嫁娶、沐浴、修造、动土、祈福、开光、塑绘、出行、订盟、纳采、裁衣、入殓、除服、成服、移柩、启钻、赴任、竖柱、上梁、纳财、扫舍、栽种、纳畜、伐木,入宅、作灶、安床、开仓
2040-12-03,满,天刑,否,理发、会亲友、补垣、塞穴、结网,嫁娶、入宅、安门、移徙
2040-12-04,满,天刑,否,祭祀、祈福、订盟、纳采、裁衣、拆卸、修造、动土、起基、安床、移徙、入宅、安香、除服、成服、入殓、移柩、安葬、谢土、赴任、会亲友、进人口、出行、竖柱、上梁、经络、开市、交易、立券、纳财、开仓,作灶、治病、伐木、作梁
2040-12-05,平,朱雀,否,祭祀、祈福、订盟、纳采、裁衣、拆卸、修造、动土、起基、安床、移徙、入宅、安香、入殓、移柩、安葬、谢土、赴任、进人口、会亲友,作灶、治病
2040-12-06,定,金匮,是,纳采、订盟、祭祀、祈福、开光、安香、出火、出行、会亲友、安机械、修造、动土、竖柱、上梁、盖屋、起基、定磉、安床、安门、拆卸、移徙、造桥、造船、安葬、破土、入殓,开市、造庙、置产、掘井
2040-12-07,执,天德,是,嫁娶、冠笄、祭祀、祈福、求嗣、斋醮、进人口、会亲友、伐木、作梁、开柱眼、安床、掘井、捕捉、畋猎,开生坟、破土、行丧、安葬
2040-12-08,破,白虎,否,破屋、坏垣、治病、馀事勿取,移徙、入宅
2040-12-09,危,玉堂,是,安床、架马、祭祀、塑绘、开光、出行、理发、伐木、作梁、开柱眼、开厕、畋猎、破土、入殓、除服、成服、移柩、启钻、修坟、立碑,作灶、安门、造桥、开市、安葬
2040-12-10,成,天牢,是,嫁娶、祭祀、祈福、求嗣、开光、出行、解除、入宅、移徙、纳畜、入殓、破土、修坟、立碑,伐木、作梁、动土、安床、栽种、造桥
2040-12-11,收,玄武,否,祭祀、沐浴、理发、纳财、进人口、栽种、扫舍、捕捉、畋猎、结网,会亲友、安葬、入宅、移徙、安床、开市、行丧、出火、作灶、安门
2040-12-12,开,司命,是,纳采、订盟、祭祀、祈福、求嗣、塑绘、解除、拆卸、修造、动土、竖柱、上梁、安门、置产、开池、掘井、纳畜、安床、栽种、造畜稠、破土、移柩、立碑,嫁娶、开市、出火、进人口、入殓、赴任、入宅、移徙、出行、安葬
2040-12-13,闭,勾陈,否,入宅、移徙、出行、进人口、修造、动土、起基、上梁、安门、造仓、补垣、塞穴、造畜稠,嫁娶、开市、安床、栽种、安葬、祈福、开光、掘井
2040-12-14,建,青龙,否,造畜稠、教牛马,入宅、移徙、分居、作灶、出火、安香、动土、嫁娶、掘井、扫舍、造桥
2040-12-15,除,明堂,是,订盟、纳采、造车器、祭祀、祈福、出行、安香、修造、动土、上梁、开市、交易、立券、移徙、入宅、会亲友、安机械、栽种、纳畜、盖屋、起基、安床、造畜稠,破土、安葬、行丧、开生坟
2040-12-16,满,天刑,否,订盟、纳采、会亲友、安机械、开光、修造、动土、竖柱、上梁、盖屋、起基、造桥、栽种、纳畜、造畜稠、移柩、入殓、启钻、修坟、立碑、安葬,祈福、出火、嫁娶、入宅、开市、破土
2040-12-17,平,朱雀,否,祭祀、平治道涂、修坟、除服、成服、馀事勿取,移徙、入宅、嫁娶、掘井、安葬
2040-12-18,定,金匮,是,嫁娶、冠笄、祭祀、祈福、求嗣、雕刻、开光、安香、出行、入学、修造、动土、竖柱、上梁、盖屋、起基、安门、出火、移徙、入宅、掘井、造畜稠、安葬、破土、除服、成服,开市、纳采、订盟、作灶、造庙、造船、经络
2040-12-19,执,天德,是,嫁娶、订盟、纳采、祭祀、祈福、求嗣、斋醮、安香、出火、修造、起基、盖屋、合脊、安门、安碓磑、动土、上梁、移徙、入宅,出行、掘井、破土、行丧、安葬
2040-12-20,破,白虎,否,祭祀、沐浴、破屋、坏垣、馀事勿取,嫁娶、移徙、入宅、探病、出行、盖屋
2040-12-21,危,玉堂,是,冠笄、纳财、掘井、开池、出火、安床、交易、立券、畋猎、结网、理发、放水,安门、动土、破土、行丧、安葬、成服
2040-12-22,成,天牢,是,纳采、订盟、移徙、入宅、出行、安机械、会亲友、祭祀、祈福、斋醮、开光、安香、出火、解除、求医、针灸、治病、盖屋、起基、修造、安门、造船、纳畜、牧养、移柩、入殓、启钻、谢土、修坟、立碑,嫁娶、动土、安床、造桥、掘井
2040-12-23,收,玄武,否,祭祀、沐浴、作灶、纳财、捕捉、畋猎、安床、扫舍,开市、斋醮、破土、安葬
2040-12-24,开,司命,是,祈福、斋醮、纳采、订盟、解除、架马、开柱眼、修造、动土、起基、上梁、归岫、盖屋、合脊、掘井、除服、成服、破土、栽种,移徙、开市、入宅、安葬
2040-12-25,闭,勾陈,否,纳采、订盟、祭祀、沐浴、冠笄、合帐、裁衣、修造、动土、拆卸、移徙、入宅、安门、开仓、筑堤、开厕、栽种、纳畜、补垣、塞穴,嫁娶、祈福、开光、掘井、安葬、行丧
2040-12-26,建,青龙,否,合帐、裁衣、教牛马、馀事勿取,入宅、动土、破土、嫁娶、作灶、造船
2040-12-27,除,明堂,是,纳采、订盟、嫁娶、祭祀、祈福、安香、出火、出行、会亲友、经络、求医、治病、解除、拆卸、起基、修造、动土、定磉、扫舍、栽种、牧养、造畜稠,斋醮、作梁、掘井、行丧、安葬
2040-12-28,满,天刑,否,纳财、开市、交易、立券、会亲友、进人口、经络、祭祀、祈福、安香、出火、求医、治病、修造、动土、拆卸、扫舍、安床、栽种、牧养、开生坟、合寿木、入殓、安葬、启钻,嫁娶、移徙、入宅
2040-12-29,平,朱雀,否,祭祀、入殓、移柩、馀事勿取,入宅、修造、动土、破土、安门、上梁
2040-12-30,定,金匮,是,塑绘、开光、订盟、纳采、裁衣、冠笄、拆卸、修造、安床、入宅、出火、安葬、谢土、赴任,掘井、伐木、斋醮、作灶
2040-12-31,执,天德,是,祭祀、塑绘、开光、裁衣、冠笄、嫁娶、纳采、拆卸、修造、动土、竖柱、上梁、安床、移徙、入宅、安香、结网、捕捉、畋猎、伐木、进人口、放水,出行、安葬、修坟、开市
2041-01-01,破,白虎,否,祭祀、求医、破屋、坏垣、馀事勿取,诸事不宜
2041-01-02,危,玉堂,是,祭祀、祈福、斋醮、出行、冠笄、安机械、移徙、入宅、安香、安床、除服、成服、移柩、启钻,开光、栽种、治病、安门、作灶
2041-01-03,危,玉堂,是,塑绘、斋醮、出行、拆卸、解除、修造、移徙、造船、入殓、除服、成服、移柩、启钻、修坟、立碑、谢土,无
2041-01-04,成,天牢,是,祭祀、沐浴、安床、纳财、畋猎、捕捉,开市、破土
2041-01-05,收,玄武,否,祭祀、斋醮、纳财、捕捉、畋猎,嫁娶、开市、入宅、安床、破土、安葬
2041-01-06,开,司命,是,纳采、订盟、祭祀、祈福、求嗣、斋醮、沐浴、进人口、会亲友、入学、治病、安碓磑、掘井、开池、纳畜、牧养、造畜稠,嫁娶、合帐、入宅、行丧、安葬
2041-01-07,闭,勾陈,否,祭祀、祈福、求嗣、沐浴、问名、交易、纳财、入殓、移柩、安葬、修坟、立碑、谢土、造畜稠、教牛马,入宅、置产、嫁娶、动土、栽种、开市、开光、破土
2041-01-08,建,青龙,否,祭祀、教牛马、造畜稠、会亲友、解除、馀事勿取,嫁娶、入宅、出行、动土、破土、安葬、行丧
2041-01-09,除,明堂,是,嫁娶、开光、解除、出火、拆卸、修造、进人口、入宅、移徙、安床、栽种、入殓、修坟、动土、除服、成服,作灶、安葬、祭祀、开市、纳采、订盟、纳畜、谢土、出行、探病
2041-01-10,满,天刑,否,出行、起基、安床、纳财、交易、立券、嫁娶、栽种、入殓、移柩、安葬,挂匾、入宅、上梁、祈福、词讼、作梁、作灶、开池、安门、动土、破土、掘井
2041-01-11,平,朱雀,否,平治道涂、馀事勿取,开光、嫁娶、开仓、出货财、造船、安葬、探病
2041-01-12,定,金匮,是,嫁娶、订盟、纳采、会亲友、祭祀、安机械、移徙、入宅、盖屋、安床、起基、定磉、安香、出火、挂匾、拆卸、置产,开市、出行、安葬、行丧
2041-01-13,执,天德,是,沐浴、捕捉、畋猎、理发、整手足甲、入殓、除服、成服、破土、安葬、谢土、立碑、修坟、启钻,纳采、订盟、嫁娶、上梁、开市、斋醮、盖屋、安门
2041-01-14,破,白虎,否,祭祀、破屋、坏垣、馀事勿取,斋醮、嫁娶、开市
2041-01-15,危,玉堂,是,沐浴、开仓、出货财、开市、交易、立券、纳财、栽种、纳畜、牧养、畋猎、入殓、破土、安葬,祈福、嫁娶、安床、入宅、造船
2041-01-16,成,天牢,是,祭祀、沐浴、补垣、塞穴、断蚁、解除、馀事勿取,造庙、入宅、修造、安葬、行丧、嫁娶
2041-01-17,收,玄武,否,嫁娶、纳采、订盟、问名、祭祀、冠笄、裁衣、会亲友、进人口、纳财、捕捉、作灶,开市、安床、安葬、修坟
2041-01-18,开,司命,是,订盟、纳采、会亲友、祭祀、斋醮、沐浴、塑绘、出火、开光、竖柱、上梁、开市、交易、立券、作梁、开柱眼、伐木、架马、安门、安床、拆卸、牧养、造畜稠、掘井,造庙、嫁娶、出行、动土、安葬、行丧
2041-01-19,闭,勾陈,否,交易、立券、纳财、安床、裁衣、造畜稠、安葬、谢土、启钻、除服、成服、修坟、立碑、移柩、入殓,开光、嫁娶、开市、动土、破土
2041-01-20,建,青龙,否,祭祀、解除、教牛马、会亲友、馀事勿取,破土、动土、安葬
2041-01-21,除,明堂,是,纳采、订盟、移徙、纳财、开市、交易、立券、入宅、会亲友、解除、求医、治病、入学、安床、安门、安香、出火、拆卸、扫舍、挂匾、开生坟、合寿木、破土、修坟、启钻、入殓,探病、祭祀、出行、上梁、盖屋、谢土、安葬
2041-01-22,满,天刑,否,嫁娶、订盟、纳采、祭祀、祈福、求嗣、会亲友、解除、出行、入学、纳财、开市、交易、立券、习艺、经络、安床、开仓、出货财、纳畜、安葬、启钻、修坟、入殓,入宅、开光、动土
2041-01-23,平,朱雀,否,祭祀、冠笄、嫁娶、会亲友、进人口、裁衣、结网、平治道涂,移徙、入宅、造庙、作灶、治病、安葬
2041-01-24,定,金匮,是,祭祀、安碓磑、结网、馀事勿取,嫁娶、安葬
2041-01-25,执,天德,是,嫁娶、祭祀、沐浴、裁衣、出行、理发、移徙、捕捉、畋猎、放水、入宅、除服、成服、启钻、安葬、移柩、入殓,盖屋、开市、动土、破土
2041-01-26,破,白虎,否,破屋、坏垣、馀事勿取,嫁娶、开市、安葬
2041-01-27,危,玉堂,是,纳采、订盟、祭祀、求嗣、出火、塑绘、裁衣、会亲友、入学、拆卸、扫舍、造仓、挂匾、掘井、开池、结网、栽种、纳畜、破土、修坟、立碑、安葬、入殓,祈福、嫁娶、造庙、安床、谢土
2041-01-28,成,天牢,是,入殓、除服、成服、移柩、启钻、安葬、修坟、立碑,开市、伐木、嫁娶、作梁
2041-01-29,收,玄武,否,祭祀、作灶、入殓、除服、馀事勿取,开市、安床
2041-01-30,开,司命,是,塑绘、开光、沐浴、冠笄、会亲友、作灶、放水、造畜稠,嫁娶、入殓、安葬、出行
2041-01-31,闭,勾陈,否,祭祀、沐浴、祈福、斋醮、订盟、纳采、裁衣、拆卸、起基、竖柱、上梁、安床、入殓、除服、成服、移柩、启钻、挂匾、求嗣、出行、合帐、造畜稠,开仓、嫁娶、移徙、入宅
2041-02-01,闭,勾陈,否,祭祀、解除、馀事勿取,诸事不宜
2041-02-02,建,青龙,否,沐浴、解除、订盟、纳采、裁衣、冠笄、拆卸、修造、动土、移徙、入宅、除服、成服、移柩、破土、启钻、安葬、扫舍、修坟、伐木、纳财、交易、立券,作灶、祭祀、上梁、出行
2041-02-03,除,明堂,是,祭祀、祈福、求嗣、开光、嫁娶、出行、解除、伐木、拆卸、进人口、安床、动土、起基、上梁、栽种、纳畜、破土、谢土、启钻、安葬,移徙、入宅、出火、作灶、掘井
2041-02-04,满,天刑,否,会亲友、冠笄、安床、安机械、祭祀、祈福、求嗣、经络,嫁娶、开市、动土、作灶、安葬
2041-02-05,平,朱雀,否,作灶、解除、平治道涂、馀事勿取,祭祀、祈福、安葬、安门
2041-02-06,定,金匮,是,嫁娶、祭祀、冠笄、修饰垣墙、置产,经络、探病、盖屋、作灶、动土
2041-02-07,执,天德,是,纳采、嫁娶、祭祀、祈福、出行、修造、动土、移徙、入宅、安葬、破土,开市、斋醮
2041-02-08,破,白虎,否,祭祀、沐浴、解除、理发、扫舍、破屋、坏垣、馀事勿取,嫁娶、安葬
2041-02-09,危,玉堂,是,纳采、订盟、祭祀、祈福、安香、出火、修造、出行、开市、移徙、入宅、动土、安葬、破土,安床、作灶、造船、会亲友
2041-02-10,成,天牢,是,塞穴、结网、取渔、畋猎,嫁娶、安门、移徙、入宅、安葬
2041-02-11,收,玄武,否,纳采、祭祀、祈福、出行、会亲友、修造、动土、移徙、入宅,嫁娶、开市、安葬、破土
2041-02-12,开,司命,是,纳采、嫁娶、祭祀、祈福、出行、开市、会亲友、动土、破土、启钻,移徙、入宅、出火、安门、安葬
2041-02-13,闭,勾陈,否,祭祀、祈福、求嗣、斋醮、入殓、除服、成服、移柩、安葬、启钻,嫁娶、动土、开光、盖屋、破土
2041-02-14,建,青龙,否,纳采、会亲友、竖柱、上梁、立券、入殓、移柩、安葬、启钻,祭祀、移徙、入宅、动土、破土
2041-02-15,除,明堂,是,祭祀、祈福、斋醮、出行、开市、立券、动土、移徙、入宅、破土、安葬,开光、嫁娶、作灶、掘井、纳畜
2041-02-16,满,天刑,否,会亲友、求嗣、理发、冠笄、结网、捕捉、开光,开市、动土、安葬、破土
2041-02-17,平,朱雀,否,祭祀、平治道涂、馀事勿取,嫁娶、祈福、掘井、安葬
2041-02-18,定,金匮,是,祈福、求嗣、斋醮、纳采、嫁娶、伐木、修造、动土、移徙、入宅、造庙、安机械、开市、入殓、除服、成服、移柩、安葬、破土、谢土,置产、盖屋、合脊、开光、探病、安门、作灶
2041-02-19,执,天德,是,入学、习艺、出行、纳采、订盟、嫁娶、会亲友、进人口、牧养、捕捉、入殓、移柩、安葬、启钻,开光、开市、入宅、动土、盖屋
2041-02-20,破,白虎,否,祭祀、沐浴、求医、治病、扫舍、破屋、坏垣、解除、馀事勿取,入宅、开市、安葬
2041-02-21,危,玉堂,是,祭祀、冠笄、嫁娶、拆卸、修造、动土、起基、上梁、盖屋、入宅、开市、开池、塞穴、入殓、除服、成服、移柩、安葬、破土,安床、栽种、治病、作灶
2041-02-22,成,天牢,是,祭祀、结网、入殓、除服、成服、移柩、安葬、破土,馀事勿取
2041-02-23,收,玄武,否,塑绘、开光、祈福、求嗣、订盟、纳采、裁衣、冠笄、拆卸、修造、动土、起基、安门、安床、移徙、造仓、结网、纳畜,伐木、作灶、安葬、取渔、入宅
2041-02-24,开,司命,是,祭祀、沐浴、开光、塑绘、祈福、求嗣、订盟、纳采、冠笄、裁衣、嫁娶、动土、除服、成服、移柩、破土、启钻、出行、安碓磑、放水、开市、立券、交易,安葬、上梁、入宅、作灶
2041-02-25,闭,勾陈,否,祭祀、祈福、求嗣、酬神、裁衣、安床、立券、交易、入殓、除服、成服、移柩、谢土、启钻,出行、嫁娶、入宅、动土
2041-02-26,建,青龙,否,裁衣、合帐、入殓、除服、成服、会亲友、纳财,祭祀、祈福、移徙、嫁娶、入宅
2041-02-27,除,明堂,是,祭祀、斋醮、裁衣、合帐、冠笄、订盟、纳采、嫁娶、入宅、安香、谢土、入殓、移柩、破土、立碑、会亲友、出行、祈福、求嗣、上梁、放水,掘井
2041-02-28,满,天刑,否,安床、合帐、入宅、问名、纳采、求嗣、祭祀、开仓,斋醮、作灶、安葬
2041-03-01,平,朱雀,否,作灶、平治道涂,祭祀、祈福、安葬、安门、馀事勿取
2041-03-02,平,朱雀,否,塑绘、开光、酬神、斋醮、订盟、纳采、裁衣、合帐、拆卸、动土、上梁、安床、安香、造庙、挂匾、会亲友、进人口、出行、修造、纳财、伐木、放水、出火、纳畜、沐浴、安门,盖屋、栽种、安葬、作灶
2041-03-03,定,金匮,是,祭祀、祈福、酬神、订盟、纳采、冠笄、裁衣、合帐、嫁娶、安床、移徙、入宅、安香、入殓、移柩、启钻、安葬、解除、取渔、捕捉、伐木、安门、出火,栽种、动土、开市、作灶
2041-03-04,执,天德,是,求医、破屋,诸事不宜
2041-03-05,破,白虎,否,破屋、坏垣、求医、治病、馀事勿取,开光、嫁娶
2041-03-06,危,玉堂,是,纳采、交易、立券、安床、安机械、安葬、移柩、动土、破土、立碑,嫁娶、开光、作灶
2041-03-07,成,天牢,是,祭祀、祈福、求嗣、斋醮、沐浴、开光、理发、经络、解除、治病、立碑、栽种、牧养、掘井、开池,嫁娶、定磉、合寿木、安葬、行丧
2041-03-08,收,玄武,否,纳财、交易、立券、栽种、捕捉、结网、取渔、进人口、教牛马、理发,入宅、盖屋、竖柱、安葬
2041-03-09,开,司命,是,嫁娶、订盟、纳采、祭祀、祈福、出行、修造、动土、移徙、入宅、破土、出火、安门、安床、上梁、立碑、移柩,开市、交易、合帐、安葬
2041-03-10,闭,勾陈,否,冠笄、立券、交易、修造、动土、安机械、入殓、安葬、破土,嫁娶、祈福、出火、入宅
2041-03-11,建,青龙,否,祭祀、会亲友、出行、立券、交易、冠笄、纳财,嫁娶、动土、掘井、起基、定磉、破土
2041-03-12,除,明堂,是,祭祀、沐浴、解除、扫舍、塞穴、牧养,嫁娶、安葬、行丧、安门
2041-03-13,满,天刑,否,纳财、开市、交易、立券、开光、针灸、会亲友、理发、安床、造仓、结网,移徙、入宅、栽种
2041-03-14,平,朱雀,否,嫁娶、冠笄、会亲友、安机械、纳财、交易、立券、置产,开市、盖屋、治病、作灶
2041-03-15,定,金匮,是,嫁娶、造车器、纳采、订盟、祭祀、祈福、安机械、移徙、入宅、开市、立券、破土、安葬,纳畜、理发、合寿木
2041-03-16,执,天德,是,祈福、斋醮、出行、移徙、入宅、修造、动土、破土、安葬,纳采、开光、安床、嫁娶、开市
2041-03-17,破,白虎,否,破屋、坏垣、馀事勿取,嫁娶、移徙、开市、入宅
2041-03-18,危,玉堂,是,嫁娶、冠笄、祭祀、出行、会亲友、修造、动土、入殓、破土,塑绘、开光、造桥、除服、成服
2041-03-19,成,天牢,是,开光、求嗣、出行、纳采、冠笄、出火、拆卸、起基、修造、动土、上梁、移徙、造船、开市、交易、立券、纳财,祈福、嫁娶、安葬、破土
2041-03-20,收,玄武,否,理发、冠笄、嫁娶、进人口、栽种、捕捉、针灸,纳财、开市、安葬、破土
2041-03-21,开,司命,是,开光、祈福、求嗣、出行、解除、伐木、盖屋、起基、修造、架马、安门、移徙、入宅、造庙、除服、成服、移柩、谢土、纳畜、牧养,纳采、动土、开市、交易
2041-03-22,闭,勾陈,否,裁衣、经络、伐木、开柱眼、拆卸、修造、动土、上梁、合脊、合寿木、入殓、除服、成服、移柩、破土、安葬、启钻、修坟、立碑,祭祀、嫁娶、出行、掘井
2041-03-23,建,青龙,否,祭祀、会亲友、立券、交易、裁衣、合帐、嫁娶、冠笄、进人口,栽种、动土、安葬、掘井、修坟、探病
2041-03-24,除,明堂,是,扫舍、塞穴、馀事勿取,诸事不宜
2041-03-25,满,天刑,否,塑绘、开光、订盟、纳采、裁衣、合帐、冠笄、安机械、会亲友、纳财、开市、立券、交易、安床、竖柱、上梁、结网、栽种、解除、经络,作灶、出行、入宅、安葬
2041-03-26,平,朱雀,否,祭祀、嫁娶、纳婿、除服、成服、入殓、移柩,动土、作灶、入宅、开光、安床
2041-03-27,定,金匮,是,祈福、求嗣、开光、塑绘、斋醮、订盟、纳采、嫁娶、拆卸、安床、入宅、安香、移柩、修坟、安葬、谢土、栽种、解除、冠笄、裁衣、移徙、修造、动土、竖柱、放水、启钻、立碑,赴任
2041-03-28,执,天德,是,祭祀、解除、入殓、除服、成服、移柩、启钻、安葬、修坟、立碑、谢土、沐浴、扫舍、捕捉、取渔、结网、畋猎、理发,安床、嫁娶、作灶、入宅
2041-03-29,破,白虎,否,破屋、坏垣,诸事不宜
2041-03-30,危,玉堂,是,祭祀、出行、订盟、纳采、裁衣、合帐、冠笄、进人口、动土、安床、作灶、入殓、移柩、安葬、破土、结网、取渔、畋猎,作梁、造庙
2041-03-31,成,天牢,是,祭祀、开光、塑绘、订盟、纳采、合帐、冠笄、拆卸、动土、起基、上梁、入宅、安香、开市、立券、纳财、沐浴、求嗣、出火、竖柱、安门,造庙、嫁娶、伐木、安葬
2041-04-01,成,天牢,是,祭祀、沐浴、捕捉、栽种,嫁娶、入宅、移徙、作灶、安葬
2041-04-02,收,玄武,否,祭祀、开光、塑绘、酬神、斋醮、订盟、纳采、嫁娶、裁衣、动土、起基、出火、拆卸、移徙、入宅、安香、修造、竖柱、上梁、纳畜、牧养、祈福、求嗣、解除、伐木、定磉、盖屋、安门,栽种、安葬
2041-04-03,开,司命,是,订盟、纳采、冠笄、拆卸、修造、动土、安床、入殓、除服、成服、移柩、安葬、破土、启钻、造仓,作灶、开光、嫁娶、开市、入宅
2041-04-04,闭,勾陈,否,祭祀、出行、修造、动土、合帐、造畜稠、安床、移徙、入殓、移柩、破土、启钻、安葬、开生坟、合寿木、补垣、塞穴,入宅、作灶、理发、开光、安门
2041-04-05,建,青龙,否,祭祀、修饰垣墙、馀事勿取,开光、修造、动土、破土
2041-04-06,除,明堂,是,嫁娶、祭祀、祈福、求嗣、斋醮、开光、出火、移徙、入宅、竖柱、上梁、会亲友、盖屋、起基、治病、安门、造车器、掘井、开池,纳采、出行、修坟、安葬、开市、立券、作灶
2041-04-07,满,天刑,否,祭祀、塑绘、开光、纳采、嫁娶、开市、出行、会亲友、安床、结网、除服、成服、启钻、安葬、移柩,祈福、入宅、盖屋、动土、破土、探病
2041-04-08,平,朱雀,否,祭祀、作灶、平治道涂、馀事勿取,安床、入宅、安碓磑、栽种
2041-04-09,定,金匮,是,祭祀、祈福、求嗣、斋醮、沐浴、纳畜、入殓、破土、安葬,移徙、入宅、嫁娶、出行、安床
2041-04-10,执,天德,是,纳采、祭祀、祈福、求嗣、斋醮、出行、起基、盖屋、定磉、安门、入殓、安葬,嫁娶、开市、纳财、出火
2041-04-11,破,白虎,否,祭祀、沐浴、解除、求医、治病、破屋、坏垣、馀事勿取,祈福、斋醮、开市、安葬
2041-04-12,危,玉堂,是,沐浴、捕捉、畋猎、结网、取渔,祭祀、嫁娶、入宅、作灶、安葬
2041-04-13,成,天牢,是,祭祀、祈福、求嗣、斋醮、纳采、订盟、开光、竖柱、上梁、开仓、出货财、盖屋、起基、定磉、安门、诸事不宜、破土、入殓、启钻、谢土,出火、嫁娶、开市
2041-04-14,收,玄武,否,祭祀、捕捉、解除、馀事勿取,嫁娶、安葬
2041-04-15,开,司命,是,纳采、嫁娶、出行、开市、立券、纳畜、牧养、出火、移徙、入宅,祈福、动土、破土、安葬、入殓
2041-04-16,闭,勾陈,否,祭祀、祈福、求嗣、斋醮、冠笄、作灶、纳财、交易,开光、嫁娶、掘井、安葬、安门、探病
2041-04-17,建,青龙,否,祭祀、解除、教牛马、出行、馀事勿取,动土、破土、行丧、开光、作梁、安葬、探病
2041-04-18,除,明堂,是,沐浴、斋醮、解除、求医、治病、会亲友、造畜稠、栽种、理发、扫舍,开市、嫁娶、移徙、入宅、掘井、安葬
2041-04-19,满,天刑,否,求嗣、出行、解除、订盟、纳采、嫁娶、会亲友、进人口、安床、开市、交易、纳畜、牧养、入殓、除服、成服、移柩、安葬、启钻,祈福、修造、动土、破土、谢土
2041-04-20,平,朱雀,否,祭祀、作灶、平治道涂、馀事勿取,嫁娶、安葬、动土、安床、治病
2041-04-21,定,金匮,是,造车器、祭祀、祈福、求嗣、斋醮、开市、交易、安机械、雕刻、开光、盖屋、合脊、起基、定磉、安门、纳畜、安葬、开生坟、立碑、谢土,入宅、动土、开仓、出货财
2041-04-22,执,天德,是,祭祀、祈福、开光、求嗣、斋醮、纳采、订盟、求医、治病、起基、定磉、造船、取渔、解除、安葬、启钻、谢土、入殓,开市、动土、掘井、开池
2041-04-23,破,白虎,否,祭祀、沐浴、破屋、坏垣、求医、治病、解除、馀事勿取,嫁娶、开市、交易、入宅、安葬
2041-04-24,危,玉堂,是,诸事不宜,无
2041-04-25,成,天牢,是,祭祀、塑绘、开光、订盟、纳采、冠笄、裁衣、安机械、拆卸、修造、动土、安床、经络、开市,出火、入宅、安葬、伐木
2041-04-26,收,玄武,否,祭祀、馀事勿取,造庙、嫁娶、安床
2041-04-27,开,司命,是,订盟、纳采、嫁娶、进人口、会亲友、交易、立券、动土、除服、谢土、移柩、破土、启钻、赴任、出行、开市、纳财、栽种,入殓、安葬、入宅、安床
2041-04-28,闭,勾陈,否,祭祀、祈福、裁衣、合帐、安床、入殓、除服、成服、移柩、破土、启钻、安葬、谢土、立碑、造畜稠,掘井、安门、嫁娶、纳采
2041-04-29,建,青龙,否,祭祀、进人口、嫁娶、安床、解除、冠笄、出行、裁衣、扫舍,掘井、动土、破土、安葬、开光
2041-04-30,建,青龙,否,纳采、开光、求医、治病、动土、上梁、移徙、入宅,嫁娶、开市、安葬
2041-05-01,除,明堂,是,祭祀、会亲友、开市、安床、启钻、安葬,嫁娶、动土、破土
2041-05-02,满,天刑,否,祭祀、作灶、掘井、平治道涂,嫁娶、安葬
2041-05-03,平,朱雀,否,祭祀、斋醮、开市、动土、入殓、破土、安葬,嫁娶、移徙、入宅
2041-05-04,定,金匮,是,嫁娶、纳采、祭祀、祈福、出行、移徙、求医,开市、动土、破土
2041-05-05,执,天德,是,嫁娶、纳采、订盟、祭祀、祈福、求嗣、开光、出火、出行、拆卸、动土、修造、进人口、入宅、移徙、安床、解除、挂匾、栽种、破土、谢土、入殓、移柩、安葬,开市、立券、造船、合寿木
2041-05-06,破,白虎,否,祭祀、沐浴、解除、破屋、坏垣、馀事勿取,开光、安葬
2041-05-07,危,玉堂,是,订盟、纳采、嫁娶、解除、祭祀、祈福、求嗣、开光、出行、出火、拆卸、入宅、移徙、安床、栽种、纳畜、动土、破土、谢土、安葬、修坟,作灶、开市、经络
2041-05-08,成,天牢,是,祭祀、祈福、求嗣、开光、订盟、纳采、解除、动土、起基、进人口、开市、交易、立券、纳财、造仓、开池、栽种、纳畜、破土、安葬,安床、上梁、裁衣、入宅、嫁娶
2041-05-09,收,玄武,否,祭祀、结网、捕捉、馀事勿取,探病、嫁娶、开市
2041-05-10,开,司命,是,祭祀、祈福、求嗣、开光、纳采、订盟、嫁娶、出行、动土、破土、会亲友、开市、交易、立券、习艺、拆卸、起基、安碓磑、放水、开池、造仓、开渠、栽种、谢土、启钻、修坟、立碑,入宅、安门、安葬
2041-05-11,闭,勾陈,否,嫁娶、冠笄、祭祀、出行、移徙、入宅、作灶、造车器、补垣、塞穴、开厕、破土、启钻、除服、成服、入殓,盖屋、造桥、安门、安葬、上梁
2041-05-12,建,青龙,否,祭祀、解除、断蚁、会亲友、馀事勿取,嫁娶、安葬
2041-05-13,除,明堂,是,嫁娶、纳采、订盟、祭祀、祈福、治病、造车器、修造、动土、移徙、入宅,开市、出行、安床、作灶、安葬
2041-05-14,满,天刑,否,嫁娶、纳采、订盟、会亲友、安机械、结网、冠笄、祭祀、求嗣、进人口、经络,开市、作灶、动土、行丧、安葬
2041-05-15,平,朱雀,否,祭祀、沐浴、移徙、破土、安葬、扫舍、平治道涂,祈福、嫁娶、入宅、安床、作灶
2041-05-16,定,金匮,是,祭祀、祈福、斋醮、求嗣、安机械、纳畜、移徙、入宅、塑绘、开光、起基、竖柱、上梁、作灶、安门、安香、出火、盖屋、启钻、安葬,动土、破土、嫁娶
2041-05-17,执,天德,是,嫁娶、纳采、订盟、斋醮、开光、祭祀、祈福、求医、治病、会亲友、动土、解除、捕捉、纳畜、牧养、入殓、破土、安葬,移徙、入宅、盖屋、架马
2041-05-18,破,白虎,否,祭祀、沐浴、解除、破屋、坏垣、馀事勿取,行丧、安葬
2041-05-19,危,玉堂,是,沐浴、扫舍、馀事勿取,斋醮、开市、嫁娶、作灶
2041-05-20,成,天牢,是,开市、交易、立券、安机械、会亲友、开光、求医、治病、盖屋、起基、修造、动土、定磉、竖柱、上梁、安门、作灶、放水、开厕、开池、栽种、牧养、造畜稠、破土、安葬、立碑,嫁娶、出火、移徙、入宅
2041-05-21,收,玄武,否,栽种、捕捉、畋猎、馀事勿取,开市、动土、祭祀、斋醮、安葬、探病
2041-05-22,开,司命,是,嫁娶、祭祀、祈福、求嗣、斋醮、订盟、纳采、解除、出行、动土、破土、习艺、针灸、理发、会亲友、起基、修造、竖柱、定磉、安床、拆卸、纳畜、牧养、放水、除服、成服、修坟、立碑,开市、入宅、探病、出火、盖屋
2041-05-23,闭,勾陈,否,馀事勿取,无
2041-05-24,建,青龙,否,塞穴、断蚁、结网、馀事勿取,破土、安葬
2041-05-25,除,明堂,是,开光、出行、纳采、嫁娶、伐木、架马、出火、拆卸、移徙、入宅、造庙、造桥、造船、造畜稠、开市、入殓、除服、成服、移柩、安葬,无
2041-05-26,满,天刑,否,进人口、牧养、置产、塞穴、结网、馀事勿取,诸事不宜
2041-05-27,平,朱雀,否,开光、出行、嫁娶,会亲友、进人口、修造、动土、起基、移徙、开市、纳畜、入殓、除服、成服、移柩、破土、安葬、修坟、立碑
2041-05-28,定,金匮,是,嫁娶、纳采、出行、祭祀、祈福、开市、动土、移徙、入宅、破土、安葬,安门
2041-05-29,执,天德,是,嫁娶、纳采、求医、治病、修造、动土、移徙、入宅、破土、安葬,开市、开光
2041-05-30,执,天德,是,祭祀、破屋、坏垣、馀事勿取,诸事不宜
2041-05-31,破,白虎,否,嫁娶、纳采、祭祀、祈福、出行、动土、上梁、移徙、入宅、破土、安葬,斋醮
2041-06-01,危,玉堂,是,纳采、祭祀、祈福、开市、求医、治病、动土、纳畜,嫁娶、安葬
2041-06-02,成,天牢,是,嫁娶、纳采、出行、移徙、入宅,动土、破土、安葬
2041-06-03,收,玄武,否,订盟、纳采、祭祀、动土、破土、交易、立券,嫁娶、安葬
2041-06-04,开,司命,是,嫁娶、裁衣、祭祀、出行、安床、作灶、移徙、入宅、破土、安葬,赴任、捕捉
2041-06-05,闭,勾陈,否,嫁娶、合帐、裁衣、冠笄、伐木、上梁、出火、拆卸、移徙、修造、动土、安门、纳财、筑堤、栽种、塞穴,安床、祈福、出行、安葬、行丧、开光
2041-06-06,建,青龙,否,出行、教牛马、割蜜、馀事勿取,斋醮、盖屋、动土、破土
2041-06-07,除,明堂,是,嫁娶、祭祀、祈福、求嗣、开光、出行、解除、出火、拆卸、修造、进人口、入宅、移徙、动土、安床、纳畜、栽种、纳财、交易、立券、挂匾、造畜稠,安葬、开生坟、行丧
2041-06-08,满,天刑,否,安机械、祭祀、祈福、求嗣、沐浴、解除、纳采、开市、修造、竖柱、上梁、开柱眼、安碓磑、归岫、补垣、塞穴、拆卸、放水、出火、扫舍、开生坟、合寿木、安葬、谢土、启钻、除服、成服,嫁娶、安床、作灶、动土、破土、造船
2041-06-09,平,朱雀,否,祭祀、沐浴、理发、整手足甲、修饰垣墙、平治道涂、馀事勿取,开市、入宅、出行、修造、词讼
2041-06-10,定,金匮,是,嫁娶、纳采、祭祀、祈福、出行、立券、移徙、入宅、动土、破土、安葬,开光、作灶、盖屋、架马、开仓
2041-06-11,执,天德,是,纳采、订盟、冠笄、祭祀、祈福、斋醮、出行、修造、动土、移徙、入宅、安香、出火、拆卸、盖屋、起基、竖柱、上梁、定磉、安门、开池,嫁娶、开市、合寿木、安葬
2041-06-12,破,白虎,否,祭祀、沐浴、破屋、坏垣、馀事勿取,入宅、嫁娶、移徙
2041-06-13,危,玉堂,是,嫁娶、安机械、交易、出行、祭祀、祈福、求嗣、斋醮、塑绘、开光、合帐、裁衣、放水、开池、掘井,作灶、理发、造桥、行丧、安葬
2041-06-14,成,天牢,是,纳采、冠笄、求医、治病、开市、立券、修造、动土、安机械、破土、安葬,斋醮、祭祀、移徙、入宅、上梁、嫁娶
2041-06-15,收,玄武,否,祭祀、作灶、馀事勿取,开市、安葬、破土、修坟、掘井
2041-06-16,开,司命,是,祭祀、祈福、求嗣、斋醮、安香、解除、移徙、入宅、会亲友、求医、治病、动土、破土、开生坟、合寿木,合帐、上梁、经络、安葬、入殓
2041-06-17,闭,勾陈,否,嫁娶、冠笄、修造、动土、作灶、移徙、入宅、补垣、塞穴、纳畜、牧养、架马、起基、定磉、开池、造船,祈福、开光、掘井、开市、安葬
2041-06-18,建,青龙,否,祭祀、交易、纳财,斋醮、开渠、上梁、动土、破土
2041-06-19,除,明堂,是,嫁娶、订盟、纳采、冠笄、会亲友、安机械、造车器、祭祀、出行、纳财、入宅、安香、出火、入学、塑绘、开光、拆卸、起基、修造、动土、牧养、栽种、安门、开厕,行丧、伐木、作梁、作灶
2041-06-20,满,天刑,否,开光、求嗣、出行、冠笄、嫁娶、伐木、架马、开柱眼、修造、移徙、入宅、开市、交易、立券、安香、出火、挂匾、起基、开生坟、合寿木、入殓、除服、成服、移柩、安葬,安床、出货财、作灶、动土、破土
2041-06-21,平,朱雀,否,祭祀、沐浴、理发、嫁娶、作灶、整手足甲、扫舍、修饰垣墙、平治道涂,斋醮、出行、治病、合寿木
2041-06-22,定,金匮,是,安机械、移徙、入宅、出行、祭祀、祈福、斋醮、纳采、订盟、安香、出火、解除、会亲友、修造、动土、拆卸、起基、定磉、盖屋、安床、破土、安葬、入殓、立碑,开市、伐木、作梁、作灶
2041-06-23,执,天德,是,祭祀、沐浴、捕捉、结网、畋猎、取渔、馀事勿取,开市、交易、嫁娶、安葬、行丧
2041-06-24,破,白虎,否,破屋、坏垣、求医、治病、畋猎、馀事勿取,嫁娶、入宅
2041-06-25,危,玉堂,是,嫁娶、出行、安机械、祭祀、塑绘、开光、治病、经络、安床、结网、塞穴、破土、入殓,开市、安门、掘井、作灶
2041-06-26,成,天牢,是,订盟、纳采、会亲友、进人口、雕刻、拆卸、修造、动土、起基、开市、栽种、纳畜、牧养、入殓、除服、成服、移柩、破土、安葬,无
2041-06-27,收,玄武,否,祭祀、捕捉、取渔、修饰垣墙、馀事勿取,诸事不宜
2041-06-28,收,玄武,否,嫁娶、纳采、祭祀、祈福、求医、治病、出行、动土、移徙、入宅,开市、安门
2041-06-29,开,司命,是,裁衣、作灶、移徙、入宅、纳畜,嫁娶、安葬
2041-06-30,闭,勾陈,否,祭祀、入殓、移柩、启钻、安葬,上梁、动土、破土
2041-07-01,建,青龙,否,订盟、纳采、出行、祈福、斋醮、安床、会亲友,移徙、入宅、安葬
2041-07-02,除,明堂,是,嫁娶、纳采、出行、求医、治病、开市、移徙、入宅、启钻、安葬,动土、破土
2041-07-03,满,天刑,否,嫁娶、祭祀、沐浴、扫舍、修饰垣墙,行丧、安葬
2041-07-04,平,朱雀,否,嫁娶、订盟、纳采、出行、开市、祭祀、祈福、动土、移徙、入宅、破土、安葬,作灶
2041-07-05,定,金匮,是,订盟、纳采、出行、祭祀、祈福、修造、动土、移徙、入宅,开市、安葬
2041-07-06,执,天德,是,诸事不宜,无
2041-07-07,破,白虎,否,破屋、坏垣、解除、馀事勿取,嫁娶、安葬
2041-07-08,危,玉堂,是,嫁娶、开市、立券、移徙、入宅、安机械、会亲友、经络、安门、安床、挂匾、拆卸、开仓、出货财、开池、栽种、纳畜、牧养、破土、安葬、启钻、移柩、入殓、立碑,祭祀、祈福、探病、谢土、造桥
2041-07-09,成,天牢,是,嫁娶、订盟、纳采、祭祀、祈福、斋醮、开光、会亲友、求医、治病、盖屋、起基、竖柱、上梁、安门、安碓磑、筑堤、开池、破土、安葬、除服、成服,入宅、开市、掘井、词讼、合寿木
2041-07-10,收,玄武,否,纳采、订盟、嫁娶、移徙、入宅、出行、祭祀、祈福、斋醮、塑绘、开光、安香、出火、会亲友、解除、入学、竖柱、上梁、拆卸、盖屋、起基、栽种、牧养、纳畜,安葬、破土、开市、开仓、出货财、启钻
2041-07-11,开,司命,是,纳采、订盟、嫁娶、祭祀、沐浴、塑绘、开光、出火、治病、习艺、伐木、盖屋、竖柱、上梁、安床、作灶、安碓磑、挂匾、掘井、纳畜,出行、安葬、造桥
2041-07-12,闭,勾陈,否,祭祀、入殓、除服、成服、移柩、破土、启钻、安葬、塞穴、断蚁、结网,开市、入宅、嫁娶、开光、盖屋
2041-07-13,建,青龙,否,祭祀、修造、出行、盖屋、竖柱、造车器、教牛马、造畜稠、割蜜,动土、破土、掘井、安葬
2041-07-14,除,明堂,是,祭祀、沐浴、塑绘、开光、入学、解除、扫舍、治病、开池、牧养,嫁娶、出行、纳采、入宅、作灶
2041-07-15,满,天刑,否,纳财、开市、交易、立券、出行、祭祀、祈福、求嗣、开光、解除、扫舍、起基、竖柱、安床、移徙、开仓、出货财、补垣、塞穴、栽种、纳畜、牧养,斋醮、入宅、安门、安葬、破土、行丧
2041-07-16,平,朱雀,否,祭祀、修饰垣墙、平治道涂,开市、动土、破土、嫁娶、修造、安葬
2041-07-17,定,金匮,是,订盟、纳采、祭祀、祈福、开光、安香、出火、立券、安机械、移徙、入宅、竖柱、上梁、会亲友、安床、拆卸、挂匾、牧养、教牛马,嫁娶、安葬、行丧、破土、修坟
2041-07-18,执,天德,是,沐浴、理发、捕捉、入殓、移柩、破土、启钻、安葬,出火、嫁娶、入宅、作灶、上梁、动土
2041-07-19,破,白虎,否,求医、治病、破屋、坏垣、馀事勿取,嫁娶、出行
2041-07-20,危,玉堂,是,纳采、订盟、嫁娶、移徙、入宅、出行、开市、交易、立券、纳财、会亲友、安香、出火、拆卸、盖屋、起基、安床、作灶、挂匾、安葬、破土、启钻、立碑、入殓、移柩,祈福、上梁、开仓、掘井、牧养
2041-07-21,成,天牢,是,祭祀、祈福、斋醮、出行、纳采、订盟、安机械、出火、拆卸、修造、动土、起基、移徙、入宅、造庙、入殓、除服、成服、移柩、破土、安葬、谢土,嫁娶、开市、栽种、合寿木
2041-07-22,收,玄武,否,祭祀、进人口、纳财、纳畜、牧养、捕捉、馀事勿取,开市、入宅、安床、动土、安葬
2041-07-23,开,司命,是,祭祀、塑绘、开光、求医、治病、嫁娶、会亲友、放水、掘井、牧养、纳畜、开渠、安碓磑,盖屋、入宅、作灶、入学、安葬、行丧
2041-07-24,闭,勾陈,否,祭祀、塞穴、结网、畋猎、馀事勿取,移徙、开市、入宅、嫁娶、开光、安门
2041-07-25,建,青龙,否,开市、纳财、祭祀、塑绘、安机械、冠笄、会亲友、裁衣、开仓、经络、纳畜、造畜稠、教牛马、牧养,动土、破土、安葬、治病
2041-07-26,除,明堂,是,移徙、入宅、治病、会亲友、祭祀、祈福、斋醮、安香、嫁娶、盖屋、起基,开市、安床、出行、经络
2041-07-27,满,天刑,否,塑绘、出行、冠笄、嫁娶、进人口、裁衣、纳婿、造畜稠、交易、立券、牧养、开生坟、入殓、除服、成服、移柩、安葬、启钻,无
2041-07-28,满,天刑,否,祭祀、冠笄、嫁娶、捕捉、结网、畋猎、取渔、馀事勿取,无
2041-07-29,平,朱雀,否,沐浴、扫舍、馀事勿取,诸事不宜
2041-07-30,定,金匮,是,纳采、祭祀、祈福、解除、动土、破土、安葬,嫁娶、移徙、入宅
2041-07-31,执,天德,是,祭祀、破屋、坏垣、馀事勿取,诸事不宜
2041-08-01,破,白虎,否,嫁娶、纳采、开市、出行、动土、上梁、移徙、入宅、破土、安葬,祭祀、祈福
2041-08-02,危,玉堂,是,嫁娶、纳采、开市、出行、动土、上梁、移徙、入宅、破土、安葬,赴任
2041-08-03,成,天牢,是,祭祀、作灶、纳财、捕捉,开市、破土
2041-08-04,收,玄武,否,嫁娶、开市、立券、祭祀、祈福、动土、移徙、入宅,造庙、安葬
2041-08-05,开,司命,是,补垣、塞穴、结网、入殓、除服、成服、移柩、安葬、启钻、馀事勿取,诸事不宜
2041-08-06,闭,勾陈,否,嫁娶、纳采、出行、祭祀、祈福、解除、移徙、入宅,动土、安葬
2041-08-07,建,青龙,否,嫁娶、纳采、订盟、祭祀、祈福、求嗣、出行、解除、竖柱、入宅、移徙、纳财、上梁、纳畜、入殓、安葬、启钻,栽种、掘井、动土、安床、破土、置产
2041-08-08,除,明堂,是,解除、祭祀、祈福、求嗣、修造、动土、竖柱、上梁、安床、纳畜、盖屋、合脊、起基、入殓、破土、安葬,出火、嫁娶、开光、进人口、出行、词讼、开市、入宅、移徙、赴任
2041-08-09,满,天刑,否,沐浴、理发、会亲友、塑绘、开光、栽种、牧养、嫁娶、经络、补垣、塞穴,开市、入宅、动土、破土、安葬、作灶、上梁、安床、开仓、祈福
2041-08-10,平,朱雀,否,祭祀、理发、作灶、沐浴、修饰垣墙、平治道涂,嫁娶、栽种、祈福、造桥、安葬、安门、伐木、作梁
2041-08-11,定,金匮,是,嫁娶、纳采、订盟、祭祀、祈福、斋醮、普渡、移徙、入宅、出行、安机械、开光、修造、动土、竖柱、上梁、盖屋、起基、定磉、安门、安葬、破土,开市、立券、置产、作灶、造桥
2041-08-12,执,天德,是,祭祀、普渡、捕捉、解除、结网、畋猎、入殓、破土、安葬,开市、交易、入宅、嫁娶
2041-08-13,破,白虎,否,沐浴、破屋、坏垣、馀事勿取,斋醮、开市
2041-08-14,危,玉堂,是,订盟、纳采、祭祀、祈福、安香、出火、开市、立券、入宅、挂匾、造桥、启钻、安葬,动土、破土、嫁娶、掘井、安床
2041-08-15,成,天牢,是,嫁娶、祭祀、祈福、斋醮、普渡、移徙、入宅、动土、治病、开市、交易、立券、开光、修造、造车器、安香、安床、捕捉、畋猎、结网,纳采、订盟、经络、行丧、安葬、探病
2041-08-16,收,玄武,否,嫁娶、订盟、纳采、作灶、冠笄、裁衣、会亲友、纳畜、牧养、安机械、开市、立券、纳财、安床,掘井、出行、破土、行丧、安葬
2041-08-17,开,司命,是,嫁娶、订盟、纳采、祭祀、斋醮、普渡、解除、出行、会亲友、开市、纳财、修造、动土、竖柱、上梁、开光、开仓、出货财、纳畜、牧养、开池、破土、启钻,出火、入宅、盖屋、安门、安葬
2041-08-18,闭,勾陈,否,嫁娶、普渡、祭祀、祈福、补垣、塞穴、断蚁、筑堤、入殓、除服、成服、安葬,动土、破土、掘井、开光、上梁、词讼
2041-08-19,建,青龙,否,嫁娶、冠笄、祭祀、沐浴、普渡、出行、纳财、扫舍、纳畜、赴任,开市、动土、破土、安床、开仓、上梁
2041-08-20,除,明堂,是,祭祀、沐浴、理发、整手足甲、冠笄、解除、入殓、移柩、破土、启钻、安葬,嫁娶、出行、入宅、开市、安门
2041-08-21,满,天刑,否,塑绘、冠笄、嫁娶、会亲友、进人口、经络、裁衣、栽种、纳畜、牧养、补垣、塞穴、捕捉,祈福、开市、动土、行丧、安葬
2041-08-22,平,朱雀,否,出行、沐浴、订盟、纳采、裁衣、竖柱、上梁、移徙、纳畜、牧养,嫁娶、安门、动土、安葬
2041-08-23,定,金匮,是,纳采、订盟、嫁娶、祭祀、祈福、普渡、开光、安香、出火、移徙、入宅、竖柱、修造、动土、上梁、起基、盖屋、安门、造庙、造桥、破土、启钻、安葬,开市、立券、纳财、作灶
2041-08-24,执,天德,是,祭祀、捕捉、畋猎、纳畜、牧养、入殓、除服、成服、移柩、破土、安葬、启钻,嫁娶、纳采、订盟、开市、入宅
2041-08-25,破,白虎,否,破屋、坏垣、治病、馀事勿取,行丧、安葬
2041-08-26,危,玉堂,是,祈福、斋醮、出行、冠笄、嫁娶、雕刻、开柱眼、入宅、造桥、开市、交易、立券、纳财、入殓、除服、成服、移柩、破土、安葬、启钻,动土、订盟、安床、开池
2041-08-27,危,玉堂,是,祈福、求嗣、解除、订盟、纳采、动土、起基、放水、造仓、开市、纳畜、牧养、开生坟、入殓、除服、成服、移柩、破土、安葬,无
2041-08-28,成,天牢,是,塑绘、开光、解除、订盟、纳采、嫁娶、出火、修造、动土、移徙、入宅、拆卸、起基、安门、分居、开市、交易、立券、纳财、纳畜、牧养,无
2041-08-29,收,玄武,否,祈福、出行、订盟、纳采、嫁娶、裁衣、动土、安床、放水、开市、掘井、交易、立券、栽种、开渠、除服、成服、移柩、破土,无
2041-08-30,开,司命,是,嫁娶、祭祀、祈福、斋醮、作灶、移徙、入宅,动土、破土
2041-08-31,闭,勾陈,否,嫁娶、出行、纳畜、祭祀、入殓、启钻、安葬,作灶、动土、破土
2041-09-01,建,青龙,否,订盟、纳采、祭祀、祈福、修造、动土、上梁、破土、安葬,嫁娶、开市
2041-09-02,除,明堂,是,订盟、纳采、出行、会亲友、修造、上梁、移徙、入宅,开市、安葬
2041-09-03,满,天刑,否,沐浴、修饰垣墙、平治道涂、馀事勿取,嫁娶、祈福
2041-09-04,平,朱雀,否,嫁娶、祭祀、祈福、斋醮、动土、移徙、入宅,开市、安葬
2041-09-05,定,金匮,是,捕捉、结网、入殓、破土、安葬,嫁娶、入宅
2041-09-06,执,天德,是,沐浴、治病、破屋、坏垣、馀事勿取,诸事不宜
2041-09-07,破,白虎,否,破屋、坏垣、求医、治病、馀事勿取,移徙、入宅
2041-09-08,危,玉堂,是,嫁娶、纳采、订盟、祭祀、祈福、求嗣、开光、出行、出火、拆卸、修造、动土、进人口、入宅、移徙、安床、上梁、合脊、放水、掘井、破土、移柩、谢土、除服、成服,开市、开仓、安门、安葬
2041-09-09,成,天牢,是,嫁娶、纳采、订盟、祭祀、祈福、求嗣、开光、解除、进人口、入宅、移徙、出火、安床、开市、交易、立券、挂匾,安葬、纳畜、出行、行丧、伐木、栽种、造庙、造桥
2041-09-10,收,玄武,否,祭祀、冠笄、捕捉、馀事勿取,嫁娶、开市、盖屋、作梁、合寿木
2041-09-11,开,司命,是,祭祀、解除、结网、畋猎、取渔、会亲友、入学、移柩、启钻、除服、成服,开市、祈福、动土、破土、入殓、安葬、造船
2041-09-12,闭,勾陈,否,冠笄、沐浴、出行、修造、动土、移徙、入宅、破土、安葬,嫁娶、开市、祭祀、祈福、斋醮、纳采、修坟
2041-09-13,建,青龙,否,祭祀、出行,嫁娶、入宅、修造、动土、会亲友、破土
2041-09-14,除,明堂,是,嫁娶、订盟、纳采、祭祀、祈福、出行、修造、动土、移徙、入宅,针灸、伐木、作梁、造庙、行丧、安葬
2041-09-15,满,天刑,否,出行、开市、交易、立券、安机械、出火、上梁、移徙,嫁娶、安葬、动土、造桥
2041-09-16,平,朱雀,否,祭祀、沐浴、修饰垣墙、平治道涂、馀事勿取,斋醮、嫁娶、移徙、出行、上梁、入宅
2041-09-17,定,金匮,是,嫁娶、造车器、安机械、祭祀、祈福、开光、安香、出火、出行、开市、立券、修造、动土、移徙、入宅、破土、安葬,纳采、订盟、架马、词讼、开渠
2041-09-18,执,天德,是,沐浴、捕捉、入殓、除服、成服、破土、启钻、安葬,祭祀、嫁娶、安床、开市、入宅、探病、上梁
2041-09-19,破,白虎,否,馀事勿取,探病
2041-09-20,危,玉堂,是,订盟、纳采、祭祀、祈福、安香、出火、修造、动土、上梁、安门、起基、竖柱、定磉、开池、移徙、入宅、立券、破土,嫁娶、造庙、造桥、造船、作灶、安葬
2041-09-21,成,天牢,是,开光、求嗣、雕刻、嫁娶、订盟、纳采、出火、拆卸、修造、动土、起基、上梁、放水、移徙、入宅、造仓、造船、开市、开池、纳畜、牧养、挂匾,行丧、安葬、合寿木
2041-09-22,收,玄武,否,祭祀、嫁娶、捕捉,开光、动土、破土、开市、修造、入宅、安门
2041-09-23,开,司命,是,祭祀、普渡、解除、会亲友、捕捉、畋猎、启钻、除服、成服、移柩,嫁娶、开市、动土、掘井、开池、安葬
2041-09-24,闭,勾陈,否,出行、解除、冠笄、嫁娶、伐木、架马、开柱眼、修造、动土、移徙、入宅、开生坟、合寿木、入殓、移柩、破土、安葬、修坟,祭祀、祈福、开光、开市、安床
2041-09-25,闭,勾陈,否,祭祀、祈福、求嗣、出行、沐浴、交易、扫舍、教牛马,动土、作灶、行丧、安葬、修坟
2041-09-26,建,青龙,否,出行、解除、纳采、冠笄、雕刻、修造、动土、起基、上梁、合脊、安床、移徙、入宅、开市、栽种、开厕,造庙、安门、行丧、安葬
2041-09-27,除,明堂,是,开光、塑绘、出行、解除、冠笄、裁衣、挂匾、作灶、开市、开池、开厕、补垣、塞穴,无
2041-09-28,满,天刑,否,祭祀、祈福、修饰垣墙、平治道涂、入殓、移柩,嫁娶、入宅、上梁、安门
2041-09-29,平,朱雀,否,祭祀、会亲友、纳采、嫁娶、开光、塑绘、斋醮、安香、开市、立券、除服、成服、入殓、移柩、安葬、赴任、进人口、出行、裁衣、修造、动土、上梁、经络、交易,入宅、伐木
2041-09-30,定,金匮,是,祭祀、冠笄、会亲友、拆卸、起基、除服、成服、移柩、启钻、安葬、沐浴、捕捉、开光、塑绘,作灶、入宅、嫁娶
2041-10-01,执,天德,是,祭祀、沐浴、破屋、坏垣、馀事勿取,移徙、入宅、出行、栽种
2041-10-02,破,白虎,否,祭祀、塑绘、开光、出行、解除、订盟、嫁娶、拆卸、起基、安床、入宅、开市、入殓、除服、成服、移柩、破土、谢土、挂匾、开柱眼、交易,造桥、冠笄、盖屋、掘井
2041-10-03,危,玉堂,是,祭祀、会亲友、进人口、动土、上梁、开光、塑绘、冠笄、拆卸、起基、安床、开市、立券、赴任、经络,定磉、安葬
2041-10-04,成,天牢,是,祭祀、裁衣、冠笄、嫁娶、纳婿、会亲友、除服、成服、移柩、捕捉、进人口、入殓,移徙、入宅、作灶
2041-10-05,收,玄武,否,诸事不宜,入殓、安葬、开市、交易
2041-10-06,开,司命,是,祭祀、裁衣、冠笄、嫁娶、安机械、拆卸、动土、起基、移徙、入宅、入殓、启钻、安葬、造仓、经络,安床、开光、开市、交易
2041-10-07,闭,勾陈,否,祭祀、出行、成服、除服、沐浴、入殓,动土、冠笄、移徙、入宅、开市、竖柱、上梁
2041-10-08,建,青龙,否,祭祀、造车器、出行、修造、上梁、盖屋、安门、安床、造畜稠、教牛马,出货财、开仓、动土、破土、安葬、行丧、伐木、开渠、栽种
2041-10-09,除,明堂,是,祭祀、开光、出行、解除、伐木、作梁、出火、拆卸、入宅、移徙、安床、修造、造畜稠、扫舍,造庙、嫁娶、掘井、栽种、造桥、作灶、动土
2041-10-10,满,天刑,否,纳采、订盟、开市、交易、立券、会亲友、纳畜、牧养、问名、移徙、解除、开厕、入学、起基、安床、开仓、出货财、安葬、启钻、入殓、除服、成服,入宅、上梁、斋醮、出火、谢土
2041-10-11,平,朱雀,否,祭祀、平治道涂、馀事勿取,嫁娶、开市
2041-10-12,定,金匮,是,捕捉、畋猎、馀事勿取,开市、交易、祭祀、入宅、安葬
2041-10-13,执,天德,是,嫁娶、纳采、订盟、祭祀、祈福、求嗣、斋醮、开光、安香、出火、造庙、移徙、出行、入宅、起基、竖柱、上梁、安床、纳畜、捕捉、纳婿、安葬,开市、破土、掘井、合寿木
2041-10-14,破,白虎,否,祭祀、沐浴、解除、破屋、坏垣、馀事勿取,开市、嫁娶
2041-10-15,危,玉堂,是,订盟、纳采、会亲友、交易、立券、纳财、栽种、纳畜、牧养,嫁娶、开市、入宅、祈福、安葬
2041-10-16,成,天牢,是,造车器、嫁娶、订盟、纳采、会亲友、祭祀、出行、开市、立券、移徙、入宅、破土、安葬,上梁、开光、盖屋、架马、合寿木
2041-10-17,收,玄武,否,祭祀、作灶、纳财、捕捉、畋猎、馀事勿取,动土、破土、开市、安葬
2041-10-18,开,司命,是,嫁娶、订盟、纳采、祭祀、祈福、出行、求医、治病、出火、移徙、入宅,开市、开仓、出货财、安床、安门、安葬
2041-10-19,闭,勾陈,否,冠笄、祭祀、沐浴、作灶、理发、整手足甲、扫舍、补垣、塞穴、入殓、破土、启钻,开光、嫁娶、会亲友、栽种、针灸、安葬
2041-10-20,建,青龙,否,纳采、订盟、嫁娶、祭祀、祈福、求嗣、置产、求医、治病、开市、交易、立券、会亲友、移徙、竖柱、上梁、盖屋、合脊、安门、放水、捕捉、纳畜,造庙、造船、动土、破土、安葬
2041-10-21,除,明堂,是,出行、造车器、造畜稠、解除、冠笄、裁衣、作梁、雕刻、会亲友、移徙、入宅、安机械、开市、扫舍,嫁娶、动土、破土、修坟
2041-10-22,满,天刑,否,沐浴、理发、冠笄、安床、开市、立券、会亲友、交易、纳财、结网、教牛马,移徙、入宅、出行、祈福、嫁娶
2041-10-23,平,朱雀,否,祭祀、造畜稠、修饰垣墙、平治道涂、馀事勿取,嫁娶、开市、安床、掘井
2041-10-24,定,金匮,是,捕捉、结网、入殓、除服、成服、移柩、破土、安葬、启钻、立碑,嫁娶、祭祀、入宅、盖屋、移徙
2041-10-25,定,金匮,是,祭祀、祈福、求嗣、斋醮、造庙、出火、安机械、会亲友、开市、交易、立券、纳财、习艺、经络、求医、治病、开池、开厕、畋猎、结网、栽种、牧养、安葬、破土、启钻,开光、嫁娶、掘井、伐木、作梁
2041-10-26,执,天德,是,破屋、坏垣、馀事勿取,诸事不宜
2041-10-27,破,白虎,否,会亲友、嫁娶、订盟、纳采、纳婿、拆卸、修造、动土、起基、竖柱、上梁、安床、纳财,出行、祈福、安葬、作灶
2041-10-28,危,玉堂,是,祭祀、塑绘、开光、祈福、斋醮、出行、订盟、纳采、裁衣、嫁娶、拆卸、修造、安床、入宅、安香、入殓、启钻、安葬、谢土、赴任、会亲友、进人口、移徙、上梁、经络、开市、交易、立券、纳财,开仓、冠笄、伐木、作梁
2041-10-29,成,天牢,是,祭祀、作灶、入殓、除服、成服、畋猎,栽种、动土、安葬、开市
2041-10-30,收,玄武,否,祭祀、祈福、斋醮、沐浴、竖柱、订盟、纳采、嫁娶、拆卸、入宅、移柩、启钻、谢土、赴任、出火、纳畜,作灶、入殓、安葬、安床
2041-10-31,开,司命,是,嫁娶、祭祀、安机械、入殓、破土、安葬,动土、上梁
2041-11-01,闭,勾陈,否,作灶、造畜稠,行丧、安葬
2041-11-02,建,青龙,否,沐浴、理发、入学、习艺、进人口,嫁娶、入宅
2041-11-03,除,明堂,是,开光、针灸、会亲友、启钻、安葬,开市、动土、破土
2041-11-04,满,天刑,否,祭祀、结网、造畜稠、馀事勿取,无
2041-11-05,平,朱雀,否,入殓、除服、成服、移柩、破土、启钻、安葬,移徙、入宅
2041-11-06,定,金匮,是,嫁娶、订盟、纳采、出行、祭祀、祈福、动土、移徙、入宅、破土、安葬,开市、赴任
2041-11-07,执,天德,是,嫁娶、纳采、订盟、祭祀、开光、出行、解除、伐木、出火、入宅、移徙、拆卸、修造、栽种、安葬、入殓,破土、动土、安门、作灶、开市、交易
2041-11-08,破,白虎,否,祭祀、解除、破屋、坏垣、求医、治病、馀事勿取,嫁娶、安葬
2041-11-09,危,玉堂,是,祭祀、扫舍、破土、安葬、除服、成服、启钻、移柩、入殓、立碑、馀事勿取,嫁娶、入宅、修造、动土
2041-11-10,成,天牢,是,订盟、纳采、会亲友、祭祀、祈福、修造、动土、安机械、破土、安葬,嫁娶、移徙、出火、开市、入宅
2041-11-11,收,玄武,否,祭祀、沐浴、捕捉、畋猎、结网、扫舍,嫁娶、纳采、订盟、安床、动土、破土、安葬
2041-11-12,开,司命,是,开市、纳财、出行、祭祀、祈福、求嗣、斋醮、问名、入学、起基、定磉、置产、开渠、掘井、拆卸、栽种、纳畜、牧养、动土、破土、启钻,移徙、入宅、出火、入殓、安葬
2041-11-13,闭,勾陈,否,祭祀、理发、置产、塞穴、除服、成服、移柩、入殓、破土、安葬,嫁娶、入宅、安床、掘井、开光
2041-11-14,建,青龙,否,祭祀、沐浴、出行、馀事勿取,开市、动土、破土、行丧、安葬
2041-11-15,除,明堂,是,嫁娶、造车器、出行、会亲友、移徙、入宅、修造、动土、雕刻、开光、安香、出火、理发、盖屋、合脊、起基、归岫、安门、拆卸、扫舍、栽种、造畜稠,开市、纳采、造庙、安床、开渠、安葬
2041-11-16,满,天刑,否,塑绘、会亲友、安机械、塞穴、结网、裁衣、经络,嫁娶、开市、祈福、斋醮、安葬
2041-11-17,平,朱雀,否,纳采、移徙、纳财、开市、交易、立券、入宅、修造、动土、竖柱、起基、定磉、造庙、安香、出火、修饰垣墙、平治道涂、会亲友、出行、开池、开厕,开仓、盖屋、造桥、祭祀
2041-11-18,定,金匮,是,订盟、纳采、纳财、开市、立券、祭祀、祈福、移徙、入宅、出行、盖屋、起基、修造、动土、竖柱、上梁、安门、安香、出火、教牛马、会亲友、破土,嫁娶、安葬、掘井、置产、造船
2041-11-19,执,天德,是,嫁娶、订盟、纳采、祭祀、祈福、塑绘、开光、移徙、安床、伐木、作梁、捕捉、畋猎、结网、求医、治病、解除、安葬、除服、成服、移柩、入殓、立碑、谢土,开市、造庙、动土、破土
2041-11-20,破,白虎,否,破屋、坏垣、祭祀、馀事勿取,嫁娶、安葬
2041-11-21,危,玉堂,是,嫁娶、纳采、订盟、祭祀、冠笄、裁衣、伐木、作梁、架马、定磉、开柱眼、作灶、移徙、安床、畋猎、结网、开池、开厕、除服、成服、启钻、入殓、移柩、安葬,盖屋、造船、动土、破土
2041-11-22,成,天牢,是,纳采、订盟、祭祀、祈福、求嗣、斋醮、开光、会亲友、解除、入学、纳财、交易、立券、经络、起基、动土、定磉、开池、栽种、纳畜、牧养、破土、入殓、立碑、安葬,嫁娶、开市、入宅、出火、移徙
2041-11-23,收,玄武,否,捕捉、畋猎、会亲友、解除、入殓、除服、成服、移柩、馀事勿取,安床、安门、破土、修坟、安葬
2041-11-24,收,玄武,否,祭祀、祈福、求嗣、斋醮、沐浴、冠笄、出行、理发、拆卸、解除、起基、动土、定磉、安碓磑、开池、掘井、扫舍、除服、成服、移柩、启钻、立碑、谢土,移徙、入宅、安门、作梁、安葬
2041-11-25,开,司命,是,嫁娶、冠笄、安床、纳采、会亲友、塞穴、捕捉、置产、造畜稠,开光、掘井、安葬、谢土、修坟
2041-11-26,闭,勾陈,否,祭祀、沐浴、馀事勿取,诸事不宜
2041-11-27,建,青龙,否,祭祀、会亲友、嫁娶、沐浴、修造、动土、祈福、开光、塑绘、出行、订盟、纳采、裁衣、入殓、除服、成服、移柩、启钻、赴任、竖柱、上梁、纳财、扫舍、栽种、纳畜、伐木,入宅、作灶、安床、开仓
2041-11-28,除,明堂,是,理发、会亲友、补垣、塞穴、结网,嫁娶、入宅、安门、移徙
2041-11-29,满,天刑,否,祭祀、祈福、订盟、纳采、裁衣、拆卸、修造、动土、起基、安床、移徙、入宅、安香、除服、成服、入殓、移柩、安葬、谢土、赴任、会亲友、进人口、出行、竖柱、上梁、经络、开市、交易、立券、纳财、开仓,作灶、治病、伐木、作梁
2041-11-30,平,朱雀,否,祭祀、祈福、订盟、纳采、裁衣、拆卸、修造、动土、起基、安床、移徙、入宅、安香、入殓、移柩、安葬、谢土、赴任、进人口、会亲友,作灶、治病
2041-12-01,定,金匮,是,祭祀、塑绘、开光、订盟、纳采、嫁娶、安床、进人口、入殓、除服、成服、移柩、启钻、安葬、立碑,开市、交易、破土、作灶
2041-12-02,执,天德,是,祭祀、解除、破屋、坏垣、馀事勿取,诸事不宜
2041-12-03,破,白虎,否,祭祀、解除、祈福、开光、塑绘、斋醮、订盟、纳采、裁衣、冠笄、拆卸、修造、动土、入殓、除服、成服、移柩、启钻、安床、赴任、出行、移徙、竖柱、上梁、伐木、栽种、破土、安葬、纳畜,盖屋、治病
2041-12-04,危,玉堂,是,祭祀、祈福、订盟、纳采、裁衣、合帐、冠笄、安机械、安床、造畜稠、入殓、移柩、启钻、安葬、谢土、除服、成服、会亲友、竖柱、上梁、经络、开市、交易、立券、纳财、纳畜、筑堤,嫁娶、入宅、治病、赴任
2041-12-05,成,天牢,是,沐浴、扫舍、馀事勿取,诸事不宜
2041-12-06,收,玄武,否,诸事不宜,无
2041-12-07,开,司命,是,纳采、订盟、祭祀、祈福、求嗣、塑绘、解除、拆卸、修造、动土、竖柱、上梁、安门、置产、开池、掘井、纳畜、安床、栽种、造畜稠、破土、移柩、立碑,嫁娶、开市、出火、进人口、入殓、赴任、入宅、移徙、出行、安葬
2041-12-08,闭,勾陈,否,入宅、移徙、出行、进人口、修造、动土、起基、上梁、安门、造仓、补垣、塞穴、造畜稠,嫁娶、开市、安床、栽种、安葬、祈福、开光、掘井
2041-12-09,建,青龙,否,造畜稠、教牛马,入宅、移徙、分居、作灶、出火、安香、动土、嫁娶、掘井、扫舍、造桥
2041-12-10,除,明堂,是,订盟、纳采、造车器、祭祀、祈福、出行、安香、修造、动土、上梁、开市、交易、立券、移徙、入宅、会亲友、安机械、栽种、纳畜、盖屋、起基、安床、造畜稠,破土、安葬、行丧、开生坟
2041-12-11,满,天刑,否,订盟、纳采、会亲友、安机械、开光、修造、动土、竖柱、上梁、盖屋、起基、造桥、栽种、纳畜、造畜稠、移柩、入殓、启钻、修坟、立碑、安葬,祈福、出火、嫁娶、入宅、开市、破土
2041-12-12,平,朱雀,否,祭祀、平治道涂、修坟、除服、成服、馀事勿取,移徙、入宅、嫁娶、掘井、安葬
2041-12-13,定,金匮,是,嫁娶、冠笄、祭祀、祈福、求嗣、雕刻、开光、安香、出行、入学、修造、动土、竖柱、上梁、盖屋、起基、安门、出火、移徙、入宅、掘井、造畜稠、安葬、破土、除服、成服,开市、纳采、订盟、作灶、造庙、造船、经络
2041-12-14,执,天德,是,嫁娶、订盟、纳采、祭祀、祈福、求嗣、斋醮、安香、出火、修造、起基、盖屋、合脊、安门、安碓磑、动土、上梁、移徙、入宅,出行、掘井、破土、行丧、安葬
2041-12-15,破,白虎,否,祭祀、沐浴、破屋、坏垣、馀事勿取,嫁娶、移徙、入宅、探病、出行、盖屋
2041-12-16,危,玉堂,是,冠笄、纳财、掘井、开池、出火、安床、交易、立券、畋猎、结网、理发、放水,安门、动土、破土、行丧、安葬、成服
2041-12-17,成,天牢,是,纳采、订盟、移徙、入宅、出行、安机械、会亲友、祭祀、祈福、斋醮、开光、安香、出火、解除、求医、针灸、治病、盖屋、起基、修造、安门、造船、纳畜、牧养、移柩、入殓、启钻、谢土、修坟、立碑,嫁娶、动土、安床、造桥、掘井
2041-12-18,收,玄武,否,祭祀、沐浴、作灶、纳财、捕捉、畋猎、安床、扫舍,开市、斋醮、破土、安葬
2041-12-19,开,司命,是,祈福、斋醮、纳采、订盟、解除、架马、开柱眼、修造、动土、起基、上梁、归岫、盖屋、合脊、掘井、除服、成服、破土、栽种,移徙、开市、入宅、安葬
2041-12-20,闭,勾陈,否,纳采、订盟、祭祀、沐浴、冠笄、合帐、裁衣、修造、动土、拆卸、移徙、入宅、安门、开仓、筑堤、开厕、栽种、纳畜、补垣、塞穴,嫁娶、祈福、开光、掘井、安葬、行丧
2041-12-21,建,青龙,否,合帐、裁衣、教牛马、馀事勿取,入宅、动土、破土、嫁娶、作灶、造船
2041-12-22,除,明堂,是,纳采、订盟、嫁娶、祭祀、祈福、安香、出火、出行、会亲友、经络、求医、治病、解除、拆卸、起基、修造、动土、定磉、扫舍、栽种、牧养、造畜稠,斋醮、作梁、掘井、行丧、安葬
2041-12-23,除,明堂,是,纳财、开市、交易、立券、会亲友、进人口、经络、祭祀、祈福、安香、出火、求医、治病、修造、动土、拆卸、扫舍、安床、栽种、牧养、开生坟、合寿木、入殓、安葬、启钻,嫁娶、移徙、入宅
2041-12-24,满,天刑,否,祭祀、入殓、移柩、馀事勿取,入宅、修造、动土、破土、安门、上梁
2041-12-25,平,朱雀,否,塑绘、开光、订盟、纳采、裁衣、冠笄、拆卸、修造、安床、入宅、出火、安葬、谢土、赴任,掘井、伐木、斋醮、作灶
2041-12-26,定,金匮,是,祭祀、塑绘、开光、裁衣、冠笄、嫁娶、纳采、拆卸、修造、动土、竖柱、上梁、安床、移徙、入宅、安香、结网、捕捉、畋猎、伐木、进人口、放水,出行、安葬、修坟、开市
2041-12-27,执,天德,是,祭祀、求医、破屋、坏垣、馀事勿取,诸事不宜
2041-12-28,破,白虎,否,祭祀、祈福、斋醮、出行、冠笄、安机械、移徙、入宅、安香、安床、除服、成服、移柩、启钻,开光、栽种、治病、安门、作灶
2041-12-29,危,玉堂,是,塑绘、斋醮、出行、拆卸、解除、修造、移徙、造船、入殓、除服、成服、移柩、启钻、修坟、立碑、谢土,无
2041-12-30,成,天牢,是,祭祀、沐浴、安床、纳财、畋猎、捕捉,开市、破土
2041-12-31,收,玄武,否,订盟、纳采、祭祀、祈福、修造、动土、上梁、破土,嫁娶、作灶
2042-01-01,开,司命,是,出行、沐浴、理发、补垣、塞穴,入宅、安葬
2042-01-02,闭,勾陈,否,教牛马、馀事勿取,入宅、动土、破土
2042-01-03,建,青龙,否,嫁娶、出行、求医、治病、祭祀、祈福、上梁、纳畜,开市、安葬
2042-01-04,除,明堂,是,开市、立券、开光、解除、安机械、上梁、启钻、安葬,嫁娶、祈福
2042-01-05,满,天刑,否,出行、起基、安床、纳财、交易、立券、嫁娶、栽种、入殓、移柩、安葬,挂匾、入宅、上梁、祈福、词讼、作梁、作灶、开池、安门、动土、破土、掘井
2042-01-06,平,朱雀,否,平治道涂、馀事勿取,开光、嫁娶、开仓、出货财、造船、安葬、探病
2042-01-07,定,金匮,是,嫁娶、订盟、纳采、会亲友、祭祀、安机械、移徙、入宅、盖屋、安床、起基、定磉、安香、出火、挂匾、拆卸、置产,开市、出行、安葬、行丧
2042-01-08,执,天德,是,沐浴、捕捉、畋猎、理发、整手足甲、入殓、除服、成服、破土、安葬、谢土、立碑、修坟、启钻,纳采、订盟、嫁娶、上梁、开市、斋醮、盖屋、安门
2042-01-09,破,白虎,否,祭祀、破屋、坏垣、馀事勿取,斋醮、嫁娶、开市
2042-01-10,危,玉堂,是,沐浴、开仓、出货财、开市、交易、立券、纳财、栽种、纳畜、牧养、畋猎、入殓、破土、安葬,祈福、嫁娶、安床、入宅、造船
2042-01-11,成,天牢,是,祭祀、沐浴、补垣、塞穴、断蚁、解除、馀事勿取,造庙、入宅、修造、安葬、行丧、嫁娶
2042-01-12,收,玄武,否,嫁娶、纳采、订盟、问名、祭祀、冠笄、裁衣、会亲友、进人口、纳财、捕捉、作灶,开市、安床、安葬、修坟
2042-01-13,开,司命,是,订盟、纳采、会亲友、祭祀、斋醮、沐浴、塑绘、出火、开光、竖柱、上梁、开市、交易、立券、作梁、开柱眼、伐木、架马、安门、安床、拆卸、牧养、造畜稠、掘井,造庙、嫁娶、出行、动土、安葬、行丧
2042-01-14,闭,勾陈,否,交易、立券、纳财、安床、裁衣、造畜稠、安葬、谢土、启钻、除服、成服、修坟、立碑、移柩、入殓,开光、嫁娶、开市、动土、破土
2042-01-15,建,青龙,否,祭祀、解除、教牛马、会亲友、馀事勿取,破土、动土、安葬
2042-01-16,除,明堂,是,纳采、订盟、移徙、纳财、开市、交易、立券、入宅、会亲友、解除、求医、治病、入学、安床、安门、安香、出火、拆卸、扫舍、挂匾、开生坟、合寿木、破土、修坟、启钻、入殓,探病、祭祀、出行、上梁、盖屋、谢土、安葬
2042-01-17,满,天刑,否,嫁娶、订盟、纳采、祭祀、祈福、求嗣、会亲友、解除、出行、入学、纳财、开市、交易、立券、习艺、经络、安床、开仓、出货财、纳畜、安葬、启钻、修坟、入殓,入宅、开光、动土
2042-01-18,平,朱雀,否,祭祀、冠笄、嫁娶、会亲友、进人口、裁衣、结网、平治道涂,移徙、入宅、造庙、作灶、治病、安葬
2042-01-19,定,金匮,是,祭祀、安碓磑、结网、馀事勿取,嫁娶、安葬
2042-01-20,执,天德,是,嫁娶、祭祀、沐浴、裁衣、出行、理发、移徙、捕捉、畋猎、放水、入宅、除服、成服、启钻、安葬、移柩、入殓,盖屋、开市、动土、破土
2042-01-21,破,白虎,否,破屋、坏垣、馀事勿取,嫁娶、开市、安葬
2042-01-22,破,白虎,否,纳采、订盟、祭祀、求嗣、出火、塑绘、裁衣、会亲友、入学、拆卸、扫舍、造仓、挂匾、掘井、开池、结网、栽种、纳畜、破土、修坟、立碑、安葬、入殓,祈福、嫁娶、造庙、安床、谢土
2042-01-23,危,玉堂,是,入殓、除服、成服、移柩、启钻、安葬、修坟、立碑,开市、伐木、嫁娶、作梁
2042-01-24,成,天牢,是,祭祀、作灶、入殓、除服、馀事勿取,开市、安床
2042-01-25,收,玄武,否,塑绘、开光、沐浴、冠笄、会亲友、作灶、放水、造畜稠,嫁娶、入殓、安葬、出行
2042-01-26,开,司命,是,祭祀、沐浴、祈福、斋醮、订盟、纳采、裁衣、拆卸、起基、竖柱、上梁、安床、入殓、除服、成服、移柩、启钻、挂匾、求嗣、出行、合帐、造畜稠,开仓、嫁娶、移徙、入宅
2042-01-27,闭,勾陈,否,祭祀、解除、馀事勿取,诸事不宜
2042-01-28,建,青龙,否,沐浴、解除、订盟、纳采、裁衣、冠笄、拆卸、修造、动土、移徙、入宅、除服、成服、移柩、破土、启钻、安葬、扫舍、修坟、伐木、纳财、交易、立券,作灶、祭祀、上梁、出行
2042-01-29,除,明堂,是,出行、嫁娶、订盟、纳采、入殓、安床、启钻、安葬、祭祀、裁衣、会亲友、进人口,无
2042-01-30,满,天刑,否,修饰垣墙、平治道涂、入殓、移柩、馀事勿取,嫁娶、移徙、入宅、开光
2042-01-31,平,朱雀,否,会亲友、纳采、进人口、修造、动土、竖柱、上梁、祭祀、开光、塑绘、祈福、斋醮、嫁娶、安床、移徙、入宅、安香、纳畜,出行、治病、安葬、开市
2042-02-01,定,金匮,是,祭祀、会亲友、出行、订盟、纳采、沐浴、修造、动土、祈福、斋醮、嫁娶、拆卸、安床、入殓、移柩、安葬、谢土、赴任、裁衣、竖柱、上梁、伐木、捕捉、栽种、破土、安门,盖屋、开市、作灶、入宅
2042-02-02,执,天德,是,解除、破屋、坏垣、馀事勿取,诸事不宜
2042-02-03,破,白虎,否,塑绘、开光、出行、订盟、纳采、除服、成服、嫁娶、纳婿、入殓、移柩、启钻、安葬、立碑,入宅、安床
2042-02-04,危,玉堂,是,纳采、订盟、祭祀、祈福、安香、出火、修造、出行、开市、移徙、入宅、动土、安葬、破土,安床、作灶、造船、会亲友
2042-02-05,成,天牢,是,塞穴、结网、取渔、畋猎,嫁娶、安门、移徙、入宅、安葬
2042-02-06,收,玄武,否,纳采、祭祀、祈福、出行、会亲友、修造、动土、移徙、入宅,嫁娶、开市、安葬、破土
2042-02-07,开,司命,是,纳采、嫁娶、祭祀、祈福、出行、开市、会亲友、动土、破土、启钻,移徙、入宅、出火、安门、安葬
2042-02-08,闭,勾陈,否,祭祀、祈福、求嗣、斋醮、入殓、除服、成服、移柩、安葬、启钻,嫁娶、动土、开光、盖屋、破土
2042-02-09,建,青龙,否,纳采、会亲友、竖柱、上梁、立券、入殓、移柩、安葬、启钻,祭祀、移徙、入宅、动土、破土
2042-02-10,除,明堂,是,祭祀、祈福、斋醮、出行、开市、立券、动土、移徙、入宅、破土、安葬,开光、嫁娶、作灶、掘井、纳畜
2042-02-11,满,天刑,否,会亲友、求嗣、理发、冠笄、结网、捕捉、开光,开市、动土、安葬、破土
2042-02-12,平,朱雀,否,祭祀、平治道涂、馀事勿取,嫁娶、祈福、掘井、安葬
2042-02-13,定,金匮,是,祈福、求嗣、斋醮、纳采、嫁娶、伐木、修造、动土、移徙、入宅、造庙、安机械、开市、入殓、除服、成服、移柩、安葬、破土、谢土,置产、盖屋、合脊、开光、探病、安门、作灶
2042-02-14,执,天德,是,入学、习艺、出行、纳采、订盟、嫁娶、会亲友、进人口、牧养、捕捉、入殓、移柩、安葬、启钻,开光、开市、入宅、动土、盖屋
2042-02-15,破,白虎,否,祭祀、沐浴、求医、治病、扫舍、破屋、坏垣、解除、馀事勿取,入宅、开市、安葬
2042-02-16,危,玉堂,是,祭祀、冠笄、嫁娶、拆卸、修造、动土、起基、上梁、盖屋、入宅、开市、开池、塞穴、入殓、除服、成服、移柩、安葬、破土,安床、栽种、治病、作灶
2042-02-17,成,天牢,是,祭祀、结网、入殓、除服、成服、移柩、安葬、破土,馀事勿取
2042-02-18,收,玄武,否,塑绘、开光、祈福、求嗣、订盟、纳采、裁衣、冠笄、拆卸、修造、动土、起基、安门、安床、移徙、造仓、结网、纳畜,伐木、作灶、安葬、取渔、入宅
2042-02-19,开,司命,是,祭祀、沐浴、开光、塑绘、祈福、求嗣、订盟、纳采、冠笄、裁衣、嫁娶、动土、除服、成服、移柩、破土、启钻、出行、安碓磑、放水、开市、立券、交易,安葬、上梁、入宅、作灶
2042-02-20,开,司命,是,祭祀、祈福、求嗣、酬神、裁衣、安床、立券、交易、入殓、除服、成服、移柩、谢土、启钻,出行、嫁娶、入宅、动土
2042-02-21,闭,勾陈,否,裁衣、合帐、入殓、除服、成服、会亲友、纳财,祭祀、祈福、移徙、嫁娶、入宅
2042-02-22,建,青龙,否,祭祀、斋醮、裁衣、合帐、冠笄、订盟、纳采、嫁娶、入宅、安香、谢土、入殓、移柩、破土、立碑、会亲友、出行、祈福、求嗣、上梁、放水,掘井
2042-02-23,除,明堂,是,安床、合帐、入宅、问名、纳采、求嗣、祭祀、开仓,斋醮、作灶、安葬
2042-02-24,满,天刑,否,作灶、平治道涂,祭祀、祈福、安葬、安门、馀事勿取
2042-02-25,平,朱雀,否,塑绘、开光、酬神、斋醮、订盟、纳采、裁衣、合帐、拆卸、动土、上梁、安床、安香、造庙、挂匾、会亲友、进人口、出行、修造、纳财、伐木、放水、出火、纳畜、沐浴、安门,盖屋、栽种、安葬、作灶
2042-02-26,定,金匮,是,祭祀、祈福、酬神、订盟、纳采、冠笄、裁衣、合帐、嫁娶、安床、移徙、入宅、安香、入殓、移柩、启钻、安葬、解除、取渔、捕捉、伐木、安门、出火,栽种、动土、开市、作灶
2042-02-27,执,天德,是,求医、破屋,诸事不宜
2042-02-28,破,白虎,否,祈福、求嗣、斋醮、塑绘、开光、订盟、纳采、嫁娶、动土、入宅、安香、移柩、安葬、谢土、出行、沐浴、修造、竖柱、上梁、纳财、破土、解除、安门、放水,作灶、安床
2042-03-01,危,玉堂,是,取渔、入殓、除服、成服、移柩、破土、安葬、立碑,嫁娶、上梁、入宅、作灶
2042-03-02,成,天牢,是,祭祀、求嗣、沐浴、酬神、订盟、纳采、裁衣、合帐、冠笄、安机械、安床、造仓、开池、经络、纳财、开市、立券、交易、结网、取渔、纳畜、捕捉,安葬、作灶、伐木、作梁
2042-03-03,收,玄武,否,祭祀、沐浴、祈福、求嗣、斋醮、订盟、纳采、裁衣、冠笄、开市、立券、交易、纳财、除服、谢土、出行、移柩,入殓、安葬、作灶、入宅
2042-03-04,开,司命,是,祭祀、祈福、求嗣、入殓、启钻、安葬、移柩,开光、掘井、针灸、出行、嫁娶、入宅、移徙、作灶、动土
2042-03-05,闭,勾陈,否,冠笄、立券、交易、修造、动土、安机械、入殓、安葬、破土,嫁娶、祈福、出火、入宅
2042-03-06,建,青龙,否,祭祀、会亲友、出行、立券、交易、冠笄、纳财,嫁娶、动土、掘井、起基、定磉、破土
2042-03-07,除,明堂,是,祭祀、沐浴、解除、扫舍、塞穴、牧养,嫁娶、安葬、行丧、安门
2042-03-08,满,天刑,否,纳财、开市、交易、立券、开光、针灸、会亲友、理发、安床、造仓、结网,移徙、入宅、栽种
2042-03-09,平,朱雀,否,嫁娶、冠笄、会亲友、安机械、纳财、交易、立券、置产,开市、盖屋、治病、作灶
2042-03-10,定,金匮,是,嫁娶、造车器、纳采、订盟、祭祀、祈福、安机械、移徙、入宅、开市、立券、破土、安葬,纳畜、理发、合寿木
2042-03-11,执,天德,是,祈福、斋醮、出行、移徙、入宅、修造、动土、破土、安葬,纳采、开光、安床、嫁娶、开市
2042-03-12,破,白虎,否,破屋、坏垣、馀事勿取,嫁娶、移徙、开市、入宅
2042-03-13,危,玉堂,是,嫁娶、冠笄、祭祀、出行、会亲友、修造、动土、入殓、破土,塑绘、开光、造桥、除服、成服
2042-03-14,成,天牢,是,开光、求嗣、出行、纳采、冠笄、出火、拆卸、起基、修造、动土、上梁、移徙、造船、开市、交易、立券、纳财,祈福、嫁娶、安葬、破土
2042-03-15,收,玄武,否,理发、冠笄、嫁娶、进人口、栽种、捕捉、针灸,纳财、开市、安葬、破土
2042-03-16,开,司命,是,开光、祈福、求嗣、出行、解除、伐木、盖屋、起基、修造、架马、安门、移徙、入宅、造庙、除服、成服、移柩、谢土、纳畜、牧养,纳采、动土、开市、交易
2042-03-17,闭,勾陈,否,裁衣、经络、伐木、开柱眼、拆卸、修造、动土、上梁、合脊、合寿木、入殓、除服、成服、移柩、破土、安葬、启钻、修坟、立碑,祭祀、嫁娶、出行、掘井
2042-03-18,建,青龙,否,祭祀、会亲友、立券、交易、裁衣、合帐、嫁娶、冠笄、进人口,栽种、动土、安葬、掘井、修坟、探病
2042-03-19,除,明堂,是,扫舍、塞穴、馀事勿取,诸事不宜
2042-03-20,满,天刑,否,塑绘、开光、订盟、纳采、裁衣、合帐、冠笄、安机械、会亲友、纳财、开市、立券、交易、安床、竖柱、上梁、结网、栽种、解除、经络,作灶、出行、入宅、安葬
2042-03-21,平,朱雀,否,祭祀、嫁娶、纳婿、除服、成服、入殓、移柩,动土、作灶、入宅、开光、安床
2042-03-22,定,金匮,是,祈福、求嗣、开光、塑绘、斋醮、订盟、纳采、嫁娶、拆卸、安床、入宅、安香、移柩、修坟、安葬、谢土、栽种、解除、冠笄、裁衣、移徙、修造、动土、竖柱、放水、启钻、立碑,赴任
2042-03-23,执,天德,是,祭祀、解除、入殓、除服、成服、移柩、启钻、安葬、修坟、立碑、谢土、沐浴、扫舍、捕捉、取渔、结网、畋猎、理发,安床、嫁娶、作灶、入宅
2042-03-24,破,白虎,否,破屋、坏垣,诸事不宜
2042-03-25,危,玉堂,是,祭祀、出行、订盟、纳采、裁衣、合帐、冠笄、进人口、动土、安床、作灶、入殓、移柩、安葬、破土、结网、取渔、畋猎,作梁、造庙
2042-03-26,成,天牢,是,祭祀、开光、塑绘、订盟、纳采、合帐、冠笄、拆卸、动土、起基、上梁、入宅、安香、开市、立券、纳财、沐浴、求嗣、出火、竖柱、安门,造庙、嫁娶、伐木、安葬
2042-03-27,收,玄武,否,祭祀、沐浴、捕捉、栽种,嫁娶、入宅、移徙、作灶、安葬
2042-03-28,开,司命,是,祭祀、开光、塑绘、酬神、斋醮、订盟、纳采、嫁娶、裁衣、动土、起基、出火、拆卸、移徙、入宅、安香、修造、竖柱、上梁、纳畜、牧养、祈福、求嗣、解除、伐木、定磉、盖屋、安门,栽种、安葬
2042-03-29,闭,勾陈,否,订盟、纳采、冠笄、拆卸、修造、动土、安床、入殓、除服、成服、移柩、安葬、破土、启钻、造仓,作灶、开光、嫁娶、开市、入宅
2042-03-30,建,青龙,否,祈福、开光、塑绘、酬神、订盟、纳采、裁衣、安床、开市、立券、入殓、除服、成服、移柩、启钻、安葬、立碑、赴任、会亲友、出行、交易、竖柱,作灶、掘井、动土、栽种
2042-03-31,除,明堂,是,祭祀、扫舍、塞穴,栽种、作灶、安葬、嫁娶
2042-04-01,满,天刑,否,开光、塑绘、裁衣、冠笄、伐木、拆卸、竖柱、上梁、开仓、会亲友、安机械、造仓、盖屋、交易、解除、开市、立券、纳财,出行、嫁娶、入宅、安葬
2042-04-02,平,朱雀,否,冠笄、入殓、除服、成服、移柩、平治道涂、修饰垣墙,盖屋、作灶、治病、探病
2042-04-03,定,金匮,是,祭祀、嫁娶、祈福、纳采、裁衣、合帐、安床、入宅、安香、入殓、移柩、安葬、谢土、修造、安碓磑、求嗣、会亲友、挂匾、交易、立券、纳财、造仓、放水,栽种、伐木
2042-04-04,执,天德,是,祭祀、祈福、求嗣、斋醮、沐浴、纳畜、入殓、破土、安葬,移徙、入宅、嫁娶、出行、安床
2042-04-05,破,白虎,否,纳采、祭祀、祈福、求嗣、斋醮、出行、起基、盖屋、定磉、安门、入殓、安葬,嫁娶、开市、纳财、出火
2042-04-06,危,玉堂,是,祭祀、沐浴、解除、求医、治病、破屋、坏垣、馀事勿取,祈福、斋醮、开市、安葬
2042-04-07,成,天牢,是,沐浴、捕捉、畋猎、结网、取渔,祭祀、嫁娶、入宅、作灶、安葬
2042-04-08,收,玄武,否,祭祀、祈福、求嗣、斋醮、纳采、订盟、开光、竖柱、上梁、开仓、出货财、盖屋、起基、定磉、安门、诸事不宜、破土、入殓、启钻、谢土,出火、嫁娶、开市
2042-04-09,开,司命,是,祭祀、捕捉、解除、馀事勿取,嫁娶、安葬
2042-04-10,闭,勾陈,否,纳采、嫁娶、出行、开市、立券、纳畜、牧养、出火、移徙、入宅,祈福、动土、破土、安葬、入殓
2042-04-11,建,青龙,否,祭祀、祈福、求嗣、斋醮、冠笄、作灶、纳财、交易,开光、嫁娶、掘井、安葬、安门、探病
2042-04-12,除,明堂,是,祭祀、解除、教牛马、出行、馀事勿取,动土、破土、行丧、开光、作梁、安葬、探病
2042-04-13,满,天刑,否,沐浴、斋醮、解除、求医、治病、会亲友、造畜稠、栽种、理发、扫舍,开市、嫁娶、移徙、入宅、掘井、安葬
2042-04-14,平,朱雀,否,求嗣、出行、解除、订盟、纳采、嫁娶、会亲友、进人口、安床、开市、交易、纳畜、牧养、入殓、除服、成服、移柩、安葬、启钻,祈福、修造、动土、破土、谢土
2042-04-15,定,金匮,是,祭祀、作灶、平治道涂、馀事勿取,嫁娶、安葬、动土、安床、治病
2042-04-16,执,天德,是,造车器、祭祀、祈福、求嗣、斋醮、开市、交易、安机械、雕刻、开光、盖屋、合脊、起基、定磉、安门、纳畜、安葬、开生坟、立碑、谢土,入宅、动土、开仓、出货财
2042-04-17,破,白虎,否,祭祀、祈福、开光、求嗣、斋醮、纳采、订盟、求医、治病、起基、定磉、造船、取渔、解除、安葬、启钻、谢土、入殓,开市、动土、掘井、开池
2042-04-18,危,玉堂,是,祭祀、沐浴、破屋、坏垣、求医、治病、解除、馀事勿取,嫁娶、开市、交易、入宅、安葬
2042-04-19,成,天牢,是,诸事不宜,无
2042-04-20,成,天牢,是,祭祀、塑绘、开光、订盟、纳采、冠笄、裁衣、安机械、拆卸、修造、动土、安床、经络、开市,出火、入宅、安葬、伐木
2042-04-21,收,玄武,否,祭祀、馀事勿取,造庙、嫁娶、安床
2042-04-22,开,司命,是,订盟、纳采、嫁娶、进人口、会亲友、交易、立券、动土、除服、谢土、移柩、破土、启钻、赴任、出行、开市、纳财、栽种,入殓、安葬、入宅、安床
2042-04-23,闭,勾陈,否,祭祀、祈福、裁衣、合帐、安床、入殓、除服、成服、移柩、破土、启钻、安葬、谢土、立碑、造畜稠,掘井、安门、嫁娶、纳采
2042-04-24,建,青龙,否,祭祀、进人口、嫁娶、安床、解除、冠笄、出行、裁衣、扫舍,掘井、动土、破土、安葬、开光
2042-04-25,除,明堂,是,纳采、开光、求医、治病、动土、上梁、移徙、入宅,嫁娶、开市、安葬
2042-04-26,满,天刑,否,祭祀、会亲友、开市、安床、启钻、安葬,嫁娶、动土、破土
2042-04-27,平,朱雀,否,祭祀、作灶、掘井、平治道涂,嫁娶、安葬
2042-04-28,定,金匮,是,祭祀、斋醮、开市、动土、入殓、破土、安葬,嫁娶、移徙、入宅
2042-04-29,执,天德,是,嫁娶、纳采、祭祀、祈福、出行、移徙、求医,开市、动土、破土
2042-04-30,破,白虎,否,祭祀、求医、治病、解除、馀事勿取,诸事不宜
2042-05-01,危,玉堂,是,沐浴、结网、取渔,嫁娶、入宅、安葬
2042-05-02,成,天牢,是,无,诸事不宜
2042-05-03,收,玄武,否,解除、坏垣、馀事勿取,诸事不宜
2042-05-04,开,司命,是,嫁娶、开光、出行、出火、拆卸、进人口、开市、立券、交易、挂匾、入宅、移徙、安床、栽种,祈福、入殓、祭祀、作灶、安葬、探病
2042-05-05,闭,勾陈,否,祭祀、祈福、求嗣、开光、纳采、订盟、嫁娶、出行、动土、破土、会亲友、开市、交易、立券、习艺、拆卸、起基、安碓磑、放水、开池、造仓、开渠、栽种、谢土、启钻、修坟、立碑,入宅、安门、安葬
2042-05-06,建,青龙,否,嫁娶、冠笄、祭祀、出行、移徙、入宅、作灶、造车器、补垣、塞穴、开厕、破土、启钻、除服、成服、入殓,盖屋、造桥、安门、安葬、上梁
2042-05-07,除,明堂,是,祭祀、解除、断蚁、会亲友、馀事勿取,嫁娶、安葬
2042-05-08,满,天刑,否,嫁娶、纳采、订盟、祭祀、祈福、治病、造车器、修造、动土、移徙、入宅,开市、出行、安床、作灶、安葬
2042-05-09,平,朱雀,否,嫁娶、纳采、订盟、会亲友、安机械、结网、冠笄、祭祀、求嗣、进人口、经络,开市、作灶、动土、行丧、安葬
2042-05-10,定,金匮,是,祭祀、沐浴、移徙、破土、安葬、扫舍、平治道涂,祈福、嫁娶、入宅、安床、作灶
2042-05-11,执,天德,是,祭祀、祈福、斋醮、求嗣、安机械、纳畜、移徙、入宅、塑绘、开光、起基、竖柱、上梁、作灶、安门、安香、出火、盖屋、启钻、安葬,动土、破土、嫁娶
2042-05-12,破,白虎,否,嫁娶、纳采、订盟、斋醮、开光、祭祀、祈福、求医、治病、会亲友、动土、解除、捕捉、纳畜、牧养、入殓、破土、安葬,移徙、入宅、盖屋、架马
2042-05-13,危,玉堂,是,祭祀、沐浴、解除、破屋、坏垣、馀事勿取,行丧、安葬
2042-05-14,成,天牢,是,沐浴、扫舍、馀事勿取,斋醮、开市、嫁娶、作灶
2042-05-15,收,玄武,否,开市、交易、立券、安机械、会亲友、开光、求医、治病、盖屋、起基、修造、动土、定磉、竖柱、上梁、安门、作灶、放水、开厕、开池、栽种、牧养、造畜稠、破土、安葬、立碑,嫁娶、出火、移徙、入宅
2042-05-16,开,司命,是,栽种、捕捉、畋猎、馀事勿取,开市、动土、祭祀、斋醮、安葬、探病
2042-05-17,闭,勾陈,否,嫁娶、祭祀、祈福、求嗣、斋醮、订盟、纳采、解除、出行、动土、破土、习艺、针灸、理发、会亲友、起基、修造、竖柱、定磉、安床、拆卸、纳畜、牧养、放水、除服、成服、修坟、立碑,开市、入宅、探病、出火、盖屋
2042-05-18,建,青龙,否,馀事勿取,无
2042-05-19,建,青龙,否,塞穴、断蚁、结网、馀事勿取,破土、安葬
2042-05-20,除,明堂,是,开光、出行、纳采、嫁娶、伐木、架马、出火、拆卸、移徙、入宅、造庙、造桥、造船、造畜稠、开市、入殓、除服、成服、移柩、安葬,无
2042-05-21,满,天刑,否,进人口、牧养、置产、塞穴、结网、馀事勿取,诸事不宜
2042-05-22,平,朱雀,否,开光、出行、嫁娶,会亲友、进人口、修造、动土、起基、移徙、开市、纳畜、入殓、除服、成服、移柩、破土、安葬、修坟、立碑
2042-05-23,定,金匮,是,嫁娶、纳采、出行、祭祀、祈福、开市、动土、移徙、入宅、破土、安葬,安门
2042-05-24,执,天德,是,嫁娶、纳采、求医、治病、修造、动土、移徙、入宅、破土、安葬,开市、开光
2042-05-25,破,白虎,否,祭祀、破屋、坏垣、馀事勿取,诸事不宜
2042-05-26,危,玉堂,是,嫁娶、纳采、祭祀、祈福、出行、动土、上梁、移徙、入宅、破土、安葬,斋醮
2042-05-27,成,天牢,是,纳采、祭祀、祈福、开市、求医、治病、动土、纳畜,嫁娶、安葬
2042-05-28,收,玄武,否,嫁娶、纳采、出行、移徙、入宅,动土、破土、安葬
2042-05-29,开,司命,是,订盟、纳采、祭祀、动土、破土、交易、立券,嫁娶、安葬
2042-05-30,闭,勾陈,否,嫁娶、裁衣、祭祀、出行、安床、作灶、移徙、入宅、破土、安葬,赴任、捕捉
2042-05-31,建,青龙,否,塞穴、结网、馀事勿取,诸事不宜
2042-06-01,除,明堂,是,嫁娶、订盟、纳采、出行、祭祀、祈福、斋醮、动土、上梁、破土、安葬,移徙、入宅
2042-06-02,满,天刑,否,订盟、纳采、会亲友、安床、作灶、造畜稠,开市、安葬
2042-06-03,平,朱雀,否,沐浴、平治道涂、扫舍、入殓、移柩、破土、启钻、安葬、馀事勿取,诸事不宜
2042-06-04,定,金匮,是,嫁娶、祭祀、祈福、求嗣、开光、出行、出火、拆卸、动土、上梁、进人口、入宅、移徙、安床、安门、开市、交易、立券、挂匾、栽种、破土、安葬,无
2042-06-05,执,天德,是,嫁娶、纳采、祭祀、祈福、出行、立券、移徙、入宅、动土、破土、安葬,开光、作灶、盖屋、架马、开仓
2042-06-06,破,白虎,否,纳采、订盟、冠笄、祭祀、祈福、斋醮、出行、修造、动土、移徙、入宅、安香、出火、拆卸、盖屋、起基、竖柱、上梁、定磉、安门、开池,嫁娶、开市、合寿木、安葬
2042-06-07,危,玉堂,是,祭祀、沐浴、破屋、坏垣、馀事勿取,入宅、嫁娶、移徙
2042-06-08,成,天牢,是,嫁娶、安机械、交易、出行、祭祀、祈福、求嗣、斋醮、塑绘、开光、合帐、裁衣、放水、开池、掘井,作灶、理发、造桥、行丧、安葬
2042-06-09,收,玄武,否,纳采、冠笄、求医、治病、开市、立券、修造、动土、安机械、破土、安葬,斋醮、祭祀、移徙、入宅、上梁、嫁娶
2042-06-10,开,司命,是,祭祀、作灶、馀事勿取,开市、安葬、破土、修坟、掘井
2042-06-11,闭,勾陈,否,祭祀、祈福、求嗣、斋醮、安香、解除、移徙、入宅、会亲友、求医、治病、动土、破土、开生坟、合寿木,合帐、上梁、经络、安葬、入殓
2042-06-12,建,青龙,否,嫁娶、冠笄、修造、动土、作灶、移徙、入宅、补垣、塞穴、纳畜、牧养、架马、起基、定磉、开池、造船,祈福、开光、掘井、开市、安葬
2042-06-13,除,明堂,是,祭祀、交易、纳财,斋醮、开渠、上梁、动土、破土
2042-06-14,满,天刑,否,嫁娶、订盟、纳采、冠笄、会亲友、安机械、造车器、祭祀、出行、纳财、入宅、安香、出火、入学、塑绘、开光、拆卸、起基、修造、动土、牧养、栽种、安门、开厕,行丧、伐木、作梁、作灶
2042-06-15,平,朱雀,否,开光、求嗣、出行、冠笄、嫁娶、伐木、架马、开柱眼、修造、移徙、入宅、开市、交易、立券、安香、出火、挂匾、起基、开生坟、合寿木、入殓、除服、成服、移柩、安葬,安床、出货财、作灶、动土、破土
2042-06-16,定,金匮,是,祭祀、沐浴、理发、嫁娶、作灶、整手足甲、扫舍、修饰垣墙、平治道涂,斋醮、出行、治病、合寿木
2042-06-17,执,天德,是,安机械、移徙、入宅、出行、祭祀、祈福、斋醮、纳采、订盟、安香、出火、解除、会亲友、修造、动土、拆卸、起基、定磉、盖屋、安床、破土、安葬、入殓、立碑,开市、伐木、作梁、作灶
2042-06-18,执,天德,是,祭祀、沐浴、捕捉、结网、畋猎、取渔、馀事勿取,开市、交易、嫁娶、安葬、行丧
2042-06-19,破,白虎,否,破屋、坏垣、求医、治病、畋猎、馀事勿取,嫁娶、入宅
2042-06-20,危,玉堂,是,嫁娶、出行、安机械、祭祀、塑绘、开光、治病、经络、安床、结网、塞穴、破土、入殓,开市、安门、掘井、作灶
2042-06-21,成,天牢,是,订盟、纳采、会亲友、进人口、雕刻、拆卸、修造、动土、起基、开市、栽种、纳畜、牧养、入殓、除服、成服、移柩、破土、安葬,无
2042-06-22,收,玄武,否,祭祀、捕捉、取渔、修饰垣墙、馀事勿取,诸事不宜
2042-06-23,开,司命,是,嫁娶、纳采、祭祀、祈福、求医、治病、出行、动土、移徙、入宅,开市、安门
2042-06-24,闭,勾陈,否,裁衣、作灶、移徙、入宅、纳畜,嫁娶、安葬
2042-06-25,建,青龙,否,祭祀、入殓、移柩、启钻、安葬,上梁、动土、破土
2042-06-26,除,明堂,是,订盟、纳采、出行、祈福、斋醮、安床、会亲友,移徙、入宅、安葬
2042-06-27,满,天刑,否,嫁娶、纳采、出行、求医、治病、开市、移徙、入宅、启钻、安葬,动土、破土
2042-06-28,平,朱雀,否,嫁娶、祭祀、沐浴、扫舍、修饰垣墙,行丧、安葬
2042-06-29,定,金匮,是,嫁娶、订盟、纳采、出行、开市、祭祀、祈福、动土、移徙、入宅、破土、安葬,作灶
2042-06-30,执,天德,是,订盟、纳采、出行、祭祀、祈福、修造、动土、移徙、入宅,开市、安葬
2042-07-01,破,白虎,否,诸事不宜,无
2042-07-02,危,玉堂,是,嫁娶、订盟、纳采、祭祀、祈福、入殓、破土、安葬,开光、开市
2042-07-03,成,天牢,是,开光、求医、治病、动土、上梁、入殓、破土、安葬,嫁娶
2042-07-04,收,玄武,否,祭祀、栽种、馀事勿取,诸事不宜
2042-07-05,开,司命,是,嫁娶、开光、祭祀、祈福、求嗣、出行、解除、伐木、入宅、移徙、安床、出火、拆卸、修造、上梁、栽种、移柩,安葬、开市、交易、立券
2042-07-06,闭,勾陈,否,求嗣、嫁娶、纳采、合帐、裁衣、冠笄、伐木、作梁、修造、动土、起基、竖柱、上梁、安门、作灶、筑堤、造畜稠,安葬、出行、祈福、栽种
2042-07-07,建,青龙,否,祭祀、入殓、除服、成服、移柩、破土、启钻、安葬、塞穴、断蚁、结网,开市、入宅、嫁娶、开光、盖屋
2042-07-08,除,明堂,是,祭祀、修造、出行、盖屋、竖柱、造车器、教牛马、造畜稠、割蜜,动土、破土、掘井、安葬
2042-07-09,满,天刑,否,祭祀、沐浴、塑绘、开光、入学、解除、扫舍、治病、开池、牧养,嫁娶、出行、纳采、入宅、作灶
2042-07-10,平,朱雀,否,纳财、开市、交易、立券、出行、祭祀、祈福、求嗣、开光、解除、扫舍、起基、竖柱、安床、移徙、开仓、出货财、补垣、塞穴、栽种、纳畜、牧养,斋醮、入宅、安门、安葬、破土、行丧
2042-07-11,定,金匮,是,祭祀、修饰垣墙、平治道涂,开市、动土、破土、嫁娶、修造、安葬
2042-07-12,执,天德,是,订盟、纳采、祭祀、祈福、开光、安香、出火、立券、安机械、移徙、入宅、竖柱、上梁、会亲友、安床、拆卸、挂匾、牧养、教牛马,嫁娶、安葬、行丧、破土、修坟
2042-07-13,破,白虎,否,沐浴、理发、捕捉、入殓、移柩、破土、启钻、安葬,出火、嫁娶、入宅、作灶、上梁、动土
2042-07-14,危,玉堂,是,求医、治病、破屋、坏垣、馀事勿取,嫁娶、出行
2042-07-15,成,天牢,是,纳采、订盟、嫁娶、移徙、入宅、出行、开市、交易、立券、纳财、会亲友、安香、出火、拆卸、盖屋、起基、安床、作灶、挂匾、安葬、破土、启钻、立碑、入殓、移柩,祈福、上梁、开仓、掘井、牧养
2042-07-16,收,玄武,否,祭祀、祈福、斋醮、出行、纳采、订盟、安机械、出火、拆卸、修造、动土、起基、移徙、入宅、造庙、入殓、除服、成服、移柩、破土、安葬、谢土,嫁娶、开市、栽种、合寿木
2042-07-17,收,玄武,否,祭祀、进人口、纳财、纳畜、牧养、捕捉、馀事勿取,开市、入宅、安床、动土、安葬
2042-07-18,开,司命,是,祭祀、塑绘、开光、求医、治病、嫁娶、会亲友、放水、掘井、牧养、纳畜、开渠、安碓磑,盖屋、入宅、作灶、入学、安葬、行丧
2042-07-19,闭,勾陈,否,祭祀、塞穴、结网、畋猎、馀事勿取,移徙、开市、入宅、嫁娶、开光、安门
2042-07-20,建,青龙,否,开市、纳财、祭祀、塑绘、安机械、冠笄、会亲友、裁衣、开仓、经络、纳畜、造畜稠、教牛马、牧养,动土、破土、安葬、治病
2042-07-21,除,明堂,是,移徙、入宅、治病、会亲友、祭祀、祈福、斋醮、安香、嫁娶、盖屋、起基,开市、安床、出行、经络
2042-07-22,满,天刑,否,塑绘、出行、冠笄、嫁娶、进人口、裁衣、纳婿、造畜稠、交易、立券、牧养、开生坟、入殓、除服、成服、移柩、安葬、启钻,无
2042-07-23,平,朱雀,否,祭祀、冠笄、嫁娶、捕捉、结网、畋猎、取渔、馀事勿取,无
2042-07-24,定,金匮,是,沐浴、扫舍、馀事勿取,诸事不宜
2042-07-25,执,天德,是,纳采、祭祀、祈福、解除、动土、破土、安葬,嫁娶、移徙、入宅
2042-07-26,破,白虎,否,祭祀、破屋、坏垣、馀事勿取,诸事不宜
2042-07-27,危,玉堂,是,嫁娶、纳采、开市、出行、动土、上梁、移徙、入宅、破土、安葬,祭祀、祈福
2042-07-28,成,天牢,是,嫁娶、纳采、开市、出行、动土、上梁、移徙、入宅、破土、安葬,赴任
2042-07-29,收,玄武,否,祭祀、作灶、纳财、捕捉,开市、破土
2042-07-30,开,司命,是,嫁娶、开市、立券、祭祀、祈福、动土、移徙、入宅,造庙、安葬
2042-07-31,闭,勾陈,否,补垣、塞穴、结网、入殓、除服、成服、移柩、安葬、启钻、馀事勿取,诸事不宜
2042-08-01,建,青龙,否,嫁娶、纳采、出行、祭祀、祈福、解除、移徙、入宅,动土、安葬
2042-08-02,除,明堂,是,嫁娶、祭祀、祈福、斋醮、治病、破土、安葬,开市、入宅
2042-08-03,满,天刑,否,嫁娶、出行、开市、安床、入殓、启钻、安葬,祈福、动土、破土
2042-08-04,平,朱雀,否,嫁娶、祭祀、裁衣、结网、冠笄、沐浴,开仓、出货财、置产、安葬、动土、破土、掘井、栽种
2042-08-05,定,金匮,是,入宅、移徙、安床、开光、祈福、求嗣、进人口、开市、交易、立券、出火、拆卸、修造、动土,嫁娶、破土、置产、栽种、安葬、修坟、行丧
2042-08-06,执,天德,是,祭祀、解除、沐浴、整手足甲、入殓、移柩、破土、启钻、安葬,嫁娶、入宅、移徙、作灶、开市、交易、安门、栽种
2042-08-07,破,白虎,否,祭祀、普渡、捕捉、解除、结网、畋猎、入殓、破土、安葬,开市、交易、入宅、嫁娶
2042-08-08,危,玉堂,是,沐浴、破屋、坏垣、馀事勿取,斋醮、开市
2042-08-09,成,天牢,是,订盟、纳采、祭祀、祈福、安香、出火、开市、立券、入宅、挂匾、造桥、启钻、安葬,动土、破土、嫁娶、掘井、安床
2042-08-10,收,玄武,否,嫁娶、祭祀、祈福、斋醮、普渡、移徙、入宅、动土、治病、开市、交易、立券、开光、修造、造车器、安香、安床、捕捉、畋猎、结网,纳采、订盟、经络、行丧、安葬、探病
2042-08-11,开,司命,是,嫁娶、订盟、纳采、作灶、冠笄、裁衣、会亲友、纳畜、牧养、安机械、开市、立券、纳财、安床,掘井、出行、破土、行丧、安葬
2042-08-12,闭,勾陈,否,嫁娶、订盟、纳采、祭祀、斋醮、普渡、解除、出行、会亲友、开市、纳财、修造、动土、竖柱、上梁、开光、开仓、出货财、纳畜、牧养、开池、破土、启钻,出火、入宅、盖屋、安门、安葬
2042-08-13,建,青龙,否,嫁娶、普渡、祭祀、祈福、补垣、塞穴、断蚁、筑堤、入殓、除服、成服、安葬,动土、破土、掘井、开光、上梁、词讼
2042-08-14,除,明堂,是,嫁娶、冠笄、祭祀、沐浴、普渡、出行、纳财、扫舍、纳畜、赴任,开市、动土、破土、安床、开仓、上梁
2042-08-15,满,天刑,否,祭祀、沐浴、理发、整手足甲、冠笄、解除、入殓、移柩、破土、启钻、安葬,嫁娶、出行、入宅、开市、安门
2042-08-16,满,天刑,否,塑绘、冠笄、嫁娶、会亲友、进人口、经络、裁衣、栽种、纳畜、牧养、补垣、塞穴、捕捉,祈福、开市、动土、行丧、安葬
2042-08-17,平,朱雀,否,出行、沐浴、订盟、纳采、裁衣、竖柱、上梁、移徙、纳畜、牧养,嫁娶、安门、动土、安葬
2042-08-18,定,金匮,是,纳采、订盟、嫁娶、祭祀、祈福、普渡、开光、安香、出火、移徙、入宅、竖柱、修造、动土、上梁、起基、盖屋、安门、造庙、造桥、破土、启钻、安葬,开市、立券、纳财、作灶
2042-08-19,执,天德,是,祭祀、捕捉、畋猎、纳畜、牧养、入殓、除服、成服、移柩、破土、安葬、启钻,嫁娶、纳采、订盟、开市、入宅
2042-08-20,破,白虎,否,破屋、坏垣、治病、馀事勿取,行丧、安葬
2042-08-21,危,玉堂,是,祈福、斋醮、出行、冠笄、嫁娶、雕刻、开柱眼、入宅、造桥、开市、交易、立券、纳财、入殓、除服、成服、移柩、破土、安葬、启钻,动土、订盟、安床、开池
2042-08-22,成,天牢,是,祈福、求嗣、解除、订盟、纳采、动土、起基、放水、造仓、开市、纳畜、牧养、开生坟、入殓、除服、成服、移柩、破土、安葬,无
2042-08-23,收,玄武,否,塑绘、开光、解除、订盟、纳采、嫁娶、出火、修造、动土、移徙、入宅、拆卸、起基、安门、分居、开市、交易、立券、纳财、纳畜、牧养,无
2042-08-24,开,司命,是,祈福、出行、订盟、纳采、嫁娶、裁衣、动土、安床、放水、开市、掘井、交易、立券、栽种、开渠、除服、成服、移柩、破土,无
2042-08-25,闭,勾陈,否,嫁娶、祭祀、祈福、斋醮、作灶、移徙、入宅,动土、破土
2042-08-26,建,青龙,否,嫁娶、出行、纳畜、祭祀、入殓、启钻、安葬,作灶、动土、破土
2042-08-27,除,明堂,是,订盟、纳采、祭祀、祈福、修造、动土、上梁、破土、安葬,嫁娶、开市
2042-08-28,满,天刑,否,订盟、纳采、出行、会亲友、修造、上梁、移徙、入宅,开市、安葬
2042-08-29,平,朱雀,否,沐浴、修饰垣墙、平治道涂、馀事勿取,嫁娶、祈福
2042-08-30,定,金匮,是,嫁娶、祭祀、祈福、斋醮、动土、移徙、入宅,开市、安葬
2042-08-31,执,天德,是,捕捉、结网、入殓、破土、安葬,嫁娶、入宅
2042-09-01,破,白虎,否,沐浴、治病、破屋、坏垣、馀事勿取,诸事不宜
2042-09-02,危,玉堂,是,嫁娶、订盟、纳采、出行、开市、祭祀、祈福、移徙、入宅、启钻、安葬,动土、破土
2042-09-03,成,天牢,是,嫁娶、订盟、纳采、祭祀、祈福、求医、治病、动土、移徙、入宅、破土、安葬,开光、针灸
2042-09-04,收,玄武,否,订盟、纳采、祭祀、祈福、安机械、作灶、纳畜,动土、安葬
2042-09-05,开,司命,是,嫁娶、祭祀、祈福、求嗣、出行、动土、安床、掘井、破土、启钻,入宅、作梁、安门、伐木、修造、上梁、入殓、盖屋
2042-09-06,闭,勾陈,否,嫁娶、祭祀、祈福、求嗣、出行、出火、拆卸、修造、移徙、动土、安床、入殓、破土、安葬、启钻,盖屋、开光、理发、造船、掘井、作灶
2042-09-07,建,青龙,否,冠笄、沐浴、出行、修造、动土、移徙、入宅、破土、安葬,嫁娶、开市、祭祀、祈福、斋醮、纳采、修坟
2042-09-08,除,明堂,是,祭祀、出行,嫁娶、入宅、修造、动土、会亲友、破土
2042-09-09,满,天刑,否,嫁娶、订盟、纳采、祭祀、祈福、出行、修造、动土、移徙、入宅,针灸、伐木、作梁、造庙、行丧、安葬
2042-09-10,平,朱雀,否,出行、开市、交易、立券、安机械、出火、上梁、移徙,嫁娶、安葬、动土、造桥
2042-09-11,定,金匮,是,祭祀、沐浴、修饰垣墙、平治道涂、馀事勿取,斋醮、嫁娶、移徙、出行、上梁、入宅
2042-09-12,执,天德,是,嫁娶、造车器、安机械、祭祀、祈福、开光、安香、出火、出行、开市、立券、修造、动土、移徙、入宅、破土、安葬,纳采、订盟、架马、词讼、开渠
2042-09-13,破,白虎,否,沐浴、捕捉、入殓、除服、成服、破土、启钻、安葬,祭祀、嫁娶、安床、开市、入宅、探病、上梁
2042-09-14,破,白虎,否,馀事勿取,探病
2042-09-15,危,玉堂,是,订盟、纳采、祭祀、祈福、安香、出火、修造、动土、上梁、安门、起基、竖柱、定磉、开池、移徙、入宅、立券、破土,嫁娶、造庙、造桥、造船、作灶、安葬
2042-09-16,成,天牢,是,开光、求嗣、雕刻、嫁娶、订盟、纳采、出火、拆卸、修造、动土、起基、上梁、放水、移徙、入宅、造仓、造船、开市、开池、纳畜、牧养、挂匾,行丧、安葬、合寿木
2042-09-17,收,玄武,否,祭祀、嫁娶、捕捉,开光、动土、破土、开市、修造、入宅、安门
2042-09-18,开,司命,是,祭祀、普渡、解除、会亲友、捕捉、畋猎、启钻、除服、成服、移柩,嫁娶、开市、动土、掘井、开池、安葬
2042-09-19,闭,勾陈,否,出行、解除、冠笄、嫁娶、伐木、架马、开柱眼、修造、动土、移徙、入宅、开生坟、合寿木、入殓、移柩、破土、安葬、修坟,祭祀、祈福、开光、开市、安床
2042-09-20,建,青龙,否,祭祀、祈福、求嗣、出行、沐浴、交易、扫舍、教牛马,动土、作灶、行丧、安葬、修坟
2042-09-21,除,明堂,是,出行、解除、纳采、冠笄、雕刻、修造、动土、起基、上梁、合脊、安床、移徙、入宅、开市、栽种、开厕,造庙、安门、行丧、安葬
2042-09-22,满,天刑,否,开光、塑绘、出行、解除、冠笄、裁衣、挂匾、作灶、开市、开池、开厕、补垣、塞穴,无
2042-09-23,平,朱雀,否,祭祀、祈福、修饰垣墙、平治道涂、入殓、移柩,嫁娶、入宅、上梁、安门
2042-09-24,定,金匮,是,祭祀、会亲友、纳采、嫁娶、开光、塑绘、斋醮、安香、开市、立券、除服、成服、入殓、移柩、安葬、赴任、进人口、出行、裁衣、修造、动土、上梁、经络、交易,入宅、伐木
2042-09-25,执,天德,是,祭祀、冠笄、会亲友、拆卸、起基、除服、成服、移柩、启钻、安葬、沐浴、捕捉、开光、塑绘,作灶、入宅、嫁娶
2042-09-26,破,白虎,否,祭祀、沐浴、破屋、坏垣、馀事勿取,移徙、入宅、出行、栽种
2042-09-27,危,玉堂,是,祭祀、塑绘、开光、出行、解除、订盟、嫁娶、拆卸、起基、安床、入宅、开市、入殓、除服、成服、移柩、破土、谢土、挂匾、开柱眼、交易,造桥、冠笄、盖屋、掘井
2042-09-28,成,天牢,是,祭祀、会亲友、进人口、动土、上梁、开光、塑绘、冠笄、拆卸、起基、安床、开市、立券、赴任、经络,定磉、安葬
2042-09-29,收,玄武,否,祭祀、裁衣、冠笄、嫁娶、纳婿、会亲友、除服、成服、移柩、捕捉、进人口、入殓,移徙、入宅、作灶
2042-09-30,开,司命,是,诸事不宜,入殓、安葬、开市、交易
2042-10-01,闭,勾陈,否,祭祀、裁衣、冠笄、嫁娶、安机械、拆卸、动土、起基、移徙、入宅、入殓、启钻、安葬、造仓、经络,安床、开光、开市、交易
2042-10-02,建,青龙,否,祭祀、出行、成服、除服、沐浴、入殓,动土、冠笄、移徙、入宅、开市、竖柱、上梁
2042-10-03,除,明堂,是,祭祀、沐浴、赴任、出行、馀事勿取,诸事不宜
2042-10-04,满,天刑,否,诸事不宜,无
2042-10-05,平,朱雀,否,沐浴、入殓、移柩、除服、成服、破土、平治道涂,嫁娶、移徙、入宅、开市
2042-10-06,定,金匮,是,嫁娶、祭祀、祈福、求嗣、沐浴、出火、出行、拆卸、修造、动土、进人口、开市、交易、立券、入宅、移徙、安床、栽种、纳畜、入殓、安葬、启钻、除服、成服,无
2042-10-07,执,天德,是,开光、解除、起基、动土、拆卸、上梁、立碑、修坟、安葬、破土、启钻、移柩,嫁娶、出行、安床、作灶、祭祀、入宅、移徙、出火、进人口、置产
2042-10-08,破,白虎,否,嫁娶、纳采、订盟、祭祀、祈福、求嗣、斋醮、开光、安香、出火、造庙、移徙、出行、入宅、起基、竖柱、上梁、安床、纳畜、捕捉、纳婿、安葬,开市、破土、掘井、合寿木
2042-10-09,危,玉堂,是,祭祀、沐浴、解除、破屋、坏垣、馀事勿取,开市、嫁娶
2042-10-10,成,天牢,是,订盟、纳采、会亲友、交易、立券、纳财、栽种、纳畜、牧养,嫁娶、开市、入宅、祈福、安葬
2042-10-11,收,玄武,否,造车器、嫁娶、订盟、纳采、会亲友、祭祀、出行、开市、立券、移徙、入宅、破土、安葬,上梁、开光、盖屋、架马、合寿木
2042-10-12,开,司命,是,祭祀、作灶、纳财、捕捉、畋猎、馀事勿取,动土、破土、开市、安葬
2042-10-13,闭,勾陈,否,嫁娶、订盟、纳采、祭祀、祈福、出行、求医、治病、出火、移徙、入宅,开市、开仓、出货财、安床、安门、安葬
2042-10-14,闭,勾陈,否,冠笄、祭祀、沐浴、作灶、理发、整手足甲、扫舍、补垣、塞穴、入殓、破土、启钻,开光、嫁娶、会亲友、栽种、针灸、安葬
2042-10-15,建,青龙,否,纳采、订盟、嫁娶、祭祀、祈福、求嗣、置产、求医、治病、开市、交易、立券、会亲友、移徙、竖柱、上梁、盖屋、合脊、安门、放水、捕捉、纳畜,造庙、造船、动土、破土、安葬
2042-10-16,除,明堂,是,出行、造车器、造畜稠、解除、冠笄、裁衣、作梁、雕刻、会亲友、移徙、入宅、安机械、开市、扫舍,嫁娶、动土、破土、修坟
2042-10-17,满,天刑,否,沐浴、理发、冠笄、安床、开市、立券、会亲友、交易、纳财、结网、教牛马,移徙、入宅、出行、祈福、嫁娶
2042-10-18,平,朱雀,否,祭祀、造畜稠、修饰垣墙、平治道涂、馀事勿取,嫁娶、开市、安床、掘井
2042-10-19,定,金匮,是,捕捉、结网、入殓、除服、成服、移柩、破土、安葬、启钻、立碑,嫁娶、祭祀、入宅、盖屋、移徙
2042-10-20,执,天德,是,祭祀、祈福、求嗣、斋醮、造庙、出火、安机械、会亲友、开市、交易、立券、纳财、习艺、经络、求医、治病、开池、开厕、畋猎、结网、栽种、牧养、安葬、破土、启钻,开光、嫁娶、掘井、伐木、作梁
2042-10-21,破,白虎,否,破屋、坏垣、馀事勿取,诸事不宜
2042-10-22,危,玉堂,是,会亲友、嫁娶、订盟、纳采、纳婿、拆卸、修造、动土、起基、竖柱、上梁、安床、纳财,出行、祈福、安葬、作灶
2042-10-23,成,天牢,是,祭祀、塑绘、开光、祈福、斋醮、出行、订盟、纳采、裁衣、嫁娶、拆卸、修造、安床、入宅、安香、入殓、启钻、安葬、谢土、赴任、会亲友、进人口、移徙、上梁、经络、开市、交易、立券、纳财,开仓、冠笄、伐木、作梁
2042-10-24,收,玄武,否,祭祀、作灶、入殓、除服、成服、畋猎,栽种、动土、安葬、开市
2042-10-25,开,司命,是,祭祀、祈福、斋醮、沐浴、竖柱、订盟、纳采、嫁娶、拆卸、入宅、移柩、启钻、谢土、赴任、出火、纳畜,作灶、入殓、安葬、安床
2042-10-26,闭,勾陈,否,嫁娶、祭祀、安机械、入殓、破土、安葬,动土、上梁
2042-10-27,建,青龙,否,作灶、造畜稠,行丧、安葬
2042-10-28,除,明堂,是,沐浴、理发、入学、习艺、进人口,嫁娶、入宅
2042-10-29,满,天刑,否,开光、针灸、会亲友、启钻、安葬,开市、动土、破土
2042-10-30,平,朱雀,否,祭祀、结网、造畜稠、馀事勿取,无
2042-10-31,定,金匮,是,入殓、除服、成服、移柩、破土、启钻、安葬,移徙、入宅
2042-11-01,执,天德,是,嫁娶、订盟、纳采、出行、祭祀、祈福、动土、移徙、入宅、破土、安葬,开市、赴任
2042-11-02,破,白虎,否,祭祀、解除、破屋、坏垣、馀事勿取,无
2042-11-03,危,玉堂,是,订盟、纳采、会亲友、安机械、纳财、牧养,祈福、安葬
2042-11-04,成,天牢,是,嫁娶、订盟、纳采、出行、开市、祭祀、祈福、动土、移徙、入宅、破土、安葬,斋醮、安门
2042-11-05,收,玄武,否,祭祀、塞穴、馀事勿取,诸事不宜
2042-11-06,开,司命,是,祭祀、祈福、求嗣、开光、开市、出行、解除、动土、起基、置产、栽种,嫁娶、作灶、修坟、安门、入宅、立碑、安葬、安床
2042-11-07,闭,勾陈,否,开市、纳财、出行、祭祀、祈福、求嗣、斋醮、问名、入学、起基、定磉、置产、开渠、掘井、拆卸、栽种、纳畜、牧养、动土、破土、启钻,移徙、入宅、出火、入殓、安葬
2042-11-08,建,青龙,否,祭祀、理发、置产、塞穴、除服、成服、移柩、入殓、破土、安葬,嫁娶、入宅、安床、掘井、开光
2042-11-09,除,明堂,是,祭祀、沐浴、出行、馀事勿取,开市、动土、破土、行丧、安葬
2042-11-10,满,天刑,否,嫁娶、造车器、出行、会亲友、移徙、入宅、修造、动土、雕刻、开光、安香、出火、理发、盖屋、合脊、起基、归岫、安门、拆卸、扫舍、栽种、造畜稠,开市、纳采、造庙、安床、开渠、安葬
2042-11-11,平,朱雀,否,塑绘、会亲友、安机械、塞穴、结网、裁衣、经络,嫁娶、开市、祈福、斋醮、安葬
2042-11-12,定,金匮,是,纳采、移徙、纳财、开市、交易、立券、入宅、修造、动土、竖柱、起基、定磉、造庙、安香、出火、修饰垣墙、平治道涂、会亲友、出行、开池、开厕,开仓、盖屋、造桥、祭祀
2042-11-13,定,金匮,是,订盟、纳采、纳财、开市、立券、祭祀、祈福、移徙、入宅、出行、盖屋、起基、修造、动土、竖柱、上梁、安门、安香、出火、教牛马、会亲友、破土,嫁娶、安葬、掘井、置产、造船
2042-11-14,执,天德,是,嫁娶、订盟、纳采、祭祀、祈福、塑绘、开光、移徙、安床、伐木、作梁、捕捉、畋猎、结网、求医、治病、解除、安葬、除服、成服、移柩、入殓、立碑、谢土,开市、造庙、动土、破土
2042-11-15,破,白虎,否,破屋、坏垣、祭祀、馀事勿取,嫁娶、安葬
2042-11-16,危,玉堂,是,嫁娶、纳采、订盟、祭祀、冠笄、裁衣、伐木、作梁、架马、定磉、开柱眼、作灶、移徙、安床、畋猎、结网、开池、开厕、除服、成服、启钻、入殓、移柩、安葬,盖屋、造船、动土、破土
2042-11-17,成,天牢,是,纳采、订盟、祭祀、祈福、求嗣、斋醮、开光、会亲友、解除、入学、纳财、交易、立券、经络、起基、动土、定磉、开池、栽种、纳畜、牧养、破土、入殓、立碑、安葬,嫁娶、开市、入宅、出火、移徙
2042-11-18,收,玄武,否,捕捉、畋猎、会亲友、解除、入殓、除服、成服、移柩、馀事勿取,安床、安门、破土、修坟、安葬
2042-11-19,开,司命,是,祭祀、祈福、求嗣、斋醮、沐浴、冠笄、出行、理发、拆卸、解除、起基、动土、定磉、安碓磑、开池、掘井、扫舍、除服、成服、移柩、启钻、立碑、谢土,移徙、入宅、安门、作梁、安葬
2042-11-20,闭,勾陈,否,嫁娶、冠笄、安床、纳采、会亲友、塞穴、捕捉、置产、造畜稠,开光、掘井、安葬、谢土、修坟
2042-11-21,建,青龙,否,祭祀、沐浴、馀事勿取,诸事不宜
2042-11-22,除,明堂,是,祭祀、会亲友、嫁娶、沐浴、修造、动土、祈福、开光、塑绘、出行、订盟、纳采、裁衣、入殓、除服、成服、移柩、启钻、赴任、竖柱、上梁、纳财、扫舍、栽种、纳畜、伐木,入宅、作灶、安床、开仓
2042-11-23,满,天刑,否,理发、会亲友、补垣、塞穴、结网,嫁娶、入宅、安门、移徙
2042-11-24,平,朱雀,否,祭祀、祈福、订盟、纳采、裁衣、拆卸、修造、动土、起基、安床、移徙、入宅、安香、除服、成服、入殓、移柩、安葬、谢土、赴任、会亲友、进人口、出行、竖柱、上梁、经络、开市、交易、立券、纳财、开仓,作灶、治病、伐木、作梁
2042-11-25,定,金匮,是,祭祀、祈福、订盟、纳采、裁衣、拆卸、修造、动土、起基、安床、移徙、入宅、安香、入殓、移柩、安葬、谢土、赴任、进人口、会亲友,作灶、治病
2042-11-26,执,天德,是,祭祀、塑绘、开光、订盟、纳采、嫁娶、安床、进人口、入殓、除服、成服、移柩、启钻、安葬、立碑,开市、交易、破土、作灶
2042-11-27,破,白虎,否,祭祀、解除、破屋、坏垣、馀事勿取,诸事不宜
2042-11-28,危,玉堂,是,祭祀、解除、祈福、开光、塑绘、斋醮、订盟、纳采、裁衣、冠笄、拆卸、修造、动土、入殓、除服、成服、移柩、启钻、安床、赴任、出行、移徙、竖柱、上梁、伐木、栽种、破土、安葬、纳畜,盖屋、治病
2042-11-29,成,天牢,是,祭祀、祈福、订盟、纳采、裁衣、合帐、冠笄、安机械、安床、造畜稠、入殓、移柩、启钻、安葬、谢土、除服、成服、会亲友、竖柱、上梁、经络、开市、交易、立券、纳财、纳畜、筑堤,嫁娶、入宅、治病、赴任
2042-11-30,收,玄武,否,沐浴、扫舍、馀事勿取,诸事不宜
2042-12-01,开,司命,是,诸事不宜,无
2042-12-02,闭,勾陈,否,祈福、斋醮、出行、订盟、纳采、入殓、移柩、破土、安葬、立碑、结网,入宅、作灶
2042-12-03,建,青龙,否,祭祀、沐浴、出行、冠笄、进人口、馀事勿取,嫁娶、动土、安葬、作灶
2042-12-04,除,明堂,是,祭祀、祈福、斋醮、塑绘、开光、订盟、纳采、裁衣、冠笄、嫁娶、拆卸、入宅、安香、入殓、移柩、理发、安葬、修坟、谢土、赴任、移徙、沐浴、治病、破土、启钻、整手足甲、入学、作梁,开市
2042-12-05,满,天刑,否,诸事不宜,无
2042-12-06,平,朱雀,否,开市、交易、立券、挂匾、纳财、开光、出行、入宅、移徙、安床、纳畜、入殓、移柩、安葬,栽种、破土、置产、祭祀、嫁娶、动土、作灶、祈福
2042-12-07,定,金匮,是,祭祀、平治道涂、修坟、除服、成服、馀事勿取,移徙、入宅、嫁娶、掘井、安葬
2042-12-08,执,天德,是,嫁娶、冠笄、祭祀、祈福、求嗣、雕刻、开光、安香、出行、入学、修造、动土、竖柱、上梁、盖屋、起基、安门、出火、移徙、入宅、掘井、造畜稠、安葬、破土、除服、成服,开市、纳采、订盟、作灶、造庙、造船、经络
2042-12-09,破,白虎,否,嫁娶、订盟、纳采、祭祀、祈福、求嗣、斋醮、安香、出火、修造、起基、盖屋、合脊、安门、安碓磑、动土、上梁、移徙、入宅,出行、掘井、破土、行丧、安葬
2042-12-10,危,玉堂,是,祭祀、沐浴、破屋、坏垣、馀事勿取,嫁娶、移徙、入宅、探病、出行、盖屋
2042-12-11,成,天牢,是,冠笄、纳财、掘井、开池、出火、安床、交易、立券、畋猎、结网、理发、放水,安门、动土、破土、行丧、安葬、成服
2042-12-12,成,天牢,是,纳采、订盟、移徙、入宅、出行、安机械、会亲友、祭祀、祈福、斋醮、开光、安香、出火、解除、求医、针灸、治病、盖屋、起基、修造、安门、造船、纳畜、牧养、移柩、入殓、启钻、谢土、修坟、立碑,嫁娶、动土、安床、造桥、掘井
2042-12-13,收,玄武,否,祭祀、沐浴、作灶、纳财、捕捉、畋猎、安床、扫舍,开市、斋醮、破土、安葬
2042-12-14,开,司命,是,祈福、斋醮、纳采、订盟、解除、架马、开柱眼、修造、动土、起基、上梁、归岫、盖屋、合脊、掘井、除服、成服、破土、栽种,移徙、开市、入宅、安葬
2042-12-15,闭,勾陈,否,纳采、订盟、祭祀、沐浴、冠笄、合帐、裁衣、修造、动土、拆卸、移徙、入宅、安门、开仓、筑堤、开厕、栽种、纳畜、补垣、塞穴,嫁娶、祈福、开光、掘井、安葬、行丧
2042-12-16,建,青龙,否,合帐、裁衣、教牛马、馀事勿取,入宅、动土、破土、嫁娶、作灶、造船
2042-12-17,除,明堂,是,纳采、订盟、嫁娶、祭祀、祈福、安香、出火、出行、会亲友、经络、求医、治病、解除、拆卸、起基、修造、动土、定磉、扫舍、栽种、牧养、造畜稠,斋醮、作梁、掘井、行丧、安葬
2042-12-18,满,天刑,否,纳财、开市、交易、立券、会亲友、进人口、经络、祭祀、祈福、安香、出火、求医、治病、修造、动土、拆卸、扫舍、安床、栽种、牧养、开生坟、合寿木、入殓、安葬、启钻,嫁娶、移徙、入宅
2042-12-19,平,朱雀,否,祭祀、入殓、移柩、馀事勿取,入宅、修造、动土、破土、安门、上梁
2042-12-20,定,金匮,是,塑绘、开光、订盟、纳采、裁衣、冠笄、拆卸、修造、安床、入宅、出火、安葬、谢土、赴任,掘井、伐木、斋醮、作灶
2042-12-21,执,天德,是,祭祀、塑绘、开光、裁衣、冠笄、嫁娶、纳采、拆卸、修造、动土、竖柱、上梁、安床、移徙、入宅、安香、结网、捕捉、畋猎、伐木、进人口、放水,出行、安葬、修坟、开市
2042-12-22,破,白虎,否,祭祀、求医、破屋、坏垣、馀事勿取,诸事不宜
2042-12-23,危,玉堂,是,祭祀、祈福、斋醮、出行、冠笄、安机械、移徙、入宅、安香、安床、除服、成服、移柩、启钻,开光、栽种、治病、安门、作灶
2042-12-24,成,天牢,是,塑绘、斋醮、出行、拆卸、解除、修造、移徙、造船、入殓、除服、成服、移柩、启钻、修坟、立碑、谢土,无
2042-12-25,收,玄武,否,祭祀、沐浴、安床、纳财、畋猎、捕捉,开市、破土
2042-12-26,开,司命,是,订盟、纳采、祭祀、祈福、修造、动土、上梁、破土,嫁娶、作灶
2042-12-27,闭,勾陈,否,出行、沐浴、理发、补垣、塞穴,入宅、安葬
2042-12-28,建,青龙,否,教牛马、馀事勿取,入宅、动土、破土
2042-12-29,除,明堂,是,嫁娶、出行、求医、治病、祭祀、祈福、上梁、纳畜,开市、安葬
2042-12-30,满,天刑,否,开市、立券、开光、解除、安机械、上梁、启钻、安葬,嫁娶、祈福
2042-12-31,平,朱雀,否,平治道涂、馀事勿取,诸事不宜
2043-01-01,定,金匮,是,求嗣、斋醮、塑绘、订盟、纳采、出火、拆卸、修造、动土、造桥、安机械、栽种、纳畜、牧养、入殓、除服、成服、移柩、破土、安葬,开市、嫁娶
2043-01-02,执,天德,是,嫁娶、订盟、纳采、祭祀、祈福、修造、动土、移徙、入宅,开市、安葬
2043-01-03,破,白虎,否,治病、破屋、坏垣、馀事勿取,诸事不宜
2043-01-04,危,玉堂,是,祭祀、祈福、求嗣、斋醮、开光、入学、订盟、冠笄、伐木、修造、动土、起基、放水、交易、开池,造桥、安门、理发、造庙、栽种、作灶
2043-01-05,成,天牢,是,沐浴、开仓、出货财、开市、交易、立券、纳财、栽种、纳畜、牧养、畋猎、入殓、破土、安葬,祈福、嫁娶、安床、入宅、造船
2043-01-06,收,玄武,否,祭祀、沐浴、补垣、塞穴、断蚁、解除、馀事勿取,造庙、入宅、修造、安葬、行丧、嫁娶
2043-01-07,开,司命,是,嫁娶、纳采、订盟、问名、祭祀、冠笄、裁衣、会亲友、进人口、纳财、捕捉、作灶,开市、安床、安葬、修坟
2043-01-08,闭,勾陈,否,订盟、纳采、会亲友、祭祀、斋醮、沐浴、塑绘、出火、开光、竖柱、上梁、开市、交易、立券、作梁、开柱眼、伐木、架马、安门、安床、拆卸、牧养、造畜稠、掘井,造庙、嫁娶、出行、动土、安葬、行丧
2043-01-09,建,青龙,否,交易、立券、纳财、安床、裁衣、造畜稠、安葬、谢土、启钻、除服、成服、修坟、立碑、移柩、入殓,开光、嫁娶、开市、动土、破土
2043-01-10,除,明堂,是,祭祀、解除、教牛马、会亲友、馀事勿取,破土、动土、安葬
2043-01-11,除,明堂,是,纳采、订盟、移徙、纳财、开市、交易、立券、入宅、会亲友、解除、求医、治病、入学、安床、安门、安香、出火、拆卸、扫舍、挂匾、开生坟、合寿木、破土、修坟、启钻、入殓,探病、祭祀、出行、上梁、盖屋、谢土、安葬
2043-01-12,满,天刑,否,嫁娶、订盟、纳采、祭祀、祈福、求嗣、会亲友、解除、出行、入学、纳财、开市、交易、立券、习艺、经络、安床、开仓、出货财、纳畜、安葬、启钻、修坟、入殓,入宅、开光、动土
2043-01-13,平,朱雀,否,祭祀、冠笄、嫁娶、会亲友、进人口、裁衣、结网、平治道涂,移徙、入宅、造庙、作灶、治病、安葬
2043-01-14,定,金匮,是,祭祀、安碓磑、结网、馀事勿取,嫁娶、安葬
2043-01-15,执,天德,是,嫁娶、祭祀、沐浴、裁衣、出行、理发、移徙、捕捉、畋猎、放水、入宅、除服、成服、启钻、安葬、移柩、入殓,盖屋、开市、动土、破土
2043-01-16,破,白虎,否,破屋、坏垣、馀事勿取,嫁娶、开市、安葬
2043-01-17,危,玉堂,是,纳采、订盟、祭祀、求嗣、出火、塑绘、裁衣、会亲友、入学、拆卸、扫舍、造仓、挂匾、掘井、开池、结网、栽种、纳畜、破土、修坟、立碑、安葬、入殓,祈福、嫁娶、造庙、安床、谢土
2043-01-18,成,天牢,是,入殓、除服、成服、移柩、启钻、安葬、修坟、立碑,开市、伐木、嫁娶、作梁
2043-01-19,收,玄武,否,祭祀、作灶、入殓、除服、馀事勿取,开市、安床
2043-01-20,开,司命,是,塑绘、开光、沐浴、冠笄、会亲友、作灶、放水、造畜稠,嫁娶、入殓、安葬、出行
2043-01-21,闭,勾陈,否,祭祀、沐浴、祈福、斋醮、订盟、纳采、裁衣、拆卸、起基、竖柱、上梁、安床、入殓、除服、成服、移柩、启钻、挂匾、求嗣、出行、合帐、造畜稠,开仓、嫁娶、移徙、入宅
2043-01-22,建,青龙,否,祭祀、解除、馀事勿取,诸事不宜
2043-01-23,除,明堂,是,沐浴、解除、订盟、纳采、裁衣、冠笄、拆卸、修造、动土、移徙、入宅、除服、成服、移柩、破土、启钻、安葬、扫舍、修坟、伐木、纳财、交易、立券,作灶、祭祀、上梁、出行
2043-01-24,满,天刑,否,出行、嫁娶、订盟、纳采、入殓、安床、启钻、安葬、祭祀、裁衣、会亲友、进人口,无
2043-01-25,平,朱雀,否,修饰垣墙、平治道涂、入殓、移柩、馀事勿取,嫁娶、移徙、入宅、开光
2043-01-26,定,金匮,是,会亲友、纳采、进人口、修造、动土、竖柱、上梁、祭祀、开光、塑绘、祈福、斋醮、嫁娶、安床、移徙、入宅、安香、纳畜,出行、治病、安葬、开市
2043-01-27,执,天德,是,祭祀、会亲友、出行、订盟、纳采、沐浴、修造、动土、祈福、斋醮、嫁娶、拆卸、安床、入殓、移柩、安葬、谢土、赴任、裁衣、竖柱、上梁、伐木、捕捉、栽种、破土、安门,盖屋、开市、作灶、入宅
2043-01-28,破,白虎,否,解除、破屋、坏垣、馀事勿取,诸事不宜
2043-01-29,危,玉堂,是,塑绘、开光、出行、订盟、纳采、除服、成服、嫁娶、纳婿、入殓、移柩、启钻、安葬、立碑,入宅、安床
2043-01-30,成,天牢,是,入殓、除服、成服、移柩、启钻、安葬、立碑、馀事勿取,破土、伐木
2043-01-31,收,玄武,否,祭祀、祈福、斋醮、塑绘、开光、除服、成服、入殓、作灶、嫁娶、捕捉、畋猎、纳财,开仓、盖屋、安葬、安床
2043-02-01,开,司命,是,祭祀、出行、沐浴、裁衣、祈福、斋醮、订盟、纳采、嫁娶、安机械、开市、立券、安碓磑、纳畜,栽种、入殓、安葬
2043-02-02,闭,勾陈,否,祭祀、祈福、斋醮、沐浴、安床、安机械、造车器、入殓、移柩、启钻、安葬、立碑、合帐、经络、交易,作灶、掘井、嫁娶、入宅
2043-02-03,建,青龙,否,解除、扫舍、祭祀、教牛马、馀事勿取,无
2043-02-04,除,明堂,是,纳采、会亲友、竖柱、上梁、立券、入殓、移柩、安葬、启钻,祭祀、移徙、入宅、动土、破土
2043-02-05,满,天刑,否,祭祀、祈福、斋醮、出行、开市、立券、动土、移徙、入宅、破土、安葬,开光、嫁娶、作灶、掘井、纳畜
2043-02-06,平,朱雀,否,会亲友、求嗣、理发、冠笄、结网、捕捉、开光,开市、动土、安葬、破土
2043-02-07,定,金匮,是,祭祀、平治道涂、馀事勿取,嫁娶、祈福、掘井、安葬
2043-02-08,执,天德,是,祈福、求嗣、斋醮、纳采、嫁娶、伐木、修造、动土、移徙、入宅、造庙、安机械、开市、入殓、除服、成服、移柩、安葬、破土、谢土,置产、盖屋、合脊、开光、探病、安门、作灶
2043-02-09,破,白虎,否,入学、习艺、出行、纳采、订盟、嫁娶、会亲友、进人口、牧养、捕捉、入殓、移柩、安葬、启钻,开光、开市、入宅、动土、盖屋
2043-02-10,破,白虎,否,祭祀、沐浴、求医、治病、扫舍、破屋、坏垣、解除、馀事勿取,入宅、开市、安葬
2043-02-11,危,玉堂,是,祭祀、冠笄、嫁娶、拆卸、修造、动土、起基、上梁、盖屋、入宅、开市、开池、塞穴、入殓、除服、成服、移柩、安葬、破土,安床、栽种、治病、作灶
2043-02-12,成,天牢,是,祭祀、结网、入殓、除服、成服、移柩、安葬、破土,馀事勿取
2043-02-13,收,玄武,否,塑绘、开光、祈福、求嗣、订盟、纳采、裁衣、冠笄、拆卸、修造、动土、起基、安门、安床、移徙、造仓、结网、纳畜,伐木、作灶、安葬、取渔、入宅
2043-02-14,开,司命,是,祭祀、沐浴、开光、塑绘、祈福、求嗣、订盟、纳采、冠笄、裁衣、嫁娶、动土、除服、成服、移柩、破土、启钻、出行、安碓磑、放水、开市、立券、交易,安葬、上梁、入宅、作灶
2043-02-15,闭,勾陈,否,祭祀、祈福、求嗣、酬神、裁衣、安床、立券、交易、入殓、除服、成服、移柩、谢土、启钻,出行、嫁娶、入宅、动土
2043-02-16,建,青龙,否,裁衣、合帐、入殓、除服、成服、会亲友、纳财,祭祀、祈福、移徙、嫁娶、入宅
2043-02-17,除,明堂,是,祭祀、斋醮、裁衣、合帐、冠笄、订盟、纳采、嫁娶、入宅、安香、谢土、入殓、移柩、破土、立碑、会亲友、出行、祈福、求嗣、上梁、放水,掘井
2043-02-18,满,天刑,否,安床、合帐、入宅、问名、纳采、求嗣、祭祀、开仓,斋醮、作灶、安葬
2043-02-19,平,朱雀,否,作灶、平治道涂,祭祀、祈福、安葬、安门、馀事勿取
2043-02-20,定,金匮,是,塑绘、开光、酬神、斋醮、订盟、纳采、裁衣、合帐、拆卸、动土、上梁、安床、安香、造庙、挂匾、会亲友、进人口、出行、修造、纳财、伐木、放水、出火、纳畜、沐浴、安门,盖屋、栽种、安葬、作灶
2043-02-21,执,天德,是,祭祀、祈福、酬神、订盟、纳采、冠笄、裁衣、合帐、嫁娶、安床、移徙、入宅、安香、入殓、移柩、启钻、安葬、解除、取渔、捕捉、伐木、安门、出火,栽种、动土、开市、作灶
2043-02-22,破,白虎,否,求医、破屋,诸事不宜
2043-02-23,危,玉堂,是,祈福、求嗣、斋醮、塑绘、开光、订盟、纳采、嫁娶、动土、入宅、安香、移柩、安葬、谢土、出行、沐浴、修造、竖柱、上梁、纳财、破土、解除、安门、放水,作灶、安床
2043-02-24,成,天牢,是,取渔、入殓、除服、成服、移柩、破土、安葬、立碑,嫁娶、上梁、入宅、作灶
2043-02-25,收,玄武,否,祭祀、求嗣、沐浴、酬神、订盟、纳采、裁衣、合帐、冠笄、安机械、安床、造仓、开池、经络、纳财、开市、立券、交易、结网、取渔、纳畜、捕捉,安葬、作灶、伐木、作梁
2043-02-26,开,司命,是,祭祀、沐浴、祈福、求嗣、斋醮、订盟、纳采、裁衣、冠笄、开市、立券、交易、纳财、除服、谢土、出行、移柩,入殓、安葬、作灶、入宅
2043-02-27,闭,勾陈,否,祭祀、祈福、求嗣、入殓、启钻、安葬、移柩,开光、掘井、针灸、出行、嫁娶、入宅、移徙、作灶、动土
2043-02-28,建,青龙,否,安床、解除、裁衣、竖柱、上梁、交易、立券、纳财、纳畜、牧养、入殓、移柩、安葬、启钻,嫁娶、出行、动土、开渠、入宅、祭祀、掘井
2043-03-01,除,明堂,是,嫁娶、安床、开光、出行、祭祀、动土、出火、解除、会亲友、开市、交易、立券、挂匾、入宅、移徙、拆卸、破土、启钻、安葬,掘井、词讼
2043-03-02,满,天刑,否,嫁娶、开光、求嗣、会亲友、安床、牧养、塑绘、针灸,入宅、移徙、出火、分居、安香、作灶、开市、交易、立券、安葬、动土、伐木
2043-03-03,平,朱雀,否,作灶、解除、平治道涂,栽种、出行、祈福、行丧、纳畜、安葬、安门、伐木、作梁、牧养
2043-03-04,定,金匮,是,解除、沐浴,诸事不宜
2043-03-05,执,天德,是,嫁娶、祭祀、祈福、出行、解除、出火、拆卸、动土、入宅、移徙、安床、上梁、栽种、纳畜、破土、启钻、安葬,开市、立券、理发、作灶
2043-03-06,破,白虎,否,祈福、斋醮、出行、移徙、入宅、修造、动土、破土、安葬,纳采、开光、安床、嫁娶、开市
2043-03-07,危,玉堂,是,破屋、坏垣、馀事勿取,嫁娶、移徙、开市、入宅
2043-03-08,成,天牢,是,嫁娶、冠笄、祭祀、出行、会亲友、修造、动土、入殓、破土,塑绘、开光、造桥、除服、成服
2043-03-09,收,玄武,否,开光、求嗣、出行、纳采、冠笄、出火、拆卸、起基、修造、动土、上梁、移徙、造船、开市、交易、立券、纳财,祈福、嫁娶、安葬、破土
2043-03-10,开,司命,是,理发、冠笄、嫁娶、进人口、栽种、捕捉、针灸,纳财、开市、安葬、破土
2043-03-11,开,司命,是,开光、祈福、求嗣、出行、解除、伐木、盖屋、起基、修造、架马、安门、移徙、入宅、造庙、除服、成服、移柩、谢土、纳畜、牧养,纳采、动土、开市、交易
2043-03-12,闭,勾陈,否,裁衣、经络、伐木、开柱眼、拆卸、修造、动土、上梁、合脊、合寿木、入殓、除服、成服、移柩、破土、安葬、启钻、修坟、立碑,祭祀、嫁娶、出行、掘井
2043-03-13,建,青龙,否,祭祀、会亲友、立券、交易、裁衣、合帐、嫁娶、冠笄、进人口,栽种、动土、安葬、掘井、修坟、探病
2043-03-14,除,明堂,是,扫舍、塞穴、馀事勿取,诸事不宜
2043-03-15,满,天刑,否,塑绘、开光、订盟、纳采、裁衣、合帐、冠笄、安机械、会亲友、纳财、开市、立券、交易、安床、竖柱、上梁、结网、栽种、解除、经络,作灶、出行、入宅、安葬
2043-03-16,平,朱雀,否,祭祀、嫁娶、纳婿、除服、成服、入殓、移柩,动土、作灶、入宅、开光、安床
2043-03-17,定,金匮,是,祈福、求嗣、开光、塑绘、斋醮、订盟、纳采、嫁娶、拆卸、安床、入宅、安香、移柩、修坟、安葬、谢土、栽种、解除、冠笄、裁衣、移徙、修造、动土、竖柱、放水、启钻、立碑,赴任
2043-03-18,执,天德,是,祭祀、解除、入殓、除服、成服、移柩、启钻、安葬、修坟、立碑、谢土、沐浴、扫舍、捕捉、取渔、结网、畋猎、理发,安床、嫁娶、作灶、入宅
2043-03-19,破,白虎,否,破屋、坏垣,诸事不宜
2043-03-20,危,玉堂,是,祭祀、出行、订盟、纳采、裁衣、合帐、冠笄、进人口、动土、安床、作灶、入殓、移柩、安葬、破土、结网、取渔、畋猎,作梁、造庙
2043-03-21,成,天牢,是,祭祀、开光、塑绘、订盟、纳采、合帐、冠笄、拆卸、动土、起基、上梁、入宅、安香、开市、立券、纳财、沐浴、求嗣、出火、竖柱、安门,造庙、嫁娶、伐木、安葬
2043-03-22,收,玄武,否,祭祀、沐浴、捕捉、栽种,嫁娶、入宅、移徙、作灶、安葬
2043-03-23,开,司命,是,祭祀、开光、塑绘、酬神、斋醮、订盟、纳采、嫁娶、裁衣、动土、起基、出火、拆卸、移徙、入宅、安香、修造、竖柱、上梁、纳畜、牧养、祈福、求嗣、解除、伐木、定磉、盖屋、安门,栽种、安葬
2043-03-24,闭,勾陈,否,订盟、纳采、冠笄、拆卸、修造、动土、安床、入殓、除服、成服、移柩、安葬、破土、启钻、造仓,作灶、开光、嫁娶、开市、入宅
2043-03-25,建,青龙,否,祈福、开光、塑绘、酬神、订盟、纳采、裁衣、安床、开市、立券、入殓、除服、成服、移柩、启钻、安葬、立碑、赴任、会亲友、出行、交易、竖柱,作灶、掘井、动土、栽种
2043-03-26,除,明堂,是,祭祀、扫舍、塞穴,栽种、作灶、安葬、嫁娶
2043-03-27,满,天刑,否,开光、塑绘、裁衣、冠笄、伐木、拆卸、竖柱、上梁、开仓、会亲友、安机械、造仓、盖屋、交易、解除、开市、立券、纳财,出行、嫁娶、入宅、安葬
2043-03-28,平,朱雀,否,冠笄、入殓、除服、成服、移柩、平治道涂、修饰垣墙,盖屋、作灶、治病、探病
2043-03-29,定,金匮,是,祭祀、嫁娶、祈福、纳采、裁衣、合帐、安床、入宅、安香、入殓、移柩、安葬、谢土、修造、安碓磑、求嗣、会亲友、挂匾、交易、立券、纳财、造仓、放水,栽种、伐木
2043-03-30,执,天德,是,祭祀、祈福、斋醮、订盟、纳采、裁衣、合帐、拆卸、修造、动土、上梁、起基、移柩、安葬、谢土、沐浴、扫舍、开柱眼、伐木、出火,安床、开市、立券、作灶
2043-03-31,破,白虎,否,破屋、坏垣、求医、治病,诸事不宜
2043-04-01,危,玉堂,是,祭祀、动土、上梁、订盟、纳采、嫁娶、安机械、拆卸、安床、入宅、安香、入殓、移柩、破土、安葬、立碑、谢土、赴任、出行、移徙、祈福、求嗣、解除、造仓、进人口,开光、出货财
2043-04-02,成,天牢,是,祭祀、开光、塑绘、纳采、裁衣、拆卸、安床、起基、动土、竖柱、上梁、移徙、入宅、安香、开市、立券、挂匾、沐浴、出行、求嗣、安门,嫁娶、栽种、伐木、安葬
2043-04-03,收,玄武,否,裁衣、合帐、冠笄、嫁娶、纳婿、安床、入殓、纳财,作灶、开市、安葬、作梁
2043-04-04,开,司命,是,祭祀、订盟、纳采、修造、动土、祈福、塑绘、斋醮、沐浴、拆卸、起基、入宅、安香、造庙、移柩、谢土、除服、成服、入学、习艺、出行、竖柱、上梁、掘井、求嗣、解除、伐木,作灶、安葬、开市、盖屋
2043-04-05,闭,勾陈,否,纳采、嫁娶、出行、开市、立券、纳畜、牧养、出火、移徙、入宅,祈福、动土、破土、安葬、入殓
2043-04-06,建,青龙,否,祭祀、祈福、求嗣、斋醮、冠笄、作灶、纳财、交易,开光、嫁娶、掘井、安葬、安门、探病
2043-04-07,除,明堂,是,祭祀、解除、教牛马、出行、馀事勿取,动土、破土、行丧、开光、作梁、安葬、探病
2043-04-08,满,天刑,否,沐浴、斋醮、解除、求医、治病、会亲友、造畜稠、栽种、理发、扫舍,开市、嫁娶、移徙、入宅、掘井、安葬
2043-04-09,平,朱雀,否,求嗣、出行、解除、订盟、纳采、嫁娶、会亲友、进人口、安床、开市、交易、纳畜、牧养、入殓、除服、成服、移柩、安葬、启钻,祈福、修造、动土、破土、谢土
2043-04-10,平,朱雀,否,祭祀、作灶、平治道涂、馀事勿取,嫁娶、安葬、动土、安床、治病
2043-04-11,定,金匮,是,造车器、祭祀、祈福、求嗣、斋醮、开市、交易、安机械、雕刻、开光、盖屋、合脊、起基、定磉、安门、纳畜、安葬、开生坟、立碑、谢土,入宅、动土、开仓、出货财
2043-04-12,执,天德,是,祭祀、祈福、开光、求嗣、斋醮、纳采、订盟、求医、治病、起基、定磉、造船、取渔、解除、安葬、启钻、谢土、入殓,开市、动土、掘井、开池
2043-04-13,破,白虎,否,祭祀、沐浴、破屋、坏垣、求医、治病、解除、馀事勿取,嫁娶、开市、交易、入宅、安葬
2043-04-14,危,玉堂,是,诸事不宜,无
2043-04-15,成,天牢,是,祭祀、塑绘、开光、订盟、纳采、冠笄、裁衣、安机械、拆卸、修造、动土、安床、经络、开市,出火、入宅、安葬、伐木
2043-04-16,收,玄武,否,祭祀、馀事勿取,造庙、嫁娶、安床
2043-04-17,开,司命,是,订盟、纳采、嫁娶、进人口、会亲友、交易、立券、动土、除服、谢土、移柩、破土、启钻、赴任、出行、开市、纳财、栽种,入殓、安葬、入宅、安床
2043-04-18,闭,勾陈,否,祭祀、祈福、裁衣、合帐、安床、入殓、除服、成服、移柩、破土、启钻、安葬、谢土、立碑、造畜稠,掘井、安门、嫁娶、纳采
2043-04-19,建,青龙,否,祭祀、进人口、嫁娶、安床、解除、冠笄、出行、裁衣、扫舍,掘井、动土、破土、安葬、开光
2043-04-20,除,明堂,是,纳采、开光、求医、治病、动土、上梁、移徙、入宅,嫁娶、开市、安葬
2043-04-21,满,天刑,否,祭祀、会亲友、开市、安床、启钻、安葬,嫁娶、动土、破土
2043-04-22,平,朱雀,否,祭祀、作灶、掘井、平治道涂,嫁娶、安葬
2043-04-23,定,金匮,是,祭祀、斋醮、开市、动土、入殓、破土、安葬,嫁娶、移徙、入宅
2043-04-24,执,天德,是,嫁娶、纳采、祭祀、祈福、出行、移徙、求医,开市、动土、破土
2043-04-25,破,白虎,否,祭祀、求医、治病、解除、馀事勿取,诸事不宜
2043-04-26,危,玉堂,是,沐浴、结网、取渔,嫁娶、入宅、安葬
2043-04-27,成,天牢,是,无,诸事不宜
2043-04-28,收,玄武,否,解除、坏垣、馀事勿取,诸事不宜
2043-04-29,开,司命,是,嫁娶、开光、出行、出火、拆卸、进人口、开市、立券、交易、挂匾、入宅、移徙、安床、栽种,祈福、入殓、祭祀、作灶、安葬、探病
2043-04-30,闭,勾陈,否,嫁娶、出行、合帐、冠笄、安床、除服、成服、作灶、交易、立券、入殓、移柩、破土、安葬,词讼、开光、开市
2043-05-01,建,青龙,否,出行、修饰垣墙、造畜稠、教牛马、馀事勿取,诸事不宜
2043-05-02,除,明堂,是,祭祀、祈福、开光、求嗣、解除、伐木、出火、入宅、移徙、安床、拆卸、修造、动土、造畜稠,嫁娶、纳财、安葬、出行、开市、立券、作灶、栽种
2043-05-03,满,天刑,否,纳采、嫁娶、开光、出行、理发、会亲友、开市、安床、栽种、牧养、入殓、移柩、启钻,谢土、祈福、上梁、作灶、斋醮、修造、入宅、安门
2043-05-04,平,朱雀,否,祭祀、平治道涂、解除、修饰垣墙、馀事勿取,诸事不宜
2043-05-05,定,金匮,是,祭祀、沐浴、移徙、破土、安葬、扫舍、平治道涂,祈福、嫁娶、入宅、安床、作灶
2043-05-06,执,天德,是,祭祀、祈福、斋醮、求嗣、安机械、纳畜、移徙、入宅、塑绘、开光、起基、竖柱、上梁、作灶、安门、安香、出火、盖屋、启钻、安葬,动土、破土、嫁娶
2043-05-07,破,白虎,否,嫁娶、纳采、订盟、斋醮、开光、祭祀、祈福、求医、治病、会亲友、动土、解除、捕捉、纳畜、牧养、入殓、破土、安葬,移徙、入宅、盖屋、架马
2043-05-08,危,玉堂,是,祭祀、沐浴、解除、破屋、坏垣、馀事勿取,行丧、安葬
2043-05-09,危,玉堂,是,沐浴、扫舍、馀事勿取,斋醮、开市、嫁娶、作灶
2043-05-10,成,天牢,是,开市、交易、立券、安机械、会亲友、开光、求医、治病、盖屋、起基、修造、动土、定磉、竖柱、上梁、安门、作灶、放水、开厕、开池、栽种、牧养、造畜稠、破土、安葬、立碑,嫁娶、出火、移徙、入宅
2043-05-11,收,玄武,否,栽种、捕捉、畋猎、馀事勿取,开市、动土、祭祀、斋醮、安葬、探病
2043-05-12,开,司命,是,嫁娶、祭祀、祈福、求嗣、斋醮、订盟、纳采、解除、出行、动土、破土、习艺、针灸、理发、会亲友、起基、修造、竖柱、定磉、安床、拆卸、纳畜、牧养、放水、除服、成服、修坟、立碑,开市、入宅、探病、出火、盖屋
2043-05-13,闭,勾陈,否,馀事勿取,无
2043-05-14,建,青龙,否,塞穴、断蚁、结网、馀事勿取,破土、安葬
2043-05-15,除,明堂,是,开光、出行、纳采、嫁娶、伐木、架马、出火、拆卸、移徙、入宅、造庙、造桥、造船、造畜稠、开市、入殓、除服、成服、移柩、安葬,无
2043-05-16,满,天刑,否,进人口、牧养、置产、塞穴、结网、馀事勿取,诸事不宜
2043-05-17,平,朱雀,否,开光、出行、嫁娶,会亲友、进人口、修造、动土、起基、移徙、开市、纳畜、入殓、除服、成服、移柩、破土、安葬、修坟、立碑
2043-05-18,定,金匮,是,嫁娶、纳采、出行、祭祀、祈福、开市、动土、移徙、入宅、破土、安葬,安门
2043-05-19,执,天德,是,嫁娶、纳采、求医、治病、修造、动土、移徙、入宅、破土、安葬,开市、开光
2043-05-20,破,白虎,否,祭祀、破屋、坏垣、馀事勿取,诸事不宜
2043-05-21,危,玉堂,是,嫁娶、纳采、祭祀、祈福、出行、动土、上梁、移徙、入宅、破土、安葬,斋醮
2043-05-22,成,天牢,是,纳采、祭祀、祈福、开市、求医、治病、动土、纳畜,嫁娶、安葬
2043-05-23,收,玄武,否,嫁娶、纳采、出行、移徙、入宅,动土、破土、安葬
2043-05-24,开,司命,是,订盟、纳采、祭祀、动土、破土、交易、立券,嫁娶、安葬
2043-05-25,闭,勾陈,否,嫁娶、裁衣、祭祀、出行、安床、作灶、移徙、入宅、破土、安葬,赴任、捕捉
2043-05-26,建,青龙,否,塞穴、结网、馀事勿取,诸事不宜
2043-05-27,除,明堂,是,嫁娶、订盟、纳采、出行、祭祀、祈福、斋醮、动土、上梁、破土、安葬,移徙、入宅
2043-05-28,满,天刑,否,订盟、纳采、会亲友、安床、作灶、造畜稠,开市、安葬
2043-05-29,平,朱雀,否,沐浴、平治道涂、扫舍、入殓、移柩、破土、启钻、安葬、馀事勿取,诸事不宜
2043-05-30,定,金匮,是,嫁娶、祭祀、祈福、求嗣、开光、出行、出火、拆卸、动土、上梁、进人口、入宅、移徙、安床、安门、开市、交易、立券、挂匾、栽种、破土、安葬,无
2043-05-31,执,天德,是,祭祀、开光、出行、解除、塑绘、裁衣、入殓、移柩、破土、启钻、安葬、除服、成服,嫁娶、上梁、修造、拆卸、架马、入宅、伐木、动土、出火、开柱眼
2043-06-01,破,白虎,否,祭祀、解除、破屋、坏垣、馀事勿取,诸事不宜
2043-06-02,危,玉堂,是,嫁娶、祭祀、祈福、求嗣、开光、出行、拆卸、动土、上梁、出火、进人口、入宅、移徙、安床、栽种、纳畜、牧养、竖柱、安门、修造、解除、会亲友,无
2043-06-03,成,天牢,是,开市、交易、立券、祭祀、祈福、开光、伐木、进人口、安床、拆卸、修造、动土、栽种、破土、移柩、安葬,入宅、移徙、理发、出火、嫁娶、出行
2043-06-04,收,玄武,否,结网、解除、馀事勿取,诸事不宜
2043-06-05,开,司命,是,嫁娶、祭祀、祈福、求嗣、开光、开市、交易、立券、安床、出行、拆卸,纳畜、入宅、移徙、安葬、探病、伐木、上梁、安门、入殓、动土
2043-06-06,闭,勾陈,否,祭祀、祈福、求嗣、斋醮、安香、解除、移徙、入宅、会亲友、求医、治病、动土、破土、开生坟、合寿木,合帐、上梁、经络、安葬、入殓
2043-06-07,闭,勾陈,否,嫁娶、冠笄、修造、动土、作灶、移徙、入宅、补垣、塞穴、纳畜、牧养、架马、起基、定磉、开池、造船,祈福、开光、掘井、开市、安葬
2043-06-08,建,青龙,否,祭祀、交易、纳财,斋醮、开渠、上梁、动土、破土
2043-06-09,除,明堂,是,嫁娶、订盟、纳采、冠笄、会亲友、安机械、造车器、祭祀、出行、纳财、入宅、安香、出火、入学、塑绘、开光、拆卸、起基、修造、动土、牧养、栽种、安门、开厕,行丧、伐木、作梁、作灶
2043-06-10,满,天刑,否,开光、求嗣、出行、冠笄、嫁娶、伐木、架马、开柱眼、修造、移徙、入宅、开市、交易、立券、安香、出火、挂匾、起基、开生坟、合寿木、入殓、除服、成服、移柩、安葬,安床、出货财、作灶、动土、破土
2043-06-11,平,朱雀,否,祭祀、沐浴、理发、嫁娶、作灶、整手足甲、扫舍、修饰垣墙、平治道涂,斋醮、出行、治病、合寿木
2043-06-12,定,金匮,是,安机械、移徙、入宅、出行、祭祀、祈福、斋醮、纳采、订盟、安香、出火、解除、会亲友、修造、动土、拆卸、起基、定磉、盖屋、安床、破土、安葬、入殓、立碑,开市、伐木、作梁、作灶
2043-06-13,执,天德,是,祭祀、沐浴、捕捉、结网、畋猎、取渔、馀事勿取,开市、交易、嫁娶、安葬、行丧
2043-06-14,破,白虎,否,破屋、坏垣、求医、治病、畋猎、馀事勿取,嫁娶、入宅
2043-06-15,危,玉堂,是,嫁娶、出行、安机械、祭祀、塑绘、开光、治病、经络、安床、结网、塞穴、破土、入殓,开市、安门、掘井、作灶
2043-06-16,成,天牢,是,订盟、纳采、会亲友、进人口、雕刻、拆卸、修造、动土、起基、开市、栽种、纳畜、牧养、入殓、除服、成服、移柩、破土、安葬,无
2043-06-17,收,玄武,否,祭祀、捕捉、取渔、修饰垣墙、馀事勿取,诸事不宜
2043-06-18,开,司命,是,嫁娶、纳采、祭祀、祈福、求医、治病、出行、动土、移徙、入宅,开市、安门
2043-06-19,闭,勾陈,否,裁衣、作灶、移徙、入宅、纳畜,嫁娶、安葬
2043-06-20,建,青龙,否,祭祀、入殓、移柩、启钻、安葬,上梁、动土、破土
2043-06-21,除,明堂,是,订盟、纳采、出行、祈福、斋醮、安床、会亲友,移徙、入宅、安葬
2043-06-22,满,天刑,否,嫁娶、纳采、出行、求医、治病、开市、移徙、入宅、启钻、安葬,动土、破土
2043-06-23,平,朱雀,否,嫁娶、祭祀、沐浴、扫舍、修饰垣墙,行丧、安葬
2043-06-24,定,金匮,是,嫁娶、订盟、纳采、出行、开市、祭祀、祈福、动土、移徙、入宅、破土、安葬,作灶
2043-06-25,执,天德,是,订盟、纳采、出行、祭祀、祈福、修造、动土、移徙、入宅,开市、安葬
2043-06-26,破,白虎,否,诸事不宜,无
2043-06-27,危,玉堂,是,嫁娶、订盟、纳采、祭祀、祈福、入殓、破土、安葬,开光、开市
2043-06-28,成,天牢,是,开光、求医、治病、动土、上梁、入殓、破土、安葬,嫁娶
2043-06-29,收,玄武,否,祭祀、栽种、馀事勿取,诸事不宜
2043-06-30,开,司命,是,嫁娶、开光、祭祀、祈福、求嗣、出行、解除、伐木、入宅、移徙、安床、出火、拆卸、修造、上梁、栽种、移柩,安葬、开市、交易、立券
2043-07-01,闭,勾陈,否,求嗣、嫁娶、纳采、合帐、裁衣、冠笄、伐木、作梁、修造、动土、起基、竖柱、上梁、安门、作灶、筑堤、造畜稠,安葬、出行、祈福、栽种
2043-07-02,建,青龙,否,祭祀、解除、馀事勿取,诸事不宜
2043-07-03,除,明堂,是,嫁娶、祭祀、祈福、出火、开光、求嗣、出行、拆卸、开市、交易、立券、挂匾、入宅、移徙、安床、栽种、动土,安葬、行丧、伐木、作梁
2043-07-04,满,天刑,否,开光、求嗣、出行、解除、伐木、出火、拆卸、修造、上梁、起基、入宅、移徙、开市、交易、立券、栽种、牧养、入殓、安葬、除服、成服,置产、安床
2043-07-05,平,朱雀,否,祭祀、理发、修饰垣墙、平治道涂、沐浴、整手足甲、扫舍,出行、安门、修造、嫁娶、上梁、入宅
2043-07-06,定,金匮,是,嫁娶、祭祀、开光、祈福、求嗣、出行、出火、拆卸、动土、修造、进人口、入宅、移徙、安床、挂匾、交易、立券、栽种、纳畜、入殓、破土、启钻、安葬,无
2043-07-07,定,金匮,是,订盟、纳采、祭祀、祈福、开光、安香、出火、立券、安机械、移徙、入宅、竖柱、上梁、会亲友、安床、拆卸、挂匾、牧养、教牛马,嫁娶、安葬、行丧、破土、修坟
2043-07-08,执,天德,是,沐浴、理发、捕捉、入殓、移柩、破土、启钻、安葬,出火、嫁娶、入宅、作灶、上梁、动土
2043-07-09,破,白虎,否,求医、治病、破屋、坏垣、馀事勿取,嫁娶、出行
2043-07-10,危,玉堂,是,纳采、订盟、嫁娶、移徙、入宅、出行、开市、交易、立券、纳财、会亲友、安香、出火、拆卸、盖屋、起基、安床、作灶、挂匾、安葬、破土、启钻、立碑、入殓、移柩,祈福、上梁、开仓、掘井、牧养
2043-07-11,成,天牢,是,祭祀、祈福、斋醮、出行、纳采、订盟、安机械、出火、拆卸、修造、动土、起基、移徙、入宅、造庙、入殓、除服、成服、移柩、破土、安葬、谢土,嫁娶、开市、栽种、合寿木
2043-07-12,收,玄武,否,祭祀、进人口、纳财、纳畜、牧养、捕捉、馀事勿取,开市、入宅、安床、动土、安葬
2043-07-13,开,司命,是,祭祀、塑绘、开光、求医、治病、嫁娶、会亲友、放水、掘井、牧养、纳畜、开渠、安碓磑,盖屋、入宅、作灶、入学、安葬、行丧
2043-07-14,闭,勾陈,否,祭祀、塞穴、结网、畋猎、馀事勿取,移徙、开市、入宅、嫁娶、开光、安门
2043-07-15,建,青龙,否,开市、纳财、祭祀、塑绘、安机械、冠笄、会亲友、裁衣、开仓、经络、纳畜、造畜稠、教牛马、牧养,动土、破土、安葬、治病
2043-07-16,除,明堂,是,移徙、入宅、治病、会亲友、祭祀、祈福、斋醮、安香、嫁娶、盖屋、起基,开市、安床、出行、经络
2043-07-17,满,天刑,否,塑绘、出行、冠笄、嫁娶、进人口、裁衣、纳婿、造畜稠、交易、立券、牧养、开生坟、入殓、除服、成服、移柩、安葬、启钻,无
2043-07-18,平,朱雀,否,祭祀、冠笄、嫁娶、捕捉、结网、畋猎、取渔、馀事勿取,无
2043-07-19,定,金匮,是,沐浴、扫舍、馀事勿取,诸事不宜
2043-07-20,执,天德,是,纳采、祭祀、祈福、解除、动土、破土、安葬,嫁娶、移徙、入宅
2043-07-21,破,白虎,否,祭祀、破屋、坏垣、馀事勿取,诸事不宜
2043-07-22,危,玉堂,是,嫁娶、纳采、开市、出行、动土、上梁、移徙、入宅、破土、安葬,祭祀、祈福
2043-07-23,成,天牢,是,嫁娶、纳采、开市、出行、动土、上梁、移徙、入宅、破土、安葬,赴任
2043-07-24,收,玄武,否,祭祀、作灶、纳财、捕捉,开市、破土
2043-07-25,开,司命,是,嫁娶、开市、立券、祭祀、祈福、动土、移徙、入宅,造庙、安葬
2043-07-26,闭,勾陈,否,补垣、塞穴、结网、入殓、除服、成服、移柩、安葬、启钻、馀事勿取,诸事不宜
2043-07-27,建,青龙,否,嫁娶、纳采、出行、祭祀、祈福、解除、移徙、入宅,动土、安葬
2043-07-28,除,明堂,是,嫁娶、祭祀、祈福、斋醮、治病、破土、安葬,开市、入宅
2043-07-29,满,天刑,否,嫁娶、出行、开市、安床、入殓、启钻、安葬,祈福、动土、破土
2043-07-30,平,朱雀,否,嫁娶、祭祀、裁衣、结网、冠笄、沐浴,开仓、出货财、置产、安葬、动土、破土、掘井、栽种
2043-07-31,定,金匮,是,入宅、移徙、安床、开光、祈福、求嗣、进人口、开市、交易、立券、出火、拆卸、修造、动土,嫁娶、破土、置产、栽种、安葬、修坟、行丧
2043-08-01,执,天德,是,祭祀、解除、沐浴、整手足甲、入殓、移柩、破土、启钻、安葬,嫁娶、入宅、移徙、作灶、开市、交易、安门、栽种
2043-08-02,破,白虎,否,破屋、坏垣、馀事勿取,诸事不宜
2043-08-03,危,玉堂,是,嫁娶、开光、出行、理发、作梁、出火、拆卸、修造、开市、交易、立券、挂匾、动土、入宅、移徙、安床、栽种,伐木、祭祀、纳畜
2043-08-04,成,天牢,是,嫁娶、开光、出行、祈福、求嗣、解除、拆卸、动土、修造、进人口、开市、交易、立券、挂匾、入宅、移徙、安床、栽种、纳畜、入殓、移柩、安葬,无
2043-08-05,成,天牢,是,祭祀、作灶、纳财、栽种、纳畜、进人口,安葬、经络、修坟、破土、开市、安床、启钻、立碑
2043-08-06,收,玄武,否,祭祀、祈福、求嗣、开光、开市、牧养、理发,嫁娶、出行、安葬、入殓、入宅、作灶、冠笄、上梁
2043-08-07,开,司命,是,嫁娶、订盟、纳采、祭祀、斋醮、普渡、解除、出行、会亲友、开市、纳财、修造、动土、竖柱、上梁、开光、开仓、出货财、纳畜、牧养、开池、破土、启钻,出火、入宅、盖屋、安门、安葬
2043-08-08,闭,勾陈,否,嫁娶、普渡、祭祀、祈福、补垣、塞穴、断蚁、筑堤、入殓、除服、成服、安葬,动土、破土、掘井、开光、上梁、词讼
2043-08-09,建,青龙,否,嫁娶、冠笄、祭祀、沐浴、普渡、出行、纳财、扫舍、纳畜、赴任,开市、动土、破土、安床、开仓、上梁
2043-08-10,除,明堂,是,祭祀、沐浴、理发、整手足甲、冠笄、解除、入殓、移柩、破土、启钻、安葬,嫁娶、出行、入宅、开市、安门
2043-08-11,满,天刑,否,塑绘、冠笄、嫁娶、会亲友、进人口、经络、裁衣、栽种、纳畜、牧养、补垣、塞穴、捕捉,祈福、开市、动土、行丧、安葬
2043-08-12,平,朱雀,否,出行、沐浴、订盟、纳采、裁衣、竖柱、上梁、移徙、纳畜、牧养,嫁娶、安门、动土、安葬
2043-08-13,定,金匮,是,纳采、订盟、嫁娶、祭祀、祈福、普渡、开光、安香、出火、移徙、入宅、竖柱、修造、动土、上梁、起基、盖屋、安门、造庙、造桥、破土、启钻、安葬,开市、立券、纳财、作灶
2043-08-14,执,天德,是,祭祀、捕捉、畋猎、纳畜、牧养、入殓、除服、成服、移柩、破土、安葬、启钻,嫁娶、纳采、订盟、开市、入宅
2043-08-15,破,白虎,否,破屋、坏垣、治病、馀事勿取,行丧、安葬
2043-08-16,危,玉堂,是,祈福、斋醮、出行、冠笄、嫁娶、雕刻、开柱眼、入宅、造桥、开市、交易、立券、纳财、入殓、除服、成服、移柩、破土、安葬、启钻,动土、订盟、安床、开池
2043-08-17,成,天牢,是,祈福、求嗣、解除、订盟、纳采、动土、起基、放水、造仓、开市、纳畜、牧养、开生坟、入殓、除服、成服、移柩、破土、安葬,无
2043-08-18,收,玄武,否,塑绘、开光、解除、订盟、纳采、嫁娶、出火、修造、动土、移徙、入宅、拆卸、起基、安门、分居、开市、交易、立券、纳财、纳畜、牧养,无
2043-08-19,开,司命,是,祈福、出行、订盟、纳采、嫁娶、裁衣、动土、安床、放水、开市、掘井、交易、立券、栽种、开渠、除服、成服、移柩、破土,无
2043-08-20,闭,勾陈,否,嫁娶、祭祀、祈福、斋醮、作灶、移徙、入宅,动土、破土
2043-08-21,建,青龙,否,嫁娶、出行、纳畜、祭祀、入殓、启钻、安葬,作灶、动土、破土
2043-08-22,除,明堂,是,订盟、纳采、祭祀、祈福、修造、动土、上梁、破土、安葬,嫁娶、开市
2043-08-23,满,天刑,否,订盟、纳采、出行、会亲友、修造、上梁、移徙、入宅,开市、安葬
2043-08-24,平,朱雀,否,沐浴、修饰垣墙、平治道涂、馀事勿取,嫁娶、祈福
2043-08-25,定,金匮,是,嫁娶、祭祀、祈福、斋醮、动土、移徙、入宅,开市、安葬
2043-08-26,执,天德,是,捕捉、结网、入殓、破土、安葬,嫁娶、入宅
2043-08-27,破,白虎,否,沐浴、治病、破屋、坏垣、馀事勿取,诸事不宜
2043-08-28,危,玉堂,是,嫁娶、订盟、纳采、出行、开市、祭祀、祈福、移徙、入宅、启钻、安葬,动土、破土
2043-08-29,成,天牢,是,嫁娶、订盟、纳采、祭祀、祈福、求医、治病、动土、移徙、入宅、破土、安葬,开光、针灸
2043-08-30,收,玄武,否,订盟、纳采、祭祀、祈福、安机械、作灶、纳畜,动土、安葬
2043-08-31,开,司命,是,嫁娶、祭祀、祈福、求嗣、出行、动土、安床、掘井、破土、启钻,入宅、作梁、安门、伐木、修造、上梁、入殓、盖屋
2043-09-01,闭,勾陈,否,嫁娶、祭祀、祈福、求嗣、出行、出火、拆卸、修造、移徙、动土、安床、入殓、破土、安葬、启钻,盖屋、开光、理发、造船、掘井、作灶
2043-09-02,建,青龙,否,祭祀、祈福、求嗣、开光、出行、解除、上梁、盖屋、移徙、安门、纳财、牧养、纳畜、安葬、启钻、入殓,破土、置产、掘井、动土、安床
2043-09-03,建,青龙,否,祭祀、解除、沐浴、理发、整手足甲、入殓、移柩、破土、安葬、扫舍,嫁娶、会亲友、进人口、出行、入宅、移徙、赴任、作灶
2043-09-04,除,明堂,是,塑绘、开光、进人口、纳畜、补垣、塞穴、栽种、牧养,嫁娶、纳财、祈福、安葬、修造、开市、交易、立券、动土、上梁
2043-09-05,满,天刑,否,作灶、沐浴、修饰垣墙、平治道涂、馀事勿取,诸事不宜
2043-09-06,平,朱雀,否,祭祀、求嗣、开光、出行、伐木、作梁、出火、解除、拆卸、进人口、修造、动土、起基、安床、栽种、纳畜、入殓、破土、安葬、除服、成服,嫁娶、移徙
2043-09-07,定,金匮,是,祭祀、塞穴、入殓、破土、安葬、移柩、馀事勿取,诸事不宜
2043-09-08,执,天德,是,沐浴、捕捉、入殓、除服、成服、破土、启钻、安葬,祭祀、嫁娶、安床、开市、入宅、探病、上梁
2043-09-09,破,白虎,否,馀事勿取,探病
2043-09-10,危,玉堂,是,订盟、纳采、祭祀、祈福、安香、出火、修造、动土、上梁、安门、起基、竖柱、定磉、开池、移徙、入宅、立券、破土,嫁娶、造庙、造桥、造船、作灶、安葬
2043-09-11,成,天牢,是,开光、求嗣、雕刻、嫁娶、订盟、纳采、出火、拆卸、修造、动土、起基、上梁、放水、移徙、入宅、造仓、造船、开市、开池、纳畜、牧养、挂匾,行丧、安葬、合寿木
2043-09-12,收,玄武,否,祭祀、嫁娶、捕捉,开光、动土、破土、开市、修造、入宅、安门
2043-09-13,开,司命,是,祭祀、普渡、解除、会亲友、捕捉、畋猎、启钻、除服、成服、移柩,嫁娶、开市、动土、掘井、开池、安葬
2043-09-14,闭,勾陈,否,出行、解除、冠笄、嫁娶、伐木、架马、开柱眼、修造、动土、移徙、入宅、开生坟、合寿木、入殓、移柩、破土、安葬、修坟,祭祀、祈福、开光、开市、安床
2043-09-15,建,青龙,否,祭祀、祈福、求嗣、出行、沐浴、交易、扫舍、教牛马,动土、作灶、行丧、安葬、修坟
2043-09-16,除,明堂,是,出行、解除、纳采、冠笄、雕刻、修造、动土、起基、上梁、合脊、安床、移徙、入宅、开市、栽种、开厕,造庙、安门、行丧、安葬
2043-09-17,满,天刑,否,开光、塑绘、出行、解除、冠笄、裁衣、挂匾、作灶、开市、开池、开厕、补垣、塞穴,无
2043-09-18,平,朱雀,否,祭祀、祈福、修饰垣墙、平治道涂、入殓、移柩,嫁娶、入宅、上梁、安门
2043-09-19,定,金匮,是,祭祀、会亲友、纳采、嫁娶、开光、塑绘、斋醮、安香、开市、立券、除服、成服、入殓、移柩、安葬、赴任、进人口、出行、裁衣、修造、动土、上梁、经络、交易,入宅、伐木
2043-09-20,执,天德,是,祭祀、冠笄、会亲友、拆卸、起基、除服、成服、移柩、启钻、安葬、沐浴、捕捉、开光、塑绘,作灶、入宅、嫁娶
2043-09-21,破,白虎,否,祭祀、沐浴、破屋、坏垣、馀事勿取,移徙、入宅、出行、栽种
2043-09-22,危,玉堂,是,祭祀、塑绘、开光、出行、解除、订盟、嫁娶、拆卸、起基、安床、入宅、开市、入殓、除服、成服、移柩、破土、谢土、挂匾、开柱眼、交易,造桥、冠笄、盖屋、掘井
2043-09-23,成,天牢,是,祭祀、会亲友、进人口、动土、上梁、开光、塑绘、冠笄、拆卸、起基、安床、开市、立券、赴任、经络,定磉、安葬
2043-09-24,收,玄武,否,祭祀、裁衣、冠笄、嫁娶、纳婿、会亲友、除服、成服、移柩、捕捉、进人口、入殓,移徙、入宅、作灶
2043-09-25,开,司命,是,诸事不宜,入殓、安葬、开市、交易
2043-09-26,闭,勾陈,否,祭祀、裁衣、冠笄、嫁娶、安机械、拆卸、动土、起基、移徙、入宅、入殓、启钻、安葬、造仓、经络,安床、开光、开市、交易
2043-09-27,建,青龙,否,祭祀、出行、成服、除服、沐浴、入殓,动土、冠笄、移徙、入宅、开市、竖柱、上梁
2043-09-28,除,明堂,是,祭祀、沐浴、赴任、出行、馀事勿取,诸事不宜
2043-09-29,满,天刑,否,诸事不宜,无
2043-09-30,平,朱雀,否,沐浴、入殓、移柩、除服、成服、破土、平治道涂,嫁娶、移徙、入宅、开市
2043-10-01,定,金匮,是,嫁娶、祭祀、祈福、求嗣、沐浴、出火、出行、拆卸、修造、动土、进人口、开市、交易、立券、入宅、移徙、安床、栽种、纳畜、入殓、安葬、启钻、除服、成服,无
2043-10-02,执,天德,是,开光、解除、起基、动土、拆卸、上梁、立碑、修坟、安葬、破土、启钻、移柩,嫁娶、出行、安床、作灶、祭祀、入宅、移徙、出火、进人口、置产
2043-10-03,执,天德,是,破屋、坏垣、馀事勿取,诸事不宜
2043-10-04,破,白虎,否,嫁娶、祈福、求嗣、出行、出火、拆卸、修造、动土、上梁、开光、进人口、开市、交易、立券、挂匾、安床、入宅、移徙、栽种、伐木、入殓、破土、除服、成服,无
2043-10-05,危,玉堂,是,开市、交易、立券、挂匾、祭祀、开光、进人口、入宅、安床、出火、拆卸、修造、动土、栽种,嫁娶、立碑、出行、伐木、安葬、行丧、移徙、纳畜
2043-10-06,成,天牢,是,祭祀、理发、会亲友、进人口、嫁娶、针灸、入殓、移柩,探病、开渠、安葬、伐木、作灶、入宅
2043-10-07,收,玄武,否,祭祀、立碑、修坟、启钻、除服、成服、馀事勿取,无
2043-10-08,开,司命,是,嫁娶、订盟、纳采、祭祀、祈福、出行、求医、治病、出火、移徙、入宅,开市、开仓、出货财、安床、安门、安葬
2043-10-09,闭,勾陈,否,冠笄、祭祀、沐浴、作灶、理发、整手足甲、扫舍、补垣、塞穴、入殓、破土、启钻,开光、嫁娶、会亲友、栽种、针灸、安葬
2043-10-10,建,青龙,否,纳采、订盟、嫁娶、祭祀、祈福、求嗣、置产、求医、治病、开市、交易、立券、会亲友、移徙、竖柱、上梁、盖屋、合脊、安门、放水、捕捉、纳畜,造庙、造船、动土、破土、安葬
2043-10-11,除,明堂,是,出行、造车器、造畜稠、解除、冠笄、裁衣、作梁、雕刻、会亲友、移徙、入宅、安机械、开市、扫舍,嫁娶、动土、破土、修坟
2043-10-12,满,天刑,否,沐浴、理发、冠笄、安床、开市、立券、会亲友、交易、纳财、结网、教牛马,移徙、入宅、出行、祈福、嫁娶
2043-10-13,平,朱雀,否,祭祀、造畜稠、修饰垣墙、平治道涂、馀事勿取,嫁娶、开市、安床、掘井
2043-10-14,定,金匮,是,捕捉、结网、入殓、除服、成服、移柩、破土、安葬、启钻、立碑,嫁娶、祭祀、入宅、盖屋、移徙
2043-10-15,执,天德,是,祭祀、祈福、求嗣、斋醮、造庙、出火、安机械、会亲友、开市、交易、立券、纳财、习艺、经络、求医、治病、开池、开厕、畋猎、结网、栽种、牧养、安葬、破土、启钻,开光、嫁娶、掘井、伐木、作梁
2043-10-16,破,白虎,否,破屋、坏垣、馀事勿取,诸事不宜
2043-10-17,危,玉堂,是,会亲友、嫁娶、订盟、纳采、纳婿、拆卸、修造、动土、起基、竖柱、上梁、安床、纳财,出行、祈福、安葬、作灶
2043-10-18,成,天牢,是,祭祀、塑绘、开光、祈福、斋醮、出行、订盟、纳采、裁衣、嫁娶、拆卸、修造、安床、入宅、安香、入殓、启钻、安葬、谢土、赴任、会亲友、进人口、移徙、上梁、经络、开市、交易、立券、纳财,开仓、冠笄、伐木、作梁
2043-10-19,收,玄武,否,祭祀、作灶、入殓、除服、成服、畋猎,栽种、动土、安葬、开市
2043-10-20,开,司命,是,祭祀、祈福、斋醮、沐浴、竖柱、订盟、纳采、嫁娶、拆卸、入宅、移柩、启钻、谢土、赴任、出火、纳畜,作灶、入殓、安葬、安床
2043-10-21,闭,勾陈,否,嫁娶、祭祀、安机械、入殓、破土、安葬,动土、上梁
2043-10-22,建,青龙,否,作灶、造畜稠,行丧、安葬
2043-10-23,除,明堂,是,沐浴、理发、入学、习艺、进人口,嫁娶、入宅
2043-10-24,满,天刑,否,开光、针灸、会亲友、启钻、安葬,开市、动土、破土
2043-10-25,平,朱雀,否,祭祀、结网、造畜稠、馀事勿取,无
2043-10-26,定,金匮,是,入殓、除服、成服、移柩、破土、启钻、安葬,移徙、入宅
2043-10-27,执,天德,是,嫁娶、订盟、纳采、出行、祭祀、祈福、动土、移徙、入宅、破土、安葬,开市、赴任
2043-10-28,破,白虎,否,祭祀、解除、破屋、坏垣、馀事勿取,无
2043-10-29,危,玉堂,是,订盟、纳采、会亲友、安机械、纳财、牧养,祈福、安葬
2043-10-30,成,天牢,是,嫁娶、订盟、纳采、出行、开市、祭祀、祈福、动土、移徙、入宅、破土、安葬,斋醮、安门
2043-10-31,收,玄武,否,祭祀、塞穴、馀事勿取,诸事不宜
2043-11-01,开,司命,是,祭祀、祈福、求嗣、开光、开市、出行、解除、动土、起基、置产、栽种,嫁娶、作灶、修坟、安门、入宅、立碑、安葬、安床
2043-11-02,开,司命,是,祭祀、解除、裁衣、理发、安床、作灶、造畜稠、放水、筑堤、补垣、塞穴、整手足甲、扫舍,嫁娶、开光、会亲友、掘井、安门、栽种
2043-11-03,闭,勾陈,否,祭祀、出行、裁衣、冠笄、会亲友、造畜稠、嫁娶、竖柱、上梁、移徙、纳财、纳畜,动土、伐木、作梁、行丧、安葬、开生坟
2043-11-04,建,青龙,否,祭祀、祈福、求嗣、开光、出行、解除、移徙、伐木、安床、纳畜、出火、拆卸,安葬、修坟、作灶、破土、造庙、动土、嫁娶、纳采
2043-11-05,除,明堂,是,开市、交易、立券、纳财、会亲友、开光、理发、入殓、移柩、安葬、启钻,嫁娶、作灶、出火、出行、入宅、移徙、安床、祈福、上梁
2043-11-06,满,天刑,否,造畜稠、平治道涂、馀事勿取,诸事不宜
2043-11-07,平,朱雀,否,纳采、移徙、纳财、开市、交易、立券、入宅、修造、动土、竖柱、起基、定磉、造庙、安香、出火、修饰垣墙、平治道涂、会亲友、出行、开池、开厕,开仓、盖屋、造桥、祭祀
2043-11-08,定,金匮,是,订盟、纳采、纳财、开市、立券、祭祀、祈福、移徙、入宅、出行、盖屋、起基、修造、动土、竖柱、上梁、安门、安香、出火、教牛马、会亲友、破土,嫁娶、安葬、掘井、置产、造船
2043-11-09,执,天德,是,嫁娶、订盟、纳采、祭祀、祈福、塑绘、开光、移徙、安床、伐木、作梁、捕捉、畋猎、结网、求医、治病、解除、安葬、除服、成服、移柩、入殓、立碑、谢土,开市、造庙、动土、破土
2043-11-10,破,白虎,否,破屋、坏垣、祭祀、馀事勿取,嫁娶、安葬
2043-11-11,危,玉堂,是,嫁娶、纳采、订盟、祭祀、冠笄、裁衣、伐木、作梁、架马、定磉、开柱眼、作灶、移徙、安床、畋猎、结网、开池、开厕、除服、成服、启钻、入殓、移柩、安葬,盖屋、造船、动土、破土
2043-11-12,成,天牢,是,纳采、订盟、祭祀、祈福、求嗣、斋醮、开光、会亲友、解除、入学、纳财、交易、立券、经络、起基、动土、定磉、开池、栽种、纳畜、牧养、破土、入殓、立碑、安葬,嫁娶、开市、入宅、出火、移徙
2043-11-13,收,玄武,否,捕捉、畋猎、会亲友、解除、入殓、除服、成服、移柩、馀事勿取,安床、安门、破土、修坟、安葬
2043-11-14,开,司命,是,祭祀、祈福、求嗣、斋醮、沐浴、冠笄、出行、理发、拆卸、解除、起基、动土、定磉、安碓磑、开池、掘井、扫舍、除服、成服、移柩、启钻、立碑、谢土,移徙、入宅、安门、作梁、安葬
2043-11-15,闭,勾陈,否,嫁娶、冠笄、安床、纳采、会亲友、塞穴、捕捉、置产、造畜稠,开光、掘井、安葬、谢土、修坟
2043-11-16,建,青龙,否,祭祀、沐浴、馀事勿取,诸事不宜
2043-11-17,除,明堂,是,祭祀、会亲友、嫁娶、沐浴、修造、动土、祈福、开光、塑绘、出行、订盟、纳采、裁衣、入殓、除服、成服、移柩、启钻、赴任、竖柱、上梁、纳财、扫舍、栽种、纳畜、伐木,入宅、作灶、安床、开仓
2043-11-18,满,天刑,否,理发、会亲友、补垣、塞穴、结网,嫁娶、入宅、安门、移徙
2043-11-19,平,朱雀,否,祭祀、祈福、订盟、纳采、裁衣、拆卸、修造、动土、起基、安床、移徙、入宅、安香、除服、成服、入殓、移柩、安葬、谢土、赴任、会亲友、进人口、出行、竖柱、上梁、经络、开市、交易、立券、纳财、开仓,作灶、治病、伐木、作梁
2043-11-20,定,金匮,是,祭祀、祈福、订盟、纳采、裁衣、拆卸、修造、动土、起基、安床、移徙、入宅、安香、入殓、移柩、安葬、谢土、赴任、进人口、会亲友,作灶、治病
2043-11-21,执,天德,是,祭祀、塑绘、开光、订盟、纳采、嫁娶、安床、进人口、入殓、除服、成服、移柩、启钻、安葬、立碑,开市、交易、破土、作灶
2043-11-22,破,白虎,否,祭祀、解除、破屋、坏垣、馀事勿取,诸事不宜
2043-11-23,危,玉堂,是,祭祀、解除、祈福、开光、塑绘、斋醮、订盟、纳采、裁衣、冠笄、拆卸、修造、动土、入殓、除服、成服、移柩、启钻、安床、赴任、出行、移徙、竖柱、上梁、伐木、栽种、破土、安葬、纳畜,盖屋、治病
2043-11-24,成,天牢,是,祭祀、祈福、订盟、纳采、裁衣、合帐、冠笄、安机械、安床、造畜稠、入殓、移柩、启钻、安葬、谢土、除服、成服、会亲友、竖柱、上梁、经络、开市、交易、立券、纳财、纳畜、筑堤,嫁娶、入宅、治病、赴任
2043-11-25,收,玄武,否,沐浴、扫舍、馀事勿取,诸事不宜
2043-11-26,开,司命,是,诸事不宜,无
2043-11-27,闭,勾陈,否,祈福、斋醮、出行、订盟、纳采、入殓、移柩、破土、安葬、立碑、结网,入宅、作灶
2043-11-28,建,青龙,否,祭祀、沐浴、出行、冠笄、进人口、馀事勿取,嫁娶、动土、安葬、作灶
2043-11-29,除,明堂,是,祭祀、祈福、斋醮、塑绘、开光、订盟、纳采、裁衣、冠笄、嫁娶、拆卸、入宅、安香、入殓、移柩、理发、安葬、修坟、谢土、赴任、移徙、沐浴、治病、破土、启钻、整手足甲、入学、作梁,开市
2043-11-30,满,天刑,否,诸事不宜,无
2043-12-01,满,天刑,否,开市、交易、立券、挂匾、纳财、开光、出行、入宅、移徙、安床、纳畜、入殓、移柩、安葬,栽种、破土、置产、祭祀、嫁娶、动土、作灶、祈福
2043-12-02,平,朱雀,否,嫁娶、祭祀、祈福、求嗣、开光、出行、解除、出火、拆卸、进人口、入宅、移徙、安床、栽种、动土、修造、纳畜、入殓、安葬、立碑、除服、成服,无
2043-12-03,定,金匮,是,开光、解除、拆卸、修造、动土、安床、纳畜、安葬、启钻、入殓,嫁娶、开市、出火、栽种、破土、入宅、移徙、安香、分居、掘井、作灶
2043-12-04,执,天德,是,破屋、坏垣、馀事勿取,诸事不宜
2043-12-05,破,白虎,否,嫁娶、祭祀、开光、出火、出行、拆卸、修造、动土、解除、开市、交易、立券、挂匾、纳财、入宅、移徙、安床、栽种、纳畜,探病、安葬
2043-12-06,危,玉堂,是,祭祀、祈福、求嗣、开光、解除、理发、会亲友、栽种、纳畜、牧养、安葬、修坟、立碑、启钻,入宅、作灶、词讼、移徙、出行、赴任
2043-12-07,成,天牢,是,纳采、订盟、移徙、入宅、出行、安机械、会亲友、祭祀、祈福、斋醮、开光、安香、出火、解除、求医、针灸、治病、盖屋、起基、修造、安门、造船、纳畜、牧养、移柩、入殓、启钻、谢土、修坟、立碑,嫁娶、动土、安床、造桥、掘井
2043-12-08,收,玄武,否,祭祀、沐浴、作灶、纳财、捕捉、畋猎、安床、扫舍,开市、斋醮、破土、安葬
2043-12-09,开,司命,是,祈福、斋醮、纳采、订盟、解除、架马、开柱眼、修造、动土、起基、上梁、归岫、盖屋、合脊、掘井、除服、成服、破土、栽种,移徙、开市、入宅、安葬
2043-12-10,闭,勾陈,否,纳采、订盟、祭祀、沐浴、冠笄、合帐、裁衣、修造、动土、拆卸、移徙、入宅、安门、开仓、筑堤、开厕、栽种、纳畜、补垣、塞穴,嫁娶、祈福、开光、掘井、安葬、行丧
2043-12-11,建,青龙,否,合帐、裁衣、教牛马、馀事勿取,入宅、动土、破土、嫁娶、作灶、造船
2043-12-12,除,明堂,是,纳采、订盟、嫁娶、祭祀、祈福、安香、出火、出行、会亲友、经络、求医、治病、解除、拆卸、起基、修造、动土、定磉、扫舍、栽种、牧养、造畜稠,斋醮、作梁、掘井、行丧、安葬
2043-12-13,满,天刑,否,纳财、开市、交易、立券、会亲友、进人口、经络、祭祀、祈福、安香、出火、求医、治病、修造、动土、拆卸、扫舍、安床、栽种、牧养、开生坟、合寿木、入殓、安葬、启钻,嫁娶、移徙、入宅
2043-12-14,平,朱雀,否,祭祀、入殓、移柩、馀事勿取,入宅、修造、动土、破土、安门、上梁
2043-12-15,定,金匮,是,塑绘、开光、订盟、纳采、裁衣、冠笄、拆卸、修造、安床、入宅、出火、安葬、谢土、赴任,掘井、伐木、斋醮、作灶
2043-12-16,执,天德,是,祭祀、塑绘、开光、裁衣、冠笄、嫁娶、纳采、拆卸、修造、动土、竖柱、上梁、安床、移徙、入宅、安香、结网、捕捉、畋猎、伐木、进人口、放水,出行、安葬、修坟、开市
2043-12-17,破,白虎,否,祭祀、求医、破屋、坏垣、馀事勿取,诸事不宜
2043-12-18,危,玉堂,是,祭祀、祈福、斋醮、出行、冠笄、安机械、移徙、入宅、安香、安床、除服、成服、移柩、启钻,开光、栽种、治病、安门、作灶
2043-12-19,成,天牢,是,塑绘、斋醮、出行、拆卸、解除、修造、移徙、造船、入殓、除服、成服、移柩、启钻、修坟、立碑、谢土,无
2043-12-20,收,玄武,否,祭祀、沐浴、安床、纳财、畋猎、捕捉,开市、破土
2043-12-21,开,司命,是,订盟、纳采、祭祀、祈福、修造、动土、上梁、破土,嫁娶、作灶
2043-12-22,闭,勾陈,否,出行、沐浴、理发、补垣、塞穴,入宅、安葬
2043-12-23,建,青龙,否,教牛马、馀事勿取,入宅、动土、破土
2043-12-24,除,明堂,是,嫁娶、出行、求医、治病、祭祀、祈福、上梁、纳畜,开市、安葬
2043-12-25,满,天刑,否,开市、立券、开光、解除、安机械、上梁、启钻、安葬,嫁娶、祈福
2043-12-26,平,朱雀,否,平治道涂、馀事勿取,诸事不宜
2043-12-27,定,金匮,是,求嗣、斋醮、塑绘、订盟、纳采、出火、拆卸、修造、动土、造桥、安机械、栽种、纳畜、牧养、入殓、除服、成服、移柩、破土、安葬,开市、嫁娶
2043-12-28,执,天德,是,嫁娶、订盟、纳采、祭祀、祈福、修造、动土、移徙、入宅,开市、安葬
2043-12-29,破,白虎,否,治病、破屋、坏垣、馀事勿取,诸事不宜
2043-12-30,危,玉堂,是,祭祀、祈福、求嗣、斋醮、开光、入学、订盟、冠笄、伐木、修造、动土、起基、放水、交易、开池,造桥、安门、理发、造庙、栽种、作灶
2043-12-31,危,玉堂,是,解除、坏垣、馀事勿取,诸事不宜
2044-01-01,成,天牢,是,沐浴、理发、扫舍,伐木、纳畜、上梁、入宅、作灶、造畜稠、嫁娶、安葬、作梁、造船、安门
2044-01-02,收,玄武,否,祭祀、开光、祈福、解除、作梁、动土、安床、掘井、栽种、纳畜、破土、移柩,嫁娶、出行、赴任、盖屋、入殓、入宅、移徙、出火、进人口、安葬
2044-01-03,开,司命,是,作梁、修造、动土、安门、作灶、塞穴、开池、开厕、筑堤、补垣、栽种,嫁娶、祈福、掘井、行丧、安葬、安床
2044-01-04,闭,勾陈,否,安葬、启钻、移柩、入殓、除服、成服,馀事勿取
2044-01-05,建,青龙,否,嫁娶、祭祀、祈福、求嗣、出行、出火、拆卸、开市、交易、立券、挂匾、入宅、移徙、安床、栽种,作灶、塑绘、行丧、词讼、伐木、安葬
2044-01-06,除,明堂,是,纳采、订盟、移徙、纳财、开市、交易、立券、入宅、会亲友、解除、求医、治病、入学、安床、安门、安香、出火、拆卸、扫舍、挂匾、开生坟、合寿木、破土、修坟、启钻、入殓,探病、祭祀、出行、上梁、盖屋、谢土、安葬
2044-01-07,满,天刑,否,嫁娶、订盟、纳采、祭祀、祈福、求嗣、会亲友、解除、出行、入学、纳财、开市、交易、立券、习艺、经络、安床、开仓、出货财、纳畜、安葬、启钻、修坟、入殓,入宅、开光、动土
2044-01-08,平,朱雀,否,祭祀、冠笄、嫁娶、会亲友、进人口、裁衣、结网、平治道涂,移徙、入宅、造庙、作灶、治病、安葬
2044-01-09,定,金匮,是,祭祀、安碓磑、结网、馀事勿取,嫁娶、安葬
2044-01-10,执,天德,是,嫁娶、祭祀、沐浴、裁衣、出行、理发、移徙、捕捉、畋猎、放水、入宅、除服、成服、启钻、安葬、移柩、入殓,盖屋、开市、动土、破土
2044-01-11,破,白虎,否,破屋、坏垣、馀事勿取,嫁娶、开市、安葬
2044-01-12,危,玉堂,是,纳采、订盟、祭祀、求嗣、出火、塑绘、裁衣、会亲友、入学、拆卸、扫舍、造仓、挂匾、掘井、开池、结网、栽种、纳畜、破土、修坟、立碑、安葬、入殓,祈福、嫁娶、造庙、安床、谢土
2044-01-13,成,天牢,是,入殓、除服、成服、移柩、启钻、安葬、修坟、立碑,开市、伐木、嫁娶、作梁
2044-01-14,收,玄武,否,祭祀、作灶、入殓、除服、馀事勿取,开市、安床
2044-01-15,开,司命,是,塑绘、开光、沐浴、冠笄、会亲友、作灶、放水、造畜稠,嫁娶、入殓、安葬、出行
2044-01-16,闭,勾陈,否,祭祀、沐浴、祈福、斋醮、订盟、纳采、裁衣、拆卸、起基、竖柱、上梁、安床、入殓、除服、成服、移柩、启钻、挂匾、求嗣、出行、合帐、造畜稠,开仓、嫁娶、移徙、入宅
2044-01-17,建,青龙,否,祭祀、解除、馀事勿取,诸事不宜
2044-01-18,除,明堂,是,沐浴、解除、订盟、纳采、裁衣、冠笄、拆卸、修造、动土、移徙、入宅、除服、成服、移柩、破土、启钻、安葬、扫舍、修坟、伐木、纳财、交易、立券,作灶、祭祀、上梁、出行
2044-01-19,满,天刑,否,出行、嫁娶、订盟、纳采、入殓、安床、启钻、安葬、祭祀、裁衣、会亲友、进人口,无
2044-01-20,平,朱雀,否,修饰垣墙、平治道涂、入殓、移柩、馀事勿取,嫁娶、移徙、入宅、开光
2044-01-21,定,金匮,是,会亲友、纳采、进人口、修造、动土、竖柱、上梁、祭祀、开光、塑绘、祈福、斋醮、嫁娶、安床、移徙、入宅、安香、纳畜,出行、治病、安葬、开市
2044-01-22,执,天德,是,祭祀、会亲友、出行、订盟、纳采、沐浴、修造、动土、祈福、斋醮、嫁娶、拆卸、安床、入殓、移柩、安葬、谢土、赴任、裁衣、竖柱、上梁、伐木、捕捉、栽种、破土、安门,盖屋、开市、作灶、入宅
2044-01-23,破,白虎,否,解除、破屋、坏垣、馀事勿取,诸事不宜
2044-01-24,危,玉堂,是,塑绘、开光、出行、订盟、纳采、除服、成服、嫁娶、纳婿、入殓、移柩、启钻、安葬、立碑,入宅、安床
2044-01-25,成,天牢,是,入殓、除服、成服、移柩、启钻、安葬、立碑、馀事勿取,破土、伐木
2044-01-26,收,玄武,否,祭祀、祈福、斋醮、塑绘、开光、除服、成服、入殓、作灶、嫁娶、捕捉、畋猎、纳财,开仓、盖屋、安葬、安床
2044-01-27,开,司命,是,祭祀、出行、沐浴、裁衣、祈福、斋醮、订盟、纳采、嫁娶、安机械、开市、立券、安碓磑、纳畜,栽种、入殓、安葬
2044-01-28,闭,勾陈,否,祭祀、祈福、斋醮、沐浴、安床、安机械、造车器、入殓、移柩、启钻、安葬、立碑、合帐、经络、交易,作灶、掘井、嫁娶、入宅
2044-01-29,建,青龙,否,解除、扫舍、祭祀、教牛马、馀事勿取,无
2044-01-30,建,青龙,否,开市、交易、立券、挂匾、开光、解除、伐木、作梁、出火、入宅、移徙、安床、拆卸、动土、上梁、栽种、纳畜、安葬,嫁娶、祭祀、出行、置产
2044-01-31,除,明堂,是,开市、交易、立券、纳财、开池、补垣、嫁娶、纳采、纳畜、取渔、安床,修造、上梁、入宅、祈福、探病、掘井、动土、安门、安葬、作灶
2044-02-01,满,天刑,否,祭祀、解除、修饰垣墙、平治道涂、馀事勿取,无
2044-02-02,平,朱雀,否,嫁娶、祭祀、祈福、求嗣、动土、会亲友、起基、造仓、纳畜、牧养、开厕、进人口,掘井、安葬、栽种、出行、作灶、开市、入宅、安门
2044-02-03,定,金匮,是,嫁娶、祭祀、祈福、求嗣、开光、入宅、移徙、安床、修造、动土、进人口,掘井、安葬、栽种、出行、作灶、开市、安门
2044-02-04,执,天德,是,入学、习艺、出行、纳采、订盟、嫁娶、会亲友、进人口、牧养、捕捉、入殓、移柩、安葬、启钻,开光、开市、入宅、动土、盖屋
2044-02-05,破,白虎,否,祭祀、沐浴、求医、治病、扫舍、破屋、坏垣、解除、馀事勿取,入宅、开市、安葬
2044-02-06,危,玉堂,是,祭祀、冠笄、嫁娶、拆卸、修造、动土、起基、上梁、盖屋、入宅、开市、开池、塞穴、入殓、除服、成服、移柩、安葬、破土,安床、栽种、治病、作灶
2044-02-07,成,天牢,是,祭祀、结网、入殓、除服、成服、移柩、安葬、破土,馀事勿取
2044-02-08,收,玄武,否,塑绘、开光、祈福、求嗣、订盟、纳采、裁衣、冠笄、拆卸、修造、动土、起基、安门、安床、移徙、造仓、结网、纳畜,伐木、作灶、安葬、取渔、入宅
2044-02-09,开,司命,是,祭祀、沐浴、开光、塑绘、祈福、求嗣、订盟、纳采、冠笄、裁衣、嫁娶、动土、除服、成服、移柩、破土、启钻、出行、安碓磑、放水、开市、立券、交易,安葬、上梁、入宅、作灶
2044-02-10,闭,勾陈,否,祭祀、祈福、求嗣、酬神、裁衣、安床、立券、交易、入殓、除服、成服、移柩、谢土、启钻,出行、嫁娶、入宅、动土
2044-02-11,建,青龙,否,裁衣、合帐、入殓、除服、成服、会亲友、纳财,祭祀、祈福、移徙、嫁娶、入宅
2044-02-12,除,明堂,是,祭祀、斋醮、裁衣、合帐、冠笄、订盟、纳采、嫁娶、入宅、安香、谢土、入殓、移柩、破土、立碑、会亲友、出行、祈福、求嗣、上梁、放水,掘井
2044-02-13,满,天刑,否,安床、合帐、入宅、问名、纳采、求嗣、祭祀、开仓,斋醮、作灶、安葬
2044-02-14,平,朱雀,否,作灶、平治道涂,祭祀、祈福、安葬、安门、馀事勿取
2044-02-15,定,金匮,是,塑绘、开光、酬神、斋醮、订盟、纳采、裁衣、合帐、拆卸、动土、上梁、安床、安香、造庙、挂匾、会亲友、进人口、出行、修造、纳财、伐木、放水、出火、纳畜、沐浴、安门,盖屋、栽种、安葬、作灶
2044-02-16,执,天德,是,祭祀、祈福、酬神、订盟、纳采、冠笄、裁衣、合帐、嫁娶、安床、移徙、入宅、安香、入殓、移柩、启钻、安葬、解除、取渔、捕捉、伐木、安门、出火,栽种、动土、开市、作灶
2044-02-17,破,白虎,否,求医、破屋,诸事不宜
2044-02-18,危,玉堂,是,祈福、求嗣、斋醮、塑绘、开光、订盟、纳采、嫁娶、动土、入宅、安香、移柩、安葬、谢土、出行、沐浴、修造、竖柱、上梁、纳财、破土、解除、安门、放水,作灶、安床
2044-02-19,成,天牢,是,取渔、入殓、除服、成服、移柩、破土、安葬、立碑,嫁娶、上梁、入宅、作灶
2044-02-20,收,玄武,否,祭祀、求嗣、沐浴、酬神、订盟、纳采、裁衣、合帐、冠笄、安机械、安床、造仓、开池、经络、纳财、开市、立券、交易、结网、取渔、纳畜、捕捉,安葬、作灶、伐木、作梁
2044-02-21,开,司命,是,祭祀、沐浴、祈福、求嗣、斋醮、订盟、纳采、裁衣、冠笄、开市、立券、交易、纳财、除服、谢土、出行、移柩,入殓、安葬、作灶、入宅
2044-02-22,闭,勾陈,否,祭祀、祈福、求嗣、入殓、启钻、安葬、移柩,开光、掘井、针灸、出行、嫁娶、入宅、移徙、作灶、动土
2044-02-23,建,青龙,否,安床、解除、裁衣、竖柱、上梁、交易、立券、纳财、纳畜、牧养、入殓、移柩、安葬、启钻,嫁娶、出行、动土、开渠、入宅、祭祀、掘井
2044-02-24,除,明堂,是,嫁娶、安床、开光、出行、祭祀、动土、出火、解除、会亲友、开市、交易、立券、挂匾、入宅、移徙、拆卸、破土、启钻、安葬,掘井、词讼
2044-02-25,满,天刑,否,嫁娶、开光、求嗣、会亲友、安床、牧养、塑绘、针灸,入宅、移徙、出火、分居、安香、作灶、开市、交易、立券、安葬、动土、伐木
2044-02-26,平,朱雀,否,作灶、解除、平治道涂,栽种、出行、祈福、行丧、纳畜、安葬、安门、伐木、作梁、牧养
2044-02-27,定,金匮,是,解除、沐浴,诸事不宜
2044-02-28,执,天德,是,嫁娶、祭祀、祈福、出行、解除、出火、拆卸、动土、入宅、移徙、安床、上梁、栽种、纳畜、破土、启钻、安葬,开市、立券、理发、作灶
2044-02-29,执,天德,是,祭祀、解除、治病、破屋、坏垣、扫舍,馀事勿取
2044-03-01,破,白虎,否,祭祀、祈福、求嗣、开光、出火、出行、拆卸、修造、动土、入宅、移徙、上梁、挂匾、开池、入殓、安葬、破土、启钻,嫁娶、作灶、安床
2044-03-02,危,玉堂,是,结网、入殓、除服、成服、移柩、安葬、破土,诸事不宜
2044-03-03,成,天牢,是,移徙、祭祀、开光、祈福、出行、解除、进人口、雇佣、安床、动土、起基、上梁、安门,嫁娶、安葬、破土、作梁、纳畜、牧养、行丧、作灶
2044-03-04,收,玄武,否,嫁娶、开光、祈福、求嗣、解除、动土、安床、栽种、开池、掘井、祭祀、破土、启钻,入宅、作灶、伐木、安葬、出火、出行、纳畜
2044-03-05,开,司命,是,开光、祈福、求嗣、出行、解除、伐木、盖屋、起基、修造、架马、安门、移徙、入宅、造庙、除服、成服、移柩、谢土、纳畜、牧养,纳采、动土、开市、交易
2044-03-06,闭,勾陈,否,裁衣、经络、伐木、开柱眼、拆卸、修造、动土、上梁、合脊、合寿木、入殓、除服、成服、移柩、破土、安葬、启钻、修坟、立碑,祭祀、嫁娶、出行、掘井
2044-03-07,建,青龙,否,祭祀、会亲友、立券、交易、裁衣、合帐、嫁娶、冠笄、进人口,栽种、动土、安葬、掘井、修坟、探病
2044-03-08,除,明堂,是,扫舍、塞穴、馀事勿取,诸事不宜
2044-03-09,满,天刑,否,塑绘、开光、订盟、纳采、裁衣、合帐、冠笄、安机械、会亲友、纳财、开市、立券、交易、安床、竖柱、上梁、结网、栽种、解除、经络,作灶、出行、入宅、安葬
2044-03-10,平,朱雀,否,祭祀、嫁娶、纳婿、除服、成服、入殓、移柩,动土、作灶、入宅、开光、安床
2044-03-11,定,金匮,是,祈福、求嗣、开光、塑绘、斋醮、订盟、纳采、嫁娶、拆卸、安床、入宅、安香、移柩、修坟、安葬、谢土、栽种、解除、冠笄、裁衣、移徙、修造、动土、竖柱、放水、启钻、立碑,赴任
2044-03-12,执,天德,是,祭祀、解除、入殓、除服、成服、移柩、启钻、安葬、修坟、立碑、谢土、沐浴、扫舍、捕捉、取渔、结网、畋猎、理发,安床、嫁娶、作灶、入宅
2044-03-13,破,白虎,否,破屋、坏垣,诸事不宜
2044-03-14,危,玉堂,是,祭祀、出行、订盟、纳采、裁衣、合帐、冠笄、进人口、动土、安床、作灶、入殓、移柩、安葬、破土、结网、取渔、畋猎,作梁、造庙
2044-03-15,成,天牢,是,祭祀、开光、塑绘、订盟、纳采、合帐、冠笄、拆卸、动土、起基、上梁、入宅、安香、开市、立券、纳财、沐浴、求嗣、出火、竖柱、安门,造庙、嫁娶、伐木、安葬
2044-03-16,收,玄武,否,祭祀、沐浴、捕捉、栽种,嫁娶、入宅、移徙、作灶、安葬
2044-03-17,开,司命,是,祭祀、开光、塑绘、酬神、斋醮、订盟、纳采、嫁娶、裁衣、动土、起基、出火、拆卸、移徙、入宅、安香、修造、竖柱、上梁、纳畜、牧养、祈福、求嗣、解除、伐木、定磉、盖屋、安门,栽种、安葬
2044-03-18,闭,勾陈,否,订盟、纳采、冠笄、拆卸、修造、动土、安床、入殓、除服、成服、移柩、安葬、破土、启钻、造仓,作灶、开光、嫁娶、开市、入宅
2044-03-19,建,青龙,否,祈福、开光、塑绘、酬神、订盟、纳采、裁衣、安床、开市、立券、入殓、除服、成服、移柩、启钻、安葬、立碑、赴任、会亲友、出行、交易、竖柱,作灶、掘井、动土、栽种
2044-03-20,除,明堂,是,祭祀、扫舍、塞穴,栽种、作灶、安葬、嫁娶
2044-03-21,满,天刑,否,开光、塑绘、裁衣、冠笄、伐木、拆卸、竖柱、上梁、开仓、会亲友、安机械、造仓、盖屋、交易、解除、开市、立券、纳财,出行、嫁娶、入宅、安葬
2044-03-22,平,朱雀,否,冠笄、入殓、除服、成服、移柩、平治道涂、修饰垣墙,盖屋、作灶、治病、探病
2044-03-23,定,金匮,是,祭祀、嫁娶、祈福、纳采、裁衣、合帐、安床、入宅、安香、入殓、移柩、安葬、谢土、修造、安碓磑、求嗣、会亲友、挂匾、交易、立券、纳财、造仓、放水,栽种、伐木
2044-03-24,执,天德,是,祭祀、祈福、斋醮、订盟、纳采、裁衣、合帐、拆卸、修造、动土、上梁、起基、移柩、安葬、谢土、沐浴、扫舍、开柱眼、伐木、出火,安床、开市、立券、作灶
2044-03-25,破,白虎,否,破屋、坏垣、求医、治病,诸事不宜
2044-03-26,危,玉堂,是,祭祀、动土、上梁、订盟、纳采、嫁娶、安机械、拆卸、安床、入宅、安香、入殓、移柩、破土、安葬、立碑、谢土、赴任、出行、移徙、祈福、求嗣、解除、造仓、进人口,开光、出货财
2044-03-27,成,天牢,是,祭祀、开光、塑绘、纳采、裁衣、拆卸、安床、起基、动土、竖柱、上梁、移徙、入宅、安香、开市、立券、挂匾、沐浴、出行、求嗣、安门,嫁娶、栽种、伐木、安葬
2044-03-28,收,玄武,否,裁衣、合帐、冠笄、嫁娶、纳婿、安床、入殓、纳财,作灶、开市、安葬、作梁
2044-03-29,收,玄武,否,祭祀、订盟、纳采、修造、动土、祈福、塑绘、斋醮、沐浴、拆卸、起基、入宅、安香、造庙、移柩、谢土、除服、成服、入学、习艺、出行、竖柱、上梁、掘井、求嗣、解除、伐木,作灶、安葬、开市、盖屋
2044-03-30,开,司命,是,订盟、纳采、裁衣、合帐、冠笄、安机械、拆卸、安床、入殓、除服、成服、移柩、破土、启钻、安葬、修坟、立碑、经络、交易、立券、纳财、筑堤、造仓、补垣、塞穴、纳畜、伐木、架马,祭祀、开光、嫁娶、入宅
2044-03-31,闭,勾陈,否,祭祀、出行、嫁娶、冠笄、安床、入殓、移柩、安葬,掘井、动土、作灶、栽种
2044-04-01,建,青龙,否,塞穴、诸事不宜,安门、作灶、安葬、嫁娶
2044-04-02,除,明堂,是,开光、塑绘、求嗣、纳采、裁衣、合帐、冠笄、安机械、作梁、开柱眼、安门、安床、造仓、祭祀、会亲友、祈福、经络、纳财、开市、立券、交易、入学、理发、架马,出行、斋醮、安葬、嫁娶
2044-04-03,满,天刑,否,祭祀、嫁娶、纳婿、安葬,栽种、盖屋、作灶、入宅
2044-04-04,平,朱雀,否,祭祀、作灶、平治道涂、馀事勿取,嫁娶、安葬、动土、安床、治病
2044-04-05,定,金匮,是,造车器、祭祀、祈福、求嗣、斋醮、开市、交易、安机械、雕刻、开光、盖屋、合脊、起基、定磉、安门、纳畜、安葬、开生坟、立碑、谢土,入宅、动土、开仓、出货财
2044-04-06,执,天德,是,祭祀、祈福、开光、求嗣、斋醮、纳采、订盟、求医、治病、起基、定磉、造船、取渔、解除、安葬、启钻、谢土、入殓,开市、动土、掘井、开池
2044-04-07,破,白虎,否,祭祀、沐浴、破屋、坏垣、求医、治病、解除、馀事勿取,嫁娶、开市、交易、入宅、安葬
2044-04-08,危,玉堂,是,诸事不宜,无
2044-04-09,成,天牢,是,祭祀、塑绘、开光、订盟、纳采、冠笄、裁衣、安机械、拆卸、修造、动土、安床、经络、开市,出火、入宅、安葬、伐木
2044-04-10,收,玄武,否,祭祀、馀事勿取,造庙、嫁娶、安床
2044-04-11,开,司命,是,订盟、纳采、嫁娶、进人口、会亲友、交易、立券、动土、除服、谢土、移柩、破土、启钻、赴任、出行、开市、纳财、栽种,入殓、安葬、入宅、安床
2044-04-12,闭,勾陈,否,祭祀、祈福、裁衣、合帐、安床、入殓、除服、成服、移柩、破土、启钻、安葬、谢土、立碑、造畜稠,掘井、安门、嫁娶、纳采
2044-04-13,建,青龙,否,祭祀、进人口、嫁娶、安床、解除、冠笄、出行、裁衣、扫舍,掘井、动土、破土、安葬、开光
2044-04-14,除,明堂,是,纳采、开光、求医、治病、动土、上梁、移徙、入宅,嫁娶、开市、安葬
2044-04-15,满,天刑,否,祭祀、会亲友、开市、安床、启钻、安葬,嫁娶、动土、破土
2044-04-16,平,朱雀,否,祭祀、作灶、掘井、平治道涂,嫁娶、安葬
2044-04-17,定,金匮,是,祭祀、斋醮、开市、动土、入殓、破土、安葬,嫁娶、移徙、入宅
2044-04-18,执,天德,是,嫁娶、纳采、祭祀、祈福、出行、移徙、求医,开市、动土、破土
2044-04-19,破,白虎,否,祭祀、求医、治病、解除、馀事勿取,诸事不宜
2044-04-20,危,玉堂,是,沐浴、结网、取渔,嫁娶、入宅、安葬
2044-04-21,成,天牢,是,无,诸事不宜
2044-04-22,收,玄武,否,解除、坏垣、馀事勿取,诸事不宜
2044-04-23,开,司命,是,嫁娶、开光、出行、出火、拆卸、进人口、开市、立券、交易、挂匾、入宅、移徙、安床、栽种,祈福、入殓、祭祀、作灶、安葬、探病
2044-04-24,闭,勾陈,否,嫁娶、出行、合帐、冠笄、安床、除服、成服、作灶、交易、立券、入殓、移柩、破土、安葬,词讼、开光、开市
2044-04-25,建,青龙,否,出行、修饰垣墙、造畜稠、教牛马、馀事勿取,诸事不宜
2044-04-26,除,明堂,是,祭祀、祈福、开光、求嗣、解除、伐木、出火、入宅、移徙、安床、拆卸、修造、动土、造畜稠,嫁娶、纳财、安葬、出行、开市、立券、作灶、栽种
2044-04-27,满,天刑,否,纳采、嫁娶、开光、出行、理发、会亲友、开市、安床、栽种、牧养、入殓、移柩、启钻,谢土、祈福、上梁、作灶、斋醮、修造、入宅、安门
2044-04-28,满,天刑,否,祭祀、平治道涂、解除、修饰垣墙、馀事勿取,诸事不宜
2044-04-29,平,朱雀,否,祭祀、祈福、开光、解除、动土、纳财、交易、纳畜、扫舍,进人口、出行、嫁娶、置产、安床、赴任、安葬、作灶
2044-04-30,定,金匮,是,祭祀、祈福、求嗣、开光、解除、出火、拆卸、入宅、安床、修造、安门、纳畜、启钻、安葬,动土、破土、纳财、掘井、挂匾、开市、伐木、交易
2044-05-01,执,天德,是,祭祀、解除、破屋、坏垣、馀事勿取,诸事不宜
2044-05-02,破,白虎,否,塞穴、扫舍、馀事勿取,诸事不宜
2044-05-03,危,玉堂,是,祭祀、祈福、求嗣、开光、解除、纳采、冠笄、出火、拆卸、进人口、安床、动土、上梁、造庙、掘井、开池、入殓、移柩、安葬、破土,无
2044-05-04,成,天牢,是,解除、破屋、馀事勿取,诸事不宜
2044-05-05,收,玄武,否,栽种、捕捉、畋猎、馀事勿取,开市、动土、祭祀、斋醮、安葬、探病
2044-05-06,开,司命,是,嫁娶、祭祀、祈福、求嗣、斋醮、订盟、纳采、解除、出行、动土、破土、习艺、针灸、理发、会亲友、起基、修造、竖柱、定磉、安床、拆卸、纳畜、牧养、放水、除服、成服、修坟、立碑,开市、入宅、探病、出火、盖屋
2044-05-07,闭,勾陈,否,馀事勿取,无
2044-05-08,建,青龙,否,塞穴、断蚁、结网、馀事勿取,破土、安葬
2044-05-09,除,明堂,是,开光、出行、纳采、嫁娶、伐木、架马、出火、拆卸、移徙、入宅、造庙、造桥、造船、造畜稠、开市、入殓、除服、成服、移柩、安葬,无
2044-05-10,满,天刑,否,进人口、牧养、置产、塞穴、结网、馀事勿取,诸事不宜
2044-05-11,平,朱雀,否,开光、出行、嫁娶,会亲友、进人口、修造、动土、起基、移徙、开市、纳畜、入殓、除服、成服、移柩、破土、安葬、修坟、立碑
2044-05-12,定,金匮,是,嫁娶、纳采、出行、祭祀、祈福、开市、动土、移徙、入宅、破土、安葬,安门
2044-05-13,执,天德,是,嫁娶、纳采、求医、治病、修造、动土、移徙、入宅、破土、安葬,开市、开光
2044-05-14,破,白虎,否,祭祀、破屋、坏垣、馀事勿取,诸事不宜
2044-05-15,危,玉堂,是,嫁娶、纳采、祭祀、祈福、出行、动土、上梁、移徙、入宅、破土、安葬,斋醮
2044-05-16,成,天牢,是,纳采、祭祀、祈福、开市、求医、治病、动土、纳畜,嫁娶、安葬
2044-05-17,收,玄武,否,嫁娶、纳采、出行、移徙、入宅,动土、破土、安葬
2044-05-18,开,司命,是,订盟、纳采、祭祀、动土、破土、交易、立券,嫁娶、安葬
2044-05-19,闭,勾陈,否,嫁娶、裁衣、祭祀、出行、安床、作灶、移徙、入宅、破土、安葬,赴任、捕捉
2044-05-20,建,青龙,否,塞穴、结网、馀事勿取,诸事不宜
2044-05-21,除,明堂,是,嫁娶、订盟、纳采、出行、祭祀、祈福、斋醮、动土、上梁、破土、安葬,移徙、入宅
2044-05-22,满,天刑,否,订盟、纳采、会亲友、安床、作灶、造畜稠,开市、安葬
2044-05-23,平,朱雀,否,沐浴、平治道涂、扫舍、入殓、移柩、破土、启钻、安葬、馀事勿取,诸事不宜
2044-05-24,定,金匮,是,嫁娶、祭祀、祈福、求嗣、开光、出行、出火、拆卸、动土、上梁、进人口、入宅、移徙、安床、安门、开市、交易、立券、挂匾、栽种、破土、安葬,无
2044-05-25,执,天德,是,祭祀、开光、出行、解除、塑绘、裁衣、入殓、移柩、破土、启钻、安葬、除服、成服,嫁娶、上梁、修造、拆卸、架马、入宅、伐木、动土、出火、开柱眼
2044-05-26,破,白虎,否,祭祀、解除、破屋、坏垣、馀事勿取,诸事不宜
2044-05-27,破,白虎,否,嫁娶、祭祀、祈福、求嗣、开光、出行、拆卸、动土、上梁、出火、进人口、入宅、移徙、安床、栽种、纳畜、牧养、竖柱、安门、修造、解除、会亲友,无
2044-05-28,危,玉堂,是,开市、交易、立券、祭祀、祈福、开光、伐木、进人口、安床、拆卸、修造、动土、栽种、破土、移柩、安葬,入宅、移徙、理发、出火、嫁娶、出行
2044-05-29,成,天牢,是,结网、解除、馀事勿取,诸事不宜
2044-05-30,收,玄武,否,嫁娶、祭祀、祈福、求嗣、开光、开市、交易、立券、安床、出行、拆卸,纳畜、入宅、移徙、安葬、探病、伐木、上梁、安门、入殓、动土
2044-05-31,开,司命,是,嫁娶、祭祀、祈福、求嗣、出行、出火、拆卸、修造、动土、入宅、移徙、安床、作灶、塞穴、栽种、破土、安葬,开光、掘井、开仓
2044-06-01,闭,勾陈,否,解除、扫舍、馀事勿取,诸事不宜
2044-06-02,建,青龙,否,开市、交易、立券、挂匾、开光、出行、拆卸、进人口、入宅、移柩、动土、安门、上梁、栽种、破土、修坟、安葬,嫁娶、安床、探病、作灶
2044-06-03,除,明堂,是,进人口、会亲友,塞穴、上梁、动土、伐木、安葬、词讼
2044-06-04,满,天刑,否,沐浴、平治道涂、扫舍、入殓、破土、安葬、除服、成服,嫁娶、移徙、伐木、作梁、安床、祭祀、祈福、盖屋
2044-06-05,平,朱雀,否,祭祀、沐浴、理发、嫁娶、作灶、整手足甲、扫舍、修饰垣墙、平治道涂,斋醮、出行、治病、合寿木
2044-06-06,定,金匮,是,安机械、移徙、入宅、出行、祭祀、祈福、斋醮、纳采、订盟、安香、出火、解除、会亲友、修造、动土、拆卸、起基、定磉、盖屋、安床、破土、安葬、入殓、立碑,开市、伐木、作梁、作灶
2044-06-07,执,天德,是,祭祀、沐浴、捕捉、结网、畋猎、取渔、馀事勿取,开市、交易、嫁娶、安葬、行丧
2044-06-08,破,白虎,否,破屋、坏垣、求医、治病、畋猎、馀事勿取,嫁娶、入宅
2044-06-09,危,玉堂,是,嫁娶、出行、安机械、祭祀、塑绘、开光、治病、经络、安床、结网、塞穴、破土、入殓,开市、安门、掘井、作灶
2044-06-10,成,天牢,是,订盟、纳采、会亲友、进人口、雕刻、拆卸、修造、动土、起基、开市、栽种、纳畜、牧养、入殓、除服、成服、移柩、破土、安葬,无
2044-06-11,收,玄武,否,祭祀、捕捉、取渔、修饰垣墙、馀事勿取,诸事不宜
2044-06-12,开,司命,是,嫁娶、纳采、祭祀、祈福、求医、治病、出行、动土、移徙、入宅,开市、安门
2044-06-13,闭,勾陈,否,裁衣、作灶、移徙、入宅、纳畜,嫁娶、安葬
2044-06-14,建,青龙,否,祭祀、入殓、移柩、启钻、安葬,上梁、动土、破土
2044-06-15,除,明堂,是,订盟、纳采、出行、祈福、斋醮、安床、会亲友,移徙、入宅、安葬
2044-06-16,满,天刑,否,嫁娶、纳采、出行、求医、治病、开市、移徙、入宅、启钻、安葬,动土、破土
2044-06-17,平,朱雀,否,嫁娶、祭祀、沐浴、扫舍、修饰垣墙,行丧、安葬
2044-06-18,定,金匮,是,嫁娶、订盟、纳采、出行、开市、祭祀、祈福、动土、移徙、入宅、破土、安葬,作灶
2044-06-19,执,天德,是,订盟、纳采、出行、祭祀、祈福、修造、动土、移徙、入宅,开市、安葬
2044-06-20,破,白虎,否,诸事不宜,无
2044-06-21,危,玉堂,是,嫁娶、订盟、纳采、祭祀、祈福、入殓、破土、安葬,开光、开市
2044-06-22,成,天牢,是,开光、求医、治病、动土、上梁、入殓、破土、安葬,嫁娶
2044-06-23,收,玄武,否,祭祀、栽种、馀事勿取,诸事不宜
2044-06-24,开,司命,是,嫁娶、开光、祭祀、祈福、求嗣、出行、解除、伐木、入宅、移徙、安床、出火、拆卸、修造、上梁、栽种、移柩,安葬、开市、交易、立券
2044-06-25,开,司命,是,求嗣、嫁娶、纳采、合帐、裁衣、冠笄、伐木、作梁、修造、动土、起基、竖柱、上梁、安门、作灶、筑堤、造畜稠,安葬、出行、祈福、栽种
2044-06-26,闭,勾陈,否,祭祀、解除、馀事勿取,诸事不宜
2044-06-27,建,青龙,否,嫁娶、祭祀、祈福、出火、开光、求嗣、出行、拆卸、开市、交易、立券、挂匾、入宅、移徙、安床、栽种、动土,安葬、行丧、伐木、作梁
2044-06-28,除,明堂,是,开光、求嗣、出行、解除、伐木、出火、拆卸、修造、上梁、起基、入宅、移徙、开市、交易、立券、栽种、牧养、入殓、安葬、除服、成服,置产、安床
2044-06-29,满,天刑,否,祭祀、理发、修饰垣墙、平治道涂、沐浴、整手足甲、扫舍,出行、安门、修造、嫁娶、上梁、入宅
2044-06-30,平,朱雀,否,嫁娶、祭祀、开光、祈福、求嗣、出行、出火、拆卸、动土、修造、进人口、入宅、移徙、安床、挂匾、交易、立券、栽种、纳畜、入殓、破土、启钻、安葬,无
2044-07-01,定,金匮,是,祭祀、祈福、求嗣、开光、出行、伐木、出火、拆卸、修造、动土、起基、安床、入宅、移徙,嫁娶、开市、交易、行丧、安葬、修坟
2044-07-02,执,天德,是,破屋、坏垣、馀事勿取,诸事不宜
2044-07-03,破,白虎,否,开市、交易、立券、纳财、开池、开厕、结网、祭祀、修造、动土、安床、放水、经络、破土,嫁娶、造桥、词讼、移徙、安门、作灶、栽种
2044-07-04,危,玉堂,是,开市、交易、立券、纳财、栽种、安床、拆卸、修造、动土、上梁、入殓、安葬、破土、除服、成服,嫁娶、出火、伐木、祭祀、入宅、移徙、纳畜、探病
2044-07-05,成,天牢,是,祭祀、作灶、馀事勿取,诸事不宜
2044-07-06,收,玄武,否,祭祀、进人口、纳财、纳畜、牧养、捕捉、馀事勿取,开市、入宅、安床、动土、安葬
2044-07-07,开,司命,是,祭祀、塑绘、开光、求医、治病、嫁娶、会亲友、放水、掘井、牧养、纳畜、开渠、安碓磑,盖屋、入宅、作灶、入学、安葬、行丧
2044-07-08,闭,勾陈,否,祭祀、塞穴、结网、畋猎、馀事勿取,移徙、开市、入宅、嫁娶、开光、安门
2044-07-09,建,青龙,否,开市、纳财、祭祀、塑绘、安机械、冠笄、会亲友、裁衣、开仓、经络、纳畜、造畜稠、教牛马、牧养,动土、破土、安葬、治病
2044-07-10,除,明堂,是,移徙、入宅、治病、会亲友、祭祀、祈福、斋醮、安香、嫁娶、盖屋、起基,开市、安床、出行、经络
2044-07-11,满,天刑,否,塑绘、出行、冠笄、嫁娶、进人口、裁衣、纳婿、造畜稠、交易、立券、牧养、开生坟、入殓、除服、成服、移柩、安葬、启钻,无
2044-07-12,平,朱雀,否,祭祀、冠笄、嫁娶、捕捉、结网、畋猎、取渔、馀事勿取,无
2044-07-13,定,金匮,是,沐浴、扫舍、馀事勿取,诸事不宜
2044-07-14,执,天德,是,纳采、祭祀、祈福、解除、动土、破土、安葬,嫁娶、移徙、入宅
2044-07-15,破,白虎,否,祭祀、破屋、坏垣、馀事勿取,诸事不宜
2044-07-16,危,玉堂,是,嫁娶、纳采、开市、出行、动土、上梁、移徙、入宅、破土、安葬,祭祀、祈福
2044-07-17,成,天牢,是,嫁娶、纳采、开市、出行、动土、上梁、移徙、入宅、破土、安葬,赴任
2044-07-18,收,玄武,否,祭祀、作灶、纳财、捕捉,开市、破土
2044-07-19,开,司命,是,嫁娶、开市、立券、祭祀、祈福、动土、移徙、入宅,造庙、安葬
2044-07-20,闭,勾陈,否,补垣、塞穴、结网、入殓、除服、成服、移柩、安葬、启钻、馀事勿取,诸事不宜
2044-07-21,建,青龙,否,嫁娶、纳采、出行、祭祀、祈福、解除、移徙、入宅,动土、安葬
2044-07-22,除,明堂,是,嫁娶、祭祀、祈福、斋醮、治病、破土、安葬,开市、入宅
2044-07-23,满,天刑,否,嫁娶、出行、开市、安床、入殓、启钻、安葬,祈福、动土、破土
2044-07-24,平,朱雀,否,嫁娶、祭祀、裁衣、结网、冠笄、沐浴,开仓、出货财、置产、安葬、动土、破土、掘井、栽种
2044-07-25,平,朱雀,否,入宅、移徙、安床、开光、祈福、求嗣、进人口、开市、交易、立券、出火、拆卸、修造、动土,嫁娶、破土、置产、栽种、安葬、修坟、行丧
2044-07-26,定,金匮,是,祭祀、解除、沐浴、整手足甲、入殓、移柩、破土、启钻、安葬,嫁娶、入宅、移徙、作灶、开市、交易、安门、栽种
2044-07-27,执,天德,是,破屋、坏垣、馀事勿取,诸事不宜
2044-07-28,破,白虎,否,嫁娶、开光、出行、理发、作梁、出火、拆卸、修造、开市、交易、立券、挂匾、动土、入宅、移徙、安床、栽种,伐木、祭祀、纳畜
2044-07-29,危,玉堂,是,嫁娶、开光、出行、祈福、求嗣、解除、拆卸、动土、修造、进人口、开市、交易、立券、挂匾、入宅、移徙、安床、栽种、纳畜、入殓、移柩、安葬,无
2044-07-30,成,天牢,是,祭祀、作灶、纳财、栽种、纳畜、进人口,安葬、经络、修坟、破土、开市、安床、启钻、立碑
2044-07-31,收,玄武,否,祭祀、祈福、求嗣、开光、开市、牧养、理发,嫁娶、出行、安葬、入殓、入宅、作灶、冠笄、上梁
2044-08-01,开,司命,是,祭祀、入殓、破土、除服、成服、移柩、启钻、安葬、谢土、馀事勿取,无
2044-08-02,闭,勾陈,否,祭祀、出行、交易、割蜜、造畜稠,嫁娶、作灶、安葬、动土、词讼、作梁、伐木、掘井、破土、移徙
2044-08-03,建,青龙,否,嫁娶、祭祀、祈福、求嗣、开光、出火、拆卸、修造、动土、进人口、开市、交易、立券、挂匾、入宅、移徙、栽种、纳畜、入殓、启钻、除服、成服,无
2044-08-04,除,明堂,是,嫁娶、开光、解除、安床、牧养、理发、开市、入殓、启钻、移柩、安葬、扫舍,作灶、动土、上梁、栽种、入宅、移徙、修造、祈福
2044-08-05,满,天刑,否,祭祀、解除、馀事勿取,诸事不宜
2044-08-06,平,朱雀,否,祭祀、祈福、求嗣、开光、伐木、出火、拆卸、入宅、安床、修造、动土、上梁、挂匾、纳畜,嫁娶、栽种、行丧、理发、修坟、作灶
2044-08-07,定,金匮,是,纳采、订盟、嫁娶、祭祀、祈福、普渡、开光、安香、出火、移徙、入宅、竖柱、修造、动土、上梁、起基、盖屋、安门、造庙、造桥、破土、启钻、安葬,开市、立券、纳财、作灶
2044-08-08,执,天德,是,祭祀、捕捉、畋猎、纳畜、牧养、入殓、除服、成服、移柩、破土、安葬、启钻,嫁娶、纳采、订盟、开市、入宅
2044-08-09,破,白虎,否,破屋、坏垣、治病、馀事勿取,行丧、安葬
2044-08-10,危,玉堂,是,祈福、斋醮、出行、冠笄、嫁娶、雕刻、开柱眼、入宅、造桥、开市、交易、立券、纳财、入殓、除服、成服、移柩、破土、安葬、启钻,动土、订盟、安床、开池
2044-08-11,成,天牢,是,祈福、求嗣、解除、订盟、纳采、动土、起基、放水、造仓、开市、纳畜、牧养、开生坟、入殓、除服、成服、移柩、破土、安葬,无
2044-08-12,收,玄武,否,塑绘、开光、解除、订盟、纳采、嫁娶、出火、修造、动土、移徙、入宅、拆卸、起基、安门、分居、开市、交易、立券、纳财、纳畜、牧养,无
2044-08-13,开,司命,是,祈福、出行、订盟、纳采、嫁娶、裁衣、动土、安床、放水、开市、掘井、交易、立券、栽种、开渠、除服、成服、移柩、破土,无
2044-08-14,闭,勾陈,否,嫁娶、祭祀、祈福、斋醮、作灶、移徙、入宅,动土、破土
2044-08-15,建,青龙,否,嫁娶、出行、纳畜、祭祀、入殓、启钻、安葬,作灶、动土、破土
2044-08-16,除,明堂,是,订盟、纳采、祭祀、祈福、修造、动土、上梁、破土、安葬,嫁娶、开市
2044-08-17,满,天刑,否,订盟、纳采、出行、会亲友、修造、上梁、移徙、入宅,开市、安葬
2044-08-18,平,朱雀,否,沐浴、修饰垣墙、平治道涂、馀事勿取,嫁娶、祈福
2044-08-19,定,金匮,是,嫁娶、祭祀、祈福、斋醮、动土、移徙、入宅,开市、安葬
2044-08-20,执,天德,是,捕捉、结网、入殓、破土、安葬,嫁娶、入宅
2044-08-21,破,白虎,否,沐浴、治病、破屋、坏垣、馀事勿取,诸事不宜
2044-08-22,危,玉堂,是,嫁娶、订盟、纳采、出行、开市、祭祀、祈福、移徙、入宅、启钻、安葬,动土、破土
2044-08-23,成,天牢,是,嫁娶、订盟、纳采、祭祀、祈福、求医、治病、动土、移徙、入宅、破土、安葬,开光、针灸
2044-08-24,收,玄武,否,订盟、纳采、祭祀、祈福、安机械、作灶、纳畜,动土、安葬
2044-08-25,开,司命,是,嫁娶、祭祀、祈福、求嗣、出行、动土、安床、掘井、破土、启钻,入宅、作梁、安门、伐木、修造、上梁、入殓、盖屋
2044-08-26,闭,勾陈,否,嫁娶、祭祀、祈福、求嗣、出行、出火、拆卸、修造、移徙、动土、安床、入殓、破土、安葬、启钻,盖屋、开光、理发、造船、掘井、作灶
2044-08-27,建,青龙,否,祭祀、祈福、求嗣、开光、出行、解除、上梁、盖屋、移徙、安门、纳财、牧养、纳畜、安葬、启钻、入殓,破土、置产、掘井、动土、安床
2044-08-28,除,明堂,是,祭祀、解除、沐浴、理发、整手足甲、入殓、移柩、破土、安葬、扫舍,嫁娶、会亲友、进人口、出行、入宅、移徙、赴任、作灶
2044-08-29,满,天刑,否,塑绘、开光、进人口、纳畜、补垣、塞穴、栽种、牧养,嫁娶、纳财、祈福、安葬、修造、开市、交易、立券、动土、上梁
2044-08-30,平,朱雀,否,作灶、沐浴、修饰垣墙、平治道涂、馀事勿取,诸事不宜
2044-08-31,定,金匮,是,祭祀、求嗣、开光、出行、伐木、作梁、出火、解除、拆卸、进人口、修造、动土、起基、安床、栽种、纳畜、入殓、破土、安葬、除服、成服,嫁娶、移徙
2044-09-01,执,天德,是,祭祀、塞穴、入殓、破土、安葬、移柩、馀事勿取,诸事不宜
2044-09-02,破,白虎,否,破屋、坏垣、馀事勿取,诸事不宜
2044-09-03,危,玉堂,是,祭祀、入殓、移柩、结网、启钻、安葬、除服、成服、馀事勿取,诸事不宜
2044-09-04,成,天牢,是,嫁娶、出火、拆卸、祭祀、祈福、开光、伐木、动土、开市、交易、立券、入宅、移徙、安床、纳畜、入殓、安葬,栽种、作灶、针灸、出行
2044-09-05,收,玄武,否,祭祀、开光、解除、进人口、交易、立券、纳财、纳畜,动土、破土、嫁娶、理发、出行、入宅、移徙、分居、安香、出火
2044-09-06,开,司命,是,嫁娶、祭祀、祈福、求嗣、开光、出行、解除、安床、栽种、移柩、进人口、会亲友、除服、成服,盖屋、入殓、安葬、伐木、入宅、移徙、置产、纳畜
2044-09-07,闭,勾陈,否,祭祀、普渡、解除、会亲友、捕捉、畋猎、启钻、除服、成服、移柩,嫁娶、开市、动土、掘井、开池、安葬
2044-09-08,建,青龙,否,出行、解除、冠笄、嫁娶、伐木、架马、开柱眼、修造、动土、移徙、入宅、开生坟、合寿木、入殓、移柩、破土、安葬、修坟,祭祀、祈福、开光、开市、安床
2044-09-09,除,明堂,是,祭祀、祈福、求嗣、出行、沐浴、交易、扫舍、教牛马,动土、作灶、行丧、安葬、修坟
2044-09-10,满,天刑,否,出行、解除、纳采、冠笄、雕刻、修造、动土、起基、上梁、合脊、安床、移徙、入宅、开市、栽种、开厕,造庙、安门、行丧、安葬
2044-09-11,平,朱雀,否,开光、塑绘、出行、解除、冠笄、裁衣、挂匾、作灶、开市、开池、开厕、补垣、塞穴,无
2044-09-12,定,金匮,是,祭祀、祈福、修饰垣墙、平治道涂、入殓、移柩,嫁娶、入宅、上梁、安门
2044-09-13,执,天德,是,祭祀、会亲友、纳采、嫁娶、开光、塑绘、斋醮、安香、开市、立券、除服、成服、入殓、移柩、安葬、赴任、进人口、出行、裁衣、修造、动土、上梁、经络、交易,入宅、伐木
2044-09-14,破,白虎,否,祭祀、冠笄、会亲友、拆卸、起基、除服、成服、移柩、启钻、安葬、沐浴、捕捉、开光、塑绘,作灶、入宅、嫁娶
2044-09-15,危,玉堂,是,祭祀、沐浴、破屋、坏垣、馀事勿取,移徙、入宅、出行、栽种
2044-09-16,成,天牢,是,祭祀、塑绘、开光、出行、解除、订盟、嫁娶、拆卸、起基、安床、入宅、开市、入殓、除服、成服、移柩、破土、谢土、挂匾、开柱眼、交易,造桥、冠笄、盖屋、掘井
2044-09-17,收,玄武,否,祭祀、会亲友、进人口、动土、上梁、开光、塑绘、冠笄、拆卸、起基、安床、开市、立券、赴任、经络,定磉、安葬
2044-09-18,开,司命,是,祭祀、裁衣、冠笄、嫁娶、纳婿、会亲友、除服、成服、移柩、捕捉、进人口、入殓,移徙、入宅、作灶
2044-09-19,闭,勾陈,否,诸事不宜,入殓、安葬、开市、交易
2044-09-20,建,青龙,否,祭祀、裁衣、冠笄、嫁娶、安机械、拆卸、动土、起基、移徙、入宅、入殓、启钻、安葬、造仓、经络,安床、开光、开市、交易
2044-09-21,建,青龙,否,祭祀、出行、成服、除服、沐浴、入殓,动土、冠笄、移徙、入宅、开市、竖柱、上梁
2044-09-22,除,明堂,是,祭祀、沐浴、赴任、出行、馀事勿取,诸事不宜
2044-09-23,满,天刑,否,诸事不宜,无
2044-09-24,平,朱雀,否,沐浴、入殓、移柩、除服、成服、破土、平治道涂,嫁娶、移徙、入宅、开市
2044-09-25,定,金匮,是,嫁娶、祭祀、祈福、求嗣、沐浴、出火、出行、拆卸、修造、动土、进人口、开市、交易、立券、入宅、移徙、安床、栽种、纳畜、入殓、安葬、启钻、除服、成服,无
2044-09-26,执,天德,是,开光、解除、起基、动土、拆卸、上梁、立碑、修坟、安葬、破土、启钻、移柩,嫁娶、出行、安床、作灶、祭祀、入宅、移徙、出火、进人口、置产
2044-09-27,破,白虎,否,破屋、坏垣、馀事勿取,诸事不宜
2044-09-28,危,玉堂,是,嫁娶、祈福、求嗣、出行、出火、拆卸、修造、动土、上梁、开光、进人口、开市、交易、立券、挂匾、安床、入宅、移徙、栽种、伐木、入殓、破土、除服、成服,无
2044-09-29,成,天牢,是,开市、交易、立券、挂匾、祭祀、开光、进人口、入宅、安床、出火、拆卸、修造、动土、栽种,嫁娶、立碑、出行、伐木、安葬、行丧、移徙、纳畜
2044-09-30,收,玄武,否,祭祀、理发、会亲友、进人口、嫁娶、针灸、入殓、移柩,探病、开渠、安葬、伐木、作灶、入宅
2044-10-01,开,司命,是,祭祀、立碑、修坟、启钻、除服、成服、馀事勿取,无
2044-10-02,闭,勾陈,否,嫁娶、出行、伐木、拆卸、修造、动土、移徙、安葬、破土、修坟、立碑,掘井、祈福、安床、开市、入宅、挂匾、开光
2044-10-03,建,青龙,否,祭祀、出行、扫舍、馀事勿取,诸事不宜
2044-10-04,除,明堂,是,嫁娶、祭祀、塑绘、开光、出行、解除、理发、整手足甲、动土、安床、开池、放水、扫舍,伐木、行丧、作灶、作梁、安葬
2044-10-05,满,天刑,否,开市、交易、立券、挂匾、开光、出行、入宅、移徙、安床、出火、上梁,作灶、行丧、理发、乘船、嫁娶、安葬
2044-10-06,平,朱雀,否,祭祀、沐浴、修饰垣墙、平治道涂、馀事勿取,诸事不宜
2044-10-07,定,金匮,是,祭祀、造畜稠、修饰垣墙、平治道涂、馀事勿取,嫁娶、开市、安床、掘井
2044-10-08,执,天德,是,捕捉、结网、入殓、除服、成服、移柩、破土、安葬、启钻、立碑,嫁娶、祭祀、入宅、盖屋、移徙
2044-10-09,破,白虎,否,祭祀、祈福、求嗣、斋醮、造庙、出火、安机械、会亲友、开市、交易、立券、纳财、习艺、经络、求医、治病、开池、开厕、畋猎、结网、栽种、牧养、安葬、破土、启钻,开光、嫁娶、掘井、伐木、作梁
2044-10-10,危,玉堂,是,破屋、坏垣、馀事勿取,诸事不宜
2044-10-11,成,天牢,是,会亲友、嫁娶、订盟、纳采、纳婿、拆卸、修造、动土、起基、竖柱、上梁、安床、纳财,出行、祈福、安葬、作灶
2044-10-12,收,玄武,否,祭祀、塑绘、开光、祈福、斋醮、出行、订盟、纳采、裁衣、嫁娶、拆卸、修造、安床、入宅、安香、入殓、启钻、安葬、谢土、赴任、会亲友、进人口、移徙、上梁、经络、开市、交易、立券、纳财,开仓、冠笄、伐木、作梁
2044-10-13,开,司命,是,祭祀、作灶、入殓、除服、成服、畋猎,栽种、动土、安葬、开市
2044-10-14,闭,勾陈,否,祭祀、祈福、斋醮、沐浴、竖柱、订盟、纳采、嫁娶、拆卸、入宅、移柩、启钻、谢土、赴任、出火、纳畜,作灶、入殓、安葬、安床
2044-10-15,建,青龙,否,嫁娶、祭祀、安机械、入殓、破土、安葬,动土、上梁
2044-10-16,除,明堂,是,作灶、造畜稠,行丧、安葬
2044-10-17,满,天刑,否,沐浴、理发、入学、习艺、进人口,嫁娶、入宅
2044-10-18,平,朱雀,否,开光、针灸、会亲友、启钻、安葬,开市、动土、破土
2044-10-19,定,金匮,是,祭祀、结网、造畜稠、馀事勿取,无
2044-10-20,执,天德,是,入殓、除服、成服、移柩、破土、启钻、安葬,移徙、入宅
2044-10-21,执,天德,是,嫁娶、订盟、纳采、出行、祭祀、祈福、动土、移徙、入宅、破土、安葬,开市、赴任
2044-10-22,破,白虎,否,祭祀、解除、破屋、坏垣、馀事勿取,无
2044-10-23,危,玉堂,是,订盟、纳采、会亲友、安机械、纳财、牧养,祈福、安葬
2044-10-24,成,天牢,是,嫁娶、订盟、纳采、出行、开市、祭祀、祈福、动土、移徙、入宅、破土、安葬,斋醮、安门
2044-10-25,收,玄武,否,祭祀、塞穴、馀事勿取,诸事不宜
2044-10-26,开,司命,是,祭祀、祈福、求嗣、开光、开市、出行、解除、动土、起基、置产、栽种,嫁娶、作灶、修坟、安门、入宅、立碑、安葬、安床
2044-10-27,闭,勾陈,否,祭祀、解除、裁衣、理发、安床、作灶、造畜稠、放水、筑堤、补垣、塞穴、整手足甲、扫舍,嫁娶、开光、会亲友、掘井、安门、栽种
2044-10-28,建,青龙,否,祭祀、出行、裁衣、冠笄、会亲友、造畜稠、嫁娶、竖柱、上梁、移徙、纳财、纳畜,动土、伐木、作梁、行丧、安葬、开生坟
2044-10-29,除,明堂,是,祭祀、祈福、求嗣、开光、出行、解除、移徙、伐木、安床、纳畜、出火、拆卸,安葬、修坟、作灶、破土、造庙、动土、嫁娶、纳采
2044-10-30,满,天刑,否,开市、交易、立券、纳财、会亲友、开光、理发、入殓、移柩、安葬、启钻,嫁娶、作灶、出火、出行、入宅、移徙、安床、祈福、上梁
2044-10-31,平,朱雀,否,造畜稠、平治道涂、馀事勿取,诸事不宜
2044-11-01,定,金匮,是,入殓、破土、安葬、启钻、除服、成服、馀事勿取,无
2044-11-02,执,天德,是,祭祀、入殓、移柩、开生坟、破土、启钻、安葬、除服、成服、馀事勿取,无
2044-11-03,破,白虎,否,祭祀、解除、破屋、坏垣、馀事勿取,诸事不宜
2044-11-04,危,玉堂,是,嫁娶、求嗣、纳采、进人口、纳财、结网、纳畜、牧养、会亲友,上梁、作灶、伐木、出行、安葬、安门、理发
2044-11-05,成,天牢,是,嫁娶、祭祀、开市、开光、出行、入宅、移徙、出火、拆卸、修造、安床,纳畜、伐木、置产、作梁、行丧、安葬、修坟、立碑
2044-11-06,收,玄武,否,嫁娶、祭祀、作灶、纳财,安葬、开市、修坟、立碑
2044-11-07,开,司命,是,捕捉、畋猎、会亲友、解除、入殓、除服、成服、移柩、馀事勿取,安床、安门、破土、修坟、安葬
2044-11-08,闭,勾陈,否,祭祀、祈福、求嗣、斋醮、沐浴、冠笄、出行、理发、拆卸、解除、起基、动土、定磉、安碓磑、开池、掘井、扫舍、除服、成服、移柩、启钻、立碑、谢土,移徙、入宅、安门、作梁、安葬
2044-11-09,建,青龙,否,嫁娶、冠笄、安床、纳采、会亲友、塞穴、捕捉、置产、造畜稠,开光、掘井、安葬、谢土、修坟
2044-11-10,除,明堂,是,祭祀、沐浴、馀事勿取,诸事不宜
2044-11-11,满,天刑,否,祭祀、会亲友、嫁娶、沐浴、修造、动土、祈福、开光、塑绘、出行、订盟、纳采、裁衣、入殓、除服、成服、移柩、启钻、赴任、竖柱、上梁、纳财、扫舍、栽种、纳畜、伐木,入宅、作灶、安床、开仓
2044-11-12,平,朱雀,否,理发、会亲友、补垣、塞穴、结网,嫁娶、入宅、安门、移徙
2044-11-13,定,金匮,是,祭祀、祈福、订盟、纳采、裁衣、拆卸、修造、动土、起基、安床、移徙、入宅、安香、除服、成服、入殓、移柩、安葬、谢土、赴任、会亲友、进人口、出行、竖柱、上梁、经络、开市、交易、立券、纳财、开仓,作灶、治病、伐木、作梁
2044-11-14,执,天德,是,祭祀、祈福、订盟、纳采、裁衣、拆卸、修造、动土、起基、安床、移徙、入宅、安香、入殓、移柩、安葬、谢土、赴任、进人口、会亲友,作灶、治病
2044-11-15,破,白虎,否,祭祀、塑绘、开光、订盟、纳采、嫁娶、安床、进人口、入殓、除服、成服、移柩、启钻、安葬、立碑,开市、交易、破土、作灶
2044-11-16,危,玉堂,是,祭祀、解除、破屋、坏垣、馀事勿取,诸事不宜
2044-11-17,成,天牢,是,祭祀、解除、祈福、开光、塑绘、斋醮、订盟、纳采、裁衣、冠笄、拆卸、修造、动土、入殓、除服、成服、移柩、启钻、安床、赴任、出行、移徙、竖柱、上梁、伐木、栽种、破土、安葬、纳畜,盖屋、治病
2044-11-18,收,玄武,否,祭祀、祈福、订盟、纳采、裁衣、合帐、冠笄、安机械、安床、造畜稠、入殓、移柩、启钻、安葬、谢土、除服、成服、会亲友、竖柱、上梁、经络、开市、交易、立券、纳财、纳畜、筑堤,嫁娶、入宅、治病、赴任
2044-11-19,收,玄武,否,沐浴、扫舍、馀事勿取,诸事不宜
2044-11-20,开,司命,是,诸事不宜,无
2044-11-21,闭,勾陈,否,祈福、斋醮、出行、订盟、纳采、入殓、移柩、破土、安葬、立碑、结网,入宅、作灶
2044-11-22,建,青龙,否,祭祀、沐浴、出行、冠笄、进人口、馀事勿取,嫁娶、动土、安葬、作灶
2044-11-23,除,明堂,是,祭祀、祈福、斋醮、塑绘、开光、订盟、纳采、裁衣、冠笄、嫁娶、拆卸、入宅、安香、入殓、移柩、理发、安葬、修坟、谢土、赴任、移徙、沐浴、治病、破土、启钻、整手足甲、入学、作梁,开市
2044-11-24,满,天刑,否,诸事不宜,无
2044-11-25,平,朱雀,否,开市、交易、立券、挂匾、纳财、开光、出行、入宅、移徙、安床、纳畜、入殓、移柩、安葬,栽种、破土、置产、祭祀、嫁娶、动土、作灶、祈福
2044-11-26,定,金匮,是,嫁娶、祭祀、祈福、求嗣、开光、出行、解除、出火、拆卸、进人口、入宅、移徙、安床、栽种、动土、修造、纳畜、入殓、安葬、立碑、除服、成服,无
2044-11-27,执,天德,是,开光、解除、拆卸、修造、动土、安床、纳畜、安葬、启钻、入殓,嫁娶、开市、出火、栽种、破土、入宅、移徙、安香、分居、掘井、作灶
2044-11-28,破,白虎,否,破屋、坏垣、馀事勿取,诸事不宜
2044-11-29,危,玉堂,是,嫁娶、祭祀、开光、出火、出行、拆卸、修造、动土、解除、开市、交易、立券、挂匾、纳财、入宅、移徙、安床、栽种、纳畜,探病、安葬
2044-11-30,成,天牢,是,祭祀、祈福、求嗣、开光、解除、理发、会亲友、栽种、纳畜、牧养、安葬、修坟、立碑、启钻,入宅、作灶、词讼、移徙、出行、赴任
2044-12-01,收,玄武,否,祭祀、沐浴、结网、移柩、入殓、除服、成服,安床、开市、交易、出货财、安葬、修坟、嫁娶、作灶
2044-12-02,开,司命,是,解除、馀事勿取,无
2044-12-03,闭,勾陈,否,安床、祭祀、开池、补垣、入殓、移柩、破土、启钻,入宅、移徙、嫁娶、掘井、作灶、出火、进人口、开市、开光
2044-12-04,建,青龙,否,祭祀、沐浴、馀事勿取,无
2044-12-05,除,明堂,是,嫁娶、开光、出行、解除、出火、拆卸、修造、进人口、动土、入宅、移徙、栽种、纳畜、掘井、安葬、除服、成服,置产、安床
2044-12-06,满,天刑,否,纳采、订盟、嫁娶、祭祀、祈福、安香、出火、出行、会亲友、经络、求医、治病、解除、拆卸、起基、修造、动土、定磉、扫舍、栽种、牧养、造畜稠,斋醮、作梁、掘井、行丧、安葬
2044-12-07,平,朱雀,否,纳财、开市、交易、立券、会亲友、进人口、经络、祭祀、祈福、安香、出火、求医、治病、修造、动土、拆卸、扫舍、安床、栽种、牧养、开生坟、合寿木、入殓、安葬、启钻,嫁娶、移徙、入宅
2044-12-08,定,金匮,是,祭祀、入殓、移柩、馀事勿取,入宅、修造、动土、破土、安门、上梁
2044-12-09,执,天德,是,塑绘、开光、订盟、纳采、裁衣、冠笄、拆卸、修造、安床、入宅、出火、安葬、谢土、赴任,掘井、伐木、斋醮、作灶
2044-12-10,破,白虎,否,祭祀、塑绘、开光、裁衣、冠笄、嫁娶、纳采、拆卸、修造、动土、竖柱、上梁、安床、移徙、入宅、安香、结网、捕捉、畋猎、伐木、进人口、放水,出行、安葬、修坟、开市
2044-12-11,危,玉堂,是,祭祀、求医、破屋、坏垣、馀事勿取,诸事不宜
2044-12-12,成,天牢,是,祭祀、祈福、斋醮、出行、冠笄、安机械、移徙、入宅、安香、安床、除服、成服、移柩、启钻,开光、栽种、治病、安门、作灶
2044-12-13,收,玄武,否,塑绘、斋醮、出行、拆卸、解除、修造、移徙、造船、入殓、除服、成服、移柩、启钻、修坟、立碑、谢土,无
2044-12-14,开,司命,是,祭祀、沐浴、安床、纳财、畋猎、捕捉,开市、破土
2044-12-15,闭,勾陈,否,订盟、纳采、祭祀、祈福、修造、动土、上梁、破土,嫁娶、作灶
2044-12-16,建,青龙,否,出行、沐浴、理发、补垣、塞穴,入宅、安葬
2044-12-17,除,明堂,是,教牛马、馀事勿取,入宅、动土、破土
2044-12-18,满,天刑,否,嫁娶、出行、求医、治病、祭祀、祈福、上梁、纳畜,开市、安葬
2044-12-19,满,天刑,否,开市、立券、开光、解除、安机械、上梁、启钻、安葬,嫁娶、祈福
2044-12-20,平,朱雀,否,平治道涂、馀事勿取,诸事不宜
2044-12-21,定,金匮,是,求嗣、斋醮、塑绘、订盟、纳采、出火、拆卸、修造、动土、造桥、安机械、栽种、纳畜、牧养、入殓、除服、成服、移柩、破土、安葬,开市、嫁娶
2044-12-22,执,天德,是,嫁娶、订盟、纳采、祭祀、祈福、修造、动土、移徙、入宅,开市、安葬
2044-12-23,破,白虎,否,治病、破屋、坏垣、馀事勿取,诸事不宜
2044-12-24,危,玉堂,是,祭祀、祈福、求嗣、斋醮、开光、入学、订盟、冠笄、伐木、修造、动土、起基、放水、交易、开池,造桥、安门、理发、造庙、栽种、作灶
2044-12-25,成,天牢,是,解除、坏垣、馀事勿取,诸事不宜
2044-12-26,收,玄武,否,沐浴、理发、扫舍,伐木、纳畜、上梁、入宅、作灶、造畜稠、嫁娶、安葬、作梁、造船、安门
2044-12-27,开,司命,是,祭祀、开光、祈福、解除、作梁、动土、安床、掘井、栽种、纳畜、破土、移柩,嫁娶、出行、赴任、盖屋、入殓、入宅、移徙、出火、进人口、安葬
2044-12-28,闭,勾陈,否,作梁、修造、动土、安门、作灶、塞穴、开池、开厕、筑堤、补垣、栽种,嫁娶、祈福、掘井、行丧、安葬、安床
2044-12-29,建,青龙,否,安葬、启钻、移柩、入殓、除服、成服,馀事勿取
2044-12-30,除,明堂,是,嫁娶、祭祀、祈福、求嗣、出行、出火、拆卸、开市、交易、立券、挂匾、入宅、移徙、安床、栽种,作灶、塑绘、行丧、词讼、伐木、安葬
2044-12-31,满,天刑,否,理发、开光、解除、拆卸、修造、安葬、开市、交易、立券、挂匾、安床、栽种,入宅、移徙、作灶、祈福、祭祀、嫁娶、谢土、掘井、盖屋、探病
2045-01-01,平,朱雀,否,祭祀、修饰垣墙、馀事勿取,诸事不宜
2045-01-02,定,金匮,是,入宅、安床、开光、祭祀、出火、拆卸、动土、挂匾、入殓、破土、安葬、纳畜,嫁娶、开市、作灶、置产、作梁、伐木
2045-01-03,执,天德,是,祭祀、解除、馀事勿取,诸事不宜
2045-01-04,破,白虎,否,破屋、坏垣、祭祀、沐浴、馀事勿取,诸事不宜
2045-01-05,危,玉堂,是,破屋、坏垣、馀事勿取,嫁娶、开市、安葬
2045-01-06,成,天牢,是,纳采、订盟、祭祀、求嗣、出火、塑绘、裁衣、会亲友、入学、拆卸、扫舍、造仓、挂匾、掘井、开池、结网、栽种、纳畜、破土、修坟、立碑、安葬、入殓,祈福、嫁娶、造庙、安床、谢土
2045-01-07,收,玄武,否,入殓、除服、成服、移柩、启钻、安葬、修坟、立碑,开市、伐木、嫁娶、作梁
2045-01-08,开,司命,是,祭祀、作灶、入殓、除服、馀事勿取,开市、安床
2045-01-09,闭,勾陈,否,塑绘、开光、沐浴、冠笄、会亲友、作灶、放水、造畜稠,嫁娶、入殓、安葬、出行
2045-01-10,建,青龙,否,祭祀、沐浴、祈福、斋醮、订盟、纳采、裁衣、拆卸、起基、竖柱、上梁、安床、入殓、除服、成服、移柩、启钻、挂匾、求嗣、出行、合帐、造畜稠,开仓、嫁娶、移徙、入宅
2045-01-11,除,明堂,是,祭祀、解除、馀事勿取,诸事不宜
2045-01-12,满,天刑,否,沐浴、解除、订盟、纳采、裁衣、冠笄、拆卸、修造、动土、移徙、入宅、除服、成服、移柩、破土、启钻、安葬、扫舍、修坟、伐木、纳财、交易、立券,作灶、祭祀、上梁、出行
2045-01-13,平,朱雀,否,出行、嫁娶、订盟、纳采、入殓、安床、启钻、安葬、祭祀、裁衣、会亲友、进人口,无
2045-01-14,定,金匮,是,修饰垣墙、平治道涂、入殓、移柩、馀事勿取,嫁娶、移徙、入宅、开光
2045-01-15,执,天德,是,会亲友、纳采、进人口、修造、动土、竖柱、上梁、祭祀、开光、塑绘、祈福、斋醮、嫁娶、安床、移徙、入宅、安香、纳畜,出行、治病、安葬、开市
2045-01-16,破,白虎,否,祭祀、会亲友、出行、订盟、纳采、沐浴、修造、动土、祈福、斋醮、嫁娶、拆卸、安床、入殓、移柩、安葬、谢土、赴任、裁衣、竖柱、上梁、伐木、捕捉、栽种、破土、安门,盖屋、开市、作灶、入宅
2045-01-17,危,玉堂,是,解除、破屋、坏垣、馀事勿取,诸事不宜
2045-01-18,危,玉堂,是,塑绘、开光、出行、订盟、纳采、除服、成服、嫁娶、纳婿、入殓、移柩、启钻、安葬、立碑,入宅、安床
2045-01-19,成,天牢,是,入殓、除服、成服、移柩、启钻、安葬、立碑、馀事勿取,破土、伐木
2045-01-20,收,玄武,否,祭祀、祈福、斋醮、塑绘、开光、除服、成服、入殓、作灶、嫁娶、捕捉、畋猎、纳财,开仓、盖屋、安葬、安床
2045-01-21,开,司命,是,祭祀、出行、沐浴、裁衣、祈福、斋醮、订盟、纳采、嫁娶、安机械、开市、立券、安碓磑、纳畜,栽种、入殓、安葬
2045-01-22,闭,勾陈,否,祭祀、祈福、斋醮、沐浴、安床、安机械、造车器、入殓、移柩、启钻、安葬、立碑、合帐、经络、交易,作灶、掘井、嫁娶、入宅
2045-01-23,建,青龙,否,解除、扫舍、祭祀、教牛马、馀事勿取,无
2045-01-24,除,明堂,是,开市、交易、立券、挂匾、开光、解除、伐木、作梁、出火、入宅、移徙、安床、拆卸、动土、上梁、栽种、纳畜、安葬,嫁娶、祭祀、出行、置产
2045-01-25,满,天刑,否,开市、交易、立券、纳财、开池、补垣、嫁娶、纳采、纳畜、取渔、安床,修造、上梁、入宅、祈福、探病、掘井、动土、安门、安葬、作灶
2045-01-26,平,朱雀,否,祭祀、解除、修饰垣墙、平治道涂、馀事勿取,无
2045-01-27,定,金匮,是,嫁娶、祭祀、祈福、求嗣、动土、会亲友、起基、造仓、纳畜、牧养、开厕、进人口,掘井、安葬、栽种、出行、作灶、开市、入宅、安门
2045-01-28,执,天德,是,嫁娶、祭祀、祈福、求嗣、开光、入宅、移徙、安床、修造、动土、进人口,掘井、安葬、栽种、出行、作灶、开市、安门
2045-01-29,破,白虎,否,破屋、坏垣、馀事勿取,诸事不宜
2045-01-30,危,玉堂,是,嫁娶、开市、交易、立券、开光、出行、出火、拆卸、修造、入宅、移徙、动土、破土、移柩、安葬、启钻、除服、成服,安床、伐木、祈福、纳畜
2045-01-31,成,天牢,是,祭祀、入殓、破土、除服、成服、启钻、安葬、修坟、立碑、馀事勿取,无
2045-02-01,收,玄武,否,祭祀、解除、馀事勿取,诸事不宜
2045-02-02,开,司命,是,开市、交易、立券、纳财、纳畜、造畜稠、入宅、移徙、安床、开光、祈福、求嗣、动土,嫁娶、栽种、安葬、理发、造庙、作灶、入殓、行丧、造桥
2045-02-03,闭,勾陈,否,祭祀、沐浴、开光、塑绘、祈福、求嗣、订盟、纳采、冠笄、裁衣、嫁娶、动土、除服、成服、移柩、破土、启钻、出行、安碓磑、放水、开市、立券、交易,安葬、上梁、入宅、作灶
2045-02-04,建,青龙,否,祭祀、祈福、求嗣、酬神、裁衣、安床、立券、交易、入殓、除服、成服、移柩、谢土、启钻,出行、嫁娶、入宅、动土
2045-02-05,除,明堂,是,裁衣、合帐、入殓、除服、成服、会亲友、纳财,祭祀、祈福、移徙、嫁娶、入宅
2045-02-06,满,天刑,否,祭祀、斋醮、裁衣、合帐、冠笄、订盟、纳采、嫁娶、入宅、安香、谢土、入殓、移柩、破土、立碑、会亲友、出行、祈福、求嗣、上梁、放水,掘井
2045-02-07,平,朱雀,否,安床、合帐、入宅、问名、纳采、求嗣、祭祀、开仓,斋醮、作灶、安葬
2045-02-08,定,金匮,是,作灶、平治道涂,祭祀、祈福、安葬、安门、馀事勿取
2045-02-09,执,天德,是,塑绘、开光、酬神、斋醮、订盟、纳采、裁衣、合帐、拆卸、动土、上梁、安床、安香、造庙、挂匾、会亲友、进人口、出行、修造、纳财、伐木、放水、出火、纳畜、沐浴、安门,盖屋、栽种、安葬、作灶
2045-02-10,破,白虎,否,祭祀、祈福、酬神、订盟、纳采、冠笄、裁衣、合帐、嫁娶、安床、移徙、入宅、安香、入殓、移柩、启钻、安葬、解除、取渔、捕捉、伐木、安门、出火,栽种、动土、开市、作灶
2045-02-11,危,玉堂,是,求医、破屋,诸事不宜
2045-02-12,成,天牢,是,祈福、求嗣、斋醮、塑绘、开光、订盟、纳采、嫁娶、动土、入宅、安香、移柩、安葬、谢土、出行、沐浴、修造、竖柱、上梁、纳财、破土、解除、安门、放水,作灶、安床
2045-02-13,收,玄武,否,取渔、入殓、除服、成服、移柩、破土、安葬、立碑,嫁娶、上梁、入宅、作灶
2045-02-14,开,司命,是,祭祀、求嗣、沐浴、酬神、订盟、纳采、裁衣、合帐、冠笄、安机械、安床、造仓、开池、经络、纳财、开市、立券、交易、结网、取渔、纳畜、捕捉,安葬、作灶、伐木、作梁
2045-02-15,闭,勾陈,否,祭祀、沐浴、祈福、求嗣、斋醮、订盟、纳采、裁衣、冠笄、开市、立券、交易、纳财、除服、谢土、出行、移柩,入殓、安葬、作灶、入宅
2045-02-16,建,青龙,否,祭祀、祈福、求嗣、入殓、启钻、安葬、移柩,开光、掘井、针灸、出行、嫁娶、入宅、移徙、作灶、动土
2045-02-17,建,青龙,否,安床、解除、裁衣、竖柱、上梁、交易、立券、纳财、纳畜、牧养、入殓、移柩、安葬、启钻,嫁娶、出行、动土、开渠、入宅、祭祀、掘井
2045-02-18,除,明堂,是,嫁娶、安床、开光、出行、祭祀、动土、出火、解除、会亲友、开市、交易、立券、挂匾、入宅、移徙、拆卸、破土、启钻、安葬,掘井、词讼
2045-02-19,满,天刑,否,嫁娶、开光、求嗣、会亲友、安床、牧养、塑绘、针灸,入宅、移徙、出火、分居、安香、作灶、开市、交易、立券、安葬、动土、伐木
2045-02-20,平,朱雀,否,作灶、解除、平治道涂,栽种、出行、祈福、行丧、纳畜、安葬、安门、伐木、作梁、牧养
2045-02-21,定,金匮,是,解除、沐浴,诸事不宜
2045-02-22,执,天德,是,嫁娶、祭祀、祈福、出行、解除、出火、拆卸、动土、入宅、移徙、安床、上梁、栽种、纳畜、破土、启钻、安葬,开市、立券、理发、作灶
2045-02-23,破,白虎,否,祭祀、解除、治病、破屋、坏垣、扫舍,馀事勿取
2045-02-24,危,玉堂,是,祭祀、祈福、求嗣、开光、出火、出行、拆卸、修造、动土、入宅、移徙、上梁、挂匾、开池、入殓、安葬、破土、启钻,嫁娶、作灶、安床
2045-02-25,成,天牢,是,结网、入殓、除服、成服、移柩、安葬、破土,诸事不宜
2045-02-26,收,玄武,否,移徙、祭祀、开光、祈福、出行、解除、进人口、雇佣、安床、动土、起基、上梁、安门,嫁娶、安葬、破土、作梁、纳畜、牧养、行丧、作灶
2045-02-27,开,司命,是,嫁娶、开光、祈福、求嗣、解除、动土、安床、栽种、开池、掘井、祭祀、破土、启钻,入宅、作灶、伐木、安葬、出火、出行、纳畜
2045-02-28,闭,勾陈,否,祭祀、合帐、裁衣、经络、伐木、作梁、安床、作灶、入殓、安葬、启钻、移柩,词讼、出火、入宅
2045-03-01,建,青龙,否,裁衣、伐木、作梁、纳财、交易、立券,诸事不宜
2045-03-02,除,明堂,是,嫁娶、祭祀、祈福、求嗣、开光、出行、出火、拆卸、动土、上梁、进人口、入宅、移徙、安床、开市、交易、立券、挂匾、入殓、破土、安葬、启钻、除服、成服,无
2045-03-03,满,天刑,否,嫁娶、冠笄、纳采、出行、会亲友、上梁、安机械、安床、牧养、畋猎、祭祀、祈福、开光、修造、安门、盖屋、起基,入宅、作灶、治病、安葬、移徙
2045-03-04,平,朱雀,否,修饰垣墙、平治道涂、祭祀、馀事勿取,诸事不宜
2045-03-05,定,金匮,是,祭祀、嫁娶、纳婿、除服、成服、入殓、移柩,动土、作灶、入宅、开光、安床
2045-03-06,执,天德,是,祈福、求嗣、开光、塑绘、斋醮、订盟、纳采、嫁娶、拆卸、安床、入宅、安香、移柩、修坟、安葬、谢土、栽种、解除、冠笄、裁衣、移徙、修造、动土、竖柱、放水、启钻、立碑,赴任
2045-03-07,破,白虎,否,祭祀、解除、入殓、除服、成服、移柩、启钻、安葬、修坟、立碑、谢土、沐浴、扫舍、捕捉、取渔、结网、畋猎、理发,安床、嫁娶、作灶、入宅
2045-03-08,危,玉堂,是,破屋、坏垣,诸事不宜
2045-03-09,成,天牢,是,祭祀、出行、订盟、纳采、裁衣、合帐、冠笄、进人口、动土、安床、作灶、入殓、移柩、安葬、破土、结网、取渔、畋猎,作梁、造庙
2045-03-10,收,玄武,否,祭祀、开光、塑绘、订盟、纳采、合帐、冠笄、拆卸、动土、起基、上梁、入宅、安香、开市、立券、纳财、沐浴、求嗣、出火、竖柱、安门,造庙、嫁娶、伐木、安葬
2045-03-11,开,司命,是,祭祀、沐浴、捕捉、栽种,嫁娶、入宅、移徙、作灶、安葬
2045-03-12,闭,勾陈,否,祭祀、开光、塑绘、酬神、斋醮、订盟、纳采、嫁娶、裁衣、动土、起基、出火、拆卸、移徙、入宅、安香、修造、竖柱、上梁、纳畜、牧养、祈福、求嗣、解除、伐木、定磉、盖屋、安门,栽种、安葬
2045-03-13,建,青龙,否,订盟、纳采、冠笄、拆卸、修造、动土、安床、入殓、除服、成服、移柩、安葬、破土、启钻、造仓,作灶、开光、嫁娶、开市、入宅
2045-03-14,除,明堂,是,祈福、开光、塑绘、酬神、订盟、纳采、裁衣、安床、开市、立券、入殓、除服、成服、移柩、启钻、安葬、立碑、赴任、会亲友、出行、交易、竖柱,作灶、掘井、动土、栽种
2045-03-15,满,天刑,否,祭祀、扫舍、塞穴,栽种、作灶、安葬、嫁娶
2045-03-16,平,朱雀,否,开光、塑绘、裁衣、冠笄、伐木、拆卸、竖柱、上梁、开仓、会亲友、安机械、造仓、盖屋、交易、解除、开市、立券、纳财,出行、嫁娶、入宅、安葬
2045-03-17,定,金匮,是,冠笄、入殓、除服、成服、移柩、平治道涂、修饰垣墙,盖屋、作灶、治病、探病
2045-03-18,执,天德,是,祭祀、嫁娶、祈福、纳采、裁衣、合帐、安床、入宅、安香、入殓、移柩、安葬、谢土、修造、安碓磑、求嗣、会亲友、挂匾、交易、立券、纳财、造仓、放水,栽种、伐木
2045-03-19,执,天德,是,祭祀、祈福、斋醮、订盟、纳采、裁衣、合帐、拆卸、修造、动土、上梁、起基、移柩、安葬、谢土、沐浴、扫舍、开柱眼、伐木、出火,安床、开市、立券、作灶
2045-03-20,破,白虎,否,破屋、坏垣、求医、治病,诸事不宜
2045-03-21,危,玉堂,是,祭祀、动土、上梁、订盟、纳采、嫁娶、安机械、拆卸、安床、入宅、安香、入殓、移柩、破土、安葬、立碑、谢土、赴任、出行、移徙、祈福、求嗣、解除、造仓、进人口,开光、出货财
2045-03-22,成,天牢,是,祭祀、开光、塑绘、纳采、裁衣、拆卸、安床、起基、动土、竖柱、上梁、移徙、入宅、安香、开市、立券、挂匾、沐浴、出行、求嗣、安门,嫁娶、栽种、伐木、安葬
2045-03-23,收,玄武,否,裁衣、合帐、冠笄、嫁娶、纳婿、安床、入殓、纳财,作灶、开市、安葬、作梁
2045-03-24,开,司命,是,祭祀、订盟、纳采、修造、动土、祈福、塑绘、斋醮、沐浴、拆卸、起基、入宅、安香、造庙、移柩、谢土、除服、成服、入学、习艺、出行、竖柱、上梁、掘井、求嗣、解除、伐木,作灶、安葬、开市、盖屋
2045-03-25,闭,勾陈,否,订盟、纳采、裁衣、合帐、冠笄、安机械、拆卸、安床、入殓、除服、成服、移柩、破土、启钻、安葬、修坟、立碑、经络、交易、立券、纳财、筑堤、造仓、补垣、塞穴、纳畜、伐木、架马,祭祀、开光、嫁娶、入宅
2045-03-26,建,青龙,否,祭祀、出行、嫁娶、冠笄、安床、入殓、移柩、安葬,掘井、动土、作灶、栽种
2045-03-27,除,明堂,是,塞穴、诸事不宜,安门、作灶、安葬、嫁娶
2045-03-28,满,天刑,否,开光、塑绘、求嗣、纳采、裁衣、合帐、冠笄、安机械、作梁、开柱眼、安门、安床、造仓、祭祀、会亲友、祈福、经络、纳财、开市、立券、交易、入学、理发、架马,出行、斋醮、安葬、嫁娶
2045-03-29,平,朱雀,否,祭祀、嫁娶、纳婿、安葬,栽种、盖屋、作灶、入宅
2045-03-30,定,金匮,是,祭祀、会亲友、订盟、裁衣、合帐、安机械、拆卸、上梁、安门、入殓、除服、成服、移柩、启钻、安葬、立碑、开光、塑绘、入学、出行、起基、定磉、放水、移徙、入宅、竖柱、立券、经络,伐木、作梁
2045-03-31,执,天德,是,祭祀、开光、塑绘、祈福、斋醮、裁衣、合帐、冠笄、嫁娶、拆卸、动土、移徙、入宅、入殓、移柩、安葬、谢土、求嗣、入学、理发、伐木、架马、作梁、出火、修造、起基、定磉、放水、赴任,安门
2045-04-01,破,白虎,否,祭祀、治病、破屋、坏垣、馀事勿取,诸事不宜
2045-04-02,危,玉堂,是,嫁娶、祭祀、出行、冠笄、立券、交易、进人口、开市、移徙、修造、动土、安床、入殓、移柩、破土,开光、作灶、斋醮、安葬
2045-04-03,成,天牢,是,开市、立券、交易、挂匾、祭祀、祈福、开光、入宅、移徙、安床、拆卸、动土、上梁、进人口,嫁娶、行丧、架马、作梁、理发、牧养、安葬、纳畜、伐木
2045-04-04,收,玄武,否,祭祀、塑绘、开光、订盟、纳采、冠笄、裁衣、安机械、拆卸、修造、动土、安床、经络、开市,出火、入宅、安葬、伐木
2045-04-05,开,司命,是,祭祀、馀事勿取,造庙、嫁娶、安床
2045-04-06,闭,勾陈,否,订盟、纳采、嫁娶、进人口、会亲友、交易、立券、动土、除服、谢土、移柩、破土、启钻、赴任、出行、开市、纳财、栽种,入殓、安葬、入宅、安床
2045-04-07,建,青龙,否,祭祀、祈福、裁衣、合帐、安床、入殓、除服、成服、移柩、破土、启钻、安葬、谢土、立碑、造畜稠,掘井、安门、嫁娶、纳采
2045-04-08,除,明堂,是,祭祀、进人口、嫁娶、安床、解除、冠笄、出行、裁衣、扫舍,掘井、动土、破土、安葬、开光
2045-04-09,满,天刑,否,纳采、开光、求医、治病、动土、上梁、移徙、入宅,嫁娶、开市、安葬
2045-04-10,平,朱雀,否,祭祀、会亲友、开市、安床、启钻、安葬,嫁娶、动土、破土
2045-04-11,定,金匮,是,祭祀、作灶、掘井、平治道涂,嫁娶、安葬
2045-04-12,执,天德,是,祭祀、斋醮、开市、动土、入殓、破土、安葬,嫁娶、移徙、入宅
2045-04-13,破,白虎,否,嫁娶、纳采、祭祀、祈福、出行、移徙、求医,开市、动土、破土
2045-04-14,危,玉堂,是,祭祀、求医、治病、解除、馀事勿取,诸事不宜
2045-04-15,成,天牢,是,沐浴、结网、取渔,嫁娶、入宅、安葬
2045-04-16,收,玄武,否,无,诸事不宜
2045-04-17,收,玄武,否,解除、坏垣、馀事勿取,诸事不宜
2045-04-18,开,司命,是,嫁娶、开光、出行、出火、拆卸、进人口、开市、立券、交易、挂匾、入宅、移徙、安床、栽种,祈福、入殓、祭祀、作灶、安葬、探病
2045-04-19,闭,勾陈,否,嫁娶、出行、合帐、冠笄、安床、除服、成服、作灶、交易、立券、入殓、移柩、破土、安葬,词讼、开光、开市
2045-04-20,建,青龙,否,出行、修饰垣墙、造畜稠、教牛马、馀事勿取,诸事不宜
2045-04-21,除,明堂,是,祭祀、祈福、开光、求嗣、解除、伐木、出火、入宅、移徙、安床、拆卸、修造、动土、造畜稠,嫁娶、纳财、安葬、出行、开市、立券、作灶、栽种
2045-04-22,满,天刑,否,纳采、嫁娶、开光、出行、理发、会亲友、开市、安床、栽种、牧养、入殓、移柩、启钻,谢土、祈福、上梁、作灶、斋醮、修造、入宅、安门
2045-04-23,平,朱雀,否,祭祀、平治道涂、解除、修饰垣墙、馀事勿取,诸事不宜
2045-04-24,定,金匮,是,祭祀、祈福、开光、解除、动土、纳财、交易、纳畜、扫舍,进人口、出行、嫁娶、置产、安床、赴任、安葬、作灶
2045-04-25,执,天德,是,祭祀、祈福、求嗣、开光、解除、出火、拆卸、入宅、安床、修造、安门、纳畜、启钻、安葬,动土、破土、纳财、掘井、挂匾、开市、伐木、交易
2045-04-26,破,白虎,否,祭祀、解除、破屋、坏垣、馀事勿取,诸事不宜
2045-04-27,危,玉堂,是,塞穴、扫舍、馀事勿取,诸事不宜
2045-04-28,成,天牢,是,祭祀、祈福、求嗣、开光、解除、纳采、冠笄、出火、拆卸、进人口、安床、动土、上梁、造庙、掘井、开池、入殓、移柩、安葬、破土,无
2045-04-29,收,玄武,否,解除、破屋、馀事勿取,诸事不宜
2045-04-30,开,司命,是,嫁娶、祈福、求嗣、开光、出行、解除、拆卸、出火、开市、立券、交易、入宅、移徙、安床、动土、破土、谢土,祭祀、入殓、安葬、探病
2045-05-01,闭,勾陈,否,祭祀、裁衣、冠笄、安床、交易、立券、开池、补垣、塞穴、入殓、破土、启钻、安葬、谢土、除服、成服,嫁娶、掘井、探病、开市、开光、栽种
2045-05-02,建,青龙,否,祭祀、出行、教牛马、扫舍、馀事勿取,开光、伐木、安葬、破土
2045-05-03,除,明堂,是,祭祀、祈福、求嗣、开光、纳采、订盟、解除、栽种、纳畜、牧养、扫舍、进人口,修坟、造桥、作灶、出行、安葬、盖屋、入宅
2045-05-04,满,天刑,否,开光、出行、交易、塞穴、嫁娶、理发、开市、安床,祈福、出火、置产、动土、破土、安葬、修造、上梁、入宅
2045-05-05,平,朱雀,否,进人口、牧养、置产、塞穴、结网、馀事勿取,诸事不宜
2045-05-06,定,金匮,是,开光、出行、嫁娶,会亲友、进人口、修造、动土、起基、移徙、开市、纳畜、入殓、除服、成服、移柩、破土、安葬、修坟、立碑
2045-05-07,执,天德,是,嫁娶、纳采、出行、祭祀、祈福、开市、动土、移徙、入宅、破土、安葬,安门
2045-05-08,破,白虎,否,嫁娶、纳采、求医、治病、修造、动土、移徙、入宅、破土、安葬,开市、开光
2045-05-09,危,玉堂,是,祭祀、破屋、坏垣、馀事勿取,诸事不宜
2045-05-10,成,天牢,是,嫁娶、纳采、祭祀、祈福、出行、动土、上梁、移徙、入宅、破土、安葬,斋醮
2045-05-11,收,玄武,否,纳采、祭祀、祈福、开市、求医、治病、动土、纳畜,嫁娶、安葬
2045-05-12,开,司命,是,嫁娶、纳采、出行、移徙、入宅,动土、破土、安葬
2045-05-13,闭,勾陈,否,订盟、纳采、祭祀、动土、破土、交易、立券,嫁娶、安葬
2045-05-14,建,青龙,否,嫁娶、裁衣、祭祀、出行、安床、作灶、移徙、入宅、破土、安葬,赴任、捕捉
2045-05-15,除,明堂,是,塞穴、结网、馀事勿取,诸事不宜
2045-05-16,满,天刑,否,嫁娶、订盟、纳采、出行、祭祀、祈福、斋醮、动土、上梁、破土、安葬,移徙、入宅
2045-05-17,满,天刑,否,订盟、纳采、会亲友、安床、作灶、造畜稠,开市、安葬
2045-05-18,平,朱雀,否,沐浴、平治道涂、扫舍、入殓、移柩、破土、启钻、安葬、馀事勿取,诸事不宜
2045-05-19,定,金匮,是,嫁娶、祭祀、祈福、求嗣、开光、出行、出火、拆卸、动土、上梁、进人口、入宅、移徙、安床、安门、开市、交易、立券、挂匾、栽种、破土、安葬,无
2045-05-20,执,天德,是,祭祀、开光、出行、解除、塑绘、裁衣、入殓、移柩、破土、启钻、安葬、除服、成服,嫁娶、上梁、修造、拆卸、架马、入宅、伐木、动土、出火、开柱眼
2045-05-21,破,白虎,否,祭祀、解除、破屋、坏垣、馀事勿取,诸事不宜
2045-05-22,危,玉堂,是,嫁娶、祭祀、祈福、求嗣、开光、出行、拆卸、动土、上梁、出火、进人口、入宅、移徙、安床、栽种、纳畜、牧养、竖柱、安门、修造、解除、会亲友,无
2045-05-23,成,天牢,是,开市、交易、立券、祭祀、祈福、开光、伐木、进人口、安床、拆卸、修造、动土、栽种、破土、移柩、安葬,入宅、移徙、理发、出火、嫁娶、出行
2045-05-24,收,玄武,否,结网、解除、馀事勿取,诸事不宜
2045-05-25,开,司命,是,嫁娶、祭祀、祈福、求嗣、开光、开市、交易、立券、安床、出行、拆卸,纳畜、入宅、移徙、安葬、探病、伐木、上梁、安门、入殓、动土
2045-05-26,闭,勾陈,否,嫁娶、祭祀、祈福、求嗣、出行、出火、拆卸、修造、动土、入宅、移徙、安床、作灶、塞穴、栽种、破土、安葬,开光、掘井、开仓
2045-05-27,建,青龙,否,解除、扫舍、馀事勿取,诸事不宜
2045-05-28,除,明堂,是,开市、交易、立券、挂匾、开光、出行、拆卸、进人口、入宅、移柩、动土、安门、上梁、栽种、破土、修坟、安葬,嫁娶、安床、探病、作灶
2045-05-29,满,天刑,否,进人口、会亲友,塞穴、上梁、动土、伐木、安葬、词讼
2045-05-30,平,朱雀,否,沐浴、平治道涂、扫舍、入殓、破土、安葬、除服、成服,嫁娶、移徙、伐木、作梁、安床、祭祀、祈福、盖屋
2045-05-31,定,金匮,是,嫁娶、祭祀、祈福、求嗣、开光、出火、出行、拆卸、动土、解除、进人口、开市、交易、立券、挂匾、入宅、移徙、安床、安门、上梁、安葬、破土、谢土,无
2045-06-01,执,天德,是,祭祀、祈福、求嗣、开光、解除、合帐、冠笄、伐木、架马、作梁、修造、进人口、嫁娶、裁衣、安床、动土、起基、上梁、竖柱、放水、会亲友,无
2045-06-02,破,白虎,否,破屋、坏垣、沐浴、解除、馀事勿取,诸事不宜
2045-06-03,危,玉堂,是,纳采、订盟、嫁娶、造车器、祭祀、祈福、求嗣、开光、出火、拆卸、修造、动土、进人口、挂匾、入宅、移徙、安床、栽种、入殓、破土、安葬、除服、成服,开市、立券
2045-06-04,成,天牢,是,开市、交易、立券、祭祀、祈福、开光、动土、安床、出行、栽种、纳畜、牧养、竖柱、上梁、解除、破土,嫁娶、掘井、入宅、移徙、安葬
2045-06-05,收,玄武,否,订盟、纳采、会亲友、进人口、雕刻、拆卸、修造、动土、起基、开市、栽种、纳畜、牧养、入殓、除服、成服、移柩、破土、安葬,无
2045-06-06,开,司命,是,祭祀、捕捉、取渔、修饰垣墙、馀事勿取,诸事不宜
2045-06-07,闭,勾陈,否,嫁娶、纳采、祭祀、祈福、求医、治病、出行、动土、移徙、入宅,开市、安门
2045-06-08,建,青龙,否,裁衣、作灶、移徙、入宅、纳畜,嫁娶、安葬
2045-06-09,除,明堂,是,祭祀、入殓、移柩、启钻、安葬,上梁、动土、破土
2045-06-10,满,天刑,否,订盟、纳采、出行、祈福、斋醮、安床、会亲友,移徙、入宅、安葬
2045-06-11,平,朱雀,否,嫁娶、纳采、出行、求医、治病、开市、移徙、入宅、启钻、安葬,动土、破土
2045-06-12,定,金匮,是,嫁娶、祭祀、沐浴、扫舍、修饰垣墙,行丧、安葬
2045-06-13,执,天德,是,嫁娶、订盟、纳采、出行、开市、祭祀、祈福、动土、移徙、入宅、破土、安葬,作灶
2045-06-14,破,白虎,否,订盟、纳采、出行、祭祀、祈福、修造、动土、移徙、入宅,开市、安葬
2045-06-15,破,白虎,否,诸事不宜,无
2045-06-16,危,玉堂,是,嫁娶、订盟、纳采、祭祀、祈福、入殓、破土、安葬,开光、开市
2045-06-17,成,天牢,是,开光、求医、治病、动土、上梁、入殓、破土、安葬,嫁娶
2045-06-18,收,玄武,否,祭祀、栽种、馀事勿取,诸事不宜
2045-06-19,开,司命,是,嫁娶、开光、祭祀、祈福、求嗣、出行、解除、伐木、入宅、移徙、安床、出火、拆卸、修造、上梁、栽种、移柩,安葬、开市、交易、立券
2045-06-20,闭,勾陈,否,求嗣、嫁娶、纳采、合帐、裁衣、冠笄、伐木、作梁、修造、动土、起基、竖柱、上梁、安门、作灶、筑堤、造畜稠,安葬、出行、祈福、栽种
2045-06-21,建,青龙,否,祭祀、解除、馀事勿取,诸事不宜
2045-06-22,除,明堂,是,嫁娶、祭祀、祈福、出火、开光、求嗣、出行、拆卸、开市、交易、立券、挂匾、入宅、移徙、安床、栽种、动土,安葬、行丧、伐木、作梁
2045-06-23,满,天刑,否,开光、求嗣、出行、解除、伐木、出火、拆卸、修造、上梁、起基、入宅、移徙、开市、交易、立券、栽种、牧养、入殓、安葬、除服、成服,置产、安床
2045-06-24,平,朱雀,否,祭祀、理发、修饰垣墙、平治道涂、沐浴、整手足甲、扫舍,出行、安门、修造、嫁娶、上梁、入宅
2045-06-25,定,金匮,是,嫁娶、祭祀、开光、祈福、求嗣、出行、出火、拆卸、动土、修造、进人口、入宅、移徙、安床、挂匾、交易、立券、栽种、纳畜、入殓、破土、启钻、安葬,无
2045-06-26,执,天德,是,祭祀、祈福、求嗣、开光、出行、伐木、出火、拆卸、修造、动土、起基、安床、入宅、移徙,嫁娶、开市、交易、行丧、安葬、修坟
2045-06-27,破,白虎,否,破屋、坏垣、馀事勿取,诸事不宜
2045-06-28,危,玉堂,是,开市、交易、立券、纳财、开池、开厕、结网、祭祀、修造、动土、安床、放水、经络、破土,嫁娶、造桥、词讼、移徙、安门、作灶、栽种
2045-06-29,成,天牢,是,开市、交易、立券、纳财、栽种、安床、拆卸、修造、动土、上梁、入殓、安葬、破土、除服、成服,嫁娶、出火、伐木、祭祀、入宅、移徙、纳畜、探病
2045-06-30,收,玄武,否,祭祀、作灶、馀事勿取,诸事不宜
2045-07-01,开,司命,是,解除、坏垣、馀事勿取,诸事不宜
2045-07-02,闭,勾陈,否,修造、动土、起基、安门、安床、栽种、筑堤、补垣、造畜稠,嫁娶、掘井、入宅、移徙、出火、出行、行丧、安葬、开光、理发、进人口
2045-07-03,建,青龙,否,祭祀、教牛马、断蚁、馀事勿取,斋醮、移徙、入宅、动土
2045-07-04,除,明堂,是,纳采、订盟、嫁娶、祭祀、祈福、开市、纳财、立券、移徙、出行、修造、动土、起基、定磉、竖柱、拆卸、扫舍、放水、安香、安床、造船、开池、掘井、造畜稠、栽种,行丧、安葬、破土、作灶、伐木、斋醮
2045-07-05,满,天刑,否,嫁娶、开光、祭祀、祈福、出行、解除、移徙、入宅、开市、纳财、起基、修造、竖柱、上梁、盖屋、作灶、出火、安香、补垣、塞穴、拆卸、放水、扫舍、造仓、造船、栽种、安葬,纳采、订盟、安床、谢土、破土、动土
2045-07-06,平,朱雀,否,嫁娶、祭祀、理发、作灶、修饰垣墙、平治道涂、整手足甲、沐浴、冠笄,破土、出行、栽种
2045-07-07,定,金匮,是,祭祀、冠笄、嫁娶、捕捉、结网、畋猎、取渔、馀事勿取,无
2045-07-08,执,天德,是,沐浴、扫舍、馀事勿取,诸事不宜
2045-07-09,破,白虎,否,纳采、祭祀、祈福、解除、动土、破土、安葬,嫁娶、移徙、入宅
2045-07-10,危,玉堂,是,祭祀、破屋、坏垣、馀事勿取,诸事不宜
2045-07-11,成,天牢,是,嫁娶、纳采、开市、出行、动土、上梁、移徙、入宅、破土、安葬,祭祀、祈福
2045-07-12,收,玄武,否,嫁娶、纳采、开市、出行、动土、上梁、移徙、入宅、破土、安葬,赴任
2045-07-13,开,司命,是,祭祀、作灶、纳财、捕捉,开市、破土
2045-07-14,开,司命,是,嫁娶、开市、立券、祭祀、祈福、动土、移徙、入宅,造庙、安葬
2045-07-15,闭,勾陈,否,补垣、塞穴、结网、入殓、除服、成服、移柩、安葬、启钻、馀事勿取,诸事不宜
2045-07-16,建,青龙,否,嫁娶、纳采、出行、祭祀、祈福、解除、移徙、入宅,动土、安葬
2045-07-17,除,明堂,是,嫁娶、祭祀、祈福、斋醮、治病、破土、安葬,开市、入宅
2045-07-18,满,天刑,否,嫁娶、出行、开市、安床、入殓、启钻、安葬,祈福、动土、破土
2045-07-19,平,朱雀,否,嫁娶、祭祀、裁衣、结网、冠笄、沐浴,开仓、出货财、置产、安葬、动土、破土、掘井、栽种
2045-07-20,定,金匮,是,入宅、移徙、安床、开光、祈福、求嗣、进人口、开市、交易、立券、出火、拆卸、修造、动土,嫁娶、破土、置产、栽种、安葬、修坟、行丧
2045-07-21,执,天德,是,祭祀、解除、沐浴、整手足甲、入殓、移柩、破土、启钻、安葬,嫁娶、入宅、移徙、作灶、开市、交易、安门、栽种
2045-07-22,破,白虎,否,破屋、坏垣、馀事勿取,诸事不宜
2045-07-23,危,玉堂,是,嫁娶、开光、出行、理发、作梁、出火、拆卸、修造、开市、交易、立券、挂匾、动土、入宅、移徙、安床、栽种,伐木、祭祀、纳畜
2045-07-24,成,天牢,是,嫁娶、开光、出行、祈福、求嗣、解除、拆卸、动土、修造、进人口、开市、交易、立券、挂匾、入宅、移徙、安床、栽种、纳畜、入殓、移柩、安葬,无
2045-07-25,收,玄武,否,祭祀、作灶、纳财、栽种、纳畜、进人口,安葬、经络、修坟、破土、开市、安床、启钻、立碑
2045-07-26,开,司命,是,祭祀、祈福、求嗣、开光、开市、牧养、理发,嫁娶、出行、安葬、入殓、入宅、作灶、冠笄、上梁
2045-07-27,闭,勾陈,否,祭祀、入殓、破土、除服、成服、移柩、启钻、安葬、谢土、馀事勿取,无
2045-07-28,建,青龙,否,祭祀、出行、交易、割蜜、造畜稠,嫁娶、作灶、安葬、动土、词讼、作梁、伐木、掘井、破土、移徙
2045-07-29,除,明堂,是,嫁娶、祭祀、祈福、求嗣、开光、出火、拆卸、修造、动土、进人口、开市、交易、立券、挂匾、入宅、移徙、栽种、纳畜、入殓、启钻、除服、成服,无
2045-07-30,满,天刑,否,嫁娶、开光、解除、安床、牧养、理发、开市、入殓、启钻、移柩、安葬、扫舍,作灶、动土、上梁、栽种、入宅、移徙、修造、祈福
2045-07-31,平,朱雀,否,祭祀、解除、馀事勿取,诸事不宜
2045-08-01,定,金匮,是,祭祀、祈福、求嗣、开光、伐木、出火、拆卸、入宅、安床、修造、动土、上梁、挂匾、纳畜,嫁娶、栽种、行丧、理发、修坟、作灶
2045-08-02,执,天德,是,解除、祭祀、理发、入殓、安葬、破土,嫁娶、开市、出火、作灶、置产、斋醮、入宅、移徙、安门
2045-08-03,破,白虎,否,破屋、坏垣、馀事勿取,诸事不宜
2045-08-04,危,玉堂,是,开市、交易、立券、纳财、动土、开光、出行、嫁娶、纳采、订盟、入学、开仓、出货财、纳畜、牧养、栽种、破土、启钻、安葬、立碑,入宅、移徙、作灶、祭祀、谢土
2045-08-05,成,天牢,是,嫁娶、纳采、订盟、祭祀、祈福、求嗣、开光、出火、出行、拆卸、修造、动土、进人口、开市、交易、立券、挂匾、入宅、移徙、安床、栽种、入殓、破土、谢土、安葬,掘井、伐木、纳畜、合寿木
2045-08-06,收,玄武,否,祭祀、冠笄、作灶、交易、纳财、栽种、结网、纳畜、牧养、进人口,开渠、造船、安床、安葬、破土、出行、修坟、掘井、开市、开生坟
2045-08-07,开,司命,是,塑绘、开光、解除、订盟、纳采、嫁娶、出火、修造、动土、移徙、入宅、拆卸、起基、安门、分居、开市、交易、立券、纳财、纳畜、牧养,无
2045-08-08,闭,勾陈,否,祈福、出行、订盟、纳采、嫁娶、裁衣、动土、安床、放水、开市、掘井、交易、立券、栽种、开渠、除服、成服、移柩、破土,无
2045-08-09,建,青龙,否,嫁娶、祭祀、祈福、斋醮、作灶、移徙、入宅,动土、破土
2045-08-10,除,明堂,是,嫁娶、出行、纳畜、祭祀、入殓、启钻、安葬,作灶、动土、破土
2045-08-11,满,天刑,否,订盟、纳采、祭祀、祈福、修造、动土、上梁、破土、安葬,嫁娶、开市
2045-08-12,平,朱雀,否,订盟、纳采、出行、会亲友、修造、上梁、移徙、入宅,开市、安葬
2045-08-13,平,朱雀,否,沐浴、修饰垣墙、平治道涂、馀事勿取,嫁娶、祈福
2045-08-14,定,金匮,是,嫁娶、祭祀、祈福、斋醮、动土、移徙、入宅,开市、安葬
2045-08-15,执,天德,是,捕捉、结网、入殓、破土、安葬,嫁娶、入宅
2045-08-16,破,白虎,否,沐浴、治病、破屋、坏垣、馀事勿取,诸事不宜
2045-08-17,危,玉堂,是,嫁娶、订盟、纳采、出行、开市、祭祀、祈福、移徙、入宅、启钻、安葬,动土、破土
2045-08-18,成,天牢,是,嫁娶、订盟、纳采、祭祀、祈福、求医、治病、动土、移徙、入宅、破土、安葬,开光、针灸
2045-08-19,收,玄武,否,订盟、纳采、祭祀、祈福、安机械、作灶、纳畜,动土、安葬
2045-08-20,开,司命,是,嫁娶、祭祀、祈福、求嗣、出行、动土、安床、掘井、破土、启钻,入宅、作梁、安门、伐木、修造、上梁、入殓、盖屋
2045-08-21,闭,勾陈,否,嫁娶、祭祀、祈福、求嗣、出行、出火、拆卸、修造、移徙、动土、安床、入殓、破土、安葬、启钻,盖屋、开光、理发、造船、掘井、作灶
2045-08-22,建,青龙,否,祭祀、祈福、求嗣、开光、出行、解除、上梁、盖屋、移徙、安门、纳财、牧养、纳畜、安葬、启钻、入殓,破土、置产、掘井、动土、安床
2045-08-23,除,明堂,是,祭祀、解除、沐浴、理发、整手足甲、入殓、移柩、破土、安葬、扫舍,嫁娶、会亲友、进人口、出行、入宅、移徙、赴任、作灶
2045-08-24,满,天刑,否,塑绘、开光、进人口、纳畜、补垣、塞穴、栽种、牧养,嫁娶、纳财、祈福、安葬、修造、开市、交易、立券、动土、上梁
2045-08-25,平,朱雀,否,作灶、沐浴、修饰垣墙、平治道涂、馀事勿取,诸事不宜
2045-08-26,定,金匮,是,祭祀、求嗣、开光、出行、伐木、作梁、出火、解除、拆卸、进人口、修造、动土、起基、安床、栽种、纳畜、入殓、破土、安葬、除服、成服,嫁娶、移徙
2045-08-27,执,天德,是,祭祀、塞穴、入殓、破土、安葬、移柩、馀事勿取,诸事不宜
2045-08-28,破,白虎,否,破屋、坏垣、馀事勿取,诸事不宜
2045-08-29,危,玉堂,是,祭祀、入殓、移柩、结网、启钻、安葬、除服、成服、馀事勿取,诸事不宜
2045-08-30,成,天牢,是,嫁娶、出火、拆卸、祭祀、祈福、开光、伐木、动土、开市、交易、立券、入宅、移徙、安床、纳畜、入殓、安葬,栽种、作灶、针灸、出行
2045-08-31,收,玄武,否,祭祀、开光、解除、进人口、交易、立券、纳财、纳畜,动土、破土、嫁娶、理发、出行、入宅、移徙、分居、安香、出火
2045-09-01,开,司命,是,嫁娶、祭祀、祈福、求嗣、开光、出行、解除、安床、栽种、移柩、进人口、会亲友、除服、成服,盖屋、入殓、安葬、伐木、入宅、移徙、置产、纳畜
2045-09-02,闭,勾陈,否,祭祀、动土、筑堤、开池、会亲友、塞穴、入殓、移柩、破土、安葬,开光、出行、修造、上梁、入宅、安门、作灶、裁衣
2045-09-03,建,青龙,否,祭祀、裁衣、安门、纳财、扫舍、出行、进人口、作灶、纳畜、造畜稠,安床、动土、安葬、开生坟、合寿木
2045-09-04,除,明堂,是,祭祀、解除、拆卸、修造、动土、起基、上梁、安床、安门、开渠、开池、入殓、破土、启钻,嫁娶、出行、进人口、作灶、入宅、移徙、栽种、赴任
2045-09-05,满,天刑,否,纳采、订盟、开光、出行、解除、安香、出火、拆卸、入宅、移徙、修造、上梁、安床、栽种、纳畜、会亲友、安机械、经络,伐木、谢土、行丧、祭祀、作灶、动土、破土、安葬、祈福
2045-09-06,平,朱雀,否,修饰垣墙、平治道涂、祭祀、沐浴、作灶,嫁娶、词讼、治病、置产、作梁、祈福、安葬、栽种、伐木、安门
2045-09-07,定,金匮,是,祭祀、祈福、修饰垣墙、平治道涂、入殓、移柩,嫁娶、入宅、上梁、安门
2045-09-08,执,天德,是,祭祀、会亲友、纳采、嫁娶、开光、塑绘、斋醮、安香、开市、立券、除服、成服、入殓、移柩、安葬、赴任、进人口、出行、裁衣、修造、动土、上梁、经络、交易,入宅、伐木
2045-09-09,破,白虎,否,祭祀、冠笄、会亲友、拆卸、起基、除服、成服、移柩、启钻、安葬、沐浴、捕捉、开光、塑绘,作灶、入宅、嫁娶
2045-09-10,危,玉堂,是,祭祀、沐浴、破屋、坏垣、馀事勿取,移徙、入宅、出行、栽种
2045-09-11,危,玉堂,是,祭祀、塑绘、开光、出行、解除、订盟、嫁娶、拆卸、起基、安床、入宅、开市、入殓、除服、成服、移柩、破土、谢土、挂匾、开柱眼、交易,造桥、冠笄、盖屋、掘井
2045-09-12,成,天牢,是,祭祀、会亲友、进人口、动土、上梁、开光、塑绘、冠笄、拆卸、起基、安床、开市、立券、赴任、经络,定磉、安葬
2045-09-13,收,玄武,否,祭祀、裁衣、冠笄、嫁娶、纳婿、会亲友、除服、成服、移柩、捕捉、进人口、入殓,移徙、入宅、作灶
2045-09-14,开,司命,是,诸事不宜,入殓、安葬、开市、交易
2045-09-15,闭,勾陈,否,祭祀、裁衣、冠笄、嫁娶、安机械、拆卸、动土、起基、移徙、入宅、入殓、启钻、安葬、造仓、经络,安床、开光、开市、交易
2045-09-16,建,青龙,否,祭祀、出行、成服、除服、沐浴、入殓,动土、冠笄、移徙、入宅、开市、竖柱、上梁
2045-09-17,除,明堂,是,祭祀、沐浴、赴任、出行、馀事勿取,诸事不宜
2045-09-18,满,天刑,否,诸事不宜,无
2045-09-19,平,朱雀,否,沐浴、入殓、移柩、除服、成服、破土、平治道涂,嫁娶、移徙、入宅、开市
2045-09-20,定,金匮,是,嫁娶、祭祀、祈福、求嗣、沐浴、出火、出行、拆卸、修造、动土、进人口、开市、交易、立券、入宅、移徙、安床、栽种、纳畜、入殓、安葬、启钻、除服、成服,无
2045-09-21,执,天德,是,开光、解除、起基、动土、拆卸、上梁、立碑、修坟、安葬、破土、启钻、移柩,嫁娶、出行、安床、作灶、祭祀、入宅、移徙、出火、进人口、置产
2045-09-22,破,白虎,否,破屋、坏垣、馀事勿取,诸事不宜
2045-09-23,危,玉堂,是,嫁娶、祈福、求嗣、出行、出火、拆卸、修造、动土、上梁、开光、进人口、开市、交易、立券、挂匾、安床、入宅、移徙、栽种、伐木、入殓、破土、除服、成服,无
2045-09-24,成,天牢,是,开市、交易、立券、挂匾、祭祀、开光、进人口、入宅、安床、出火、拆卸、修造、动土、栽种,嫁娶、立碑、出行、伐木、安葬、行丧、移徙、纳畜
2045-09-25,收,玄武,否,祭祀、理发、会亲友、进人口、嫁娶、针灸、入殓、移柩,探病、开渠、安葬、伐木、作灶、入宅
2045-09-26,开,司命,是,祭祀、立碑、修坟、启钻、除服、成服、馀事勿取,无
2045-09-27,闭,勾陈,否,嫁娶、出行、伐木、拆卸、修造、动土、移徙、安葬、破土、修坟、立碑,掘井、祈福、安床、开市、入宅、挂匾、开光
2045-09-28,建,青龙,否,祭祀、出行、扫舍、馀事勿取,诸事不宜
2045-09-29,除,明堂,是,嫁娶、祭祀、塑绘、开光、出行、解除、理发、整手足甲、动土、安床、开池、放水、扫舍,伐木、行丧、作灶、作梁、安葬
2045-09-30,满,天刑,否,开市、交易、立券、挂匾、开光、出行、入宅、移徙、安床、出火、上梁,作灶、行丧、理发、乘船、嫁娶、安葬
2045-10-01,平,朱雀,否,祭祀、沐浴、修饰垣墙、平治道涂、馀事勿取,诸事不宜
2045-10-02,定,金匮,是,嫁娶、祭祀、祈福、求嗣、开光、出行、出火、拆卸、修造、动土、进人口、入宅、移徙、安床、开市、交易、立券、挂匾、栽种、纳畜、入殓、安葬、除服、成服,无
2045-10-03,执,天德,是,解除、坏垣、馀事勿取,诸事不宜
2045-10-04,破,白虎,否,祭祀、治病、破屋、坏垣、馀事勿取,诸事不宜
2045-10-05,危,玉堂,是,嫁娶、纳采、订盟、祭祀、开光、出行、理发、作梁、出火、拆卸、修造、动土、进人口、入宅、移徙、安床、挂匾、栽种、纳畜、破土、安葬、入殓、除服、成服,开市、掘井、开渠、造桥、造船
2045-10-06,成,天牢,是,开市、交易、立券、纳财、挂匾、栽种、祭祀、祈福、开光、拆卸、动土、安床,嫁娶、破土、进人口、出行、入宅、移徙、出火、纳畜、词讼、安葬
2045-10-07,收,玄武,否,嫁娶、祭祀、理发、进人口、作灶、移柩、冠笄、会亲友,开仓、出货财、伐木、纳畜、开市、上梁、盖屋、破土、启钻、栽种
2045-10-08,开,司命,是,祭祀、作灶、入殓、除服、成服、畋猎,栽种、动土、安葬、开市
2045-10-09,闭,勾陈,否,祭祀、祈福、斋醮、沐浴、竖柱、订盟、纳采、嫁娶、拆卸、入宅、移柩、启钻、谢土、赴任、出火、纳畜,作灶、入殓、安葬、安床
2045-10-10,闭,勾陈,否,嫁娶、祭祀、安机械、入殓、破土、安葬,动土、上梁
2045-10-11,建,青龙,否,作灶、造畜稠,行丧、安葬
2045-10-12,除,明堂,是,沐浴、理发、入学、习艺、进人口,嫁娶、入宅
2045-10-13,满,天刑,否,开光、针灸、会亲友、启钻、安葬,开市、动土、破土
2045-10-14,平,朱雀,否,祭祀、结网、造畜稠、馀事勿取,无
2045-10-15,定,金匮,是,入殓、除服、成服、移柩、破土、启钻、安葬,移徙、入宅
2045-10-16,执,天德,是,嫁娶、订盟、纳采、出行、祭祀、祈福、动土、移徙、入宅、破土、安葬,开市、赴任
2045-10-17,破,白虎,否,祭祀、解除、破屋、坏垣、馀事勿取,无
2045-10-18,危,玉堂,是,订盟、纳采、会亲友、安机械、纳财、牧养,祈福、安葬
2045-10-19,成,天牢,是,嫁娶、订盟、纳采、出行、开市、祭祀、祈福、动土、移徙、入宅、破土、安葬,斋醮、安门
2045-10-20,收,玄武,否,祭祀、塞穴、馀事勿取,诸事不宜
2045-10-21,开,司命,是,祭祀、祈福、求嗣、开光、开市、出行、解除、动土、起基、置产、栽种,嫁娶、作灶、修坟、安门、入宅、立碑、安葬、安床
2045-10-22,闭,勾陈,否,祭祀、解除、裁衣、理发、安床、作灶、造畜稠、放水、筑堤、补垣、塞穴、整手足甲、扫舍,嫁娶、开光、会亲友、掘井、安门、栽种
2045-10-23,建,青龙,否,祭祀、出行、裁衣、冠笄、会亲友、造畜稠、嫁娶、竖柱、上梁、移徙、纳财、纳畜,动土、伐木、作梁、行丧、安葬、开生坟
2045-10-24,除,明堂,是,祭祀、祈福、求嗣、开光、出行、解除、移徙、伐木、安床、纳畜、出火、拆卸,安葬、修坟、作灶、破土、造庙、动土、嫁娶、纳采
2045-10-25,满,天刑,否,开市、交易、立券、纳财、会亲友、开光、理发、入殓、移柩、安葬、启钻,嫁娶、作灶、出火、出行、入宅、移徙、安床、祈福、上梁
2045-10-26,平,朱雀,否,造畜稠、平治道涂、馀事勿取,诸事不宜
2045-10-27,定,金匮,是,入殓、破土、安葬、启钻、除服、成服、馀事勿取,无
2045-10-28,执,天德,是,祭祀、入殓、移柩、开生坟、破土、启钻、安葬、除服、成服、馀事勿取,无
2045-10-29,破,白虎,否,祭祀、解除、破屋、坏垣、馀事勿取,诸事不宜
2045-10-30,危,玉堂,是,嫁娶、求嗣、纳采、进人口、纳财、结网、纳畜、牧养、会亲友,上梁、作灶、伐木、出行、安葬、安门、理发
2045-10-31,成,天牢,是,嫁娶、祭祀、开市、开光、出行、入宅、移徙、出火、拆卸、修造、安床,纳畜、伐木、置产、作梁、行丧、安葬、修坟、立碑
2045-11-01,收,玄武,否,嫁娶、祭祀、作灶、纳财,安葬、开市、修坟、立碑
2045-11-02,开,司命,是,嫁娶、祭祀、祈福、求嗣、开光、出行、解除、出火、进人口、开市、交易、立券、挂匾、纳财、入宅、移徙、栽种、破土、谢土,安床、安葬
2045-11-03,闭,勾陈,否,嫁娶、祭祀、祈福、求嗣、动土、安床、扫舍、入殓、移柩、破土、启钻、安葬、作灶、整手足甲、补垣、除服、成服,开光、栽种
2045-11-04,建,青龙,否,祭祀、祈福、求嗣、开光、出行、解除、上梁、入宅、移徙、安床、安门、纳财、纳畜、造畜稠,伐木、行丧、破土、嫁娶、安葬、开渠
2045-11-05,除,明堂,是,祭祀、开光、出行、解除、理发、伐木、出火、拆卸、上梁、合脊、安床、造畜稠,嫁娶、安葬、行丧、词讼、造桥、作灶、破土、动土
2045-11-06,满,天刑,否,纳采、订盟、会亲友、沐浴、理发、裁衣、冠笄、安床、除服、成服、启钻、移柩、安葬、开生坟,开市、入宅、出行、嫁娶、修坟、祈福、动土、安门、谢土、上梁
2045-11-07,平,朱雀,否,理发、会亲友、补垣、塞穴、结网,嫁娶、入宅、安门、移徙
2045-11-08,定,金匮,是,祭祀、祈福、订盟、纳采、裁衣、拆卸、修造、动土、起基、安床、移徙、入宅、安香、除服、成服、入殓、移柩、安葬、谢土、赴任、会亲友、进人口、出行、竖柱、上梁、经络、开市、交易、立券、纳财、开仓,作灶、治病、伐木、作梁
2045-11-09,定,金匮,是,祭祀、祈福、订盟、纳采、裁衣、拆卸、修造、动土、起基、安床、移徙、入宅、安香、入殓、移柩、安葬、谢土、赴任、进人口、会亲友,作灶、治病
2045-11-10,执,天德,是,祭祀、塑绘、开光、订盟、纳采、嫁娶、安床、进人口、入殓、除服、成服、移柩、启钻、安葬、立碑,开市、交易、破土、作灶
2045-11-11,破,白虎,否,祭祀、解除、破屋、坏垣、馀事勿取,诸事不宜
2045-11-12,危,玉堂,是,祭祀、解除、祈福、开光、塑绘、斋醮、订盟、纳采、裁衣、冠笄、拆卸、修造、动土、入殓、除服、成服、移柩、启钻、安床、赴任、出行、移徙、竖柱、上梁、伐木、栽种、破土、安葬、纳畜,盖屋、治病
2045-11-13,成,天牢,是,祭祀、祈福、订盟、纳采、裁衣、合帐、冠笄、安机械、安床、造畜稠、入殓、移柩、启钻、安葬、谢土、除服、成服、会亲友、竖柱、上梁、经络、开市、交易、立券、纳财、纳畜、筑堤,嫁娶、入宅、治病、赴任
2045-11-14,收,玄武,否,沐浴、扫舍、馀事勿取,诸事不宜
2045-11-15,开,司命,是,诸事不宜,无
2045-11-16,闭,勾陈,否,祈福、斋醮、出行、订盟、纳采、入殓、移柩、破土、安葬、立碑、结网,入宅、作灶
2045-11-17,建,青龙,否,祭祀、沐浴、出行、冠笄、进人口、馀事勿取,嫁娶、动土、安葬、作灶
2045-11-18,除,明堂,是,祭祀、祈福、斋醮、塑绘、开光、订盟、纳采、裁衣、冠笄、嫁娶、拆卸、入宅、安香、入殓、移柩、理发、安葬、修坟、谢土、赴任、移徙、沐浴、治病、破土、启钻、整手足甲、入学、作梁,开市
2045-11-19,满,天刑,否,诸事不宜,无
2045-11-20,平,朱雀,否,开市、交易、立券、挂匾、纳财、开光、出行、入宅、移徙、安床、纳畜、入殓、移柩、安葬,栽种、破土、置产、祭祀、嫁娶、动土、作灶、祈福
2045-11-21,定,金匮,是,嫁娶、祭祀、祈福、求嗣、开光、出行、解除、出火、拆卸、进人口、入宅、移徙、安床、栽种、动土、修造、纳畜、入殓、安葬、立碑、除服、成服,无
2045-11-22,执,天德,是,开光、解除、拆卸、修造、动土、安床、纳畜、安葬、启钻、入殓,嫁娶、开市、出火、栽种、破土、入宅、移徙、安香、分居、掘井、作灶
2045-11-23,破,白虎,否,破屋、坏垣、馀事勿取,诸事不宜
2045-11-24,危,玉堂,是,嫁娶、祭祀、开光、出火、出行、拆卸、修造、动土、解除、开市、交易、立券、挂匾、纳财、入宅、移徙、安床、栽种、纳畜,探病、安葬
2045-11-25,成,天牢,是,祭祀、祈福、求嗣、开光、解除、理发、会亲友、栽种、纳畜、牧养、安葬、修坟、立碑、启钻,入宅、作灶、词讼、移徙、出行、赴任
2045-11-26,收,玄武,否,祭祀、沐浴、结网、移柩、入殓、除服、成服,安床、开市、交易、出货财、安葬、修坟、嫁娶、作灶
2045-11-27,开,司命,是,解除、馀事勿取,无
2045-11-28,闭,勾陈,否,安床、祭祀、开池、补垣、入殓、移柩、破土、启钻,入宅、移徙、嫁娶、掘井、作灶、出火、进人口、开市、开光
2045-11-29,建,青龙,否,祭祀、沐浴、馀事勿取,无
2045-11-30,除,明堂,是,嫁娶、开光、出行、解除、出火、拆卸、修造、进人口、动土、入宅、移徙、栽种、纳畜、掘井、安葬、除服、成服,置产、安床
2045-12-01,满,天刑,否,开光、裁衣、安门、会亲友、安床、结网、理发,嫁娶、冠笄、出行、祈福、安葬、伐木、入宅、移徙、出火、栽种、动土、上梁
2045-12-02,平,朱雀,否,嫁娶、开光、出行、出火、拆卸、修造、动土、入宅、移徙、安床、上梁、开市、交易、立券、栽种,祈福、祭祀、伐木、掘井、作灶、谢土
2045-12-03,定,金匮,是,嫁娶、祭祀、祈福、求嗣、开光、出火、出行、拆卸、开市、交易、立券、挂匾、伐木、入宅、移徙、安床、安葬,栽种、掘井、置产
2045-12-04,执,天德,是,祭祀、理发、针灸、解除、进人口、整手足甲,嫁娶、动土、造船、开池、掘井、出行、修造、入宅、上梁、移徙、安葬、破土、作灶、开市
2045-12-05,破,白虎,否,破屋、坏垣、求医、治病、馀事勿取,嫁娶、安葬
2045-12-06,危,玉堂,是,纳采、订盟、嫁娶、祭祀、祈福、雕刻、移徙、开市、入宅、出行、动土、会亲友、入学、修造、起基、安门、安床、造庙、解除、纳财、开池、造畜稠、牧养,上梁、开仓、出货财、盖屋、造船
2045-12-07,成,天牢,是,祭祀、祈福、斋醮、出行、冠笄、安机械、移徙、入宅、安香、安床、除服、成服、移柩、启钻,开光、栽种、治病、安门、作灶
2045-12-08,成,天牢,是,塑绘、斋醮、出行、拆卸、解除、修造、移徙、造船、入殓、除服、成服、移柩、启钻、修坟、立碑、谢土,无
2045-12-09,收,玄武,否,祭祀、沐浴、安床、纳财、畋猎、捕捉,开市、破土
2045-12-10,开,司命,是,订盟、纳采、祭祀、祈福、修造、动土、上梁、破土,嫁娶、作灶
2045-12-11,闭,勾陈,否,出行、沐浴、理发、补垣、塞穴,入宅、安葬
2045-12-12,建,青龙,否,教牛马、馀事勿取,入宅、动土、破土
2045-12-13,除,明堂,是,嫁娶、出行、求医、治病、祭祀、祈福、上梁、纳畜,开市、安葬
2045-12-14,满,天刑,否,开市、立券、开光、解除、安机械、上梁、启钻、安葬,嫁娶、祈福
2045-12-15,平,朱雀,否,平治道涂、馀事勿取,诸事不宜
2045-12-16,定,金匮,是,求嗣、斋醮、塑绘、订盟、纳采、出火、拆卸、修造、动土、造桥、安机械、栽种、纳畜、牧养、入殓、除服、成服、移柩、破土、安葬,开市、嫁娶
2045-12-17,执,天德,是,嫁娶、订盟、纳采、祭祀、祈福、修造、动土、移徙、入宅,开市、安葬
2045-12-18,破,白虎,否,治病、破屋、坏垣、馀事勿取,诸事不宜
2045-12-19,危,玉堂,是,祭祀、祈福、求嗣、斋醮、开光、入学、订盟、冠笄、伐木、修造、动土、起基、放水、交易、开池,造桥、安门、理发、造庙、栽种、作灶
2045-12-20,成,天牢,是,解除、坏垣、馀事勿取,诸事不宜
2045-12-21,收,玄武,否,沐浴、理发、扫舍,伐木、纳畜、上梁、入宅、作灶、造畜稠、嫁娶、安葬、作梁、造船、安门
2045-12-22,开,司命,是,祭祀、开光、祈福、解除、作梁、动土、安床、掘井、栽种、纳畜、破土、移柩,嫁娶、出行、赴任、盖屋、入殓、入宅、移徙、出火、进人口、安葬
2045-12-23,闭,勾陈,否,作梁、修造、动土、安门、作灶、塞穴、开池、开厕、筑堤、补垣、栽种,嫁娶、祈福、掘井、行丧、安葬、安床
2045-12-24,建,青龙,否,安葬、启钻、移柩、入殓、除服、成服,馀事勿取
2045-12-25,除,明堂,是,嫁娶、祭祀、祈福、求嗣、出行、出火、拆卸、开市、交易、立券、挂匾、入宅、移徙、安床、栽种,作灶、塑绘、行丧、词讼、伐木、安葬
2045-12-26,满,天刑,否,理发、开光、解除、拆卸、修造、安葬、开市、交易、立券、挂匾、安床、栽种,入宅、移徙、作灶、祈福、祭祀、嫁娶、谢土、掘井、盖屋、探病
2045-12-27,平,朱雀,否,祭祀、修饰垣墙、馀事勿取,诸事不宜
2045-12-28,定,金匮,是,入宅、安床、开光、祭祀、出火、拆卸、动土、挂匾、入殓、破土、安葬、纳畜,嫁娶、开市、作灶、置产、作梁、伐木
2045-12-29,执,天德,是,祭祀、解除、馀事勿取,诸事不宜
2045-12-30,破,白虎,否,破屋、坏垣、祭祀、沐浴、馀事勿取,诸事不宜
2045-12-31,危,玉堂,是,安床、祭祀、祈福、求嗣、冠笄、伐木、架马、动土、开池、开厕、结网、入殓、除服、成服,安门、栽种、作灶、治病
2046-01-01,成,天牢,是,解除、扫舍、馀事勿取,诸事不宜
2046-01-02,收,玄武,否,祭祀、开光、理发、整手足甲、安床、作灶、扫舍、教牛马,伐木、纳畜、破土、安葬、开生坟、嫁娶、开市、动土、交易、作梁
2046-01-03,开,司命,是,祭祀、祈福、求嗣、开光、拆卸、修造、动土、上梁、安床、置产、栽种、破土,嫁娶、进人口、安葬、出行、赴任、入宅、移徙、入殓、开渠
2046-01-04,闭,勾陈,否,沐浴、冠笄、补垣、塞穴、裁衣、修造、作梁、开柱眼、安碓磑、筑堤、开厕、断蚁,移徙、入宅、嫁娶、祈福、开光、掘井
2046-01-05,建,青龙,否,祭祀、沐浴、祈福、斋醮、订盟、纳采、裁衣、拆卸、起基、竖柱、上梁、安床、入殓、除服、成服、移柩、启钻、挂匾、求嗣、出行、合帐、造畜稠,开仓、嫁娶、移徙、入宅
2046-01-06,除,明堂,是,祭祀、解除、馀事勿取,诸事不宜
2046-01-07,除,明堂,是,沐浴、解除、订盟、纳采、裁衣、冠笄、拆卸、修造、动土、移徙、入宅、除服、成服、移柩、破土、启钻、安葬、扫舍、修坟、伐木、纳财、交易、立券,作灶、祭祀、上梁、出行
2046-01-08,满,天刑,否,出行、嫁娶、订盟、纳采、入殓、安床、启钻、安葬、祭祀、裁衣、会亲友、进人口,无
2046-01-09,平,朱雀,否,修饰垣墙、平治道涂、入殓、移柩、馀事勿取,嫁娶、移徙、入宅、开光
2046-01-10,定,金匮,是,会亲友、纳采、进人口、修造、动土、竖柱、上梁、祭祀、开光、塑绘、祈福、斋醮、嫁娶、安床、移徙、入宅、安香、纳畜,出行、治病、安葬、开市
2046-01-11,执,天德,是,祭祀、会亲友、出行、订盟、纳采、沐浴、修造、动土、祈福、斋醮、嫁娶、拆卸、安床、入殓、移柩、安葬、谢土、赴任、裁衣、竖柱、上梁、伐木、捕捉、栽种、破土、安门,盖屋、开市、作灶、入宅
2046-01-12,破,白虎,否,解除、破屋、坏垣、馀事勿取,诸事不宜
2046-01-13,危,玉堂,是,塑绘、开光、出行、订盟、纳采、除服、成服、嫁娶、纳婿、入殓、移柩、启钻、安葬、立碑,入宅、安床
2046-01-14,成,天牢,是,入殓、除服、成服、移柩、启钻、安葬、立碑、馀事勿取,破土、伐木
2046-01-15,收,玄武,否,祭祀、祈福、斋醮、塑绘、开光、除服、成服、入殓、作灶、嫁娶、捕捉、畋猎、纳财,开仓、盖屋、安葬、安床
2046-01-16,开,司命,是,祭祀、出行、沐浴、裁衣、祈福、斋醮、订盟、纳采、嫁娶、安机械、开市、立券、安碓磑、纳畜,栽种、入殓、安葬
2046-01-17,闭,勾陈,否,祭祀、祈福、斋醮、沐浴、安床、安机械、造车器、入殓、移柩、启钻、安葬、立碑、合帐、经络、交易,作灶、掘井、嫁娶、入宅
2046-01-18,建,青龙,否,解除、扫舍、祭祀、教牛马、馀事勿取,无
2046-01-19,除,明堂,是,开市、交易、立券、挂匾、开光、解除、伐木、作梁、出火、入宅、移徙、安床、拆卸、动土、上梁、栽种、纳畜、安葬,嫁娶、祭祀、出行、置产
2046-01-20,满,天刑,否,开市、交易、立券、纳财、开池、补垣、嫁娶、纳采、纳畜、取渔、安床,修造、上梁、入宅、祈福、探病、掘井、动土、安门、安葬、作灶
2046-01-21,平,朱雀,否,祭祀、解除、修饰垣墙、平治道涂、馀事勿取,无
2046-01-22,定,金匮,是,嫁娶、祭祀、祈福、求嗣、动土、会亲友、起基、造仓、纳畜、牧养、开厕、进人口,掘井、安葬、栽种、出行、作灶、开市、入宅、安门
2046-01-23,执,天德,是,嫁娶、祭祀、祈福、求嗣、开光、入宅、移徙、安床、修造、动土、进人口,掘井、安葬、栽种、出行、作灶、开市、安门
2046-01-24,破,白虎,否,破屋、坏垣、馀事勿取,诸事不宜
2046-01-25,危,玉堂,是,嫁娶、开市、交易、立券、开光、出行、出火、拆卸、修造、入宅、移徙、动土、破土、移柩、安葬、启钻、除服、成服,安床、伐木、祈福、纳畜
2046-01-26,成,天牢,是,祭祀、入殓、破土、除服、成服、启钻、安葬、修坟、立碑、馀事勿取,无
2046-01-27,收,玄武,否,祭祀、解除、馀事勿取,诸事不宜
2046-01-28,开,司命,是,开市、交易、立券、纳财、纳畜、造畜稠、入宅、移徙、安床、开光、祈福、求嗣、动土,嫁娶、栽种、安葬、理发、造庙、作灶、入殓、行丧、造桥
2046-01-29,闭,勾陈,否,安床、裁衣、交易、立券、入殓、移柩、安葬、除服、成服,置产、嫁娶、出行、开光、栽种、动土、破土、入宅、治病
2046-01-30,建,青龙,否,祭祀、解除、造畜稠、教牛马、针灸、馀事勿取,嫁娶、动土、开池、安葬
2046-01-31,除,明堂,是,沐浴、塑绘、开光、纳采、订盟、开市、交易、立券、纳财、起基、动土、定磉、放水、安葬、破土、启钻、修坟、立碑、移柩,入宅、安门、祭祀、谢土
2046-02-01,满,天刑,否,嫁娶、出行、理发、安床、启钻、安葬、修坟、开市、交易、立券、纳财、开池、牧养,掘井、祈福、谢土、动土、入宅、上梁、修造、作灶
2046-02-02,平,朱雀,否,解除、平治道涂、馀事勿取,移徙、入宅、掘井、造庙、栽种、针灸、治病、开池
2046-02-03,定,金匮,是,嫁娶、祭祀、开光、伐木、出火、拆卸、入宅、移徙、修造、动土、上梁、安床、纳畜,开市、行丧、栽种、出行、出货财、安葬、置产、词讼、治病
2046-02-04,执,天德,是,塑绘、开光、酬神、斋醮、订盟、纳采、裁衣、合帐、拆卸、动土、上梁、安床、安香、造庙、挂匾、会亲友、进人口、出行、修造、纳财、伐木、放水、出火、纳畜、沐浴、安门,盖屋、栽种、安葬、作灶
2046-02-05,破,白虎,否,祭祀、祈福、酬神、订盟、纳采、冠笄、裁衣、合帐、嫁娶、安床、移徙、入宅、安香、入殓、移柩、启钻、安葬、解除、取渔、捕捉、伐木、安门、出火,栽种、动土、开市、作灶
2046-02-06,破,白虎,否,求医、破屋,诸事不宜
2046-02-07,危,玉堂,是,祈福、求嗣、斋醮、塑绘、开光、订盟、纳采、嫁娶、动土、入宅、安香、移柩、安葬、谢土、出行、沐浴、修造、竖柱、上梁、纳财、破土、解除、安门、放水,作灶、安床
2046-02-08,成,天牢,是,取渔、入殓、除服、成服、移柩、破土、安葬、立碑,嫁娶、上梁、入宅、作灶
2046-02-09,收,玄武,否,祭祀、求嗣、沐浴、酬神、订盟、纳采、裁衣、合帐、冠笄、安机械、安床、造仓、开池、经络、纳财、开市、立券、交易、结网、取渔、纳畜、捕捉,安葬、作灶、伐木、作梁
2046-02-10,开,司命,是,祭祀、沐浴、祈福、求嗣、斋醮、订盟、纳采、裁衣、冠笄、开市、立券、交易、纳财、除服、谢土、出行、移柩,入殓、安葬、作灶、入宅
2046-02-11,闭,勾陈,否,祭祀、祈福、求嗣、入殓、启钻、安葬、移柩,开光、掘井、针灸、出行、嫁娶、入宅、移徙、作灶、动土
2046-02-12,建,青龙,否,安床、解除、裁衣、竖柱、上梁、交易、立券、纳财、纳畜、牧养、入殓、移柩、安葬、启钻,嫁娶、出行、动土、开渠、入宅、祭祀、掘井
2046-02-13,除,明堂,是,嫁娶、安床、开光、出行、祭祀、动土、出火、解除、会亲友、开市、交易、立券、挂匾、入宅、移徙、拆卸、破土、启钻、安葬,掘井、词讼
2046-02-14,满,天刑,否,嫁娶、开光、求嗣、会亲友、安床、牧养、塑绘、针灸,入宅、移徙、出火、分居、安香、作灶、开市、交易、立券、安葬、动土、伐木
2046-02-15,平,朱雀,否,作灶、解除、平治道涂,栽种、出行、祈福、行丧、纳畜、安葬、安门、伐木、作梁、牧养
2046-02-16,定,金匮,是,解除、沐浴,诸事不宜
2046-02-17,执,天德,是,嫁娶、祭祀、祈福、出行、解除、出火、拆卸、动土、入宅、移徙、安床、上梁、栽种、纳畜、破土、启钻、安葬,开市、立券、理发、作灶
2046-02-18,破,白虎,否,祭祀、解除、治病、破屋、坏垣、扫舍,馀事勿取
2046-02-19,危,玉堂,是,祭祀、祈福、求嗣、开光、出火、出行、拆卸、修造、动土、入宅、移徙、上梁、挂匾、开池、入殓、安葬、破土、启钻,嫁娶、作灶、安床
2046-02-20,成,天牢,是,结网、入殓、除服、成服、移柩、安葬、破土,诸事不宜
2046-02-21,收,玄武,否,移徙、祭祀、开光、祈福、出行、解除、进人口、雇佣、安床、动土、起基、上梁、安门,嫁娶、安葬、破土、作梁、纳畜、牧养、行丧、作灶
2046-02-22,开,司命,是,嫁娶、开光、祈福、求嗣、解除、动土、安床、栽种、开池、掘井、祭祀、破土、启钻,入宅、作灶、伐木、安葬、出火、出行、纳畜
2046-02-23,闭,勾陈,否,祭祀、合帐、裁衣、经络、伐木、作梁、安床、作灶、入殓、安葬、启钻、移柩,词讼、出火、入宅
2046-02-24,建,青龙,否,裁衣、伐木、作梁、纳财、交易、立券,诸事不宜
2046-02-25,除,明堂,是,嫁娶、祭祀、祈福、求嗣、开光、出行、出火、拆卸、动土、上梁、进人口、入宅、移徙、安床、开市、交易、立券、挂匾、入殓、破土、安葬、启钻、除服、成服,无
2046-02-26,满,天刑,否,嫁娶、冠笄、纳采、出行、会亲友、上梁、安机械、安床、牧养、畋猎、祭祀、祈福、开光、修造、安门、盖屋、起基,入宅、作灶、治病、安葬、移徙
2046-02-27,平,朱雀,否,修饰垣墙、平治道涂、祭祀、馀事勿取,诸事不宜
2046-02-28,定,金匮,是,造车器、纳采、订盟、祭祀、祈福、求嗣、移徙、出行、开市、出火、入宅、立券、交易、安门、安床、安葬、谢土,开光、盖屋、动土、作灶、栽种
2046-03-01,执,天德,是,动土、入殓、嫁娶、移柩、安葬、破土,开市、作灶、安床、入宅、上梁、裁衣
2046-03-02,破,白虎,否,求医、治病、破屋、坏垣、馀事勿取,开市、嫁娶
2046-03-03,危,玉堂,是,祭祀、斋醮、沐浴、开生坟、除服、成服、移柩、入殓、破土、安葬、合寿木,开市、嫁娶、安床、会亲友、入宅、作灶、上梁
2046-03-04,成,天牢,是,祭祀、塞穴、结网、破土、谢土、安葬、移柩、除服、成服、馀事勿取,嫁娶、入宅
2046-03-05,收,玄武,否,祭祀、开光、塑绘、订盟、纳采、合帐、冠笄、拆卸、动土、起基、上梁、入宅、安香、开市、立券、纳财、沐浴、求嗣、出火、竖柱、安门,造庙、嫁娶、伐木、安葬
2046-03-06,开,司命,是,祭祀、沐浴、捕捉、栽种,嫁娶、入宅、移徙、作灶、安葬
2046-03-07,闭,勾陈,否,祭祀、开光、塑绘、酬神、斋醮、订盟、纳采、嫁娶、裁衣、动土、起基、出火、拆卸、移徙、入宅、安香、修造、竖柱、上梁、纳畜、牧养、祈福、求嗣、解除、伐木、定磉、盖屋、安门,栽种、安葬
2046-03-08,闭,勾陈,否,订盟、纳采、冠笄、拆卸、修造、动土、安床、入殓、除服、成服、移柩、安葬、破土、启钻、造仓,作灶、开光、嫁娶、开市、入宅
2046-03-09,建,青龙,否,祈福、开光、塑绘、酬神、订盟、纳采、裁衣、安床、开市、立券、入殓、除服、成服、移柩、启钻、安葬、立碑、赴任、会亲友、出行、交易、竖柱,作灶、掘井、动土、栽种
2046-03-10,除,明堂,是,祭祀、扫舍、塞穴,栽种、作灶、安葬、嫁娶
2046-03-11,满,天刑,否,开光、塑绘、裁衣、冠笄、伐木、拆卸、竖柱、上梁、开仓、会亲友、安机械、造仓、盖屋、交易、解除、开市、立券、纳财,出行、嫁娶、入宅、安葬
2046-03-12,平,朱雀,否,冠笄、入殓、除服、成服、移柩、平治道涂、修饰垣墙,盖屋、作灶、治病、探病
2046-03-13,定,金匮,是,祭祀、嫁娶、祈福、纳采、裁衣、合帐、安床、入宅、安香、入殓、移柩、安葬、谢土、修造、安碓磑、求嗣、会亲友、挂匾、交易、立券、纳财、造仓、放水,栽种、伐木
2046-03-14,执,天德,是,祭祀、祈福、斋醮、订盟、纳采、裁衣、合帐、拆卸、修造、动土、上梁、起基、移柩、安葬、谢土、沐浴、扫舍、开柱眼、伐木、出火,安床、开市、立券、作灶
2046-03-15,破,白虎,否,破屋、坏垣、求医、治病,诸事不宜
2046-03-16,危,玉堂,是,祭祀、动土、上梁、订盟、纳采、嫁娶、安机械、拆卸、安床、入宅、安香、入殓、移柩、破土、安葬、立碑、谢土、赴任、出行、移徙、祈福、求嗣、解除、造仓、进人口,开光、出货财
2046-03-17,成,天牢,是,祭祀、开光、塑绘、纳采、裁衣、拆卸、安床、起基、动土、竖柱、上梁、移徙、入宅、安香、开市、立券、挂匾、沐浴、出行、求嗣、安门,嫁娶、栽种、伐木、安葬
2046-03-18,收,玄武,否,裁衣、合帐、冠笄、嫁娶、纳婿、安床、入殓、纳财,作灶、开市、安葬、作梁
2046-03-19,开,司命,是,祭祀、订盟、纳采、修造、动土、祈福、塑绘、斋醮、沐浴、拆卸、起基、入宅、安香、造庙、移柩、谢土、除服、成服、入学、习艺、出行、竖柱、上梁、掘井、求嗣、解除、伐木,作灶、安葬、开市、盖屋
2046-03-20,闭,勾陈,否,订盟、纳采、裁衣、合帐、冠笄、安机械、拆卸、安床、入殓、除服、成服、移柩、破土、启钻、安葬、修坟、立碑、经络、交易、立券、纳财、筑堤、造仓、补垣、塞穴、纳畜、伐木、架马,祭祀、开光、嫁娶、入宅
2046-03-21,建,青龙,否,祭祀、出行、嫁娶、冠笄、安床、入殓、移柩、安葬,掘井、动土、作灶、栽种
2046-03-22,除,明堂,是,塞穴、诸事不宜,安门、作灶、安葬、嫁娶
2046-03-23,满,天刑,否,开光、塑绘、求嗣、纳采、裁衣、合帐、冠笄、安机械、作梁、开柱眼、安门、安床、造仓、祭祀、会亲友、祈福、经络、纳财、开市、立券、交易、入学、理发、架马,出行、斋醮、安葬、嫁娶
2046-03-24,平,朱雀,否,祭祀、嫁娶、纳婿、安葬,栽种、盖屋、作灶、入宅
2046-03-25,定,金匮,是,祭祀、会亲友、订盟、裁衣、合帐、安机械、拆卸、上梁、安门、入殓、除服、成服、移柩、启钻、安葬、立碑、开光、塑绘、入学、出行、起基、定磉、放水、移徙、入宅、竖柱、立券、经络,伐木、作梁
2046-03-26,执,天德,是,祭祀、开光、塑绘、祈福、斋醮、裁衣、合帐、冠笄、嫁娶、拆卸、动土、移徙、入宅、入殓、移柩、安葬、谢土、求嗣、入学、理发、伐木、架马、作梁、出火、修造、起基、定磉、放水、赴任,安门
2046-03-27,破,白虎,否,祭祀、治病、破屋、坏垣、馀事勿取,诸事不宜
2046-03-28,危,玉堂,是,嫁娶、祭祀、出行、冠笄、立券、交易、进人口、开市、移徙、修造、动土、安床、入殓、移柩、破土,开光、作灶、斋醮、安葬
2046-03-29,成,天牢,是,开市、立券、交易、挂匾、祭祀、祈福、开光、入宅、移徙、安床、拆卸、动土、上梁、进人口,嫁娶、行丧、架马、作梁、理发、牧养、安葬、纳畜、伐木
2046-03-30,收,玄武,否,理发、冠笄、嫁娶、进人口,置产、伐木、纳畜、造畜稠、安葬、破土、作梁、作灶、开生坟
2046-03-31,开,司命,是,嫁娶、祭祀、开光、祈福、求嗣、出火、入宅、移徙、安床、拆卸、动土、破土、谢土,合帐、开市、安葬、入殓
2046-04-01,闭,勾陈,否,安床、伐木、拆卸、修造、动土、上梁、立券、交易、栽种、纳畜、牧养、入殓、安葬,嫁娶、祭祀、开光、出行、出火、移徙、入宅、安门
2046-04-02,建,青龙,否,祭祀、祈福、求嗣、斋醮、嫁娶、冠笄、出行、开市、交易、会亲友、教牛马、除服、成服、启钻、安葬、移柩,动土、移徙、入宅
2046-04-03,除,明堂,是,塞穴、整手足甲、解除、捕捉、畋猎、结网、馀事勿取、诸事不宜,嫁娶、作灶、掘井、安葬
2046-04-04,满,天刑,否,纳采、开光、求医、治病、动土、上梁、移徙、入宅,嫁娶、开市、安葬
2046-04-05,平,朱雀,否,祭祀、会亲友、开市、安床、启钻、安葬,嫁娶、动土、破土
2046-04-06,平,朱雀,否,祭祀、作灶、掘井、平治道涂,嫁娶、安葬
2046-04-07,定,金匮,是,祭祀、斋醮、开市、动土、入殓、破土、安葬,嫁娶、移徙、入宅
2046-04-08,执,天德,是,嫁娶、纳采、祭祀、祈福、出行、移徙、求医,开市、动土、破土
2046-04-09,破,白虎,否,祭祀、求医、治病、解除、馀事勿取,诸事不宜
2046-04-10,危,玉堂,是,沐浴、结网、取渔,嫁娶、入宅、安葬
2046-04-11,成,天牢,是,无,诸事不宜
2046-04-12,收,玄武,否,解除、坏垣、馀事勿取,诸事不宜
2046-04-13,开,司命,是,嫁娶、开光、出行、出火、拆卸、进人口、开市、立券、交易、挂匾、入宅、移徙、安床、栽种,祈福、入殓、祭祀、作灶、安葬、探病
2046-04-14,闭,勾陈,否,嫁娶、出行、合帐、冠笄、安床、除服、成服、作灶、交易、立券、入殓、移柩、破土、安葬,词讼、开光、开市
2046-04-15,建,青龙,否,出行、修饰垣墙、造畜稠、教牛马、馀事勿取,诸事不宜
2046-04-16,除,明堂,是,祭祀、祈福、开光、求嗣、解除、伐木、出火、入宅、移徙、安床、拆卸、修造、动土、造畜稠,嫁娶、纳财、安葬、出行、开市、立券、作灶、栽种
2046-04-17,满,天刑,否,纳采、嫁娶、开光、出行、理发、会亲友、开市、安床、栽种、牧养、入殓、移柩、启钻,谢土、祈福、上梁、作灶、斋醮、修造、入宅、安门
2046-04-18,平,朱雀,否,祭祀、平治道涂、解除、修饰垣墙、馀事勿取,诸事不宜
2046-04-19,定,金匮,是,祭祀、祈福、开光、解除、动土、纳财、交易、纳畜、扫舍,进人口、出行、嫁娶、置产、安床、赴任、安葬、作灶
2046-04-20,执,天德,是,祭祀、祈福、求嗣、开光、解除、出火、拆卸、入宅、安床、修造、安门、纳畜、启钻、安葬,动土、破土、纳财、掘井、挂匾、开市、伐木、交易
2046-04-21,破,白虎,否,祭祀、解除、破屋、坏垣、馀事勿取,诸事不宜
2046-04-22,危,玉堂,是,塞穴、扫舍、馀事勿取,诸事不宜
2046-04-23,成,天牢,是,祭祀、祈福、求嗣、开光、解除、纳采、冠笄、出火、拆卸、进人口、安床、动土、上梁、造庙、掘井、开池、入殓、移柩、安葬、破土,无
2046-04-24,收,玄武,否,解除、破屋、馀事勿取,诸事不宜
2046-04-25,开,司命,是,嫁娶、祈福、求嗣、开光、出行、解除、拆卸、出火、开市、立券、交易、入宅、移徙、安床、动土、破土、谢土,祭祀、入殓、安葬、探病
2046-04-26,闭,勾陈,否,祭祀、裁衣、冠笄、安床、交易、立券、开池、补垣、塞穴、入殓、破土、启钻、安葬、谢土、除服、成服,嫁娶、掘井、探病、开市、开光、栽种
2046-04-27,建,青龙,否,祭祀、出行、教牛马、扫舍、馀事勿取,开光、伐木、安葬、破土
2046-04-28,除,明堂,是,祭祀、祈福、求嗣、开光、纳采、订盟、解除、栽种、纳畜、牧养、扫舍、进人口,修坟、造桥、作灶、出行、安葬、盖屋、入宅
2046-04-29,满,天刑,否,开光、出行、交易、塞穴、嫁娶、理发、开市、安床,祈福、出火、置产、动土、破土、安葬、修造、上梁、入宅
2046-04-30,平,朱雀,否,祭祀、作灶、畋猎、结网、修饰垣墙、平治道涂、馀事勿取,嫁娶、安床、治病
2046-05-01,定,金匮,是,沐浴、祭祀、解除、安葬、破土、谢土、移柩、馀事勿取,斋醮、开光、嫁娶、入宅、上梁
2046-05-02,执,天德,是,祭祀、解除、入殓、移柩、启钻、安葬、整手足甲、捕捉、畋猎、取渔、除服、成服、扫舍、谢土、斋醮,动土、破土
2046-05-03,破,白虎,否,祭祀、沐浴、解除、破屋、坏垣、求医、治病、馀事勿取,嫁娶、开市
2046-05-04,危,玉堂,是,沐浴、塞穴、畋猎、结网、取渔、扫舍、馀事勿取,祈福、安葬
2046-05-05,成,天牢,是,嫁娶、纳采、祭祀、祈福、出行、动土、上梁、移徙、入宅、破土、安葬,斋醮
2046-05-06,成,天牢,是,纳采、祭祀、祈福、开市、求医、治病、动土、纳畜,嫁娶、安葬
2046-05-07,收,玄武,否,嫁娶、纳采、出行、移徙、入宅,动土、破土、安葬
2046-05-08,开,司命,是,订盟、纳采、祭祀、动土、破土、交易、立券,嫁娶、安葬
2046-05-09,闭,勾陈,否,嫁娶、裁衣、祭祀、出行、安床、作灶、移徙、入宅、破土、安葬,赴任、捕捉
2046-05-10,建,青龙,否,塞穴、结网、馀事勿取,诸事不宜
2046-05-11,除,明堂,是,嫁娶、订盟、纳采、出行、祭祀、祈福、斋醮、动土、上梁、破土、安葬,移徙、入宅
2046-05-12,满,天刑,否,订盟、纳采、会亲友、安床、作灶、造畜稠,开市、安葬
2046-05-13,平,朱雀,否,沐浴、平治道涂、扫舍、入殓、移柩、破土、启钻、安葬、馀事勿取,诸事不宜
2046-05-14,定,金匮,是,嫁娶、祭祀、祈福、求嗣、开光、出行、出火、拆卸、动土、上梁、进人口、入宅、移徙、安床、安门、开市、交易、立券、挂匾、栽种、破土、安葬,无
2046-05-15,执,天德,是,祭祀、开光、出行、解除、塑绘、裁衣、入殓、移柩、破土、启钻、安葬、除服、成服,嫁娶、上梁、修造、拆卸、架马、入宅、伐木、动土、出火、开柱眼
2046-05-16,破,白虎,否,祭祀、解除、破屋、坏垣、馀事勿取,诸事不宜
2046-05-17,危,玉堂,是,嫁娶、祭祀、祈福、求嗣、开光、出行、拆卸、动土、上梁、出火、进人口、入宅、移徙、安床、栽种、纳畜、牧养、竖柱、安门、修造、解除、会亲友,无
2046-05-18,成,天牢,是,开市、交易、立券、祭祀、祈福、开光、伐木、进人口、安床、拆卸、修造、动土、栽种、破土、移柩、安葬,入宅、移徙、理发、出火、嫁娶、出行
2046-05-19,收,玄武,否,结网、解除、馀事勿取,诸事不宜
2046-05-20,开,司命,是,嫁娶、祭祀、祈福、求嗣、开光、开市、交易、立券、安床、出行、拆卸,纳畜、入宅、移徙、安葬、探病、伐木、上梁、安门、入殓、动土
2046-05-21,闭,勾陈,否,嫁娶、祭祀、祈福、求嗣、出行、出火、拆卸、修造、动土、入宅、移徙、安床、作灶、塞穴、栽种、破土、安葬,开光、掘井、开仓
2046-05-22,建,青龙,否,解除、扫舍、馀事勿取,诸事不宜
2046-05-23,除,明堂,是,开市、交易、立券、挂匾、开光、出行、拆卸、进人口、入宅、移柩、动土、安门、上梁、栽种、破土、修坟、安葬,嫁娶、安床、探病、作灶
2046-05-24,满,天刑,否,进人口、会亲友,塞穴、上梁、动土、伐木、安葬、词讼
2046-05-25,平,朱雀,否,沐浴、平治道涂、扫舍、入殓、破土、安葬、除服、成服,嫁娶、移徙、伐木、作梁、安床、祭祀、祈福、盖屋
2046-05-26,定,金匮,是,嫁娶、祭祀、祈福、求嗣、开光、出火、出行、拆卸、动土、解除、进人口、开市、交易、立券、挂匾、入宅、移徙、安床、安门、上梁、安葬、破土、谢土,无
2046-05-27,执,天德,是,祭祀、祈福、求嗣、开光、解除、合帐、冠笄、伐木、架马、作梁、修造、进人口、嫁娶、裁衣、安床、动土、起基、上梁、竖柱、放水、会亲友,无
2046-05-28,破,白虎,否,破屋、坏垣、沐浴、解除、馀事勿取,诸事不宜
2046-05-29,危,玉堂,是,纳采、订盟、嫁娶、造车器、祭祀、祈福、求嗣、开光、出火、拆卸、修造、动土、进人口、挂匾、入宅、移徙、安床、栽种、入殓、破土、安葬、除服、成服,开市、立券
2046-05-30,成,天牢,是,开市、交易、立券、祭祀、祈福、开光、动土、安床、出行、栽种、纳畜、牧养、竖柱、上梁、解除、破土,嫁娶、掘井、入宅、移徙、安葬
2046-05-31,收,玄武,否,解除、出行、纳采、冠笄、竖柱、上梁、移徙、作灶、进人口、入宅、纳畜、牧养,祭祀、伐木、架马、安床、修造、动土、安葬、修坟、破土
2046-06-01,开,司命,是,祭祀、祈福、求嗣、开光、出行、开市、交易、立券、栽种、安床、纳畜、移徙、起基、动土、定磉、造仓、置产、破土、启钻、修坟,入宅、修造、安门、伐木、入殓、安葬、盖屋
2046-06-02,闭,勾陈,否,嫁娶、交易、立券、开厕、补垣、塞穴、畋猎、取渔、开生坟,安床、开渠、上梁、修造、开市、开光、入宅、移徙
2046-06-03,建,青龙,否,塞穴、断蚁、结网、畋猎、馀事勿取,嫁娶、安葬、入宅、出行、动土、词讼
2046-06-04,建,青龙,否,纳采、订盟、嫁娶、祭祀、祈福、求嗣、开光、解除、出行、出火、入宅、移徙、栽种、纳畜、牧养、动土、破土、入殓、安葬,作灶、安床、开仓、盖屋
2046-06-05,除,明堂,是,订盟、纳采、出行、祈福、斋醮、安床、会亲友,移徙、入宅、安葬
2046-06-06,满,天刑,否,嫁娶、纳采、出行、求医、治病、开市、移徙、入宅、启钻、安葬,动土、破土
2046-06-07,平,朱雀,否,嫁娶、祭祀、沐浴、扫舍、修饰垣墙,行丧、安葬
2046-06-08,定,金匮,是,嫁娶、订盟、纳采、出行、开市、祭祀、祈福、动土、移徙、入宅、破土、安葬,作灶
2046-06-09,执,天德,是,订盟、纳采、出行、祭祀、祈福、修造、动土、移徙、入宅,开市、安葬
2046-06-10,破,白虎,否,诸事不宜,无
2046-06-11,危,玉堂,是,嫁娶、订盟、纳采、祭祀、祈福、入殓、破土、安葬,开光、开市
2046-06-12,成,天牢,是,开光、求医、治病、动土、上梁、入殓、破土、安葬,嫁娶
2046-06-13,收,玄武,否,祭祀、栽种、馀事勿取,诸事不宜
2046-06-14,开,司命,是,嫁娶、开光、祭祀、祈福、求嗣、出行、解除、伐木、入宅、移徙、安床、出火、拆卸、修造、上梁、栽种、移柩,安葬、开市、交易、立券
2046-06-15,闭,勾陈,否,求嗣、嫁娶、纳采、合帐、裁衣、冠笄、伐木、作梁、修造、动土、起基、竖柱、上梁、安门、作灶、筑堤、造畜稠,安葬、出行、祈福、栽种
2046-06-16,建,青龙,否,祭祀、解除、馀事勿取,诸事不宜
2046-06-17,除,明堂,是,嫁娶、祭祀、祈福、出火、开光、求嗣、出行、拆卸、开市、交易、立券、挂匾、入宅、移徙、安床、栽种、动土,安葬、行丧、伐木、作梁
2046-06-18,满,天刑,否,开光、求嗣、出行、解除、伐木、出火、拆卸、修造、上梁、起基、入宅、移徙、开市、交易、立券、栽种、牧养、入殓、安葬、除服、成服,置产、安床
2046-06-19,平,朱雀,否,祭祀、理发、修饰垣墙、平治道涂、沐浴、整手足甲、扫舍,出行、安门、修造、嫁娶、上梁、入宅
2046-06-20,定,金匮,是,嫁娶、祭祀、开光、祈福、求嗣、出行、出火、拆卸、动土、修造、进人口、入宅、移徙、安床、挂匾、交易、立券、栽种、纳畜、入殓、破土、启钻、安葬,无
2046-06-21,执,天德,是,祭祀、祈福、求嗣、开光、出行、伐木、出火、拆卸、修造、动土、起基、安床、入宅、移徙,嫁娶、开市、交易、行丧、安葬、修坟
2046-06-22,破,白虎,否,破屋、坏垣、馀事勿取,诸事不宜
2046-06-23,危,玉堂,是,开市、交易、立券、纳财、开池、开厕、结网、祭祀、修造、动土、安床、放水、经络、破土,嫁娶、造桥、词讼、移徙、安门、作灶、栽种
2046-06-24,成,天牢,是,开市、交易、立券、纳财、栽种、安床、拆卸、修造、动土、上梁、入殓、安葬、破土、除服、成服,嫁娶、出火、伐木、祭祀、入宅、移徙、纳畜、探病
2046-06-25,收,玄武,否,祭祀、作灶、馀事勿取,诸事不宜
2046-06-26,开,司命,是,解除、坏垣、馀事勿取,诸事不宜
2046-06-27,闭,勾陈,否,修造、动土、起基、安门、安床、栽种、筑堤、补垣、造畜稠,嫁娶、掘井、入宅、移徙、出火、出行、行丧、安葬、开光、理发、进人口
2046-06-28,建,青龙,否,祭祀、教牛马、断蚁、馀事勿取,斋醮、移徙、入宅、动土
2046-06-29,除,明堂,是,纳采、订盟、嫁娶、祭祀、祈福、开市、纳财、立券、移徙、出行、修造、动土、起基、定磉、竖柱、拆卸、扫舍、放水、安香、安床、造船、开池、掘井、造畜稠、栽种,行丧、安葬、破土、作灶、伐木、斋醮
2046-06-30,满,天刑,否,嫁娶、开光、祭祀、祈福、出行、解除、移徙、入宅、开市、纳财、起基、修造、竖柱、上梁、盖屋、作灶、出火、安香、补垣、塞穴、拆卸、放水、扫舍、造仓、造船、栽种、安葬,纳采、订盟、安床、谢土、破土、动土
2046-07-01,平,朱雀,否,嫁娶、祭祀、理发、作灶、修饰垣墙、平治道涂、整手足甲、沐浴、冠笄,破土、出行、栽种
2046-07-02,定,金匮,是,嫁娶、纳采、订盟、祭祀、祈福、求嗣、开光、出火、出行、拆卸、修造、动土、进人口、入宅、移徙、安床、交易、立券、挂匾、纳财、入殓、安葬、启钻、除服、成服,掘井、破土
2046-07-03,执,天德,是,畋猎、捕捉、结网、取渔、祭祀、沐浴、馀事勿取,嫁娶、开市、安葬、启钻、行丧
2046-07-04,执,天德,是,祭祀、破屋、坏垣、馀事勿取,移徙、入宅、开仓、出货财
2046-07-05,破,白虎,否,祭祀、斋醮、塑绘、开光、出行、修造、动土、造畜稠、安床、放水、掘井、开池、开厕、结网、破土,出火、入宅
2046-07-06,危,玉堂,是,开市、交易、立券、挂匾、开光、解除、拆卸、动土、安床、修造、上梁、置产、栽种、破土、安葬,作灶、出火、祭祀、嫁娶、入宅
2046-07-07,成,天牢,是,嫁娶、纳采、开市、出行、动土、上梁、移徙、入宅、破土、安葬,赴任
2046-07-08,收,玄武,否,祭祀、作灶、纳财、捕捉,开市、破土
2046-07-09,开,司命,是,嫁娶、开市、立券、祭祀、祈福、动土、移徙、入宅,造庙、安葬
2046-07-10,闭,勾陈,否,补垣、塞穴、结网、入殓、除服、成服、移柩、安葬、启钻、馀事勿取,诸事不宜
2046-07-11,建,青龙,否,嫁娶、纳采、出行、祭祀、祈福、解除、移徙、入宅,动土、安葬
2046-07-12,除,明堂,是,嫁娶、祭祀、祈福、斋醮、治病、破土、安葬,开市、入宅
2046-07-13,满,天刑,否,嫁娶、出行、开市、安床、入殓、启钻、安葬,祈福、动土、破土
2046-07-14,平,朱雀,否,嫁娶、祭祀、裁衣、结网、冠笄、沐浴,开仓、出货财、置产、安葬、动土、破土、掘井、栽种
2046-07-15,定,金匮,是,入宅、移徙、安床、开光、祈福、求嗣、进人口、开市、交易、立券、出火、拆卸、修造、动土,嫁娶、破土、置产、栽种、安葬、修坟、行丧
2046-07-16,执,天德,是,祭祀、解除、沐浴、整手足甲、入殓、移柩、破土、启钻、安葬,嫁娶、入宅、移徙、作灶、开市、交易、安门、栽种
2046-07-17,破,白虎,否,破屋、坏垣、馀事勿取,诸事不宜
2046-07-18,危,玉堂,是,嫁娶、开光、出行、理发、作梁、出火、拆卸、修造、开市、交易、立券、挂匾、动土、入宅、移徙、安床、栽种,伐木、祭祀、纳畜
2046-07-19,成,天牢,是,嫁娶、开光、出行、祈福、求嗣、解除、拆卸、动土、修造、进人口、开市、交易、立券、挂匾、入宅、移徙、安床、栽种、纳畜、入殓、移柩、安葬,无
2046-07-20,收,玄武,否,祭祀、作灶、纳财、栽种、纳畜、进人口,安葬、经络、修坟、破土、开市、安床、启钻、立碑
2046-07-21,开,司命,是,祭祀、祈福、求嗣、开光、开市、牧养、理发,嫁娶、出行、安葬、入殓、入宅、作灶、冠笄、上梁
2046-07-22,闭,勾陈,否,祭祀、入殓、破土、除服、成服、移柩、启钻、安葬、谢土、馀事勿取,无
2046-07-23,建,青龙,否,祭祀、出行、交易、割蜜、造畜稠,嫁娶、作灶、安葬、动土、词讼、作梁、伐木、掘井、破土、移徙
2046-07-24,除,明堂,是,嫁娶、祭祀、祈福、求嗣、开光、出火、拆卸、修造、动土、进人口、开市、交易、立券、挂匾、入宅、移徙、栽种、纳畜、入殓、启钻、除服、成服,无
2046-07-25,满,天刑,否,嫁娶、开光、解除、安床、牧养、理发、开市、入殓、启钻、移柩、安葬、扫舍,作灶、动土、上梁、栽种、入宅、移徙、修造、祈福
2046-07-26,平,朱雀,否,祭祀、解除、馀事勿取,诸事不宜
2046-07-27,定,金匮,是,祭祀、祈福、求嗣、开光、伐木、出火、拆卸、入宅、安床、修造、动土、上梁、挂匾、纳畜,嫁娶、栽种、行丧、理发、修坟、作灶
2046-07-28,执,天德,是,解除、祭祀、理发、入殓、安葬、破土,嫁娶、开市、出火、作灶、置产、斋醮、入宅、移徙、安门
2046-07-29,破,白虎,否,破屋、坏垣、馀事勿取,诸事不宜
2046-07-30,危,玉堂,是,开市、交易、立券、纳财、动土、开光、出行、嫁娶、纳采、订盟、入学、开仓、出货财、纳畜、牧养、栽种、破土、启钻、安葬、立碑,入宅、移徙、作灶、祭祀、谢土
2046-07-31,成,天牢,是,嫁娶、纳采、订盟、祭祀、祈福、求嗣、开光、出火、出行、拆卸、修造、动土、进人口、开市、交易、立券、挂匾、入宅、移徙、安床、栽种、入殓、破土、谢土、安葬,掘井、伐木、纳畜、合寿木
2046-08-01,收,玄武,否,祭祀、冠笄、作灶、交易、纳财、栽种、结网、纳畜、牧养、进人口,开渠、造船、安床、安葬、破土、出行、修坟、掘井、开市、开生坟
2046-08-02,收,玄武,否,嫁娶、订盟、祭祀、祈福、求嗣、纳采、裁衣、冠笄、开光、安床、作梁、修造、动土、作灶、起基、上梁、盖屋、纳畜、牧养,移徙、栽种、出行、行丧、破土、安葬、词讼
2046-08-03,开,司命,是,经络、祭祀、沐浴、补垣、塞穴、除服、成服、移柩、入殓、启钻、立碑,开光、治病、嫁娶、掘井、破土、安葬
2046-08-04,闭,勾陈,否,嫁娶、祭祀、出行、裁衣、冠笄、交易、雕刻、纳财、造畜稠、造车器、教牛马,移徙、入宅、栽种、动土、破土、作灶、安葬、行丧、伐木、上梁
2046-08-05,建,青龙,否,修造、动土、安机械、祭祀、沐浴、解除、拆卸、治病、作灶、盖屋、起基、开池、扫舍、造畜稠、开生坟、合寿木、安葬、破土、启钻、移柩、入殓、立碑,开市、入宅、出行、安床
2046-08-06,除,明堂,是,嫁娶、纳采、订盟、造车器、开光、出行、拆卸、起基、安床、除服、成服、开市、交易、立券、栽种、牧养、入殓、移柩、启钻,上梁、入宅、修造、动土、破土、祭祀、祈福、斋醮
2046-08-07,满,天刑,否,订盟、纳采、出行、会亲友、修造、上梁、移徙、入宅,开市、安葬
2046-08-08,平,朱雀,否,沐浴、修饰垣墙、平治道涂、馀事勿取,嫁娶、祈福
2046-08-09,定,金匮,是,嫁娶、祭祀、祈福、斋醮、动土、移徙、入宅,开市、安葬
2046-08-10,执,天德,是,捕捉、结网、入殓、破土、安葬,嫁娶、入宅
2046-08-11,破,白虎,否,沐浴、治病、破屋、坏垣、馀事勿取,诸事不宜
2046-08-12,危,玉堂,是,嫁娶、订盟、纳采、出行、开市、祭祀、祈福、移徙、入宅、启钻、安葬,动土、破土
2046-08-13,成,天牢,是,嫁娶、订盟、纳采、祭祀、祈福、求医、治病、动土、移徙、入宅、破土、安葬,开光、针灸
2046-08-14,收,玄武,否,订盟、纳采、祭祀、祈福、安机械、作灶、纳畜,动土、安葬
2046-08-15,开,司命,是,嫁娶、祭祀、祈福、求嗣、出行、动土、安床、掘井、破土、启钻,入宅、作梁、安门、伐木、修造、上梁、入殓、盖屋
2046-08-16,闭,勾陈,否,嫁娶、祭祀、祈福、求嗣、出行、出火、拆卸、修造、移徙、动土、安床、入殓、破土、安葬、启钻,盖屋、开光、理发、造船、掘井、作灶
2046-08-17,建,青龙,否,祭祀、祈福、求嗣、开光、出行、解除、上梁、盖屋、移徙、安门、纳财、牧养、纳畜、安葬、启钻、入殓,破土、置产、掘井、动土、安床
2046-08-18,除,明堂,是,祭祀、解除、沐浴、理发、整手足甲、入殓、移柩、破土、安葬、扫舍,嫁娶、会亲友、进人口、出行、入宅、移徙、赴任、作灶
2046-08-19,满,天刑,否,塑绘、开光、进人口、纳畜、补垣、塞穴、栽种、牧养,嫁娶、纳财、祈福、安葬、修造、开市、交易、立券、动土、上梁
2046-08-20,平,朱雀,否,作灶、沐浴、修饰垣墙、平治道涂、馀事勿取,诸事不宜
2046-08-21,定,金匮,是,祭祀、求嗣、开光、出行、伐木、作梁、出火、解除、拆卸、进人口、修造、动土、起基、安床、栽种、纳畜、入殓、破土、安葬、除服、成服,嫁娶、移徙
2046-08-22,执,天德,是,祭祀、塞穴、入殓、破土、安葬、移柩、馀事勿取,诸事不宜
2046-08-23,破,白虎,否,破屋、坏垣、馀事勿取,诸事不宜
2046-08-24,危,玉堂,是,祭祀、入殓、移柩、结网、启钻、安葬、除服、成服、馀事勿取,诸事不宜
2046-08-25,成,天牢,是,嫁娶、出火、拆卸、祭祀、祈福、开光、伐木、动土、开市、交易、立券、入宅、移徙、安床、纳畜、入殓、安葬,栽种、作灶、针灸、出行
2046-08-26,收,玄武,否,祭祀、开光、解除、进人口、交易、立券、纳财、纳畜,动土、破土、嫁娶、理发、出行、入宅、移徙、分居、安香、出火
2046-08-27,开,司命,是,嫁娶、祭祀、祈福、求嗣、开光、出行、解除、安床、栽种、移柩、进人口、会亲友、除服、成服,盖屋、入殓、安葬、伐木、入宅、移徙、置产、纳畜
2046-08-28,闭,勾陈,否,祭祀、动土、筑堤、开池、会亲友、塞穴、入殓、移柩、破土、安葬,开光、出行、修造、上梁、入宅、安门、作灶、裁衣
2046-08-29,建,青龙,否,祭祀、裁衣、安门、纳财、扫舍、出行、进人口、作灶、纳畜、造畜稠,安床、动土、安葬、开生坟、合寿木
2046-08-30,除,明堂,是,祭祀、解除、拆卸、修造、动土、起基、上梁、安床、安门、开渠、开池、入殓、破土、启钻,嫁娶、出行、进人口、作灶、入宅、移徙、栽种、赴任
2046-08-31,满,天刑,否,纳采、订盟、开光、出行、解除、安香、出火、拆卸、入宅、移徙、修造、上梁、安床、栽种、纳畜、会亲友、安机械、经络,伐木、谢土、行丧、祭祀、作灶、动土、破土、安葬、祈福
2046-09-01,满,天刑,否,修饰垣墙、平治道涂、祭祀、沐浴、作灶,嫁娶、词讼、治病、置产、作梁、祈福、安葬、栽种、伐木、安门
2046-09-02,平,朱雀,否,嫁娶、祭祀、祈福、求嗣、出火、出行、开光、解除、拆卸、修造、进人口、安香、交易、立券、入宅、移徙、安床、动土、破土、谢土、安葬、入殓、除服、成服,斋醮、开市、开仓、作灶、造船
2046-09-03,定,金匮,是,破土、安葬、移柩、入殓、祭祀、捕捉、除服、成服、馀事勿取,嫁娶、入宅、开市、交易
2046-09-04,执,天德,是,破屋、坏垣、治病、馀事勿取,祈福、纳采、订盟、嫁娶、入宅、安葬
2046-09-05,破,白虎,否,嫁娶、开光、祭祀、祈福、求嗣、安香、出火、解除、伐木、入宅、移徙、安床、开市、交易、立券、栽种、出行、安葬,掘井、理发、作灶、动土、破土、开池
2046-09-06,危,玉堂,是,安机械、纳采、订盟、祭祀、祈福、求嗣、开光、普渡、出行、出火、拆卸、修造、动土、进人口、开市、交易、立券、移徙、安床、栽种、上梁、纳畜、破土、移柩、安葬,入宅、嫁娶、掘井、牧养
2046-09-07,成,天牢,是,祭祀、会亲友、进人口、动土、上梁、开光、塑绘、冠笄、拆卸、起基、安床、开市、立券、赴任、经络,定磉、安葬
2046-09-08,收,玄武,否,祭祀、裁衣、冠笄、嫁娶、纳婿、会亲友、除服、成服、移柩、捕捉、进人口、入殓,移徙、入宅、作灶
2046-09-09,开,司命,是,诸事不宜,入殓、安葬、开市、交易
2046-09-10,闭,勾陈,否,祭祀、裁衣、冠笄、嫁娶、安机械、拆卸、动土、起基、移徙、入宅、入殓、启钻、安葬、造仓、经络,安床、开光、开市、交易
2046-09-11,建,青龙,否,祭祀、出行、成服、除服、沐浴、入殓,动土、冠笄、移徙、入宅、开市、竖柱、上梁
2046-09-12,除,明堂,是,祭祀、沐浴、赴任、出行、馀事勿取,诸事不宜
2046-09-13,满,天刑,否,诸事不宜,无
2046-09-14,平,朱雀,否,沐浴、入殓、移柩、除服、成服、破土、平治道涂,嫁娶、移徙、入宅、开市
2046-09-15,定,金匮,是,嫁娶、祭祀、祈福、求嗣、沐浴、出火、出行、拆卸、修造、动土、进人口、开市、交易、立券、入宅、移徙、安床、栽种、纳畜、入殓、安葬、启钻、除服、成服,无
2046-09-16,执,天德,是,开光、解除、起基、动土、拆卸、上梁、立碑、修坟、安葬、破土、启钻、移柩,嫁娶、出行、安床、作灶、祭祀、入宅、移徙、出火、进人口、置产
2046-09-17,破,白虎,否,破屋、坏垣、馀事勿取,诸事不宜
2046-09-18,危,玉堂,是,嫁娶、祈福、求嗣、出行、出火、拆卸、修造、动土、上梁、开光、进人口、开市、交易、立券、挂匾、安床、入宅、移徙、栽种、伐木、入殓、破土、除服、成服,无
2046-09-19,成,天牢,是,开市、交易、立券、挂匾、祭祀、开光、进人口、入宅、安床、出火、拆卸、修造、动土、栽种,嫁娶、立碑、出行、伐木、安葬、行丧、移徙、纳畜
2046-09-20,收,玄武,否,祭祀、理发、会亲友、进人口、嫁娶、针灸、入殓、移柩,探病、开渠、安葬、伐木、作灶、入宅
2046-09-21,开,司命,是,祭祀、立碑、修坟、启钻、除服、成服、馀事勿取,无
2046-09-22,闭,勾陈,否,嫁娶、出行、伐木、拆卸、修造、动土、移徙、安葬、破土、修坟、立碑,掘井、祈福、安床、开市、入宅、挂匾、开光
2046-09-23,建,青龙,否,祭祀、出行、扫舍、馀事勿取,诸事不宜
2046-09-24,除,明堂,是,嫁娶、祭祀、塑绘、开光、出行、解除、理发、整手足甲、动土、安床、开池、放水、扫舍,伐木、行丧、作灶、作梁、安葬
2046-09-25,满,天刑,否,开市、交易、立券、挂匾、开光、出行、入宅、移徙、安床、出火、上梁,作灶、行丧、理发、乘船、嫁娶、安葬
2046-09-26,平,朱雀,否,祭祀、沐浴、修饰垣墙、平治道涂、馀事勿取,诸事不宜
2046-09-27,定,金匮,是,嫁娶、祭祀、祈福、求嗣、开光、出行、出火、拆卸、修造、动土、进人口、入宅、移徙、安床、开市、交易、立券、挂匾、栽种、纳畜、入殓、安葬、除服、成服,无
2046-09-28,执,天德,是,解除、坏垣、馀事勿取,诸事不宜
2046-09-29,破,白虎,否,祭祀、治病、破屋、坏垣、馀事勿取,诸事不宜
2046-09-30,破,白虎,否,嫁娶、纳采、订盟、祭祀、开光、出行、理发、作梁、出火、拆卸、修造、动土、进人口、入宅、移徙、安床、挂匾、栽种、纳畜、破土、安葬、入殓、除服、成服,开市、掘井、开渠、造桥、造船
2046-10-01,危,玉堂,是,开市、交易、立券、纳财、挂匾、栽种、祭祀、祈福、开光、拆卸、动土、安床,嫁娶、破土、进人口、出行、入宅、移徙、出火、纳畜、词讼、安葬
2046-10-02,成,天牢,是,嫁娶、祭祀、理发、进人口、作灶、移柩、冠笄、会亲友,开仓、出货财、伐木、纳畜、开市、上梁、盖屋、破土、启钻、栽种
2046-10-03,收,玄武,否,祭祀、修坟、除服、成服、启钻、移柩、馀事勿取,开市、入宅、嫁娶、动土、破土、安葬
2046-10-04,开,司命,是,嫁娶、冠笄、安机械、解除、纳畜、牧养、沐浴、伐木、架马、作梁、安门、扫舍、合寿木、安葬、启钻、立碑、修坟,祈福、开光、开市、入宅、动土
2046-10-05,闭,勾陈,否,祭祀、出行、沐浴、扫舍、安葬、馀事勿取,动土、破土、置产、掘井
2046-10-06,建,青龙,否,嫁娶、纳采、祭祀、解除、出行、修造、动土、开市、上梁、安床、整手足甲、扫舍、求医、治病、起基、定磉、盖屋、合脊,造庙、行丧、安葬、伐木、作灶、造船
2046-10-07,除,明堂,是,纳采、订盟、开市、交易、立券、挂匾、纳财、栽种、进人口、入宅、移徙、安床、开光、出火、拆卸、安门、修造,斋醮、嫁娶、行丧、动土、作灶、安葬、破土
2046-10-08,满,天刑,否,开光、针灸、会亲友、启钻、安葬,开市、动土、破土
2046-10-09,平,朱雀,否,祭祀、结网、造畜稠、馀事勿取,无
2046-10-10,定,金匮,是,入殓、除服、成服、移柩、破土、启钻、安葬,移徙、入宅
2046-10-11,执,天德,是,嫁娶、订盟、纳采、出行、祭祀、祈福、动土、移徙、入宅、破土、安葬,开市、赴任
2046-10-12,破,白虎,否,祭祀、解除、破屋、坏垣、馀事勿取,无
2046-10-13,危,玉堂,是,订盟、纳采、会亲友、安机械、纳财、牧养,祈福、安葬
2046-10-14,成,天牢,是,嫁娶、订盟、纳采、出行、开市、祭祀、祈福、动土、移徙、入宅、破土、安葬,斋醮、安门
2046-10-15,收,玄武,否,祭祀、塞穴、馀事勿取,诸事不宜
2046-10-16,开,司命,是,祭祀、祈福、求嗣、开光、开市、出行、解除、动土、起基、置产、栽种,嫁娶、作灶、修坟、安门、入宅、立碑、安葬、安床
2046-10-17,闭,勾陈,否,祭祀、解除、裁衣、理发、安床、作灶、造畜稠、放水、筑堤、补垣、塞穴、整手足甲、扫舍,嫁娶、开光、会亲友、掘井、安门、栽种
2046-10-18,建,青龙,否,祭祀、出行、裁衣、冠笄、会亲友、造畜稠、嫁娶、竖柱、上梁、移徙、纳财、纳畜,动土、伐木、作梁、行丧、安葬、开生坟
2046-10-19,除,明堂,是,祭祀、祈福、求嗣、开光、出行、解除、移徙、伐木、安床、纳畜、出火、拆卸,安葬、修坟、作灶、破土、造庙、动土、嫁娶、纳采
2046-10-20,满,天刑,否,开市、交易、立券、纳财、会亲友、开光、理发、入殓、移柩、安葬、启钻,嫁娶、作灶、出火、出行、入宅、移徙、安床、祈福、上梁
2046-10-21,平,朱雀,否,造畜稠、平治道涂、馀事勿取,诸事不宜
2046-10-22,定,金匮,是,入殓、破土、安葬、启钻、除服、成服、馀事勿取,无
2046-10-23,执,天德,是,祭祀、入殓、移柩、开生坟、破土、启钻、安葬、除服、成服、馀事勿取,无
2046-10-24,破,白虎,否,祭祀、解除、破屋、坏垣、馀事勿取,诸事不宜
2046-10-25,危,玉堂,是,嫁娶、求嗣、纳采、进人口、纳财、结网、纳畜、牧养、会亲友,上梁、作灶、伐木、出行、安葬、安门、理发
2046-10-26,成,天牢,是,嫁娶、祭祀、开市、开光、出行、入宅、移徙、出火、拆卸、修造、安床,纳畜、伐木、置产、作梁、行丧、安葬、修坟、立碑
2046-10-27,收,玄武,否,嫁娶、祭祀、作灶、纳财,安葬、开市、修坟、立碑
2046-10-28,开,司命,是,嫁娶、祭祀、祈福、求嗣、开光、出行、解除、出火、进人口、开市、交易、立券、挂匾、纳财、入宅、移徙、栽种、破土、谢土,安床、安葬
2046-10-29,开,司命,是,嫁娶、祭祀、祈福、求嗣、动土、安床、扫舍、入殓、移柩、破土、启钻、安葬、作灶、整手足甲、补垣、除服、成服,开光、栽种
2046-10-30,闭,勾陈,否,祭祀、祈福、求嗣、开光、出行、解除、上梁、入宅、移徙、安床、安门、纳财、纳畜、造畜稠,伐木、行丧、破土、嫁娶、安葬、开渠
2046-10-31,建,青龙,否,祭祀、开光、出行、解除、理发、伐木、出火、拆卸、上梁、合脊、安床、造畜稠,嫁娶、安葬、行丧、词讼、造桥、作灶、破土、动土
2046-11-01,除,明堂,是,纳采、订盟、会亲友、沐浴、理发、裁衣、冠笄、安床、除服、成服、启钻、移柩、安葬、开生坟,开市、入宅、出行、嫁娶、修坟、祈福、动土、安门、谢土、上梁
2046-11-02,满,天刑,否,解除、祭祀、修饰垣墙、平治道涂、造畜稠、馀事勿取,嫁娶、开市、交易、入宅、入学、安葬
2046-11-03,平,朱雀,否,入殓、破土、启钻、安葬、除服、成服、馀事勿取,开市、入宅、祭祀、置产、补垣、塞穴
2046-11-04,定,金匮,是,嫁娶、祭祀、祈福、求嗣、开光、出行、拆卸、修造、动土、上梁、安床、纳畜、入殓、破土,入宅、移徙、掘井、理发、伐木、交易、开市、作灶
2046-11-05,执,天德,是,祭祀、沐浴、破屋、坏垣、馀事勿取,嫁娶、入宅、上梁、出行、安葬
2046-11-06,破,白虎,否,祭祀、求嗣、冠笄、进人口、会亲友、安门、安床、经络、纳财、牧养、畋猎、放水、割蜜,祈福、斋醮、纳采、订盟、嫁娶、入宅、安葬
2046-11-07,危,玉堂,是,祭祀、解除、祈福、开光、塑绘、斋醮、订盟、纳采、裁衣、冠笄、拆卸、修造、动土、入殓、除服、成服、移柩、启钻、安床、赴任、出行、移徙、竖柱、上梁、伐木、栽种、破土、安葬、纳畜,盖屋、治病
2046-11-08,成,天牢,是,祭祀、祈福、订盟、纳采、裁衣、合帐、冠笄、安机械、安床、造畜稠、入殓、移柩、启钻、安葬、谢土、除服、成服、会亲友、竖柱、上梁、经络、开市、交易、立券、纳财、纳畜、筑堤,嫁娶、入宅、治病、赴任
2046-11-09,收,玄武,否,沐浴、扫舍、馀事勿取,诸事不宜
2046-11-10,开,司命,是,诸事不宜,无
2046-11-11,闭,勾陈,否,祈福、斋醮、出行、订盟、纳采、入殓、移柩、破土、安葬、立碑、结网,入宅、作灶
2046-11-12,建,青龙,否,祭祀、沐浴、出行、冠笄、进人口、馀事勿取,嫁娶、动土、安葬、作灶
2046-11-13,除,明堂,是,祭祀、祈福、斋醮、塑绘、开光、订盟、纳采、裁衣、冠笄、嫁娶、拆卸、入宅、安香、入殓、移柩、理发、安葬、修坟、谢土、赴任、移徙、沐浴、治病、破土、启钻、整手足甲、入学、作梁,开市
2046-11-14,满,天刑,否,诸事不宜,无
2046-11-15,平,朱雀,否,开市、交易、立券、挂匾、纳财、开光、出行、入宅、移徙、安床、纳畜、入殓、移柩、安葬,栽种、破土、置产、祭祀、嫁娶、动土、作灶、祈福
2046-11-16,定,金匮,是,嫁娶、祭祀、祈福、求嗣、开光、出行、解除、出火、拆卸、进人口、入宅、移徙、安床、栽种、动土、修造、纳畜、入殓、安葬、立碑、除服、成服,无
2046-11-17,执,天德,是,开光、解除、拆卸、修造、动土、安床、纳畜、安葬、启钻、入殓,嫁娶、开市、出火、栽种、破土、入宅、移徙、安香、分居、掘井、作灶
2046-11-18,破,白虎,否,破屋、坏垣、馀事勿取,诸事不宜
2046-11-19,危,玉堂,是,嫁娶、祭祀、开光、出火、出行、拆卸、修造、动土、解除、开市、交易、立券、挂匾、纳财、入宅、移徙、安床、栽种、纳畜,探病、安葬
2046-11-20,成,天牢,是,祭祀、祈福、求嗣、开光、解除、理发、会亲友、栽种、纳畜、牧养、安葬、修坟、立碑、启钻,入宅、作灶、词讼、移徙、出行、赴任
2046-11-21,收,玄武,否,祭祀、沐浴、结网、移柩、入殓、除服、成服,安床、开市、交易、出货财、安葬、修坟、嫁娶、作灶
2046-11-22,开,司命,是,解除、馀事勿取,无
2046-11-23,闭,勾陈,否,安床、祭祀、开池、补垣、入殓、移柩、破土、启钻,入宅、移徙、嫁娶、掘井、作灶、出火、进人口、开市、开光
2046-11-24,建,青龙,否,祭祀、沐浴、馀事勿取,无
2046-11-25,除,明堂,是,嫁娶、开光、出行、解除、出火、拆卸、修造、进人口、动土、入宅、移徙、栽种、纳畜、掘井、安葬、除服、成服,置产、安床
2046-11-26,满,天刑,否,开光、裁衣、安门、会亲友、安床、结网、理发,嫁娶、冠笄、出行、祈福、安葬、伐木、入宅、移徙、出火、栽种、动土、上梁
2046-11-27,平,朱雀,否,嫁娶、开光、出行、出火、拆卸、修造、动土、入宅、移徙、安床、上梁、开市、交易、立券、栽种,祈福、祭祀、伐木、掘井、作灶、谢土
2046-11-28,平,朱雀,否,嫁娶、祭祀、祈福、求嗣、开光、出火、出行、拆卸、开市、交易、立券、挂匾、伐木、入宅、移徙、安床、安葬,栽种、掘井、置产
2046-11-29,定,金匮,是,祭祀、理发、针灸、解除、进人口、整手足甲,嫁娶、动土、造船、开池、掘井、出行、修造、入宅、上梁、移徙、安葬、破土、作灶、开市
2046-11-30,执,天德,是,破屋、坏垣、求医、治病、馀事勿取,嫁娶、安葬
2046-12-01,破,白虎,否,纳采、订盟、嫁娶、祭祀、祈福、雕刻、移徙、开市、入宅、出行、动土、会亲友、入学、修造、起基、安门、安床、造庙、解除、纳财、开池、造畜稠、牧养,上梁、开仓、出货财、盖屋、造船
2046-12-02,危,玉堂,是,祭祀、祈福、求嗣、开光、解除、伐木、拆卸、修造、栽种、纳畜、安葬、修坟、立碑,嫁娶、进人口、入宅、移徙、出火、出行
2046-12-03,成,天牢,是,沐浴、扫舍、捕捉、畋猎、解除、塞穴、馀事勿取,嫁娶、入宅、开市、安床、破土、修坟
2046-12-04,收,玄武,否,嫁娶、冠笄、祭祀、祈福、求嗣、斋醮、开光、出行、解除、动土、开市、交易、立券、挂匾、拆卸、破土,伐木、上梁、修造、入殓、理发、会亲友、入宅、安门、安葬、作灶
2046-12-05,开,司命,是,合帐、裁衣、嫁娶、安床、入殓、移柩、破土、造畜稠,置产、造船、开光、掘井、作灶
2046-12-06,闭,勾陈,否,解除、修饰垣墙、冠笄、出行、馀事勿取,开市、动土、破土、嫁娶、安葬
2046-12-07,建,青龙,否,教牛马、馀事勿取,入宅、动土、破土
2046-12-08,除,明堂,是,嫁娶、出行、求医、治病、祭祀、祈福、上梁、纳畜,开市、安葬
2046-12-09,满,天刑,否,开市、立券、开光、解除、安机械、上梁、启钻、安葬,嫁娶、祈福
2046-12-10,平,朱雀,否,平治道涂、馀事勿取,诸事不宜
2046-12-11,定,金匮,是,求嗣、斋醮、塑绘、订盟、纳采、出火、拆卸、修造、动土、造桥、安机械、栽种、纳畜、牧养、入殓、除服、成服、移柩、破土、安葬,开市、嫁娶
2046-12-12,执,天德,是,嫁娶、订盟、纳采、祭祀、祈福、修造、动土、移徙、入宅,开市、安葬
2046-12-13,破,白虎,否,治病、破屋、坏垣、馀事勿取,诸事不宜
2046-12-14,危,玉堂,是,祭祀、祈福、求嗣、斋醮、开光、入学、订盟、冠笄、伐木、修造、动土、起基、放水、交易、开池,造桥、安门、理发、造庙、栽种、作灶
2046-12-15,成,天牢,是,解除、坏垣、馀事勿取,诸事不宜
2046-12-16,收,玄武,否,沐浴、理发、扫舍,伐木、纳畜、上梁、入宅、作灶、造畜稠、嫁娶、安葬、作梁、造船、安门
2046-12-17,开,司命,是,祭祀、开光、祈福、解除、作梁、动土、安床、掘井、栽种、纳畜、破土、移柩,嫁娶、出行、赴任、盖屋、入殓、入宅、移徙、出火、进人口、安葬
2046-12-18,闭,勾陈,否,作梁、修造、动土、安门、作灶、塞穴、开池、开厕、筑堤、补垣、栽种,嫁娶、祈福、掘井、行丧、安葬、安床
2046-12-19,建,青龙,否,安葬、启钻、移柩、入殓、除服、成服,馀事勿取
2046-12-20,除,明堂,是,嫁娶、祭祀、祈福、求嗣、出行、出火、拆卸、开市、交易、立券、挂匾、入宅、移徙、安床、栽种,作灶、塑绘、行丧、词讼、伐木、安葬
2046-12-21,满,天刑,否,理发、开光、解除、拆卸、修造、安葬、开市、交易、立券、挂匾、安床、栽种,入宅、移徙、作灶、祈福、祭祀、嫁娶、谢土、掘井、盖屋、探病
2046-12-22,平,朱雀,否,祭祀、修饰垣墙、馀事勿取,诸事不宜
2046-12-23,定,金匮,是,入宅、安床、开光、祭祀、出火、拆卸、动土、挂匾、入殓、破土、安葬、纳畜,嫁娶、开市、作灶、置产、作梁、伐木
2046-12-24,执,天德,是,祭祀、解除、馀事勿取,诸事不宜
2046-12-25,破,白虎,否,破屋、坏垣、祭祀、沐浴、馀事勿取,诸事不宜
2046-12-26,危,玉堂,是,安床、祭祀、祈福、求嗣、冠笄、伐木、架马、动土、开池、开厕、结网、入殓、除服、成服,安门、栽种、作灶、治病
2046-12-27,危,玉堂,是,解除、扫舍、馀事勿取,诸事不宜
2046-12-28,成,天牢,是,祭祀、开光、理发、整手足甲、安床、作灶、扫舍、教牛马,伐木、纳畜、破土、安葬、开生坟、嫁娶、开市、动土、交易、作梁
2046-12-29,收,玄武,否,祭祀、祈福、求嗣、开光、拆卸、修造、动土、上梁、安床、置产、栽种、破土,嫁娶、进人口、安葬、出行、赴任、入宅、移徙、入殓、开渠
2046-12-30,开,司命,是,沐浴、冠笄、补垣、塞穴、裁衣、修造、作梁、开柱眼、安碓磑、筑堤、开厕、断蚁,移徙、入宅、嫁娶、祈福、开光、掘井
2046-12-31,闭,勾陈,否,交易、进人口、祭祀、沐浴、捕捉、入殓、除服、成服、安葬、谢土、启钻、修坟,斋醮、入宅、修造、动土、破土
